행정동,행정동_코드,상권티어,상권유형,momentum,slope,r2,복합점수_분위_2024,복합점수_2024,트렌드매출_비중_2024,업종점수_2024,금요효과_2024,주말비중_2024,야간비중_2024,2030비중_2024,복합점수_분위_2020,트렌드매출_비중_2020,업종점수_2020,2030비중_2020,트렌드매출비중_변화,업종점수_변화,2030비중_변화,임대료_2020,임대료_2024,임대료_변화율(%),공실률_2020,공실률_2024,공실률_변화(pp)
이태원1동,11170650,① 레전드,기존 강세,0.016587677725118377,0.003790348783794373,0.8199028240097623,1.0,6.192544958351601,0.5046735193435029,0.7999068558177869,1.4571926572789589,0.4393193943632241,0.431508820852326,0.5501220329602208,0.9834123222748816,0.4491517092888374,0.6524982945821045,0.598054606318333,0.0555218100546655,0.14740856123568236,-0.047932573358112185,56.8,57.5,1.232394366197198,26.7,19.9,-6.800000000000001
용산2가동,11170520,① 레전드,기존 강세,0.021349422428378007,0.004269884485675601,0.7866102221647907,0.9905437352245864,4.357248769595034,0.4598135301942569,0.6516165030744542,1.184932802570292,0.3809753381919949,0.5299898888167708,0.5071578795583916,0.9691943127962084,0.3928176675252589,0.5542282614751483,0.4568418015440809,0.06699586266899804,0.09738824159930592,0.05031607801431076,,,,,,
방배2동,11650610,① 레전드,기존 강세,0.08061353679988337,0.01706833383751807,0.6631055312068495,0.9810874704491724,3.690382324720333,0.3551525461796689,0.6787313244619518,1.2972990421700146,0.2592512790325177,0.5213131042429209,0.3294309493801715,0.9004739336492891,0.3401551587599226,0.4744188187858014,0.3313948917279127,0.014997387419746322,0.20431250567615045,-0.001963942347741221,,43.1,,,7.6,
혜화동,11110650,① 레전드,기존 강세,0.03323137597615755,0.007591901672772872,0.7700967063589591,0.9763593380614656,3.607269830165591,0.3780043899840511,0.7388517336549345,1.1065221611681753,0.299243823310459,0.5048824033691162,0.4820254943714859,0.943127962085308,0.3563811514942109,0.5892986660275646,0.5288749298617168,0.021623238489840213,0.14955306762736986,-0.046849435490230906,66.8,67.7,1.3473053892215647,14.6,5.6,-9.0
서교동,11440660,① 레전드,기존 강세,0.0213942388491144,0.005460880866749585,0.5032046099171635,0.9716312056737588,3.46134851834862,0.3998135103605879,0.665769167271514,1.1697685595563034,0.3244083045322105,0.4771493109437635,0.5827131093171165,0.9502369668246444,0.379849671632611,0.5477164372137691,0.621093545492089,0.019963838727976857,0.11805273005774497,-0.03838043617497244,73.3,68.4,-6.6848567530695675,8.6,9.3,0.7000000000000011
방이2동,11710562,① 레전드,기존 강세,0.042726855119715745,0.010673030598411216,0.8255056643927465,0.9692671394799054,3.4346792517835847,0.3755962501895802,0.666996396256406,1.160616356617333,0.2902136822999584,0.526008257879393,0.4503683945223277,0.9265402843601896,0.3565269801077754,0.5523066290393266,0.4471781136998402,0.019069270081804812,0.11468976721707946,0.0031902808224875123,,,,,,
낙성대동,11620585,① 레전드,기존 강세,0.07590781262254487,0.01636359562143568,0.5504302462419627,0.966903073286052,3.4334041311977,0.363653574024576,0.6500782964936651,1.2305737188887291,0.2763706638633122,0.5217752173445283,0.5127531739204086,0.8909952606635071,0.3371063231370799,0.5369230179723967,0.5331104036309539,0.0265472508874961,0.11315527852126839,-0.02035722971054521,80.1,62.8,-21.598002496878898,4.7,5.550000000000001,0.8500000000000005
능동,11215780,① 레전드,기존 강세,0.05459200250971963,0.014228093173338742,0.6747752862815463,0.9621749408983452,3.2144771795500366,0.3717978864713187,0.5849527890011136,1.2491167344045258,0.2845931821762358,0.5253412559847342,0.3772584643411919,0.9075829383886256,0.3505842170868249,0.515958406285409,0.3977220166406105,0.02121366938449376,0.06899438271570457,-0.020463552299418597,,,,,,
사당1동,11590620,① 레전드,기존 강세,0.09963250534996015,0.027727919509708356,0.9314252564129278,0.9550827423167848,3.072422645803986,0.3452447003856027,0.6100779262432325,1.2574787723247474,0.2499578344508266,0.5275206035841541,0.4080630994993272,0.8554502369668247,0.3185088374415028,0.5074393576545089,0.4274161995396153,0.026735862944099853,0.10263856858872367,-0.019353100040288118,55.5,61.0,9.90990990990992,5.4,7.8,2.3999999999999995
가산동,11545510,① 레전드,기존 강세,-0.049634185965737765,-0.012054496767615643,0.9604396722406916,0.9456264775413712,2.845890266741758,0.3953761361077104,0.7894507056456838,1.0496208748956015,0.3544674684522845,0.3032078073088941,0.2921142223944198,0.995260663507109,0.4385838129582451,0.8108500987705954,0.3952340879967188,-0.043207676850534726,-0.02139939312491168,-0.10311986560229897,,,,,,
남현동,11620630,① 레전드,기존 강세,0.0190917952337738,0.005473205382452162,0.5348998281020338,0.9432624113475178,2.7835370332790896,0.3595970367409077,0.5750544724717711,1.2290297133547472,0.275437569317962,0.4959156049313091,0.4204836244098603,0.924170616113744,0.3487102044124628,0.52081995322352,0.4730331541217523,0.010886832328444895,0.05423451924825107,-0.052549529711891974,,,,,,
남영동,11170530,① 레전드,기존 강세,0.12099873393611416,0.030582725510627098,0.8786040757589006,0.9385342789598108,2.608856692666794,0.2887868099137345,0.7389211559459136,1.07776438762656,0.1992222100826086,0.51902950924191,0.3832124801821016,0.8175355450236966,0.2593704733597965,0.6246808363636184,0.4165654341767603,0.029416336553937994,0.11424031958229519,-0.03335295399465871,,,,,,
창4동,11320514,① 레전드,기존 강세,0.10678632651003339,0.026085397689713533,0.9128445087888132,0.9361702127659576,2.583036326677124,0.343037661435574,0.5794095764330291,1.28754636212602,0.264453998017282,0.4464778853158925,0.2127041640794009,0.8293838862559242,0.3372404575496438,0.3866123595998795,0.3383563329422076,0.005797203885930191,0.19279721683314965,-0.12565216886280672,,,,,,
이화동,11110640,① 레전드,기존 강세,0.023853539937032986,0.005952741084333324,0.6172523354284232,0.933806146572104,2.53469833656051,0.3259420471950563,0.7524535310134735,1.0567785305051445,0.2581631349587963,0.4240244496414967,0.3970451469900823,0.909952606635071,0.289313949370861,0.7363724188727819,0.5025616522462021,0.036628097824195294,0.016081112140691523,-0.10551650525611977,,,,,,
창신3동,11110690,① 레전드,기존 강세,-0.04249156891084904,-0.013462852789261993,0.8308256484418025,0.9314420803782506,2.510316773154837,0.3490625325878167,0.7349376844310568,0.9601039273483232,0.2806360476703,0.4572181022643158,0.2545516850213716,0.9739336492890996,0.2856141701593871,0.9023446416005124,0.4739900573642966,0.0634483624284296,-0.16740695716945564,-0.21943837234292501,,,,,,
사당2동,11590630,① 레전드,기존 강세,0.10445587263173228,0.02325524072019989,0.9331026705229143,0.9196217494089834,2.1368229824317564,0.3527827700225501,0.4821090347700992,1.277290921831724,0.2732891965169963,0.4604718587865481,0.2707182943189382,0.8151658767772512,0.3408647982136529,0.4219314106682436,0.3044109027442155,0.011917971808897199,0.06017762410185562,-0.033692608425277326,,,,,,
화곡6동,11500591,① 레전드,기존 강세,0.023892754305177455,0.006906210435503557,0.738941566725334,0.91725768321513,2.1046988396551933,0.3423856960392423,0.582711973081891,1.1416627106593695,0.2717186782965269,0.4446724120386235,0.3151647392705469,0.8933649289099526,0.349656823106578,0.5165731326148845,0.3821643505528092,-0.007271127067335681,0.06613884046700658,-0.06699961128226228,,55.9,,,6.7,
삼성1동,11680580,① 레전드,신흥 성장,0.32247655540990217,0.06945985008907263,0.6482904396112331,0.9148936170212766,2.091392797456116,0.3164193803718151,0.7049366292318825,1.0531132863206794,0.246681139727452,0.420071784455827,0.3211635766470669,0.5924170616113744,0.2892537796655273,0.4528553999924358,0.3578108843515727,0.027165600706287818,0.2520812292394467,-0.036647307704505805,,,,,,
장위1동,11290760,① 레전드,신흥 성장,0.2205864228653378,0.04908182358015977,0.8448345148235571,0.9125295508274232,2.067954573013544,0.3561956650499422,0.5271253213143422,1.1419625020294442,0.2814275331221957,0.474138743727182,0.2543561551573045,0.6919431279620853,0.3338170857269501,0.4721324891160997,0.2380827228915,0.022378579322992087,0.054992832198242525,0.016273432265804466,,,,,,
화곡1동,11500540,① 레전드,기존 강세,0.1850470012212473,0.03582736714732274,0.6780165587115385,0.9101654846335696,1.974075598013705,0.3457444066007949,0.5069469006292124,1.254414146715107,0.2777228397518889,0.4214789063436059,0.3446098282858258,0.7251184834123223,0.3207791093944863,0.4314660807190722,0.4069673718722369,0.024965297206308634,0.07548081991014022,-0.0623575435864111,34.4,35.5,3.197674418604657,12.5,9.4,-3.0999999999999996
하계1동,11350611,① 레전드,기존 강세,-0.042424344279744175,-0.01274018800488499,0.5782362116956463,0.9030732860520094,1.9654660898209213,0.3310005161402354,0.7882894187350991,0.9419592442991064,0.2883318956776891,0.3307465207790092,0.1312468105430084,0.9454976303317536,0.3318776785034315,0.7964139831698295,0.185577552428886,-0.0008771623631960712,-0.008124564434730419,-0.05433074188587758,,,,,,
자양3동,11215840,② 라이징스타,기존 강세,0.1424153809955968,0.02446416366956852,0.30357252443114907,0.900709219858156,1.9535113253657184,0.3605663730973181,0.5408573601936005,1.1290082799880958,0.2925603733170563,0.4368425416126125,0.3496357296048153,0.7582938388625592,0.3663550244046718,0.3161647169542041,0.4761581365645195,-0.005788651307353732,0.22469264323939642,-0.12652240695970418,,,,,,
동화동,11140665,② 라이징스타,신흥 성장,0.44109441699438684,0.08656403706317997,0.4232463468652272,0.8581560283687943,1.4729658319673735,0.3391641717936021,0.6720599330827107,0.8743198262019978,0.2732497728753639,0.4204341062767453,0.2937121359425452,0.4170616113744075,0.2613623884944148,0.4385773498224793,0.2274390760700083,0.0778017832991873,0.2334825832602314,0.0662730598725369,,,,,,
숭인2동,11110710,② 라이징스타,기존 강세,0.11882513753039115,0.019036895118371366,0.2575621769894867,0.8557919621749409,1.456904496877192,0.3318142765483171,0.5470466669702027,1.2226532498843028,0.2774837938282135,0.3294609240039485,0.2411842019637895,0.7369668246445498,0.2984046288464577,0.5791903495994156,0.3350521960659884,0.03340964770185939,-0.032143682629212966,-0.0938679941021989,,,,,,
응암3동,11380600,② 라이징스타,기존 강세,0.11172733689623882,0.020927027662935718,0.636990138566899,0.851063829787234,1.4144381213398134,0.3365431164733632,0.4827701261526627,1.2278052718137633,0.2713964982419674,0.3855602587372469,0.2268296533134119,0.7393364928909952,0.334892774234637,0.4331334881553651,0.2771482095992084,0.0016503422387262323,0.04963663799729756,-0.050318556285796484,,49.7,,,9.5,
금호1가동,11200590,② 라이징스타,신흥 성장,0.5714597828644415,0.15660874144286469,0.6799791460288467,0.8439716312056738,1.3699110981545086,0.2637154851766107,0.620634479786795,1.1422781736722136,0.1932380991267798,0.4167668496205861,0.1872257014405234,0.2725118483412322,0.2359824769084985,0.467751007949146,0.2327690782436092,0.027733008268112203,0.152883471837649,-0.04554337680308582,,,,,,
필동,11140570,② 라이징스타,신흥 성장,0.2705231196710475,0.06214244899331115,0.8718900586136646,0.8392434988179669,1.3378744054408145,0.2181709961143762,0.8080438644965694,0.9926657486219896,0.1501645907212405,0.3916799690018539,0.3330218913993036,0.5687203791469194,0.1959321850651163,0.7025057005420182,0.3320263456386081,0.0222388110492599,0.10553816395455118,0.0009955457606954932,45.3,48.8,7.726269315673284,6.2,13.9,7.7
왕십리2동,11200520,② 라이징스타,신흥 성장,0.41033914826392387,0.08703236865987697,0.7103913790308158,0.8368794326241135,1.316691326151278,0.2949436942654902,0.4037438853127357,1.4362666965075344,0.2079319193232932,0.4161444962030711,0.2461268224677991,0.4265402843601896,0.2974690349729874,0.3163156642081503,0.3443447661667814,-0.002525340707497159,0.08742822110458537,-0.09821794369898229,39.2,45.7,16.581632653061227,4.0,2.7,-1.2999999999999998
보광동,11170700,② 라이징스타,신흥 성장,0.28239386911364317,0.0545875208676459,0.35169622596983213,0.8297872340425532,1.2682702028929056,0.3247231665561175,0.5003380931948154,1.1316078189219223,0.2553648965050175,0.424990118733245,0.2518674570393819,0.54739336492891,0.3130372885889225,0.3473697826558436,0.2945615320001507,0.011685877967195002,0.15296831053897175,-0.042694074960768824,,,,,,
청운효자동,11110515,② 라이징스타,신흥 성장,0.30135681713779927,0.06594512229280808,0.6845318996026544,0.8274231678486997,1.2468562556102636,0.3122419042257135,0.5926112314951049,1.1649657731823777,0.2572953731147023,0.3197590413899417,0.3668302058774036,0.5260663507109005,0.2603539290693343,0.4880177920833234,0.3551642067972645,0.05188797515637922,0.10459343941178145,0.0116659990801391,78.0,72.0,-7.692307692307687,15.3,15.4,0.09999999999999964
성수1가2동,11200660,② 라이징스타,신흥 성장,0.227908305603173,0.042035561829854455,0.5830387505457598,0.8226950354609929,1.1910790177163506,0.2751916411938437,0.6710467681447817,1.09440110586714,0.213973875095422,0.3435774794724061,0.3369247328483133,0.5947867298578199,0.2622802145794281,0.5136311371457384,0.2874040435083138,0.012911426614415633,0.15741563099904332,0.049520689339999535,36.2,54.7,51.10497237569061,1.7,3.0,1.3
목2동,11470520,② 라이징스타,신흥 성장,0.16156319675529107,0.04153249750708659,0.85602477128027,0.8203309692671394,1.183446402581288,0.3440285822497707,0.4387232903829962,1.105833759154272,0.2686832381299151,0.4620520975777385,0.3234461627354764,0.6587677725118484,0.3088041030207948,0.357384221045403,0.3733430239706895,0.03522447922897587,0.08133906933759316,-0.04989686123521314,33.6,36.4,8.333333333333325,5.0,9.1,4.1
명동,11140550,② 라이징스타,신흥 성장,0.17583162470729274,0.04060367718732144,0.794380470162006,0.7990543735224587,1.0736382266705908,0.2543084326114546,0.6769286470867382,1.0587664195966675,0.1901356346788353,0.3751007094319901,0.3368868779935541,0.6232227488151659,0.2563642145353426,0.5353160218692093,0.4478740637332516,-0.0020557819238880004,0.14161262521752882,-0.11098718573969751,271.7,200.5,-26.20537357379462,22.3,12.2,-10.100000000000001
구의2동,11215860,② 라이징스타,신흥 성장,0.12607419358452943,0.01410372760579478,0.11632110935959954,0.7966903073286052,1.0625378637730467,0.3293974339998739,0.4334306364390998,1.1993167603663046,0.2610265558560709,0.4085307937500836,0.2171167499664022,0.6706161137440758,0.3375678379834135,0.4065451839312463,0.3011090829951641,-0.008170403983539576,0.026885452507853513,-0.08399233302876188,,39.2,,,3.7,
성내1동,11740640,② 라이징스타,신흥 성장,0.2729992269167423,0.07587644112802931,0.901978658442959,0.7943262411347518,1.0544158311610068,0.3452008716554968,0.478810643502843,1.168790337628088,0.2907822558308817,0.3419818456822547,0.2222875205558991,0.5213270142180095,0.3336720440909525,0.3017487499962973,0.2569231251036813,0.011528827564544264,0.17706189350654572,-0.03463560454778222,,,,,,
성수2가1동,11200670,② 라이징스타,신흥 성장,0.5478863455570122,0.16229594523433388,0.7698257352017284,0.7919621749408984,1.017709292722758,0.3367136256000848,0.6030068810127482,0.9644141136842834,0.285741558644064,0.3477194918648154,0.4113395338778122,0.2440758293838862,0.2476168626341836,0.3366087062822999,0.3176081416236951,0.08909676296590119,0.26639817473044836,0.09373139225411709,,,,,,
역촌동,11380625,② 라이징스타,신흥 성장,0.2516890188565091,0.05601156263655005,0.6882787215191793,0.7872340425531915,1.007560280010193,0.3004044301307835,0.5194286512399029,1.128855575054868,0.2339183039533819,0.4026639252238044,0.2228667856156675,0.5355450236966824,0.2965083076093957,0.394506440590035,0.277483461169423,0.003896122521387768,0.12492221064986792,-0.05461667555375552,,,,,,
가락본동,11710620,② 라이징스타,신흥 성장,0.13085274444556483,0.026643362127883652,0.43879060255409086,0.7801418439716312,0.9761777109028608,0.295572181084841,0.5292603131555075,1.1108050210149665,0.22779808188789,0.4081919626239877,0.2427373083258884,0.6492890995260664,0.318053271305114,0.4168547632982951,0.3418993332193034,-0.022481090220273003,0.1124055498572124,-0.09916202489341497,,,,,,
신도림동,11530510,② 라이징스타,신흥 성장,0.18773598646544098,0.030454998711527917,0.42634528049787257,0.7754137115839244,0.952642700896251,0.3269211509792817,0.3861816712123747,1.2074601962139353,0.2508508822109184,0.4441235549478559,0.2982821182307236,0.5876777251184834,0.3205486989641217,0.3660260178023997,0.3242551368880224,0.006372452015160013,0.020155653409974994,-0.025973018657298785,,,,,,
조원동,11620725,② 라이징스타,신흥 성장,0.6996067359080367,0.14323103985300217,0.5649173962809158,0.7659574468085106,0.8871446108163039,0.2745330165925874,0.307870174389221,1.6661545830238256,0.2044145353067176,0.3163145597833851,0.2337906700342439,0.0663507109004739,0.2374688672303259,0.261032346295966,0.4409379485880467,0.03706414936226149,0.046837828093254985,-0.2071472785538028,,,,,,
신대방1동,11590670,② 라이징스타,신흥 성장,0.453166840330297,0.1187657557729152,0.9610325258166876,0.7635933806146572,0.8756218206738555,0.3130844102508064,0.4858289242191265,1.139287154595469,0.2522130063413402,0.3812551254145272,0.2795462371128008,0.3104265402843602,0.2945346881136108,0.2884082098051559,0.3148771005407565,0.018549722137195634,0.19742071441397058,-0.03533086342795572,,,,,,
응암1동,11380580,② 라이징스타,신흥 성장,0.26597425296628685,0.05154000425755998,0.638195409809589,0.7588652482269503,0.8628194826538541,0.3047407916414001,0.4545819438603209,1.1997699170296907,0.2350966937605308,0.3978266689612029,0.2357421407682183,0.4928909952606635,0.3100695888900462,0.3261293074932588,0.2948645313805772,-0.0053287972486461,0.1284526363670621,-0.05912239061235891,,,,,,
신정4동,11470650,② 라이징스타,신흥 성장,0.2588876564373186,0.04917705847422495,0.5905691515838963,0.7494089834515366,0.8136080279550247,0.3165968557961716,0.435251693899681,1.1759735410171734,0.251632848485409,0.3972504205797161,0.2352455945131042,0.490521327014218,0.2944830921307873,0.3654987631331621,0.2597058690025278,0.022113763665384256,0.0697529307665189,-0.02446027448942359,,,,,,
공릉1동,11350595,② 라이징스타,신흥 성장,0.23994711662353085,0.05839131457766126,0.7668531710317454,0.7423167848699763,0.7514079952247963,0.32026891477316,0.4862591673179823,1.0576504563993292,0.2590170408696124,0.398309404477792,0.2343896892894984,0.5023696682464455,0.3093721878363563,0.3823737461361683,0.2706130167747249,0.010896726936803713,0.10388542118181399,-0.03622332748522647,,,,,,
서림동,11620665,② 라이징스타,신흥 성장,0.11913885247554712,0.019336044726787918,0.2635534725708928,0.723404255319149,0.71182346614875,0.3179509671201291,0.4262790694339196,1.1174554854655254,0.2468786510329868,0.4295048517229187,0.3054001418924597,0.6042654028436019,0.3109749668936656,0.3997951722842833,0.4675359761487248,0.006976000226463497,0.026483897149636282,-0.1621358342562651,,,,,,
신정1동,11470620,② 라이징스타,신흥 성장,0.11208026620953915,0.016742294376659608,0.32381288153014154,0.7021276595744681,0.6317952952602404,0.3172612546798975,0.3879985425214096,1.1794823034963615,0.2462344302787733,0.4182083076737822,0.1707095719426166,0.590047393364929,0.3089338055241369,0.3503559392723555,0.2113081349924949,0.008327449155760613,0.03764260324905411,-0.0405985630498783,,,,,,
행당1동,11200560,③ 급성장 신흥,일반,0.3609290444018689,0.06627564339574021,0.48411872826654884,0.6879432624113475,0.5894746890619392,0.3083804704197345,0.4156856612510254,1.1441116576456491,0.2373706944204248,0.4199609181841027,0.3097043820540486,0.3270142180094786,0.2821030227572126,0.3279546280432078,0.3184638098613411,0.02627744766252188,0.08773103320781761,-0.008759427807292497,,,,,,
연희동,11410615,③ 급성장 신흥,일반,0.2874917369724267,0.05584350105878794,0.642542743770774,0.6784869976359338,0.5330725394140589,0.3071995551954082,0.5072994946321198,1.0477596193172278,0.250093263505746,0.3664867407253124,0.3004455408011452,0.3909952606635071,0.2698372624139486,0.3826258209322097,0.3302130044333967,0.03736229278145958,0.12467367369991006,-0.029767463632251467,,,,,,
군자동,11215730,③ 급성장 신흥,일반,0.22351629637099035,0.02862760915599476,0.0650035605773992,0.6761229314420804,0.5138140561459121,0.2862794836743827,0.5073047536263259,1.059205401074578,0.2230024067888,0.3959916668160977,0.3508528956308865,0.45260663507109,0.3045720633349705,0.3189541340341184,0.350917831078482,-0.018292579660587782,0.1883506195922075,-6.49354475955044e-05,33.5,39.3,17.313432835820898,3.9,7.8,3.9
중곡4동,11215770,③ 급성장 신흥,일반,0.28277480868990396,0.042606971194245565,0.3289823672305085,0.6690307328605201,0.4988239190072896,0.3305145879987316,0.4269169373891225,1.1172276809156685,0.2751875439316745,0.357955800306004,0.2674024464021839,0.3862559241706161,0.3215329435138455,0.2804024183726822,0.2850407030988841,0.008981644484886142,0.1465145190164403,-0.01763825669670016,,,,,,
여의동,11560540,③ 급성장 신흥,일반,0.40363349131121645,0.08971014979888632,0.7631721443705513,0.6666666666666666,0.4929622113546572,0.2004620390359236,0.6819274428852159,1.0347390807366788,0.1302327766142286,0.3854752738891703,0.2758756959202006,0.2630331753554502,0.1807151294563825,0.5322841134709632,0.3031862314300695,0.019746909579541116,0.14964332941425273,-0.027310535509868894,,,,,,
서빙고동,11170690,③ 급성장 신흥,일반,0.5908877012537395,0.1760971620001569,0.6921292127362264,0.6453900709219859,0.421455973924101,0.2756745693679025,0.4909501186080776,1.2094755330728686,0.2206754800475252,0.3173526982204465,0.1858936524764067,0.0545023696682464,0.2069285037111728,0.2627972855606582,0.1817990783573564,0.06874606565672972,0.2281528330474194,0.004094574119050315,,,,,,
성내3동,11740660,③ 급성장 신흥,일반,0.2591789631721063,0.057745958119054835,0.6412478923614368,0.6264775413711584,0.3708692987198217,0.3108543715363946,0.3869844597302461,1.1773357121152237,0.2460662003298878,0.3828316314816386,0.1917897720157118,0.3672985781990521,0.2990048254813722,0.3059717423531694,0.2321142385413594,0.01184954605502242,0.08101271737707672,-0.04032446652564761,,,,,,
독산2동,11545620,③ 급성장 신흥,일반,0.27816431940663067,0.045703785867141744,0.2961062663255011,0.6146572104018913,0.3287372937671349,0.3339344425457381,0.3512379922644755,1.1470349562861766,0.2734317490243034,0.3858398893124497,0.1880035706665996,0.3364928909952606,0.3318922634625365,0.2508598741946602,0.2382603260687273,0.002042179083201645,0.10037811806981528,-0.050256755402127706,,29.8,,,11.8,
독산3동,11545630,③ 급성장 신흥,일반,0.3563857797497003,0.07127715594994007,0.5941493024351346,0.6052009456264775,0.2733273195234767,0.33191515543234,0.3497269301640855,1.1651601289620257,0.2724241680314522,0.370590733438758,0.1779018332852238,0.2488151658767772,0.3129731160507074,0.2891240371493443,0.2280842134857774,0.018942039381632636,0.0606028930147412,-0.0501823802005536,,,,,,
송파1동,11710580,③ 급성장 신흥,일반,0.2900406709018184,0.06202704670991452,0.7643634492424312,0.6028368794326241,0.2515186851441848,0.300536612362889,0.4185666639683885,1.1076800686951291,0.2325907558075881,0.3955408666549204,0.3387686491606974,0.3127962085308057,0.2681265731413372,0.3041802207795805,0.3282210733164067,0.03241003922155178,0.11438644318880797,0.010547575844290669,,,,,,
성수1가1동,11200650,③ 급성장 신흥,일반,0.49146807390227787,0.12926288191993549,0.8664496945028758,0.6004728132387707,0.2335503679428934,0.3047939025650708,0.5403462222077349,0.9398927290705068,0.2541494802862313,0.3479945972074156,0.289527288869431,0.1090047393364928,0.2765986927559477,0.3411820465526781,0.291515097304611,0.0281952098091231,0.19916417565505679,-0.001987808435179983,,,,,,
방학1동,11320690,③ 급성장 신흥,일반,0.2948024156050777,0.06912596775458528,0.7782181586892453,0.5933806146572104,0.2150296516011317,0.3007447656790422,0.4344227215934669,1.10873026781817,0.2384782930280734,0.367385381489522,0.1969452595540539,0.2985781990521327,0.2830254484983063,0.3056191827544051,0.2428685695830717,0.017719317180735883,0.12880353883906182,-0.04592331002901781,,,,,,
성수2가3동,11200690,③ 급성장 신흥,일반,0.35887869315317134,0.08525091593559882,0.6148201263260352,0.5531914893617021,0.0900724372624773,0.2655380848326253,0.5718909407533578,0.9980780449696632,0.210331327936052,0.3299150503865959,0.3835773182870606,0.1943127962085308,0.2272314031994799,0.3882956699122543,0.3715505922961784,0.038306681633145406,0.1835952708411035,0.012026725990882225,,,,,,
청량리동,11230705,③ 급성장 신흥,일반,0.2949088546043271,0.09515198368682287,0.8308143282932792,0.5484633569739953,0.0735808628256196,0.3255952779516534,0.4078109351662885,1.108192184710293,0.2755026188395206,0.3178332583078683,0.1876321392530286,0.2535545023696682,0.2827226208944218,0.3165725928105696,0.312048563940169,0.04287265705723159,0.09123834235571893,-0.1244164246871404,,,,,,
석촌동,11710600,③ 급성장 신흥,일반,0.3115133384872218,0.07104971261470204,0.46321487759212904,0.541371158392435,0.0505112684615307,0.3043809785653713,0.4231818576995901,1.0272806503673866,0.2443325015014265,0.3901093385992824,0.260026520143535,0.2298578199052132,0.27421150224775,0.3119432570786553,0.2963100920850572,0.03016947631762129,0.11123860062093482,-0.03628357194152221,,,,,,
약수동,11140635,③ 급성장 신흥,일반,0.4418899084624606,0.102089565616842,0.5797127011279645,0.5224586288416075,-0.0143424004796552,0.278925664801846,0.3681463686634326,1.2321518222219217,0.2130798318655112,0.3604660412685339,0.2607820510276051,0.0805687203791469,0.2265542429198232,0.2137526699396487,0.2299888803377663,0.05237142188202279,0.1543936987237839,0.030793170689838806,,44.0,,,3.0,
황학동,11140670,③ 급성장 신흥,일반,0.41822683831355806,0.08506380737902368,0.5426374766178527,0.508274231678487,-0.0623427093719637,0.3013003913909511,0.3367839832789453,1.2855843674397365,0.2477265096478769,0.3021725860111658,0.2402501546961823,0.0900473933649289,0.2665779083521867,0.2573438544483766,0.2319578475078954,0.03472248303876441,0.07944012883056872,0.008292307188286913,,,,,,
영등포동,11560535,③ 급성장 신흥,일반,0.21681624147087492,0.05778405207668091,0.5459145690364978,0.5035460992907801,-0.0876162763246097,0.3312728474819113,0.3322510879640198,1.1259281721649526,0.2757989121004273,0.350636883738477,0.3204644651481462,0.2867298578199052,0.3174244251735253,0.3037571226444858,0.3574189469859797,0.01384842230838601,0.02849396531953402,-0.03695448183783351,,,,,,
개봉2동,11530750,④ 잠재 후보,일반,0.19980840980135123,0.04114371505719697,0.5293717122219868,0.6808510638297872,0.5495803348698649,0.3199781781983102,0.349640024382864,1.195252493903613,0.2507645181056835,0.424828309054345,0.2308009129058039,0.481042654028436,0.3099659136290096,0.2711950245784655,0.3052456371060485,0.0100122645693006,0.07844499980439851,-0.07444472420024462,,,,,,
신원동,11620655,④ 잠재 후보,일반,0.15480151927666297,0.04088938186951699,0.5785756379049923,0.6737588652482269,0.5117050459125974,0.3279733629748025,0.369413439254056,1.1927886910413816,0.2647946838418595,0.3833700772823205,0.2152642786599681,0.518957345971564,0.3059829183141425,0.3237058085425489,0.2932368255497503,0.021990444660660025,0.04570763071150713,-0.07797254688978217,,,,,,
보라매동,11620525,④ 잠재 후보,일반,0.1121755011036043,0.033309804712446635,0.7089527975936208,0.6619385342789598,0.4886744834231634,0.2889212965366349,0.4369655131391079,1.1160822342654844,0.2181822140069656,0.4295503691645218,0.3081999816724843,0.5497630331753555,0.3029577475601012,0.3392677429872059,0.3329768766518762,-0.01403645102346629,0.09769777015190201,-0.024776894979391895,,,,,,
용강동,11440590,④ 잠재 후보,일반,0.19748916002823436,0.04280752467704168,0.36579189604978035,0.6595744680851063,0.4822441451761137,0.2570414338947197,0.5257795578422023,1.14292362078554,0.1906214065183595,0.3751488299153691,0.1731252301081945,0.462085308056872,0.2508390108783746,0.5069373898306513,0.2254881600007178,0.006202423016345049,0.01884216801155103,-0.05236292989252331,,,,,,
천연동,11410520,④ 잠재 후보,일반,0.17622937044132975,0.03737353366273403,0.2736793581019047,0.6312056737588653,0.3890368983925283,0.282736954907667,0.3988805266125538,1.2671005866989755,0.2137489297506256,0.3715170921380236,0.1673879638890206,0.4549763033175355,0.2731503359476465,0.3607239943415851,0.2204840566270784,0.009586618960020499,0.03815653227096871,-0.05309609273805779,,,,,,
은천동,11620605,④ 잠재 후보,일반,0.10752579745218649,0.04963754719729309,0.432791986554326,0.624113475177305,0.3691565789084004,0.3215510277357414,0.3993140615798677,1.0878664510260014,0.2580945973790732,0.4040183617328183,0.2786364735443185,0.5165876777251185,0.3348129240928938,0.2949694625415298,0.334390846016135,-0.013261896357152414,0.10434459903833793,-0.05575437247181653,,,,,,
삼전동,11710610,④ 잠재 후보,일반,0.1122763380502616,0.004961177775536946,0.0015934896843619569,0.6193853427895981,0.3530653089984111,0.2973850115164694,0.2950653928728566,1.3974795359386365,0.2344276510760598,0.3559631379066411,0.2222705247826902,0.5071090047393365,0.3315731946483568,0.2684056523035385,0.3101697811498325,-0.03418818313188737,0.02665974056931808,-0.08789925636714233,,,,,,
상계3·4동,11350665,④ 잠재 후보,일반,0.12414708749285741,0.009699393857909544,0.019096916287862607,0.6099290780141844,0.2958291095641953,0.3238111444363969,0.411162515158458,1.00766410606491,0.259091630923184,0.4258882921673116,0.1453868761156247,0.485781990521327,0.3265639289547346,0.3855594582687366,0.1955140647846445,-0.0027527845183376587,0.025603056889721365,-0.0501271886690198,,,,,,
면목5동,11260550,④ 잠재 후보,일반,0.15021904025634997,0.015150191029993388,0.0472487726788831,0.607565011820331,0.275919569195725,0.309508751236581,0.3182649262565453,1.172570332043935,0.236113832864469,0.446232403096772,0.2174891495841796,0.457345971563981,0.3359541197405612,0.2103150565712853,0.21785476501002,-0.026445368503980216,0.10794986968525999,-0.0003656154258404043,,,,,,
도봉1동,11320521,④ 잠재 후보,일반,0.04599285178089252,0.02716547342946456,0.2385244965207333,0.5910165484633569,0.2098581731655985,0.3659603881608612,0.4104528187276294,1.0348384277224911,0.3216140805032769,0.3099801686393059,0.1203849915056311,0.5450236966824644,0.3964772628863218,0.3219370697850293,0.1504462551714357,-0.030516874725460608,0.08851574894260011,-0.030061263665804597,,,,,,
성내2동,11740650,④ 잠재 후보,일반,0.1407851836913045,0.06810975541438384,0.43617635348900174,0.5886524822695035,0.1981357696121919,0.2858678119281531,0.4224959593201177,1.1516513205976564,0.2256457362422538,0.3700030762355795,0.3030986993456788,0.447867298578199,0.3160205881687676,0.4306210995296405,0.3755595033503513,-0.03015277624061452,-0.008125140209522819,-0.07246080400467253,,,,,,
명일1동,11740530,④ 잠재 후보,일반,0.04127032144577769,0.00990891062485294,0.21700280353455773,0.5839243498817966,0.1878969868676938,0.3182814293984399,0.3514742814329705,1.1828925808923263,0.2567021896300772,0.3693340773411495,0.1837185011584406,0.542654028436019,0.3044829007594429,0.3445636268630689,0.2455885755459682,0.013798528638996999,0.0069106545699015864,-0.06187007438752759,,,,,,
상암동,11440740,④ 잠재 후보,일반,0.13844912776041152,0.02887185864900902,0.37342337508973134,0.574468085106383,0.1684082297342679,0.2138424438682784,0.641604818972007,0.972029703802774,0.1482837551236515,0.3828709359139695,0.324695225743995,0.4360189573459715,0.2078834350074113,0.5335203741962963,0.3736524379588908,0.005959008860867088,0.10808444477571078,-0.048957212214895796,,,,,,
대방동,11590660,④ 잠재 후보,일반,0.19295709948125,0.0567947295889214,0.6678132713338821,0.5721040189125296,0.1596484201992205,0.2991446255771586,0.3782023819380505,1.0930095435171236,0.2304092122550747,0.4288983377204161,0.2311214246137437,0.3791469194312796,0.2814114706807508,0.2781939498657814,0.2837407587743503,0.01773315489640781,0.10000843207226912,-0.0526193341606066,,,,,,
역삼1동,11680640,④ 잠재 후보,일반,0.1906042373925807,0.05325087111917808,0.9194430764051003,0.5650118203309693,0.1301438640386208,0.2438321976702888,0.5267036893417956,1.0954511537688538,0.1769838721299235,0.3691226212814508,0.4270633645964672,0.3744075829383886,0.2308056020541272,0.4579294347545264,0.451152310151352,0.013026595616161596,0.06877425458726916,-0.024088945554884778,76.95,83.5,8.512020792722552,11.85,9.35,-2.5
쌍문3동,11320680,④ 잠재 후보,일반,0.09582310958735285,0.022237907969480032,0.3318931331538407,0.5626477541371159,0.1274607776915171,0.2823673919693162,0.466503511223336,1.0774302258893094,0.2207103347175403,0.3691895157755619,0.1933638689365555,0.466824644549763,0.3050434514683247,0.3226264646298641,0.2592721593067972,-0.022676059499008472,0.1438770465934719,-0.0659082903702417,,,,,,
대조동,11380570,④ 잠재 후보,일반,0.03184766898591651,0.007551566894110013,0.1534814942150334,0.5602836879432624,0.1153462848888543,0.3186098464399446,0.4065394455639866,1.0809342145047882,0.2610529560370088,0.3606255437846918,0.2482039967369769,0.5284360189573459,0.3174524749473619,0.3157077005517291,0.2842822525709214,0.001157371492582715,0.09083174501225749,-0.03607825583394447,,,,,,
중곡2동,11215750,④ 잠재 후보,일반,0.20483905302902994,0.05160610847814642,0.5666082419366129,0.557919621749409,0.0948830204152825,0.2784323442193526,0.4022978024592326,1.172275652593562,0.2146219942921775,0.3771363017699227,0.2480093843421987,0.3530805687203791,0.2687119986749787,0.3089399047489756,0.296203306620215,0.009720345544373898,0.09335789771025699,-0.04819392227801628,,,,,,
망우본동,11260655,④ 잠재 후보,일반,0.1622018307507871,0.03929615811233237,0.6222950266010029,0.5508274231678487,0.0806597765676778,0.3287672573447603,0.4066280728587734,1.0546899306992583,0.2739273349442318,0.3516778750370291,0.1847155080400676,0.3886255924170616,0.3165332660908835,0.3457779625801761,0.2360430910269071,0.012233991253876808,0.06085011027859727,-0.05132758298683951,,,,,,
상계5동,11350670,④ 잠재 후보,일반,0.18117038082753528,0.03339719673288295,0.5062167212977237,0.5460992907801419,0.0681786578215,0.3101124489214341,0.3199593510983283,1.1834337413369311,0.2390114646685088,0.4046092756897203,0.1688457752322782,0.3649289099526066,0.3034051289310637,0.3649024805469621,0.2098092549239462,0.006707319990370386,-0.04494312944863382,-0.040963479691668,,,,,,
창2동,11320512,④ 잠재 후보,일반,0.09114539567297464,0.014446573224429445,0.1625775020437184,0.5366430260047281,0.0475984923430025,0.3211224547421474,0.3657577257195059,1.0963809716237525,0.2603297218514393,0.3791274888765827,0.17688856579368,0.4454976303317535,0.3249238600233597,0.3383450125876993,0.2401390779865722,-0.003801405281212311,0.0274127131318066,-0.06325051219289218,,,,,,
길동,11740685,④ 잠재 후보,일반,0.08167792679237679,0.012553079448309879,0.35613411555335484,0.5319148936170213,0.0324106688107969,0.3034702151032817,0.4298466864644891,1.0779908701081542,0.2468091866025674,0.3501190044610367,0.2283437201462581,0.4502369668246445,0.2901661359057146,0.3891919195927274,0.2717949232160326,0.013304079197567098,0.04065476687176167,-0.04345120306977451,,,,,,
삼선동,11290555,④ 잠재 후보,일반,0.07696660056244603,0.010665187724782345,0.05866022237987383,0.5200945626477541,-0.0166006058383237,0.2989308178338813,0.3535791386318266,1.1556873291767678,0.2343410185456904,0.3848369298800476,0.24857688679855,0.4431279620853081,0.2932244858554595,0.3496757862611093,0.2675612329756962,0.005706331978421797,0.0039033523707173168,-0.018984346177146172,,,,,,
상도4동,11590560,④ 잠재 후보,일반,0.2167938332605066,0.04359517327148666,0.7910800940624403,0.5130023640661938,-0.0497025990228214,0.3070755662351938,0.3510638259898814,1.1132955780324791,0.2469206847610136,0.38773825099615,0.2133823444232414,0.2962085308056872,0.3034251845324283,0.2120248974816107,0.2667636837078493,0.003650381702765493,0.13903892850827068,-0.05338133928460792,,,,,,
번1동,11305595,④ 잠재 후보,일반,0.10306656358889893,0.02936035763503747,0.7757308380757982,0.5059101654846335,-0.0774304179784202,0.2986170124431549,0.3694154501213365,1.1288522124890823,0.2362202359934254,0.3742911370973698,0.2778473023234897,0.4028436018957346,0.3051464516362244,0.2846060104832633,0.4114385484816577,-0.006529439193069475,0.08480943963807319,-0.13359124615816798,,,,,,
서초3동,11650530,④ 잠재 후보,일반,0.06753274399740067,0.022490000336123164,0.3730714266928958,0.5011820330969267,-0.0886423136004481,0.2151105890544621,0.5803789148594642,1.0678685233502272,0.1552273447062252,0.3366552860636636,0.2245241839402004,0.433649289099526,0.2214909065998013,0.4720439812201417,0.2737301455802998,-0.006380317545339215,0.10833493363932256,-0.04920596164009938,28.2,34.6,22.69503546099292,6.2,5.1,-1.1000000000000005
신내1동,11260680,④ 잠재 후보,일반,0.34952886737700695,0.08101688458651252,0.7532592718195178,0.4988179669030733,-0.0895979936205102,0.2808439319635786,0.3779121802654248,1.1144691681087175,0.2152176782155549,0.4029521600210601,0.176881172559809,0.1492890995260663,0.2235546851865717,0.2105339115339076,0.2471444567166375,0.05728924677700689,0.16737826873151718,-0.0702632841568285,,,,,,
상계8동,11350700,④ 잠재 후보,일반,0.08414282993288741,0.009499960785631846,0.021108136380720698,0.491725768321513,-0.0989408334843452,0.2721270143605729,0.2941443210168839,1.3465810447160245,0.2090045205063704,0.3558131692929109,0.2137900590133619,0.4075829383886256,0.263704707108966,0.2497295986777833,0.2600650259935393,0.00842230725160692,0.044414722339100626,-0.04627496698017741,,,,,,
도봉2동,11320522,④ 잠재 후보,일반,0.08652370228451695,0.014704267643664622,0.16194961718249518,0.4869976359338061,-0.1150135759143762,0.2645229997129118,0.4529614441096549,1.107658387008065,0.2077167235965795,0.3478763124605144,0.1785573103779769,0.4004739336492891,0.2743179041078303,0.4223389040162202,0.2070304588647884,-0.00979490439491848,0.03062254009343468,-0.02847314848681151,,,,,,
장위2동,11290770,④ 잠재 후보,일반,0.058098887432355195,0.026276987888362302,0.24009600042275941,0.4822695035460992,-0.1167725669255282,0.2651056682129688,0.4310678418780238,1.1679417281041995,0.2055202165534682,0.3366814597422223,0.1555255151798111,0.424170616113744,0.2884647609930402,0.3721837274095928,0.1853922020461049,-0.023359092780071367,0.058884114468431004,-0.02986668686629379,,,,,,
도곡2동,11680656,④ 잠재 후보,일반,0.26191836688962844,0.03914490269234649,0.25707110356007534,0.4704491725768321,-0.1552202973775597,0.2609759635345203,0.4537174972450916,1.106296088005108,0.2039341790263981,0.3475480530557326,0.178672053114007,0.2085308056872037,0.2562648094367363,0.3858886920606126,0.2359268490463649,0.004711154097783998,0.06782880518447898,-0.05725479593235791,,,,,,
불광1동,11380520,④ 잠재 후보,일반,0.126852878894827,0.032462774360525685,0.6965324429057043,0.4680851063829787,-0.1571862126249196,0.2955702097221437,0.3911154015657855,1.082041127331455,0.2357309743880865,0.3702706169258193,0.2195261319593199,0.3412322274881517,0.297163876952755,0.3127884981805494,0.2558618942876828,-0.0015936672306112731,0.07832690338523612,-0.036335762328362914,40.1,47.9,19.451371571072308,12.3,10.8,-1.5
방화1동,11500630,④ 잠재 후보,일반,0.1268752871051954,0.027739123614892502,0.5872429778926641,0.458628841607565,-0.174196590876704,0.294961341925314,0.3425719732372398,1.206462484324816,0.2385992654296144,0.3376282242276078,0.2261617295709846,0.3317535545023696,0.2918993709051418,0.3121271734804962,0.2721368527776183,0.003061971020172194,0.030444799756743635,-0.04597512320663369,,,,,,
반포2동,11650570,④ 잠재 후보,일반,0.2738451368581449,0.08148297536217272,0.7820726223061112,0.4373522458628842,-0.2336289332748193,0.3185047098214442,0.1130331972745247,1.4672092632339735,0.2605827891719841,0.3551706326642036,0.089992944247627,0.1635071090047393,0.3022340817383947,0.1464269756397647,0.157552153047488,0.016270628083049465,-0.033393778365240004,-0.06755920879986102,,,,,,
삼성2동,11680590,④ 잠재 후보,일반,0.2975698295855602,0.07015226378945248,0.9086008605173214,0.425531914893617,-0.2608335335853918,0.2337871820200184,0.5018793086082479,1.049137046009206,0.1687172806583616,0.3717803313870237,0.2775029725037271,0.1279620853080568,0.2286350745688963,0.3082917687141617,0.3323176129054909,0.005152107451122101,0.19358753989408622,-0.054814640401763814,,,,,,
사당4동,11590650,④ 잠재 후보,일반,0.1222199814011854,0.03248182133933874,0.35590017973457444,0.4231678486997636,-0.2654612237896221,0.2926641457326607,0.165937762423794,1.477360891445131,0.2313570461490874,0.3401975630198552,0.1926891249556538,0.3009478672985782,0.2794269514988986,0.1733673211025391,0.2795594202254967,0.013237194233762073,-0.0074295586787451184,-0.08687029526984288,,,,,,
시흥3동,11545690,④ 잠재 후보,일반,0.07720188677131301,0.027733521562300436,0.23553390491696413,0.4208037825059101,-0.2677484664821759,0.2679488878261944,0.3472433975118423,1.2074547232152184,0.2020728984875119,0.3715260030391499,0.1776122926671915,0.3436018957345971,0.2863946065047945,0.2953620752270927,0.1970751488340092,-0.018445718678600065,0.05188132228474962,-0.0194628561668177,,,,,,
고덕2동,11740560,④ 잠재 후보,일반,0.1364491949850425,0.020906860273604246,0.2863877502821428,0.4184397163120567,-0.272726105653909,0.2948512520729911,0.3495045707791647,1.1387602875909653,0.2348995064348408,0.3599639015425467,0.2150049827240867,0.2819905213270142,0.3017958391010621,0.2901977313195383,0.2226192867695039,-0.006944587028070992,0.05930683945962639,-0.007614304045417214,,,,,,
거여2동,11710532,④ 잠재 후보,일반,0.0961704368480612,0.013087515265593319,0.12537385195401143,0.4160756501182033,-0.2891734699019128,0.2911141059279474,0.3585522143746756,1.1290329532381804,0.2297422345124981,0.3623696085042285,0.2010110141576085,0.3199052132701421,0.2931356469717484,0.2685215542149217,0.2433440648593136,-0.0020215410438009784,0.09003066015975392,-0.042333050701705094,,,,,,
서초2동,11650520,④ 잠재 후보,일반,0.17911442752624562,0.04551555690004819,0.3016788756502896,0.4137115839243498,-0.2903991180830231,0.2295382884199003,0.4651775825763978,1.127986862563329,0.1601964487849698,0.3683257637288469,0.3048329392727696,0.2345971563981042,0.2092033116168781,0.4383504181382467,0.3335660472212609,0.02033497680302218,0.026827164438151085,-0.028733107948491265,,,,,,
수색동,11380650,④ 잠재 후보,일반,0.2525965513764243,0.045791177887578007,0.36034771576566477,0.4042553191489361,-0.3219142902018486,0.2907127113241179,0.3696903336711257,1.0894390573527497,0.2306896211277627,0.3683762677477221,0.138388456804386,0.1516587677725118,0.248267944219824,0.3448625861070374,0.1978438045028046,0.0424447671042939,0.024827747564088287,-0.05945534769841859,,,,,,
연남동,11440710,⑤ 성숙·정체,기존 강세,5.6020525921463005e-06,1.1204105184292601e-06,1.8673438901017698e-06,0.9976359338061466,6.028392371150951,0.4544444689976102,0.8816629092642724,1.2455230195449245,0.3685210035570916,0.5538243638466255,0.6354008100971866,0.9976303317535544,0.4271877687300692,0.7181241268996702,0.5958268796683199,0.027256700267541012,0.16353878236460218,0.0395739304288667,,46.5,,,2.6,
잠실6동,11710710,⑤ 성숙·정체,기존 강세,0.056883242019876046,0.012322274881516571,0.007455104379343396,0.9952718676122932,4.518455607772181,0.4159574205007283,0.8816472801555122,1.1328585582304844,0.3570445766388502,0.4142831291738815,0.5050793950739504,0.9383886255924172,0.3988609738362157,0.586617869276795,0.5540779779997531,0.0170964466645126,0.29502941087871715,-0.048998582925802725,44.4,49.6,11.711711711711725,12.4,8.3,-4.1
이태원2동,11170660,⑤ 성숙·정체,기존 강세,0.01186514739000355,0.0019002162392300127,0.21994465781529288,0.9929078014184396,4.456644210722367,0.398526227986366,0.8127902961690779,1.1886209863348076,0.31440059527682,0.495766782169844,0.4595827494016651,0.981042654028436,0.3750977733533051,0.7072775091822779,0.483351439924855,0.023428454633060924,0.1055127869868,-0.023768690523189917,,,,,,
삼청동,11110540,⑤ 성숙·정체,기존 강세,2.8010262960287413e-05,5.602052592057483e-06,6.078492300468677e-06,0.9881796690307328,4.314206653491345,0.4273149321724412,0.9068808508616796,1.1840060172025015,0.3831710147265217,0.2971613924477603,0.4256310796485085,0.9881516587677726,0.4143346522758154,0.7811320964704828,0.5092255495010019,0.012980279896625813,0.12574875439119682,-0.08359446985249336,,,,,,
화양동,11215710,⑤ 성숙·정체,기존 강세,3.3612315552433714e-05,6.722463110486743e-06,1.6726510403903826e-05,0.9858156028368794,3.9399142815394814,0.3710813986686628,0.7515947932781856,1.1595454733481982,0.2842612748396581,0.533830884824596,0.6023384842527191,0.985781990521327,0.3789537970480977,0.7046801818297573,0.6765421096064322,-0.007872398379434875,0.046914611448428234,-0.07420362535371317,71.4,65.5,-8.263305322128856,5.5,7.2,1.7000000000000002
가회동,11110600,⑤ 성숙·정체,기존 강세,0.018996560339708424,0.002617278971014969,0.2205078023346056,0.983451536643026,3.81345335335653,0.3539967606523481,0.9253144194605112,1.1002907408782954,0.2905213116409071,0.3869180242447083,0.4226457997027877,0.9644549763033176,0.3208059122580744,0.843861486790337,0.4740542867639925,0.033190848394273664,0.08145293267017417,-0.05140848706120482,,61.6,,,6.2,
오륜동,11710566,⑤ 성숙·정체,기존 강세,-0.014167591005344371,-0.0016514851041421474,0.14721820449401218,0.9787234042553192,3.6166538485955866,0.4381486223912911,0.9019531816406452,0.9959862936754588,0.4023248654387606,0.2772303078501775,0.29639738177026,0.9928909952606636,0.4077730244387404,0.9908562313614528,0.2712086109638901,0.03037559795255068,-0.08890304972080765,0.025188770806369887,,,,,,
서원동,11620645,⑤ 성숙·정체,기존 강세,0.0024312908249584098,0.000486258164991682,0.010018729400692303,0.9739952718676124,3.573269266130372,0.4038434066463118,0.6658274353197249,1.1526972954059205,0.3298126419376817,0.4949881458611012,0.5648345004391595,0.971563981042654,0.3959470149419849,0.6027966707411212,0.6198544629070273,0.007896391704326877,0.06303076457860368,-0.05501996246786778,,,,,,
한남동,11170685,⑤ 성숙·정체,기존 강세,0.03325938623911784,0.005469844150896863,0.30284513197197754,0.9645390070921984,3.3861823341360866,0.3652545512368106,0.7279784263071057,1.1780290899314054,0.2865161751077349,0.4611474246029954,0.4420416542316375,0.9312796208530806,0.3506313733035253,0.6043644107374784,0.4848185628572347,0.014623177933285325,0.12361401556962737,-0.04277690862559719,,,,,,
서강동,11440655,⑤ 성숙·정체,기존 강세,0.004834571386956199,0.0004941010386205535,0.08171614793202284,0.9598108747044918,3.1365907131089488,0.379202162464238,0.6492555132443246,1.1665615510953338,0.2995632849149311,0.4819083920024519,0.504326575026758,0.9549763033175356,0.3826589638714316,0.5673202270970228,0.5344969515790007,-0.0034568014071936215,0.08193528614730183,-0.03017037655224264,,,,,,
합정동,11440680,⑤ 성숙·정체,기존 강세,0.09725723505092265,0.017560194055101775,0.4978268427213547,0.9574468085106383,3.118878076892586,0.3271143249073922,0.5238993567554279,1.6418468139013411,0.2449971485270294,0.4047105106142587,0.4136849764710807,0.8601895734597157,0.3397884890430837,0.4504230307665823,0.586942450738731,-0.012674164135691501,0.07347632598884557,-0.17325747426765026,,,,,,
자양4동,11215847,⑤ 성숙·정체,기존 강세,0.03328739650207857,0.006893885919801057,0.40263194165425636,0.9527186761229316,2.9924074675224124,0.3786501030473572,0.6258835477397888,1.142226930343881,0.3018175879327225,0.4918119348651092,0.4123961312038379,0.919431279620853,0.3639609232936714,0.5336822438881405,0.4858621519122084,0.014689179753685777,0.09220130385164838,-0.0734660207083705,,,,,,
동선동,11290575,⑤ 성숙·정체,기존 강세,-0.01647003462068497,-0.0032940069241369943,0.06882573310999293,0.950354609929078,2.8929086405062163,0.3626216963881313,0.6113430535460073,1.2022892460351289,0.2854612073182665,0.4803491309380741,0.4377965914128044,0.966824644549763,0.3672933458668632,0.5912465815941982,0.5106523965435772,-0.004671649478731887,0.02009647195180908,-0.07285580513077278,47.6,53.2,11.764705882352944,14.5,11.1,-3.4000000000000004
위례동,11710647,⑤ 성숙·정체,기존 강세,-0.014094764321647357,-0.003764579341870833,0.4341601460860229,0.9479905437352246,2.8641445808030928,0.3808301260519386,0.7312896978163937,1.1375719241605269,0.3293433186687403,0.3441301082047982,0.322442088118915,0.962085308056872,0.3834991800066246,0.7274253317345735,0.4417436500664353,-0.0026690539546859737,0.0038643660818202807,-0.11930156194752028,,,,,,
상봉2동,11260590,⑤ 성숙·정체,기존 강세,0.007249056054138392,-0.0006778483636404099,0.0037976431071028594,0.9408983451536644,2.760048715613712,0.3671125355178112,0.5548832830539199,1.2822570111787266,0.2869459674745089,0.4644334958820756,0.399897470173487,0.933649289099526,0.3580086134212928,0.5930850796502402,0.4512293872783224,0.009103922096518391,-0.03820179659632028,-0.05133191710483542,,,,,,
우이동,11305645,⑤ 성숙·정체,기존 강세,-0.02352862088669283,0.00569616707561651,0.04291029412189521,0.9290780141843972,2.2756499293730785,0.3912921876169655,0.6598398200515426,1.0411854878731277,0.3432108979617778,0.3552685140122336,0.1758874398614592,0.95260663507109,0.4009737069298543,0.6533785453212121,0.2174999909338064,-0.009681519312888798,0.006461274730330535,-0.04161255107234721,,,,,,
상계2동,11350640,⑤ 성숙·정체,기존 강세,0.042827692066373046,0.008329131793889267,0.2757296753378811,0.9267139479905436,2.2711674353626736,0.3550744676981164,0.5384142413661659,1.2383439178118216,0.2811645268580011,0.4407494287478535,0.3450798335524264,0.8838862559241706,0.3403285639030303,0.496545432323449,0.4135900581697988,0.014745903795086113,0.04186880904271689,-0.06851022461737244,,,,,,
수유3동,11305635,⑤ 성숙·정체,기존 강세,-0.004560070809944805,-0.000912014161988961,0.00813901811845322,0.9243498817966904,2.2684827246676704,0.3514218102322244,0.5766917987190424,1.1458614863210406,0.276777253889627,0.4640862798254954,0.3546051932853699,0.9289099526066352,0.3387929000661796,0.5642829439148597,0.385272484891917,0.012628910166044782,0.012408854804182745,-0.03066729160654713,,,,,,
사근동,11200550,⑤ 성숙·정체,기존 강세,-0.025881482975362413,-0.003521450259375081,0.16674928354070853,0.9219858156028368,2.189285796338201,0.2959928739136789,0.6987895246157019,1.0546511965626877,0.2161973963944655,0.4822040730017333,0.5808595658883278,0.9478672985781992,0.3371093776957757,0.6182234821300077,0.6663326071409363,-0.0411165037820968,0.08056604248569421,-0.08547304125260857,,,,,,
신림동,11620695,⑤ 성숙·정체,기존 강세,-0.03295687539914616,-0.007300594937985261,0.32716262026320553,0.9078014184397164,1.9723477690744884,0.3482537832089082,0.5283738882684652,1.140691683729971,0.2734404679960651,0.4713175312329545,0.4964221965697106,0.9407582938388626,0.3564975138711879,0.5542727555496324,0.5598336981190427,-0.00824373066227968,-0.025898867281167193,-0.06341150154933212,68.0,65.4,-3.8235294117646923,2.5,4.8,2.3
석관동,11290810,⑤ 성숙·정체,기존 강세,0.06894446125060205,0.011661232675652333,0.4993609602927454,0.9054373522458627,1.969613052796307,0.3447291818002932,0.5576177740958688,1.126836698601818,0.2695622769640693,0.4584378724105792,0.2415048311002084,0.8364928909952607,0.3293164930630178,0.5084564970599192,0.2757959954571997,0.015412688737275415,0.049161277035949524,-0.03429116435699128,,,,,,
신당5동,11140650,⑤ 성숙·정체,기존 강세,0.07843994039416036,0.027035505809328522,0.7288026946892749,0.8983451536643026,1.919198384852543,0.3341078303545126,0.5462722620258704,1.1919086801580987,0.2606937270764528,0.4378240521167274,0.260940752583554,0.8199052132701422,0.3002625390533671,0.5767776631127537,0.2902422670413265,0.0338452913011455,-0.030505401086883266,-0.029301514457772515,,,,,,
장충동,11140580,⑤ 성숙·정체,기존 강세,-0.002123177932394471,0.011159288763402908,0.07827913372480814,0.8959810874704491,1.89070776910718,0.3228597905245185,0.7273607222436534,0.9911629616299016,0.2578596777355973,0.3896764352237806,0.240066535266382,0.8981042654028436,0.3089726906576774,0.7143207078217124,0.2532007168848797,0.013887099866841113,0.013040014421941026,-0.01313418161849772,,,,,,
대학동,11620735,⑤ 성숙·정체,기존 강세,0.08556014923868105,0.02231297547421376,0.8985558915666431,0.8936170212765957,1.853612840725191,0.337497784398756,0.5485298409861867,1.1415747921184247,0.2678310284459861,0.4439863905873739,0.457730403041569,0.8080568720379147,0.3143609363652396,0.4871637822399644,0.5228493814916467,0.0231368480335164,0.06136605874622231,-0.06511897845007775,,,,,,
진관동,11380690,⑤ 성숙·정체,기존 강세,0.1068927655092825,0.01735964057230568,0.25023250092333044,0.8912529550827423,1.845490780496153,0.4006640017495486,0.5900141926613371,1.052305930364855,0.3544575381507641,0.3322338168789021,0.1861613639119325,0.7843601895734598,0.4020677261897032,0.4082595291506086,0.2484819500790422,-0.00140372444015463,0.18175466351072855,-0.0623205861671097,,,,,,
사직동,11110530,⑤ 성숙·정체,기존 강세,0.007372301211163723,0.003602119816700822,0.19982259557714815,0.8888888888888888,1.838453724228709,0.260455063147575,0.7830555942598041,1.0342092964771237,0.1927355121734474,0.4023071241700563,0.3173744110138005,0.8815165876777251,0.2403535179088823,0.7536062499563352,0.3469651188923995,0.020101545238692703,0.029449344303468905,-0.02959070787859902,,,,,,
독산4동,11545640,⑤ 성숙·정체,기존 강세,-0.028167120432926573,-0.006579050564126699,0.2573498538555706,0.8865248226950354,1.79326530418213,0.3589517588453253,0.4999008413732346,1.0385845395538482,0.2829430941748697,0.5132641424886726,0.261183560101751,0.914691943127962,0.3664616111806792,0.5186605083595717,0.3463311581968891,-0.007509852335353895,-0.018759666986337076,-0.08514759809513811,,,,,,
염리동,11440610,⑤ 성숙·정체,기존 강세,-0.07555488330924431,-0.013456130326151462,0.5600668830600408,0.8841607565011821,1.7666995655317357,0.3128342515200927,0.591175516320043,1.1025880194843116,0.2371101887180594,0.4593193523164539,0.2782548003346914,0.9597156398104264,0.3335584124939726,0.6561560129580122,0.341275779467749,-0.020724160973879913,-0.06498049663796923,-0.0630209791330576,,,,,,
월계1동,11350560,⑤ 성숙·정체,기존 강세,0.002649770876049007,0.003130426988448576,0.08271983390666438,0.8817966903073287,1.7604499861357796,0.3230000519258142,0.5910225807391586,1.0790969466913576,0.2518620068869568,0.4504955892116269,0.2859452034284858,0.8791469194312796,0.3430888105076394,0.5107586996230421,0.3877130202849083,-0.020088758581825183,0.08026388111611649,-0.1017678168564225,,,,,,
이문1동,11230740,⑤ 성숙·정체,기존 강세,0.00502504117508662,-0.0013590579588361074,0.027410753334311977,0.8794326241134752,1.752142447827321,0.3079830308874801,0.6406695592486583,1.060140108513417,0.2383684110006204,0.4354282568193163,0.4165696040000079,0.8744075829383886,0.3159798258667977,0.5331448434119693,0.475829833298269,-0.0079967949793176,0.10752471583668899,-0.05926022929826108,,,,,,
회기동,11230710,⑤ 성숙·정체,기존 강세,0.07375102237459807,0.01214973166168084,0.2072060924986135,0.8770685579196218,1.6720371349906356,0.2951546253275708,0.6807408533945333,1.0004546355743509,0.225692561739295,0.4397132352600984,0.4717814353362286,0.8033175355450237,0.2899849150396736,0.5732334997366091,0.4965100032615096,0.0051697102878972,0.10750735365792419,-0.024728567925280998,43.2,48.4,12.037037037037024,1.1,3.0,1.9
평창동,11110560,⑤ 성숙·정체,기존 강세,-0.0423571196486392,-0.011308303362351946,0.3506099796247019,0.8747044917257684,1.6425303734962826,0.3631971388177673,0.5777605546429101,1.0475442514268738,0.3043971595206076,0.3876448007212493,0.1315649168090643,0.9170616113744076,0.366284818793631,0.5707938705146542,0.1784212470999259,-0.003087679975863733,0.006966684128255851,-0.046856330290861614,,,,,,
갈현1동,11380551,⑤ 성숙·정체,기존 강세,0.04769587576888179,0.012139647967015133,0.6276396909305076,0.8723404255319149,1.6092346963379889,0.3451036786698609,0.4550111028746162,1.222696239911338,0.272903732167551,0.4387301197827584,0.3386039401381421,0.8246445497630331,0.3371638317544656,0.4229810985285914,0.3749537719483088,0.007939846915395288,0.03203000434602482,-0.03634983181016671,,,,,,
창신2동,11110680,⑤ 성숙·정체,기존 강세,0.07376782853237429,0.02704670991451269,0.6923769762989623,0.8699763593380615,1.5775625835817224,0.3631657623867403,0.4802936833304468,1.087341408645591,0.2874254885583646,0.4660030672827571,0.2088843966196036,0.7962085308056872,0.3341279987845601,0.462756194300455,0.2734615019540922,0.02903776360218019,0.017537489029991804,-0.0645771053344886,,,,,,
정릉3동,11290640,⑤ 성숙·정체,기존 강세,-0.018643631026408092,-0.013421397600080666,0.28213828206375446,0.8676122931442081,1.5572841859816855,0.3141325553651565,0.615214161869969,1.128119203114207,0.2520008338679331,0.3726563854414972,0.2734516873161701,0.8862559241706162,0.3265009787533122,0.6173442932969117,0.3285655410744018,-0.012368423388155692,-0.0021301314269426275,-0.05511385375823169,,,,,,
송중동,11305545,⑤ 성숙·정체,기존 강세,0.012167658229975453,0.011180576563252765,0.28459641337858094,0.8652482269503546,1.553421467585815,0.3449011104161001,0.4971999103417455,1.1912932684567232,0.2767792303689879,0.4054615706704298,0.2906208661583278,0.8530805687203792,0.3444283280352581,0.4676712130523462,0.3528525103590494,0.0004727823808420295,0.029528697289399275,-0.062231644200721636,,,,,,
잠실본동,11710650,⑤ 성숙·정체,기존 강세,0.05008795222569551,0.013327283116533896,0.414472826343049,0.8628841607565012,1.537288031889448,0.3409286070783514,0.4563984470035734,1.209042064132663,0.2678108454279051,0.4419169560838275,0.32977838143921,0.8127962085308057,0.3303520936382444,0.418133128722442,0.3906885562538407,0.01057651344010696,0.03826531828113139,-0.06091017481463068,,,,,,
상일동,11740520,⑤ 성숙·정체,기존 강세,0.0027001893493776574,0.02630835938287789,0.16121827508375772,0.8605200945626478,1.5041342495199288,0.278349627687031,0.5637924450273911,1.2468771245870345,0.1999398881864094,0.4187329797970217,0.2049604780057113,0.8578199052132701,0.2257452312566418,0.4376827074609942,0.2292650617595708,0.052604396430389166,0.12610973756639693,-0.024304583753859493,,,,,,
상계1동,11350630,⑤ 성숙·정체,기존 강세,0.005086663753599341,0.0033813989445732997,0.09551182534432129,0.8534278959810875,1.4427588069045134,0.3530886817264035,0.5083893514401728,1.0968576775085117,0.2892079623443049,0.4140820556409672,0.1974492769751641,0.8483412322274881,0.3528851375525608,0.4751774488131723,0.2855390351990977,0.00020354417384271795,0.03321190262700052,-0.08808975822393358,26.8,30.2,12.686567164179108,1.5,6.6,5.1
왕십리도선동,11200535,⑤ 성숙·정체,기존 강세,-0.06362251128813601,-0.014142941973939262,0.3094786109257823,0.8486997635933806,1.3746815182274934,0.2812234303400816,0.5581645372474093,1.1540228282662437,0.2034227130224148,0.4512732905732218,0.2806284590710026,0.9123222748815166,0.3072061525972496,0.6314057442565815,0.3434069710058649,-0.025982722257167967,-0.07324120700917214,-0.06277851193486234,,,,,,
신촌동,11410585,⑤ 성숙·정체,기존 강세,0.07382384905829498,0.015001176431044339,0.39678857413505947,0.8463356973995272,1.3724002058210865,0.3004314443701066,0.6259062769016698,1.034154764235175,0.235969929328265,0.4112932819004384,0.4828407301305082,0.7725118483412322,0.3112438465194427,0.4727261473959551,0.5707952567987256,-0.010812402149336098,0.1531801295057147,-0.08795452666821735,,,,,,
신당동,11140615,⑤ 성숙·정체,기존 강세,0.09990140387437951,0.019271060916719873,0.36723717204646134,0.8416075650118203,1.36121274920872,0.259102028663769,0.8034706358467995,0.9689140520825148,0.2113388631174046,0.3249901450334004,0.2492477353302252,0.7417061611374408,0.2394252853541766,0.7633200999377656,0.3330044449223219,0.01967674330959243,0.040150535909033835,-0.08375670959209669,41.9,49.8,18.85441527446301,13.4,14.9,1.5
도화동,11440585,⑤ 성숙·정체,기존 강세,0.043046172117463866,-0.0032110965457743616,0.0027466274244022128,0.83451536643026,1.3085004021775752,0.2446490281504129,0.5558394386738025,1.2241635110599427,0.1629580421086258,0.4626999511086914,0.2336845309731354,0.7914691943127962,0.2605515520260453,0.5573350792961331,0.3153372538442117,-0.0159025238756324,-0.0014956406223306518,-0.08165272287107628,,,,,,
천호3동,11740620,⑤ 성숙·정체,기존 강세,-0.05647429218065503,0.004780791682072305,0.00940070886487828,0.8321513002364066,1.3055844555616192,0.334157496468796,0.4820954766079952,1.1624138812119085,0.2656703770507772,0.4146921356116954,0.3648644691040644,0.8886255924170616,0.3416034950495335,0.5462877076761107,0.4259554979648512,-0.007445998580737523,-0.0641922310681155,-0.06109102886078682,,,,,,
일원1동,11680730,⑤ 성숙·정체,기존 강세,0.04306858032783212,0.0327271912428714,0.12491560763066945,0.8250591016548463,1.2160791981073236,0.2622122740511193,0.45917589457515,1.4520395515210498,0.1864941150921833,0.374815038274996,0.2315602991901963,0.7819905213270142,0.2720548583657131,0.4471423614158886,0.2914002270398608,-0.009842584314593783,0.012033533159261423,-0.05983992784966449,,,,,,
상봉1동,11260580,⑤ 성숙·정체,기존 강세,-0.182033096926714,-0.049881796690307345,0.8713888671416269,0.817966903073286,1.182708921475203,0.3427447146639333,0.4509267954466099,1.143578175636113,0.2773685155671658,0.4180195660890477,0.2353384163819072,1.0,0.472278118765993,0.9149502412123908,0.4702170375449117,-0.1295334041020597,-0.46402344576578086,-0.23487862116300448,,39.5,,,5.3,
당산2동,11560560,⑤ 성숙·정체,기존 강세,0.02887297905952735,0.007429442147602872,0.11869380913390556,0.8156028368794326,1.1647705263555044,0.2756814880604024,0.5461334938122417,1.144379696150999,0.1967669076214675,0.4463183905790625,0.3638519320706859,0.7867298578199052,0.2572358819406342,0.5645018031827886,0.4273902468533594,0.0184456061197682,-0.018368309370546898,-0.06353831478267352,,,,,,
면목본동,11260565,⑤ 성숙·정체,기존 강세,0.002812230401218918,-0.0003831803972975889,0.0012437087248713921,0.8132387706855791,1.164273385814232,0.3430458427664115,0.4119894716089795,1.2370084631993423,0.2714949420700902,0.4063115569277296,0.208774633359825,0.8104265402843602,0.3360685737204861,0.425607557025452,0.2643947582393329,0.006977269045925383,-0.013618085416472525,-0.055620124879507904,,,,,,
안암동,11290600,⑤ 성숙·정체,기존 강세,-0.030357522996425912,-0.009144790651294643,0.7244310266393421,0.8108747044917257,1.1637974930093966,0.2583395197812577,0.7225874961056479,0.95528776169596,0.196788136643031,0.3957089092524999,0.457378231160235,0.8412322274881516,0.2780484646214544,0.6693996818485227,0.5221193689538476,-0.019708944840196696,0.053187814257125154,-0.06474113779361257,,,,,,
금호2·3가동,11200615,⑤ 성숙·정체,기존 강세,0.014671775738630544,-0.0025029970981367833,0.018602692303113667,0.8085106382978723,1.1589198535524694,0.3170648580836772,0.5109658134136709,1.134982753471283,0.251632214013935,0.4033250161574961,0.1775210819737308,0.7938388625592417,0.3247717864230036,0.4321351101429225,0.2236877649709235,-0.007706928339326402,0.07883070327074837,-0.046166682997192704,,,,,,
압구정동,11680545,⑤ 성숙·정체,기존 강세,-0.025606982398350686,-0.00535780309905548,0.16147077888606223,0.806146572104019,1.1078539598228585,0.3242073579378393,0.5679043616375825,1.1061763895682368,0.2693144885634479,0.336687931566402,0.4006227524210722,0.8317535545023697,0.3086309291717566,0.5754952990448015,0.4549610217742681,0.015576428766082673,-0.007590937407218945,-0.05433826935319591,47.3,52.8,11.627906976744185,12.8,2.7,-10.100000000000001
성북동,11290525,⑤ 성숙·정체,기존 강세,-0.09906109598556911,-0.01579330666756299,0.17232649980412587,0.8037825059101655,1.0885173469214124,0.3159694966696985,0.5525205507481276,1.1113495982610655,0.2595871460461826,0.3584014926582609,0.1749915678385838,0.9028436018957346,0.3216089499485581,0.5945849253205384,0.2474835859454327,-0.0056394532788596186,-0.042064374572410856,-0.07249201810684891,,,,,,
망원1동,11440690,⑤ 성숙·정체,기존 강세,0.05260327383953489,0.015485193774999184,0.6038904987363078,0.8014184397163121,1.0756076338633016,0.3509544992717406,0.4243344188031239,1.1668936646389734,0.2857196974083839,0.4011081809825058,0.3611780864627752,0.7488151658767772,0.3509446489898014,0.3974708042186426,0.39157723406036,9.850281939227656e-06,0.026863614584481277,-0.030399147597584775,32.6,34.8,6.748466257668695,1.8,5.6,3.8
청룡동,11620595,⑤ 성숙·정체,기존 강세,-0.14642084859892668,-0.03188464253302411,0.913620135323731,0.789598108747045,1.0099548007864834,0.336958810132301,0.4618643194098434,1.0975732628726127,0.2698479661585361,0.4195853017572965,0.3589225761432636,0.9360189573459716,0.3753026739450671,0.5891088999560331,0.4654722408009953,-0.03834386381276611,-0.1272445805461897,-0.10654966465773169,,,,,,
마장동,11200540,⑤ 성숙·정체,기존 강세,0.03842447872900634,0.0100489619396547,0.18863094970273853,0.7848699763593381,0.9847515056218727,0.2897031156936527,0.5422119750811015,1.1152852821222248,0.2199966407652092,0.4067107323810014,0.2193284385115098,0.7464454976303317,0.2887274781569959,0.4967325190794392,0.2528489690066478,0.0009756375366568037,0.04547945600166231,-0.03352053049513798,,,,,,
오류1동,11530770,⑤ 성숙·정체,신흥 성장,0.10004145518918128,0.015043752030744062,0.28144050499017886,0.7825059101654847,0.9807125841631577,0.3164682341600031,0.4736492458695236,1.1716257490462136,0.2532665852997036,0.3877674265765243,0.3106676948447606,0.6824644549763034,0.3089718545386128,0.4071308289304894,0.364168668357644,0.00749637962139027,0.06651841693903421,-0.05350097351288341,45.3,45.0,-0.6622516556291314,4.8,1.5,-3.3
화곡본동,11500590,⑤ 성숙·정체,신흥 성장,0.08109531332280151,0.018110315619643047,0.11352944364730504,0.7777777777777778,0.9634847074147478,0.3455763467760092,0.3834912097469077,1.1389626135334792,0.2718860826200395,0.4558884932376127,0.2669515000190104,0.6966824644549763,0.3420360170766224,0.3578841395290688,0.3244557128482754,0.0035403296993867794,0.025607070217838923,-0.05750421282926499,,,,,,
암사2동,11740580,⑤ 성숙·정체,기존 강세,0.012386138281066161,0.0027136342755985756,0.01547035136430849,0.7730496453900709,0.9457920416698726,0.3198361026304005,0.4288446967678802,1.1833504786117868,0.2504309883116073,0.4196069320919623,0.2679017026536969,0.7606635071090048,0.3133954770724075,0.4458484178398159,0.3049475842070958,0.006440625557993018,-0.017003721071935707,-0.037045881553398885,,,,,,
신월4동,11470590,⑤ 성숙·정체,기존 강세,-0.10609167198861658,-0.02074552115895263,0.6945830488183159,0.7706855791962175,0.9291600967777132,0.3103049175641042,0.4752028917148647,1.158262620045568,0.2490454197132617,0.3923512319482012,0.1860424950113683,0.8767772511848341,0.3268763001618837,0.5202530386090809,0.2556906060295901,-0.01657138259777946,-0.045050146894216214,-0.0696481110182218,,,,,,
부암동,11110550,⑤ 성숙·정체,기존 강세,-0.2103514727796263,-0.041124668078383886,0.735097825653789,0.7683215130023641,0.8896093099731036,0.3051128934076164,0.5863807441938274,1.1236931856640724,0.2536683342906454,0.3015772500988448,0.217662456918996,0.9786729857819904,0.3814849809263981,0.8044247496029964,0.3308666627205142,-0.07637208751878172,-0.21804400540916902,-0.11320420580151819,,,,,,
목1동,11470510,⑤ 성숙·정체,기존 강세,0.045589503994263536,0.0020257022172924244,0.007462875410236708,0.7612293144208038,0.8715754522080572,0.333071317992074,0.3930722911072182,1.1512251181690805,0.261852644805005,0.4417343786577985,0.2233410136166364,0.7156398104265402,0.3253202709797352,0.3475468884374431,0.3146986661737848,0.0077510470123388076,0.04552540266977512,-0.09135765255714837,,,,,,
거여1동,11710531,⑤ 성숙·정체,기존 강세,-0.11316706441240076,-0.06589582422999789,0.2398416042770941,0.7565011820330969,0.846710266198329,0.2689832976306494,0.3559992577409427,1.434001808608692,0.1961577987160377,0.4081815111923445,0.2233801213725403,0.8696682464454977,0.2906803013307966,0.3975053429883418,0.2484078108077973,-0.02169700370014721,-0.04150608524739907,-0.025027689435257017,,,,,,
청구동,11140645,⑤ 성숙·정체,기존 강세,-0.0918344481417992,-0.046262870715830295,0.3440797269420918,0.7541371158392435,0.8336824921067306,0.2832273008894025,0.5656230885880303,1.1443005516050582,0.2234482575737039,0.3434063959984258,0.2387921628196862,0.8459715639810427,0.3579907080985761,0.6154128969999472,0.3660605938298556,-0.07476340720917357,-0.049789808411916825,-0.1272684310101694,,,,,,
후암동,11170510,⑤ 성숙·정체,기존 강세,0.04324224395818621,-9.859612562044263e-05,1.159285602224081e-05,0.75177304964539,0.8286271890721928,0.302572987625541,0.5018607913326941,1.1043173670313893,0.2363200280518063,0.4023569786971485,0.2626818912056238,0.7085308056872038,0.3117199454123538,0.4403902306297194,0.2992587519260155,-0.009146957786812793,0.06147056070297474,-0.03657686072039168,,,,,,
중화2동,11260610,⑤ 성숙·정체,신흥 성장,0.07879847176005284,0.018596573784634675,0.27099236872494353,0.7470449172576832,0.8007665110684308,0.3517705311298913,0.4130235512050999,1.0723776736375454,0.2861869106281047,0.4228489094030732,0.2219651244595267,0.6682464454976303,0.3465456845228249,0.3880223973499608,0.2754151498283786,0.005224846607066402,0.025001153855139124,-0.053450025368851906,,,,,,
충현동,11410565,⑤ 성숙·정체,기존 강세,-0.12024805888877688,-0.03563353612763718,0.5747869812060988,0.7446808510638298,0.7639575044204512,0.1942888374003092,0.7567261966502098,0.9782188316909776,0.1237289203114519,0.3994604024672214,0.2593852435619785,0.8649289099526066,0.1923406626315347,0.7597879183567802,0.3188219647212886,0.0019481747687744855,-0.003061721706570375,-0.05943672115931009,,,,,,
면목3·8동,11260575,⑤ 성숙·정체,기존 강세,-0.0657344851153463,-0.026622074328033807,0.523043552206994,0.7399527186761229,0.7426562291803981,0.3103601824413866,0.4565027590292289,1.1466237285028529,0.2466732956640429,0.3916262771544301,0.2548007697409942,0.8056872037914692,0.3254177836964542,0.4250546962283072,0.332246248831475,-0.01505760125506761,0.03144806280092166,-0.07744547909048083,,,,,,
암사1동,11740570,⑤ 성숙·정체,기존 강세,0.0314275150415112,0.0065219096276875835,0.14515948786094754,0.7375886524822695,0.7414759321456976,0.3400847347169227,0.3862848397785315,1.1503982401162542,0.2742585442415421,0.4116723527724555,0.2087089759111258,0.7061611374407583,0.3422580092933148,0.353623774426745,0.2395715581972001,-0.0021732745763921035,0.032661065351786533,-0.030862582286074303,,,,,,
망우3동,11260660,⑤ 성숙·정체,기존 강세,-0.10363797295329014,0.01331495860083134,0.023660491615879253,0.735224586288416,0.7325005731519494,0.324808780129422,0.4732777120208316,1.0484311614023123,0.2611605860814568,0.4090043279813278,0.2100795994801353,0.8388625592417062,0.2928019673656855,0.5237515021699285,0.2419328349884658,0.032006812763736514,-0.05047379014909692,-0.031853235508330496,,,,,,
보문동,11290610,⑤ 성숙·정체,신흥 성장,0.04565672862536829,0.025206995843276972,0.2983396776999753,0.7328605200945626,0.7311773067162683,0.3062544889870804,0.4335230157369868,1.1590315825157786,0.2365664373900949,0.4176869006027278,0.2574866772005191,0.6872037914691943,0.3129486286820322,0.3880338848976798,0.3160581453101083,-0.006694139694951806,0.045489130839307,-0.058571468109589186,,,,,,
중계4동,11350624,⑤ 성숙·정체,기존 강세,-0.14154146079123386,-0.042019876082596656,0.703368903528408,0.7304964539007093,0.718961937505623,0.3329045419285196,0.3969776126545101,1.1636239984545078,0.2675808127800192,0.4012525804391715,0.1768986585689679,0.8720379146919431,0.3423626906508437,0.4795643613353706,0.2358061671321319,-0.009458148722324089,-0.08258674868086052,-0.05890750856316401,,,,,,
반포3동,11650580,⑤ 성숙·정체,기존 강세,-0.04674912888082183,-0.02022453026789013,0.07091363261413675,0.7281323877068558,0.7169746964827817,0.3296445010130722,0.4354822427034211,1.1564161890799436,0.2728014865191122,0.3637166884045671,0.1444661055832214,0.7748815165876777,0.3143659852298028,0.556354164098078,0.1774916201991102,0.015278515783269386,-0.12087192139465691,-0.03302551461588879,,,,,,
영등포본동,11560515,⑤ 성숙·정체,기존 강세,-0.23157765005097863,-0.025511747504285566,0.07847176998745944,0.7257683215130024,0.7120802622144095,0.4028501587734202,0.2953407143762529,1.1129224116840588,0.3446465544375401,0.4076004896370128,0.3879124008784115,0.957345971563981,0.3672035450608074,0.6094997154898226,0.3984628173420118,0.035646613712612796,-0.3141590011135697,-0.010550416463600276,40.8,43.3,6.127450980392157,11.8,13.1,1.299999999999999
대림2동,11560710,⑤ 성숙·정체,기존 강세,0.01724871993098276,0.00794146975451806,0.04480312045906831,0.7210401891252955,0.7000540696025701,0.3382030701907968,0.4626282156166647,1.1161115416211145,0.2929755240188557,0.3309517605173127,0.1764649274631321,0.7037914691943128,0.3258480080984636,0.4995622965088721,0.289177419376373,0.012355062092333224,-0.0369340808922074,-0.11271249191324087,,,,,,
월곡2동,11290725,⑤ 성숙·정체,기존 강세,0.017254321983574794,0.004396490874256332,0.021266537846494057,0.7186761229314421,0.685237320680846,0.2892464829835374,0.5217671361013013,1.0734348521634722,0.2260466669291283,0.3958685800045088,0.2395207852216343,0.7014218009478673,0.3067381618509165,0.4448077407276234,0.3090728146715171,-0.017491678867379123,0.07695939537367791,-0.06955202944988279,,,,,,
사당3동,11590640,⑤ 성숙·정체,기존 강세,-0.17942254041880945,-0.056688290589672057,0.8275903129935112,0.7163120567375887,0.6823870550916533,0.2763890325547886,0.4035953002536231,1.3422766518367872,0.2072700312370345,0.3774838341162574,0.2303435515046491,0.8957345971563981,0.3068236184376279,0.5131386665484737,0.2797141564080114,-0.030434585882839316,-0.10954336629485062,-0.049370604903362286,,,,,,
전농1동,11230560,⑤ 성숙·정체,기존 강세,-0.086999876754843,-0.02047326140297806,0.3807523600070383,0.7139479905437353,0.6777967603356536,0.3707589824544627,0.3256759797273512,1.1436488747787388,0.3021296405201079,0.4196612996952667,0.311851676353284,0.8009478672985783,0.3332684642887917,0.4121380251067649,0.3846860117383112,0.037490518165671005,-0.08646204537941371,-0.0728343353850272,46.7,45.7,-2.1413276231263434,4.6,10.0,5.4
내곡동,11650660,⑤ 성숙·정체,기존 강세,0.0006834504162325228,-0.005773475401387063,0.011534641985387896,0.7115839243498818,0.656296436128273,0.2787094800298113,0.7317756376979709,0.9778024754563632,0.2418856928269548,0.2376314747411013,0.1764546089162127,0.7109004739336493,0.2613509291524531,0.7094804377380148,0.1814459622190533,0.01735855087735816,0.022295199959956102,-0.00499135330284059,,,,,,
노량진2동,11590520,⑤ 성숙·정체,기존 강세,-0.018268293502739397,-0.020438528676907222,0.2213367878867741,0.7092198581560284,0.6546691362763699,0.4510809134694836,0.0287186751555569,1.4705732093830208,0.3929578360958546,0.3669507352638967,0.2467033767001041,0.7274881516587678,0.5040880793053036,0.0241949825671711,0.301356559338726,-0.05300716583582005,0.004523692588385801,-0.05465318263862193,,,,,,
논현2동,11680531,⑤ 성숙·정체,신흥 성장,0.03387000997165368,0.018594332963597884,0.4189374427094258,0.706855791962175,0.649037314665869,0.2648015879158169,0.5798658755169553,1.040305168874884,0.19601554893038,0.4007504624628675,0.319290965538128,0.6729857819905213,0.2849395355900764,0.5262763810451659,0.3923704018272138,-0.02013794767425947,0.0535894944717894,-0.07307943628908575,,,,,,
공릉2동,11350600,⑤ 성숙·정체,기존 강세,-0.027735762383337192,-0.006256372334823468,0.6646135818543032,0.7044917257683215,0.6395558441085775,0.2896166254437778,0.4785991585310041,1.1096904544915924,0.2225100042116845,0.4121730816538813,0.285143375853227,0.7322274881516587,0.2942885125981709,0.4487755021135612,0.3275074889692011,-0.004671887154393095,0.02982365641744289,-0.0423641131159741,,,,,,
방화3동,11500641,⑥ 쇠퇴 주의,쇠퇴,-0.28549180419705783,-0.07080994476376144,0.6243921230254929,0.4775413711583924,-0.1401709054787806,0.2851660093488108,0.4670817208105058,1.0455449011922555,0.2307577519417766,0.3333062342165599,0.1907155675129624,0.7630331753554502,0.311257753406948,0.4848540789663517,0.295522845078722,-0.02609174405813719,-0.01777235815584588,-0.10480727756575961,,,,,,
인헌동,11620625,⑥ 쇠퇴 주의,쇠퇴,-0.25702217292415946,-0.056132566972538746,0.6826380659332995,0.4633569739952718,-0.1716981142558561,0.3122786856826198,0.312976590092565,1.1396636104228008,0.2487659690184831,0.3863491292146136,0.310940882932663,0.7203791469194313,0.3288364128966284,0.3708200757903282,0.4110346721588034,-0.01655772721400861,-0.05784348569776321,-0.10009378922614043,,,,,,
청담동,11680565,⑥ 쇠퇴 주의,쇠퇴,-0.2641087694531277,-0.0674789642925168,0.9415056209836365,0.4539007092198581,-0.1895377419194198,0.2866374271734833,0.433064093729688,1.1067389642286245,0.2305333433528458,0.3225595648585337,0.3292396085497041,0.7180094786729858,0.3117542718705373,0.4600864174696464,0.4000042592505686,-0.025116844697053997,-0.027022323739958387,-0.07076465070086452,59.1,57.6,-2.538071065989844,11.0,11.649999999999999,0.6499999999999986
옥수동,11200645,⑥ 쇠퇴 주의,쇠퇴,-0.44641636695685294,-0.1041768904126472,0.5355641578024336,0.3877068557919622,-0.3583188090369094,0.2677952647815213,0.3114316552447475,1.228900059562296,0.2010437470848811,0.3794941867528943,0.2543553279764571,0.8341232227488151,0.3318614333400492,0.4740098511114493,0.3831855889354171,-0.06406616855852787,-0.1625781958667018,-0.12883026095896,,,,,,
홍제1동,11410620,⑥ 쇠퇴 주의,쇠퇴,-0.4321479390048514,-0.12921918590971734,0.6959282362867718,0.3664302600472813,-0.4725859925221263,0.2929727553469747,0.3899131794485763,0.972002467900896,0.2314562003939732,0.3926108535474801,0.2197559280579738,0.7985781990521327,0.3185712810982736,0.4441330148197441,0.2798732349235302,-0.025598525751298895,-0.05421983537116781,-0.060117306865556414,,,,,,
신월5동,11470600,⑥ 쇠퇴 주의,쇠퇴,-0.5695550849831379,-0.1422798113228687,0.6720817977341654,0.3522458628841607,-0.5080381665178664,0.2719333440766706,0.385657187585305,1.068647670179105,0.2146279262006586,0.3618500583789859,0.1773793289498243,0.9218009478672986,0.2987180590350087,0.53389880946833,0.272621212988048,-0.02678471495833812,-0.14824162188302503,-0.09524188403822367,,,,,,
수서동,11680750,⑥ 쇠퇴 주의,쇠퇴,-0.44386183097486925,-0.09681019125407551,0.44552688730566725,0.309692671394799,-0.6684350996398728,0.2168554306370684,0.5038108895430067,1.0429627173365508,0.160197997138923,0.3267571125887505,0.279167282858276,0.7535545023696683,0.1945518220974141,0.279188235434825,0.2691711818950658,0.022303608539654324,0.22462265410818166,0.009996100963210242,,,,,,
일원2동,11680740,⑥ 쇠퇴 주의,쇠퇴,-0.6143042810885908,-0.16872374037847468,0.9370908334789982,0.2364066193853428,-0.918442495916064,0.2553758817636185,0.4939735206018167,0.8462959640557081,0.198961828847102,0.3526086715278121,0.2407458731110556,0.8507109004739336,0.2630436141469672,0.7132548749364838,0.3818989446873297,-0.007667732383348724,-0.21928135433466706,-0.1411530715762741,,,,,,
묵1동,11260620,⑥ 쇠퇴 주의,쇠퇴,-0.722995305479928,-0.16800331641513455,0.7285498590529477,0.1040189125295508,-1.754775884555745,0.2508866238461862,0.2959161667877149,1.0099516380308418,0.202062449559513,0.3108180547202486,0.1738604138494731,0.8270142180094787,0.361201719779097,0.3926107387240358,0.3202724908258466,-0.11031509593291078,-0.09669457193632092,-0.14641207697637348,,,,,,
공덕동,11440565,⑦ 일반,일반,0.13815221897303176,0.052216732210681994,0.6233241033149413,0.6997635933806147,0.6214085809120093,0.2729425293554921,0.5011280910738455,1.129452318360658,0.2014543303727869,0.4088812042204207,0.2457529707154686,0.5616113744075829,0.2864639595099892,0.4245678197577402,0.289179670200203,-0.013521430154497083,0.07656027131610527,-0.04342669948473443,36.6,39.7,8.469945355191255,5.2,8.7,3.499999999999999
반포본동,11650550,⑦ 일반,쇠퇴,-0.27890379034878376,-0.04088714104848015,0.04001987790143197,0.6973995271867612,0.6210447737449427,0.2353688754356004,0.6135497905224219,1.3645502678942036,0.2020338165734556,0.1795541000992963,0.1034653507300476,0.976303317535545,0.2581917539007128,0.7682623398900152,0.1562692914011712,-0.02282287846511241,-0.15471254936759338,-0.05280394067112361,,,,,,
둔촌2동,11740700,⑦ 일반,쇠퇴,-0.12723942052367987,-0.013863959754854183,0.07027825760371427,0.6950354609929078,0.62035033903788,0.3072471388890327,0.5491577274615626,1.0080058417165831,0.2550347519191456,0.3572693940941973,0.1879582083509283,0.8222748815165877,0.2993603311006177,0.4895508556148618,0.2355000838306642,0.007886807788414996,0.05960687184670077,-0.0475418754797359,,,,,,
휘경1동,11230720,⑦ 일반,일반,0.06470930949099751,0.010104982465575386,0.03480129434741318,0.6926713947990544,0.6096089092288361,0.3066668368847569,0.4881909944345833,1.0611190437055915,0.2475324193513401,0.3905842124281456,0.3183129933723483,0.6279620853080569,0.332721897666239,0.4040095477796357,0.415074758765848,-0.02605506078148212,0.08418144665494759,-0.09676176539349968,,,,,,
행운동,11620575,⑦ 일반,쇠퇴,-0.053768500778685335,-0.019737151692380096,0.45576663414983987,0.6903073286052009,0.5953066000128573,0.3106680309887255,0.3810115068322204,1.2405587255665498,0.2414856774642878,0.3921158935728983,0.3220687080234543,0.7440758293838863,0.3221444097229111,0.3899243980915032,0.3743674868214399,-0.01147637873418561,-0.008912891259282796,-0.05229877879798561,,,,,,
자양2동,11215830,⑦ 일반,일반,0.031550760198536754,0.014111570479423664,0.16018931070673872,0.6855791962174941,0.5833914070492809,0.3118415532516161,0.4182391521612276,1.1352652396088934,0.2438339141003292,0.4125140703670787,0.2360439039481212,0.6540284360189573,0.3029276362331168,0.4124222984631954,0.2768288433550072,0.008913917018499307,0.005816853698032198,-0.04078493940688599,,,,,,
화곡3동,11500560,⑦ 일반,쇠퇴,-0.08455738182470063,-0.017147882984325468,0.4794136003346616,0.6832151300236406,0.5509115304583133,0.3067344016872136,0.40658060588981,1.1554357694863078,0.236529012736002,0.4173274883082453,0.3013351773603103,0.7677725118483413,0.3052753047195755,0.4427962351534731,0.3772242400224874,0.0014590969676381293,-0.03621562926366312,-0.0758890626621771,,,,,,
신길6동,11560680,⑦ 일반,일반,0.024475367774752677,0.0037130404580238197,0.004269151114858787,0.6713947990543735,0.5010885018281105,0.3209751213023015,0.3867151420502526,1.1194003639741144,0.2539841239491668,0.4225800663236913,0.2506517737686172,0.6469194312796208,0.3229031277042449,0.3238143519504083,0.2611062796604086,-0.0019280064019434051,0.06290079009984428,-0.010454505891791421,,,,,,
가양1동,11500603,⑦ 일반,쇠퇴,-0.05844621469306355,-0.020199881236485053,0.6287994506482485,0.6643026004728132,0.491923005972963,0.2653695519131563,0.5462368459966332,0.9704984939278968,0.191080999057752,0.45313781354758,0.3619516458428414,0.7227488151658767,0.2827210738286579,0.4933870479588016,0.4651858229962717,-0.0173515219155016,0.05284979803783163,-0.1032341771534303,,,,,,
중앙동,11620615,⑦ 일반,일반,0.03872698956897802,0.011055090585190398,0.5642708184476507,0.6572104018912529,0.4760633285666176,0.3174779121198626,0.4088013240024878,1.0768700349715328,0.2499824835711841,0.4287691350455782,0.336942516384231,0.6184834123222749,0.3127813312379629,0.3772402294864676,0.3929087669678993,0.00469658088189967,0.03156109451602018,-0.055966250583668276,,,,,,
다산동,11140625,⑦ 일반,일반,-0.00866077330733983,0.03112836543309469,0.11088406497083436,0.6548463356973995,0.4759279156587928,0.2891934515335107,0.4994273331325396,1.0844570097241424,0.2213584929661944,0.3858326946405432,0.2891837952848431,0.6635071090047393,0.2781672403283464,0.5069693975740763,0.3900501755198405,0.011026211205164338,-0.007542064441536711,-0.10086638023499739,,,,,,
개포2동,11680670,⑦ 일반,일반,0.0316291889348258,0.009871937077745307,0.1075727804376101,0.6524822695035462,0.4684878724391933,0.3107368193910158,0.3940485902792712,1.157871135758065,0.2446932213309016,0.4034374833289054,0.1751057074605132,0.6208530805687204,0.2988874311766892,0.3883750156772304,0.2028600090078172,0.011849388214326573,0.005673574602040821,-0.02775430154730399,,,,,,
구로5동,11530560,⑦ 일반,쇠퇴,-0.10106663081353007,-0.02281379897594479,0.507070147820293,0.6501182033096927,0.4454004569341601,0.3107549731292952,0.4259386913153833,1.1211074397422591,0.2456147126992502,0.3911031689063285,0.3073336292478756,0.7511848341232228,0.3455053804358459,0.3798183132271499,0.4026643678267163,-0.03475040730655071,0.04612037808823344,-0.09533073857884067,,,,,,
문정1동,11710641,⑦ 일반,쇠퇴,-0.21480510459032187,-0.052180879074092745,0.8844998865734657,0.6477541371158393,0.4389586678389967,0.303561611503761,0.4838251553239737,0.993263028896146,0.2383988229157787,0.4202455938561594,0.2481582398136127,0.8625592417061612,0.3367130338145864,0.5459702249625257,0.2689276121298075,-0.03315142231082541,-0.062145069638551986,-0.020769372316194773,,,,,,
신사1동,11380631,⑦ 일반,일반,-0.037068782001725364,-0.01025063583296918,0.14595749894676935,0.6430260047281324,0.4113051523973766,0.2984387815765444,0.4072008044266558,1.1838362418043245,0.2338059139697123,0.3848177212739516,0.2359196525615839,0.6800947867298578,0.3010562216464778,0.3454437018919731,0.2935521504602088,-0.0026174400699333633,0.061757102534682695,-0.05763249789862493,,,,,,
묵2동,11260630,⑦ 일반,일반,-0.015736165731123797,0.015765296404602665,0.05927445791302145,0.640661938534279,0.409497972125272,0.331543941558817,0.3579260159266509,1.1274029387469986,0.2640903722289096,0.4157898713601294,0.2341302749940171,0.6563981042654028,0.3337869170125327,0.3547740513631424,0.2753442019246025,-0.002242975453715712,0.0031519645635085247,-0.041213926930585426,,,,,,
청파동,11170555,⑦ 일반,일반,0.007966118785923237,-0.004789754966219618,0.03118393518937534,0.6382978723404256,0.4058977349079832,0.2886934166815042,0.5081381534964816,1.0514579746637625,0.2261029478845997,0.3795299802989811,0.3189275887730746,0.6303317535545023,0.2828888628319842,0.4315878672704664,0.3278365717497402,0.00580455384952,0.07655028622601523,-0.008908982976665591,,,,,,
구의1동,11215850,⑦ 일반,일반,-0.008615956886603215,-0.003378037713018045,0.008855217274279596,0.6359338061465721,0.4011145647579004,0.2958297726290787,0.4561562398495818,1.0524741375899491,0.2302507681084388,0.4179802890530485,0.2851458538759864,0.6445497630331753,0.3060930468265028,0.3997232660366244,0.3200767960949454,-0.010263274197424066,0.05643297381295742,-0.03493094221895898,,,,,,
대치4동,11680630,⑦ 일반,쇠퇴,-0.131833103649177,-0.010290970611632089,0.014927589409008058,0.6335697399527187,0.3947616596718545,0.3041311283157907,0.4280884749448397,1.0308125637780718,0.2332278395131176,0.4494084077825835,0.1811716045963915,0.7654028436018957,0.317967267734019,0.4392430862780231,0.2613650208025175,-0.01383613941822831,-0.011154611333183406,-0.080193416206126,,,,,,
북아현동,11410555,⑦ 일반,일반,-0.06073185215062793,-0.008836677758730788,0.01272672202943541,0.6288416075650118,0.3836510891379006,0.3493257050289461,0.3350016109412589,1.1481896277932333,0.2877200697635864,0.3870179988265809,0.2067468911088779,0.6895734597156398,0.3752509058159401,0.3009405145198873,0.2227472189712138,-0.025925200786994007,0.03406109642137162,-0.016000327862335906,,,,,,
월계3동,11350580,⑦ 일반,쇠퇴,-0.24554916921560055,-0.06920439649087426,0.5237095123726574,0.6217494089834515,0.3558846700017528,0.2916494155662088,0.4220965551991524,1.2029955491795143,0.233264869424327,0.3539342695380747,0.1262290857915948,0.8672985781990521,0.3169167435648567,0.4839902702875793,0.2201870966120119,-0.025267327998647893,-0.06189371508842689,-0.0939580108204171,,,,,,
중계2·3동,11350625,⑦ 일반,쇠퇴,-0.37350005041847334,-0.01985367438629513,0.008499914235374198,0.6170212765957447,0.3477844628164564,0.3324508673787577,0.4489398114129891,1.1253713173099495,0.2848343763079492,0.2985676506019327,0.180045017681125,0.990521327014218,0.4288440649508652,0.8217887480786789,0.2183117802403089,-0.09639319757210751,-0.37284893666568975,-0.0382667625591839,,,,,,
일원본동,11680720,⑦ 일반,쇠퇴,-0.16495804062608543,-0.03606489417722654,0.8830918563702578,0.6122931442080378,0.3091759517199697,0.2257918617557872,0.7579243883325824,1.0283554719370709,0.192684423178125,0.2067562126907718,0.2259931754962399,0.7772511848341233,0.2303217058842978,0.8230047778824211,0.3500013990195525,-0.004529844128510596,-0.06508038954983875,-0.12400822352331262,,,,,,
창1동,11320511,⑦ 일반,일반,-0.04170167949536707,-0.014250501383706982,0.2614588696991323,0.5981087470449172,0.2313886527846853,0.2987088805269279,0.3719442167206252,1.1914080821553772,0.2349923269387094,0.3838944272869299,0.2600012985343901,0.6398104265402843,0.3008614309870118,0.4135683822603289,0.3453403473433402,-0.0021525504600838907,-0.04162416553970366,-0.0853390488089501,,,,,,
방화2동,11500640,⑦ 일반,쇠퇴,-0.17439749924372294,-0.04835467715370914,0.9246285005950128,0.5957446808510638,0.2310084959007384,0.2855651737636496,0.4962381129179243,1.0365187218013938,0.225632297152939,0.3736278492083397,0.2156110936842667,0.7701421800947867,0.2844267803158529,0.4797241434464571,0.2349647495136308,0.001138393447796704,0.016513969471467216,-0.019353655829364103,,,,,,
신길7동,11560690,⑦ 일반,쇠퇴,-0.31892485406652993,-0.057874805328672424,0.6022314785736068,0.5862884160756501,0.1954999796907444,0.2816787479293866,0.4493617485878258,1.0813987741609885,0.2177094917508187,0.3961456114489965,0.255721558629267,0.90521327014218,0.3072943513863485,0.6041939022672841,0.3400579184265117,-0.0256156034569619,-0.1548321536794583,-0.08433635979724469,,,,,,
방학3동,11320710,⑦ 일반,일반,-0.06061981109878667,-0.014488028413610755,0.2775130838832283,0.5815602836879432,0.1872964865203523,0.3164070650691148,0.4293289876515485,1.1089062647079546,0.2641121866262461,0.3312175526987578,0.1539933734921495,0.6421800947867299,0.3191030488843039,0.4221827091520356,0.2305727656533997,-0.002695983815189096,0.007146278499512881,-0.0765793921612502,,,,,,
등촌2동,11500530,⑦ 일반,쇠퇴,-0.20042463558647894,-0.008406440119659847,0.002525997756123372,0.5791962174940898,0.1776947313562599,0.2700581220075834,0.4126254216281295,1.2182786683004234,0.2035916250495597,0.3703585052223477,0.2443460415499445,0.7796208530805687,0.3036375394730131,0.4816149625335622,0.3001049555555161,-0.033579417465429695,-0.06898954090543269,-0.05575891400557159,,,,,,
신사동,11680510,⑦ 일반,일반,-0.0013669008324649345,-0.006419952270511897,0.04843463497669682,0.5768321513002365,0.169700250132506,0.2871443275522009,0.3976068045040782,1.2224531828443266,0.2239230957008292,0.3511005978846435,0.3873398378568771,0.5781990521327014,0.3063171218341785,0.3666254265424465,0.4885086497371846,-0.0191727942819776,0.030981377961631695,-0.10116881188030752,64.45,74.5,15.5934833204034,11.85,11.2,-0.6500000000000004
답십리2동,11230610,⑦ 일반,쇠퇴,-0.1601178671865371,-0.013583857125250683,0.03561612737736546,0.5697399527186762,0.1366711947876666,0.2866537914879891,0.4360290492803998,1.1294472554515358,0.2262379324978546,0.3606641269768257,0.2097954249240213,0.7298578199052133,0.2966865013687575,0.4792998067030967,0.2507739888871771,-0.010032709880768431,-0.04327075742269687,-0.0409785639631558,,,,,,
숭인1동,11110700,⑦ 일반,쇠퇴,-0.22172363954152796,-0.07176789575700536,0.7207823192567535,0.5673758865248227,0.134511309928914,0.3125426922633577,0.3805012271028413,1.1653288500967516,0.2568421680923261,0.3456489156386932,0.2368101298081495,0.7890995260663507,0.306059845190655,0.491712589968829,0.3647785341180459,0.006482847072702691,-0.1112113628659877,-0.1279684043098964,,,,,,
방이1동,11710561,⑦ 일반,쇠퇴,-0.2880463401790416,-0.09637995361500457,0.7911806030738092,0.5555555555555556,0.0909032145578883,0.3035294135593971,0.377258820648813,1.079882074151739,0.2362469035520381,0.4187235782055447,0.1949850043367723,0.8436018957345972,0.3244672458733637,0.4451024476272902,0.2237087368963389,-0.020937832313966565,-0.06784362697847718,-0.028723732559566617,,,,,,
이촌1동,11170630,⑦ 일반,일반,-0.010767145081957974,-0.013028133508117358,0.06390160247749932,0.5437352245862884,0.0550299756918849,0.2857392023306953,0.4369181189059086,1.1219851609208225,0.225686355813135,0.3529966812998,0.143273118718419,0.5545023696682464,0.289038060564159,0.4035025149016356,0.1912220801293065,-0.0032988582334637084,0.033415604004273014,-0.0479489614108875,,,,,,
이문2동,11230750,⑦ 일반,일반,-0.14582703102416728,-0.04405902322611005,0.8862651331422854,0.5390070921985816,0.0498390987665386,0.3100748887582316,0.3766747632397605,1.0725781862953705,0.248211146086165,0.4002849636378718,0.2138731598571833,0.6848341232227488,0.3469134692379477,0.3258773289652424,0.2634571478006668,-0.03683858047971611,0.050797434274518105,-0.04958398794348351,,,,,,
수유2동,11305625,⑦ 일반,쇠퇴,-0.2003181965872296,-0.0537752232417958,0.9212668183315017,0.5342789598108747,0.0475829249394193,0.284995442817633,0.3773435612993201,1.202919683467797,0.2256743639481332,0.3595299420416636,0.1711490571722851,0.7345971563981043,0.3131648802571768,0.4002423251499433,0.2414944012941016,-0.02816943743954381,-0.02289876385062317,-0.0703453441218165,,,,,,
홍제2동,11410655,⑦ 일반,쇠퇴,-0.18371931475692693,-0.03508901661568799,0.47616941513330907,0.5295508274231678,0.0269323507930837,0.3127084567039033,0.2897038229770401,1.148336500141737,0.2422221752294005,0.4400016336531127,0.3008441216677676,0.7132701421800948,0.2910394433522099,0.4450833821622797,0.2875607126324372,0.02166901335169341,-0.1553795591852396,0.013283409035330374,,,,,,
개봉3동,11530760,⑦ 일반,일반,-0.13395067952897943,-0.05208564418002757,0.5059517241260898,0.5271867612293144,0.0251808234067367,0.3042763902809066,0.281589256733801,1.2889775611279315,0.2400240279708917,0.3723531296843504,0.1635292145188777,0.6611374407582938,0.3109487799743006,0.3851104051075381,0.2460557131123752,-0.00667238969339401,-0.1035211483737371,-0.0825264985934975,,,,,,
천호2동,11740610,⑦ 일반,일반,-0.1102483950119324,-0.014721073801440854,0.025038862836772965,0.524822695035461,0.0184600031308122,0.2845320734000809,0.4341024387472211,1.1781137639477013,0.2334370391995207,0.3081493015123785,0.2423390409075422,0.6350710900473934,0.3149712552147377,0.4276212234301072,0.3160167784930234,-0.03043918181465677,0.006481215317113875,-0.07367773758548118,,,,,,
신대방2동,11590680,⑦ 일반,일반,-0.09601357937548316,-0.01896630925571129,0.41800225139368585,0.5177304964539007,-0.0288733756455805,0.2404439339180172,0.6179317841763606,0.9845579151268512,0.1912563883839625,0.3069831666259013,0.2943300351561214,0.6137440758293838,0.2672169183490736,0.5451985281723959,0.3647290749416038,-0.026772984431056385,0.07273325600396474,-0.0703990397854824,,,,,,
쌍문2동,11320670,⑦ 일반,일반,-0.02254826168308066,-0.0075829383886255935,0.05630738704963475,0.5153664302600472,-0.0403318597933956,0.3128626832228494,0.3033841542095692,1.229272509855445,0.2569138783222048,0.3526563172255507,0.1907184897976084,0.5379146919431279,0.3076383238507634,0.2839871267178481,0.2484708900575332,0.005224359372085985,0.01939702749172112,-0.05775240025992481,,,,,,
노량진1동,11590510,⑦ 일반,쇠퇴,-0.24528587274377334,-0.06111391213740716,0.7038040274721954,0.5106382978723404,-0.0566549910314835,0.4137577784605477,0.0717331366351573,1.3414388416160865,0.3598147112133595,0.3449857078133945,0.2444476048377279,0.7559241706161137,0.4740474253139192,0.0862574222032896,0.3192342060368545,-0.060289646853371515,-0.014524285568132289,-0.07478660119912658,48.5,46.3,-4.53608247422681,5.2,10.8,5.6000000000000005
고덕1동,11740550,⑦ 일반,일반,-0.11492050687371858,-0.008563297592237801,0.01021883664560916,0.4964539007092198,-0.0901963802085127,0.2694154136755635,0.4127039512573981,1.0297463692712998,0.19523397913752,0.4475935372551552,0.1740776890260398,0.6113744075829384,0.2933181316371921,0.3691979356264904,0.2182101352389152,-0.023902717961628628,0.043506015630907724,-0.044132446212875404,,,,,,
정릉4동,11290650,⑦ 일반,일반,-0.017758506716861022,-0.005679360917840293,0.09722813130735265,0.4940898345153664,-0.0959403203351191,0.3253108798095109,0.3234515043830934,1.137980227761744,0.268031237307522,0.3615727712909261,0.1833052720610453,0.5118483412322274,0.3363605880730319,0.2780966019813699,0.2256283192585615,-0.011049708263520974,0.04535490240172352,-0.0423230471975162,,,,,,
인수동,11305660,⑦ 일반,일반,-0.09357668649793294,-0.0314812947463951,0.42401048831230453,0.4893617021276595,-0.1066666667399908,0.2778151286330942,0.3725777089087735,1.2102201681002536,0.2167557882338478,0.3501105968881478,0.1913697753428105,0.5829383886255924,0.3008785397617982,0.3614006406888763,0.2496636195079344,-0.02306341112870397,0.011177068219897224,-0.0582938441651239,,,,,,
가리봉동,11530595,⑦ 일반,일반,-0.05565079044962079,-0.011839377948080189,0.22022962041874009,0.4846335697399527,-0.116003768016575,0.3372430956093762,0.2452795886620165,1.111305541683876,0.2700834360229409,0.4390724578595776,0.2112112352931242,0.5402843601895735,0.3503012413187134,0.2821611664790757,0.2972318720399317,-0.013058145709337166,-0.0368815778170592,-0.08602063674680749,,,,,,
광장동,11215810,⑦ 일반,일반,-0.21440735885628492,-0.016876743638869273,0.04199506766313726,0.4799054373522459,-0.1344594574886018,0.297722395992667,0.4532725116049387,1.0525566768993615,0.2472960023444962,0.3188066847408736,0.1922401778394602,0.6943127962085308,0.3057788512756256,0.4545649814052275,0.2392344353104434,-0.008056455282958619,-0.001292469800288798,-0.04699425747098318,,,,,,
천호1동,11740600,⑦ 일반,일반,-0.2025478135188733,-0.038145496509921245,0.6335653259444117,0.475177304964539,-0.1433693083684084,0.2934131210328653,0.3616793961363552,1.085792850142194,0.2288025534381806,0.4058997236882629,0.1965161682554119,0.6777251184834123,0.303091828947083,0.2954942252119877,0.2752996217812707,-0.009678707914217655,0.06618517092436749,-0.0787834535258588,43.8,46.8,6.849315068493156,5.7,7.4,1.7000000000000002
갈현2동,11380552,⑦ 일반,일반,-0.022447424736423416,-0.00425307832789934,0.09495922443726433,0.4728132387706856,-0.1534071752330099,0.3047827268900364,0.3708261802049293,1.0888142670370378,0.2463283693215164,0.3697769594543338,0.2184603049433717,0.495260663507109,0.3152162759906629,0.3250164385657655,0.2948222724356976,-0.010433549100626494,0.04580974163916379,-0.07636196749232588,,,,,,
우장산동,11500615,⑦ 일반,일반,-0.06745431526111167,-0.023419941066406727,0.3692298003289144,0.4657210401891253,-0.1613208280032176,0.2966390900927605,0.3498084425226604,1.1273519315687597,0.2322820567500924,0.3858191424839605,0.1778897016104917,0.533175355450237,0.2957846659167001,0.3952723508104509,0.2705932459924606,0.0008544241760604088,-0.04546390828779051,-0.0927035443819689,,,,,,
남가좌2동,11410700,⑦ 일반,일반,-0.164599509260193,-0.056796970409958236,0.6473957839132236,0.4609929078014184,-0.1717493094171277,0.2901152440213518,0.4175015822978419,1.0651380185100834,0.2309480488580961,0.3611622868123454,0.2597306494849679,0.6255924170616114,0.3091079019941852,0.4269046556052202,0.3114489641370727,-0.018992657972833393,-0.009403073307378274,-0.0517183146521048,,,,,,
방배본동,11650590,⑦ 일반,일반,-0.06743190705074342,-0.007103402686744437,0.03664937369056361,0.4562647754137116,-0.1758208717552669,0.3161685193994867,0.35929762556644,1.0531581999223352,0.2564484438640524,0.3819179857298466,0.2009405541543518,0.523696682464455,0.29279341317601,0.354687311108505,0.2428915602270944,0.023375106223476716,0.0046103144579350275,-0.0419510060727426,,,,,,
창5동,11320515,⑦ 일반,일반,-0.0081789967844218,-0.01912988919139973,0.16367417714509777,0.4515366430260047,-0.1962767472690444,0.297591878232993,0.3641769325072102,1.1605739414545002,0.2420873320490328,0.3358444968585533,0.2194664842057717,0.4597156398104265,0.287716452182033,0.3184753294244758,0.2793062117861573,0.009875426050959979,0.04570160308273441,-0.05983972758038558,,,,,,
강일동,11740515,⑦ 일반,일반,0.010783951239734302,0.0021567902479468605,0.0037860899442168777,0.4491725768321513,-0.2023544394320607,0.2692810367143393,0.4290101760094317,1.0857652277008345,0.2110940267121056,0.3635507383104272,0.2207330790896554,0.438388625592417,0.2741840232747771,0.4022895586199234,0.2948035883441212,-0.004902986560437805,0.026720617389508317,-0.07407050925446579,,,,,,
시흥4동,11545700,⑦ 일반,일반,-0.024755470404356217,0.001195478023147667,0.002661990390919092,0.4468085106382978,-0.2137405514787307,0.2798429929450796,0.3863961061847684,1.116035045262257,0.2195326912631374,0.3705604086971761,0.2007204500525779,0.471563981042654,0.2994159420532818,0.3685599690896232,0.2388215120569784,-0.01957294910820223,0.0178361370951452,-0.0381010620044005,,,,,,
신월1동,11470560,⑦ 일반,일반,-0.1313849394418115,-0.03195074675361052,0.37863592786871325,0.4444444444444444,-0.2286076959102635,0.3363071669387818,0.2986450846644057,1.1021731231820004,0.2760331097065727,0.3725409496445788,0.1689899975684604,0.5758293838862559,0.3301443906581121,0.2899240247804533,0.2555017494693859,0.006162776280669746,0.008721059883952387,-0.08651175190092553,,,,,,
수궁동,11530790,⑦ 일반,일반,-0.20957838952192087,-0.03482347932282389,0.2104318906697581,0.442080378250591,-0.2322202307161314,0.2763493401828744,0.3569158047349633,1.1215805380203776,0.2066766536711993,0.4090209389366338,0.1879353345781028,0.6516587677725119,0.2935276715832098,0.4091025541412659,0.2596020043119958,-0.017178331400335423,-0.05218674940630258,-0.07166666973389302,,,,,,
면목2동,11260520,⑦ 일반,일반,0.01791536418943901,0.012330117755145493,0.18327280514752317,0.4397163120567376,-0.2328502225156997,0.2982624761485024,0.3298994490086234,1.1496948470450337,0.2369551473461309,0.3739606722633681,0.1720223518725039,0.4218009478672986,0.3086621064228897,0.2920585182053682,0.2452234896867893,-0.01039963027438734,0.03784093080325518,-0.07320113781428542,,,,,,
불광2동,11380530,⑦ 일반,일반,-0.24036727056793616,-0.042636101867724346,0.3281380624018484,0.4349881796690307,-0.2364050639217878,0.3043390267380886,0.3295694031796713,1.1854146470532,0.2477422067850276,0.3386415746344128,0.1762269435009522,0.6753554502369669,0.3106388789000615,0.3781923917514215,0.2392175486241118,-0.006299852161972874,-0.04862298857175018,-0.0629906051231596,,,,,,
사당5동,11590651,⑦ 일반,일반,-0.12661759268596012,-0.04021713555846861,0.20139375921587302,0.4326241134751773,-0.2370574690574266,0.2850685050567595,0.3565909389316073,1.125534745610976,0.2195249045059871,0.3881123661184789,0.2396308433770544,0.5592417061611374,0.2891939331224883,0.3708713162730763,0.2997657328758576,-0.004125428065728798,-0.014280377341468975,-0.06013488949880322,,,,,,
소공동,11140520,⑦ 일반,일반,-0.13609066361915007,-0.002159031068983683,0.0007674399308533826,0.4302600472813239,-0.2479724041696451,0.1935169323949692,0.6472219038757249,0.9987635429674656,0.1367127478992374,0.3195261447084354,0.2222349465864267,0.566350710900474,0.195408882974801,0.6559443105178959,0.3061070206311395,-0.001891950579831797,-0.008722406642171054,-0.08387207404471278,62.4,71.4,14.423076923076938,13.4,20.7,7.299999999999999
북가좌2동,11410720,⑦ 일반,일반,-0.14556373455234006,-0.004999271733163047,0.003769554485175848,0.4278959810874704,-0.2481414327485844,0.2959343112707427,0.329630140339284,1.1564357508601466,0.2330229897653284,0.3738706755709484,0.2702602291311601,0.5734597156398105,0.3216735892441432,0.3480404391145408,0.284404094846819,-0.025739277973400476,-0.018410298775256795,-0.014143865715658899,,,,,,
화곡8동,11500593,⑦ 일반,일반,-0.0862828140230581,-0.01347405689444614,0.07464358325263569,0.4113475177304964,-0.2905320951476731,0.3045087043463603,0.2972916220121043,1.15885916534928,0.2389479482502241,0.386341706928525,0.25309075229701,0.4976303317535545,0.2996116899570983,0.3554885383462794,0.3233182839321954,0.004897014389261989,-0.05819691633417512,-0.07022753163518541,,,,,,
미아동,11305535,⑦ 일반,일반,-0.2000212877998499,-0.0667182055505137,0.7746913077924832,0.408983451536643,-0.3061746293891564,0.2862112493645764,0.4128834862771709,1.0630834597453378,0.2294723449867294,0.3490341119925777,0.1929830149391249,0.6090047393364929,0.3033281440894543,0.3888070870427916,0.2992062048389904,-0.017116894724877874,0.02407639923437932,-0.10622318989986551,,39.2,,,8.7,
정릉2동,11290630,⑦ 일반,일반,-0.02229056726384543,0.002634085128791203,0.00838848026082993,0.4066193853427896,-0.3129538212910465,0.2820105605254922,0.3740779107517482,1.103875679648084,0.2210066874503456,0.3716504302476989,0.1933674446698399,0.428909952606635,0.2627669301606838,0.349495246192507,0.2601295024164282,0.019243630364808417,0.024582664559241185,-0.06676205774658828,,,,,,
화곡4동,11500570,⑦ 일반,일반,-0.19763481339562822,-0.05891230546872375,0.9044793673846219,0.4018912529550827,-0.3347316466413118,0.3222457102510889,0.3235606503453971,1.0797317028335165,0.2632877420526911,0.3659029423697193,0.1908299787215466,0.5995260663507109,0.3430540849746046,0.3110094928996123,0.2651346284939617,-0.02080837472351571,0.012551157445784777,-0.07430464977241508,,,,,,
쌍문1동,11320660,⑦ 일반,일반,-0.08388513551365223,-0.02883376469138293,0.32077368762175873,0.3995271867612293,-0.3353272422885747,0.2945328190325807,0.3559647895176357,1.0790234724774534,0.236744570303239,0.375603635649565,0.2281112390017322,0.4834123222748815,0.3100773852533698,0.319623808896645,0.2688483119331445,-0.015544566220789091,0.036340980620990726,-0.04073707293141232,,47.8,,,13.1,
신길1동,11560630,⑦ 일반,일반,0.2644616987664281,0.06825877001333291,0.5434978325362632,0.3971631205673759,-0.3354361383396603,0.2886235399087829,0.3847034247643828,1.057052589230915,0.2273320238825715,0.3759152227373057,0.233890146122642,0.1327014218009478,0.2528332260530981,0.27543969290746,0.298116196828037,0.03579031385568482,0.10926373185692279,-0.06422605070539497,,,,,,
창3동,11320513,⑦ 일반,일반,-0.20709668022363392,-0.05985905235678353,0.8286397253950422,0.3947990543735225,-0.3410156634501278,0.3102902991305358,0.3292967836907515,1.0525357240723827,0.2475730530675699,0.397373934500653,0.140973977855252,0.6018957345971564,0.3118998475049933,0.377847584662677,0.2101340100869804,-0.0016095483744574812,-0.04855080097192549,-0.0691600322317284,,,,,,
구산동,11380560,⑦ 일반,일반,0.2715819076109487,0.06093576686497934,0.8034186744858565,0.392434988179669,-0.3506698821998149,0.2746687722007896,0.3598038154165637,1.1732187258495086,0.2170092567839604,0.346140214664535,0.2100617762120074,0.1208530805687203,0.2655077591877736,0.3315037467464473,0.2875961499528244,0.009161013013016028,0.02830006867011642,-0.07753437374081701,,,,,,
용답동,11200790,⑦ 일반,일반,0.1294074148768109,0.027772735930444922,0.5691147113809517,0.3900709219858156,-0.3552975078528329,0.2605970628434645,0.4218653206154258,1.09976768364607,0.2016391628390862,0.3534718208040705,0.2326518440459449,0.2606635071090047,0.2760022160412878,0.3213405945032098,0.3122818939943774,-0.015405153197823263,0.10052472611221602,-0.07963004994843248,,,,,,
목4동,11470540,⑦ 일반,일반,-0.25209796869573015,-0.0563297592237796,0.6057202776085072,0.3853427895981087,-0.3700886536403722,0.3296996381627941,0.2615052766696514,1.1012606641445908,0.2665809814814269,0.3986689201418359,0.167162557219896,0.6374407582938388,0.3303468721337834,0.2902759149022689,0.1992687297272076,-0.0006472339709893138,-0.028770638232617496,-0.0321061725073116,,,,,,
성산1동,11440720,⑦ 일반,일반,0.04885550065544014,0.0780926131334521,0.21299995424242443,0.3829787234042553,-0.3778499714884918,0.2675006557734781,0.3563060248817855,1.2589039590407969,0.2123808008626359,0.3045725187305465,0.2717552278551394,0.3341232227488152,0.2691366973481139,0.3094369987795868,0.2602851221630786,-0.001636041574635816,0.046869026102198674,0.011470105692060806,,,,,,
미성동,11620765,⑦ 일반,일반,0.0512307709544777,-0.015994980560877513,0.05891264524716967,0.3806146572104019,-0.3809977778833482,0.2813915396727095,0.3305308788482879,1.1742878206521223,0.2208699232135844,0.3613535354789122,0.1765407270029388,0.3293838862559242,0.2812670062478928,0.3312412224826504,0.2522266047961626,0.00012453342481671958,-0.0007103436343625091,-0.0756858777932238,,,,,,
성산2동,11440730,⑦ 일반,일반,-0.026962679125631717,-0.0023192497731168936,0.0012768132183814435,0.3782505910165484,-0.3973165113055884,0.300128768367543,0.3947476447692494,1.0417271854377803,0.2426878625377783,0.3447382996906522,0.2519636959661663,0.4052132701421801,0.3092055530198299,0.3476080854466987,0.3095483228760666,-0.009076784652286896,0.047139559322550706,-0.057584626909900294,,,,,,
자양1동,11215820,⑦ 일반,일반,-0.08856845148062248,-0.03520778013063987,0.6052705212569569,0.375886524822695,-0.4183491913805954,0.2968207006816488,0.3399642239598756,1.119652289336106,0.239492013666253,0.3513041368287031,0.2289425120564711,0.4644549763033175,0.2900835327708814,0.350000216007053,0.2797806296361064,0.006737167910767394,-0.010035992047177422,-0.0508381175796353,,,,,,
시흥5동,11545710,⑦ 일반,일반,0.025181226401353507,-0.011275811457317948,0.039351289028258137,0.3735224586288416,-0.4579854462499241,0.3005184693057931,0.3316186929597616,1.1112446155211737,0.2430571991612557,0.3524624546403689,0.1752042782208631,0.3483412322274881,0.3098692274563808,0.27964623922292,0.2208373971335556,-0.009350758150587668,0.05197245373684162,-0.045633118912692505,,,,,,
목3동,11470530,⑦ 일반,일반,0.020447491961054498,-0.0091492722933683,0.053117765300884405,0.3711583924349881,-0.4584616970687497,0.3213199441844651,0.2831183881633758,1.156129320503475,0.2665711309815931,0.3366584897944505,0.2285862580911473,0.3507109004739336,0.3408020746081088,0.229030698423792,0.2821785568009811,-0.019482130423643718,0.054087689739583805,-0.053592298709833786,,,,,,
신길3동,11560650,⑦ 일반,일반,-0.18333837518066626,-0.02437453082809542,0.058020408699258154,0.3687943262411347,-0.4633973133882265,0.3127344951528763,0.2844856481001854,1.1647026927140969,0.256909771061979,0.3437820321243175,0.1910485218414589,0.5521327014218009,0.3272205465720663,0.2977987098740385,0.2648706475630134,-0.01448605141918996,-0.013313061773853108,-0.07382212572155447,,,,,,
홍은2동,11410685,⑦ 일반,일반,-0.3349859388479938,-0.08260002464903139,0.9710227387365048,0.3640661938534279,-0.4726758980561369,0.2868412311677971,0.4264886827495408,0.956640545554359,0.2303953965822861,0.3704963421413307,0.1925522281070352,0.6990521327014217,0.296586631612615,0.4518814716763511,0.2352374537978556,-0.00974540044481792,-0.025392788926810295,-0.042685225690820394,,,,,,
구로4동,11530550,⑦ 일반,일반,0.08208127457900577,0.010033276192396896,0.08390082822244872,0.3617021276595745,-0.4791946251800908,0.3098133632723589,0.3330161862184182,1.1037331221949236,0.2568417313769022,0.3326734203783273,0.1710434122067988,0.2796208530805687,0.2974483894607849,0.3063121262027367,0.2263451098995341,0.012364973811574032,0.02670406001568154,-0.0553016976927353,,,,,,
개포1동,11680660,⑦ 일반,일반,0.1176319003282803,-0.0036603811636583663,0.00031608809409878444,0.359338061465721,-0.4824350976010353,0.2143473722247022,0.5417773338880335,1.0164233569150514,0.1657940070074879,0.3269868608181911,0.190521849024913,0.2417061611374407,0.2344227585484421,0.6224587437362327,0.0393964514250247,-0.020075386323739897,-0.08068140984819916,0.1511253975998883,,,,,,
삼각산동,11305575,⑦ 일반,일반,0.10104982465575385,0.007444007484342258,0.014611289066876068,0.3569739952718676,-0.4919172226825317,0.2932238510457345,0.3053602364995558,1.1401647799923895,0.2286943101242769,0.3751060383397673,0.166689719896907,0.2559241706161137,0.2742449731374565,0.3104259467829794,0.2274056672776342,0.018978877908278013,-0.005065710283423619,-0.06071594738072719,,,,,,
장안2동,11230660,⑦ 일반,일반,-0.0055796443817013874,0.006449082943990692,0.0913674780171164,0.3546099290780142,-0.4975584586776921,0.3213942044865305,0.2943603436904569,1.1029256393987754,0.2667995370972107,0.3501946673847156,0.1750716416990458,0.3601895734597156,0.3165711036156622,0.2721316280071837,0.2273527947647285,0.004823100870868291,0.02222871568327317,-0.052281153065682706,,,,,,
도림동,11560585,⑦ 일반,일반,0.08447895308841158,0.017132197237067666,0.0635427021341158,0.3498817966903073,-0.5191847923259174,0.269267248081402,0.292687182531176,1.227223444322266,0.2025663507804808,0.3714604684871376,0.1936617327069053,0.2654028436018957,0.2810612371471506,0.2776029596571622,0.2672767433997518,-0.011793989065748578,0.015084222874013786,-0.07361501069284654,,,,,,
서초4동,11650531,⑦ 일반,일반,0.039460858458539194,0.02491344828745253,0.21774970408499889,0.3475177304964539,-0.529179833371147,0.2623087283701904,0.3632132939162684,1.2180065046919384,0.2060086336610404,0.3083130015785015,0.430556839599123,0.3080568720379147,0.2611627054658001,0.3342424066991388,0.4703565821937034,0.0011460229043903092,0.028970887217129593,-0.03979974259458041,25.4,36.9,45.27559055118111,3.6,3.8,0.19999999999999973
잠실3동,11710680,⑦ 일반,일반,0.02050911453956722,0.0038654162885280955,0.011826060484151484,0.3451536643026004,-0.5339649268318066,0.3411052253419649,0.234336976722406,1.1621146493138066,0.2894134934001621,0.3326970957367954,0.2990097059719638,0.3246445497630332,0.3288365949189049,0.2664187240166241,0.3059614511577194,0.012268630423060034,-0.03208174729421809,-0.006951745185755587,37.1,37.6,1.3477088948786964,10.1,15.0,4.9
등촌1동,11500520,⑦ 일반,일반,0.0844957592461878,0.022336504095100438,0.48970604610772983,0.342789598108747,-0.5400245975942822,0.2417391158299987,0.445486086996605,1.1337953605503688,0.1875725775116583,0.3073216464405676,0.2858778440240941,0.2582938388625592,0.2415853716182452,0.4011537285116272,0.2944361279241333,0.00015374421175351483,0.04433235848497785,-0.00855828390003921,,,,,,
전농2동,11230570,⑦ 일반,일반,-0.03635171926994052,-0.020981927778337996,0.2053369832962429,0.3404255319148936,-0.5420156246284654,0.2717559790231931,0.334779797944969,1.1548423068783176,0.2103723985088874,0.36006308934464,0.1884357012212902,0.3767772511848341,0.2784759237959472,0.3625222649851205,0.263539104292165,-0.006719944772754116,-0.02774246704015154,-0.07510340307087479,,,,,,
명일2동,11740540,⑦ 일반,일반,-0.2425072546581068,-0.04826504431223602,0.44427748177930415,0.3380614657210402,-0.553779641180166,0.3044939143767635,0.2643945507967472,1.110380588628466,0.2393639495179757,0.4033543808281086,0.1477897140362681,0.580568720379147,0.3222115462992022,0.3625861079737874,0.2077811446907864,-0.017717631922438692,-0.0981915571770402,-0.05999143065451831,,,,,,
시흥1동,11545670,⑦ 일반,일반,-0.2353926478661782,-0.0567712009680347,0.5760356357853907,0.3356973995271867,-0.5739063580356485,0.2900785916124042,0.3291165835467259,1.1366700904604288,0.2330011561762067,0.3382075924116825,0.1673802115086042,0.5710900473933649,0.3101842141000734,0.3571303438766012,0.2556217871174961,-0.020105622487669228,-0.028013760329875292,-0.08824157560889193,,,,,,
오류2동,11530780,⑦ 일반,일반,-0.08609794628751977,-0.03660493204710206,0.5031921866166055,0.3333333333333333,-0.5771673094234087,0.2827712222162945,0.3158442178979914,1.1385988710417434,0.223348638282793,0.3620751691071367,0.1828135167423216,0.4194312796208531,0.3063452494091514,0.2715220672753997,0.2585852003064026,-0.023574027192856895,0.044322150622591705,-0.07577168356408098,,,,,,
길음2동,11290685,⑦ 일반,일반,-0.0647653300169182,-0.031629188934825726,0.3403345750911408,0.3309692671394799,-0.6060071544768959,0.3106209855596318,0.3086472552827844,1.120796233235588,0.2594425780799638,0.3226111753545184,0.1907679690366371,0.3957345971563981,0.2999933758653094,0.3283061494887305,0.2106119941843037,0.010627609694322415,-0.019658894205946076,-0.019844025147666616,,,,,,
양평1동,11560610,⑦ 일반,일반,-0.06475972796432622,0.0007596383314846356,0.00014895016708920756,0.3286052009456264,-0.6149836171077014,0.2553015397917526,0.3997710114375834,1.1037285302453184,0.1978956544993492,0.3384956971076161,0.2710722960865985,0.3933649289099526,0.2032021436989805,0.3189345773243744,0.2396733739336413,0.05209939609277209,0.08083643411320901,0.0313989221529572,,,,,,
광희동,11140590,⑦ 일반,일반,0.09875298309300537,0.015968090708435592,0.3262580858618811,0.3262411347517731,-0.617386094634942,0.2904970656885049,0.3278298099040466,1.2032411377518557,0.239701007012053,0.286752809180295,0.2707403825446098,0.2274881516587677,0.2869287147679232,0.2921047163376645,0.3258265145545456,0.00356835092058172,0.03572509356638209,-0.055086132009935784,,,,,,
중곡3동,11215760,⑦ 일반,일반,-0.2401039740961089,-0.06055034564664496,0.6909084696547808,0.3238770685579196,-0.6212815172781825,0.2927107776426686,0.4267520296294906,0.940419228486606,0.2403111330259914,0.3436224515442785,0.2653526031474779,0.5639810426540285,0.2872863624147581,0.460228188920183,0.324339051894963,0.0054244152279105395,-0.03347615929069242,-0.0589864487474851,,,,,,
공항동,11500620,⑦ 일반,일반,-0.1784869976359338,-0.03900709219858157,0.3132262592328401,0.3215130023640662,-0.643663923548095,0.2535614339768695,0.4059477254774444,1.1367386210068653,0.2004456578968847,0.3070732772780971,0.2241839116116547,0.5,0.2609549322672744,0.4027230385818743,0.2883056140920608,-0.007393498290404921,0.0032246868955700947,-0.06412170248040608,,,,,,
이촌2동,11170640,⑦ 일반,일반,0.14142381768680048,0.03774102831277381,0.23451910865123005,0.3191489361702128,-0.6543999607762743,0.1751379600952653,0.1397041018528844,1.954242759873187,0.1190209778227967,0.2038496585828711,0.1368552245823387,0.1777251184834123,0.31674450009268,0.2661941351423634,0.3174021911964721,-0.1416065399974147,-0.126490033289479,-0.18054696661413341,,,,,,
잠원동,11650540,⑦ 일반,일반,0.0987753913033736,0.029211343036088428,0.6373647183205371,0.3167848699763593,-0.6571081203389088,0.2193407194726056,0.4117438591171805,1.1950953704929057,0.1569932163860024,0.3297558352666789,0.2536758375069762,0.2180094786729857,0.2216682343820745,0.3855071582487713,0.3253773984157283,-0.002327514909468892,0.02623670086840918,-0.07170156090875213,,,,,,
논현1동,11680521,⑦ 일반,일반,0.15565303127065763,0.024511220911341933,0.26192797104287796,0.3144208037825059,-0.6575091339728784,0.2656833342668282,0.3286823977834051,1.2218907196400228,0.2075552953069748,0.3157273466714491,0.3755198083185737,0.1587677725118483,0.2864750973632969,0.2364742793546369,0.3853015727792664,-0.020791763096468685,0.09220811842876817,-0.009781764460692732,47.6,53.7,12.815126050420167,13.4,14.2,0.7999999999999989
신정2동,11470630,⑦ 일반,일반,-0.06945985008907263,-0.014837596495355898,0.5833589686737083,0.3120567375886525,-0.6673373171747372,0.2901001461296611,0.2830557770456391,1.1051252240709522,0.2273400825420811,0.3906138654988769,0.1446084963340597,0.3815165876777251,0.3027570411202669,0.2714339893241883,0.1595701896823939,-0.012656894990605794,0.011621787721450838,-0.014961693348334193,,,,,,
상도3동,11590550,⑦ 일반,일반,-0.16660504408815385,-0.04655977950320997,0.6285634365763755,0.3073286052009456,-0.6849839842533313,0.2996311425019343,0.2703529873996761,1.189083155818592,0.2439314059580898,0.3292111758890105,0.1935024298448234,0.4739336492890995,0.2944880509724181,0.2829364353860134,0.237538768329291,0.005143091529516197,-0.01258344798633726,-0.044036338484467585,,,,,,
신내2동,11260690,⑦ 일반,일반,-0.1713387785284528,-0.05365309849528868,0.7705273539182018,0.3049645390070922,-0.6862638640665757,0.2915441067064973,0.2275258310648881,1.1940275119410406,0.2274642179001795,0.3873466862853589,0.1890885852466234,0.476303317535545,0.313146682866731,0.2816124706426332,0.2521728975780105,-0.0216025761602337,-0.054086639577745066,-0.06308431233138709,,,,,,
망원2동,11440700,⑦ 일반,일반,-0.0955037925896049,-0.04037735426260184,0.370270012940574,0.3026004728132387,-0.6905441004169404,0.2989364484272855,0.3227829000001549,1.0761691557528434,0.2436998791938956,0.345071539754303,0.265187091106176,0.3981042654028436,0.3080622067036335,0.3133282953906087,0.3144047972503051,-0.009125758276347984,0.009454604609546224,-0.049217706144129125,,,,,,
상도2동,11590540,⑦ 일반,일반,-0.21398160285928775,-0.048233672817720445,0.8201404648736454,0.3002364066193853,-0.705575200097083,0.2824451623470249,0.3326550757570054,1.0696339163497088,0.2234830158831251,0.3666593497989305,0.2205852780502699,0.514218009478673,0.2881172105399725,0.3229911922520255,0.2953359967018633,-0.005672048192947643,0.009663883504979931,-0.07475071865159338,,,,,,
개포4동,11680690,⑦ 일반,일반,0.0869718664918826,0.01242983429128432,0.10910308812847645,0.2978723404255319,-0.7255405115926505,0.262819885073183,0.3416830229638782,1.1173824689068166,0.2022027682598295,0.3598203373300952,0.1820487283340642,0.2109004739336493,0.253747680068179,0.3779276393835292,0.1979875518426443,0.009072205005003997,-0.03624461641965099,-0.015938823508580086,,,,,,
정릉1동,11290620,⑦ 일반,일반,-0.05994196273514618,-0.023335910277525698,0.12978269398426412,0.2955082742316784,-0.7311690375032587,0.2681287515960325,0.3684594974162339,1.0131293284750014,0.2043016731930798,0.3900784677842725,0.2069336894442993,0.3554502369668246,0.2677541398338806,0.3429627930270796,0.2424286295567965,0.0003746117621519218,0.0254967043891543,-0.03549494011249721,,,,,,
개봉1동,11530740,⑦ 일반,일반,-0.06941503366833612,-0.007972841249033653,0.02395158122831403,0.293144208037825,-0.7477723702664562,0.3208927858136427,0.2886689715181515,0.9906362734042676,0.2597556733385261,0.391079608507846,0.1854873825621716,0.3625592417061611,0.3126901422781174,0.2615156074800839,0.2194549472352489,0.0082026435355253,0.027153364038067618,-0.033967564673077294,,,,,,
신길4동,11560660,⑦ 일반,일반,0.0917280091425498,0.033948438707942584,0.2896223410100288,0.2907801418439716,-0.7502001353630514,0.2763898588317836,0.3435200135890098,1.128057925135045,0.222738064030683,0.3194846777395363,0.2347608791661762,0.1990521327014218,0.2686437958954598,0.450042814719168,0.2216869549319657,0.007746062936323794,-0.10652280113015822,0.013073924234210499,,,,,,
송파2동,11710590,⑦ 일반,일반,0.020643563801776954,0.01500341725208116,0.05810621640390574,0.2884160756501182,-0.7542638313897013,0.2828085049086485,0.2820417622229725,1.1680272018336555,0.2200459211590653,0.3546141760411492,0.1758340513682657,0.2677725118483412,0.2863740915169889,0.2327745776405951,0.2314845654442028,-0.0035655866083403875,0.049267184582377416,-0.0556505140759371,,,,,,
송천동,11305555,⑦ 일반,일반,-0.09783424646790578,-0.006800891846772645,0.03385183415955295,0.2860520094562648,-0.7629395703069699,0.2836787845244916,0.298902499092586,1.1468537040549054,0.2243406914997806,0.3441347054099364,0.1788294533252327,0.3838862559241706,0.3077674765791744,0.2921453098786819,0.2364990201034133,-0.024088692054682836,0.006757189213904058,-0.05766956677818061,,,,,,
잠실2동,11710670,⑦ 일반,일반,0.10833249302544451,0.04979888631194469,0.37598844848151974,0.2836879432624113,-0.7684077978533645,0.3036992457189456,0.1725112073450405,1.3110200336599134,0.2463214409795038,0.3322875876231985,0.2079148282908345,0.1753554502369668,0.2754672322023357,0.1658423762561369,0.2409831294602253,0.028232013516609866,0.006668831088903593,-0.0330683011693908,,,,,,
종로5·6가동,11110630,⑦ 일반,일반,0.19601582019651997,0.06662633188800376,0.7196256141581125,0.2813238770685579,-0.7740567866688195,0.2670053665255565,0.4052075921544299,1.1266486116990706,0.2229863270411915,0.2623322158149066,0.2131566326172083,0.0853080568720379,0.2297536331038188,0.3257279392474589,0.2059034903640101,0.03725173342173771,0.07947965290697101,0.007253142253198203,,,,,,
청림동,11620545,⑦ 일반,일반,0.001708626040581307,-0.01289704547746294,0.06892965796291474,0.2789598108747045,-0.7933288420357478,0.2828909811445221,0.2353183899697644,1.141828215517701,0.2136868904419289,0.4134984066109349,0.1893868312899332,0.2772511848341232,0.2546676742388653,0.3328930427867855,0.34436622815732,0.028223306905656775,-0.0975746528170211,-0.1549793968673868,,,,,,
암사3동,11740590,⑦ 일반,일반,-0.22814359181203997,-0.04633793822056403,0.3106614672792417,0.2765957446808511,-0.7984315758950034,0.2701308207757573,0.2432659481039148,1.2913478196377035,0.2125431947259085,0.3248666314033923,0.1719597364037432,0.504739336492891,0.3051288002558882,0.3214014940033677,0.2572000794478597,-0.03499797948013089,-0.0781355458994529,-0.08524034304411651,,,,,,
장지동,11710646,⑦ 일반,일반,-0.04804320302959009,-0.02473866424657995,0.2788515711493109,0.2742316784869976,-0.8034995459735732,0.2703070365084618,0.2923102422373898,1.1448143301839706,0.2085477118697734,0.3676950059793592,0.1890120413195882,0.3222748815165877,0.2773185716998337,0.2874282631822196,0.2661833975612316,-0.0070115351913719315,0.0048819790551701825,-0.0771713562416434,,,,,,
풍납1동,11710510,⑦ 일반,일반,0.0017254321983575238,-0.004146639328650004,0.012071308919918396,0.2718676122931442,-0.8065648105134102,0.2911657606111874,0.2949421196477831,1.1115274773980266,0.2327047965199753,0.3488911877670465,0.1220437633338881,0.2701421800947867,0.2751951066794427,0.3373099955979098,0.2006378737169731,0.015970653931744683,-0.0423678759501267,-0.07859411038308499,,,,,,
답십리1동,11230600,⑦ 일반,일반,-0.1996907666969177,-0.03426439447413531,0.48017219142237183,0.2695035460992908,-0.8109541885250036,0.2482794016384501,0.425888202836265,1.142816365506527,0.2049452226516032,0.2556415950167257,0.173044199006695,0.4691943127962085,0.2538456450660124,0.3947607529170454,0.2301669386190229,-0.005566243427562317,0.03112744991921962,-0.057122739612327916,,,,,,
신월3동,11470580,⑦ 일반,일반,-0.3181685769666006,-0.06339730877393478,0.5789439458192944,0.2671394799054373,-0.8161314863022263,0.2673313798499047,0.372282088657879,1.072428935896662,0.2161975470052578,0.3247570229504416,0.2042697522258704,0.5853080568720379,0.3012215412405871,0.4218186237540181,0.2964049378452982,-0.033890161390682405,-0.04953653509613909,-0.0921351856194278,,,,,,
서초1동,11650510,⑦ 일반,일반,0.07283228574949863,0.021185842492689323,0.477228346909614,0.2647754137115839,-0.8223883749749943,0.213138434790307,0.4840290518286973,1.0617344557933457,0.1569336853946652,0.3161650329178521,0.2204868926705341,0.1919431279620853,0.21456180484658,0.4010074978883139,0.2892362672195918,-0.0014233700562729934,0.08302155394038341,-0.06874937454905769,,,,,,
양평2동,11560620,⑦ 일반,일반,0.2197573190817116,0.04395146381634232,0.4122542842026343,0.2624113475177305,-0.8335143769426854,0.2115413418116198,0.4751137371991623,1.0577673471887226,0.1608946815869965,0.3189259262846005,0.2560499440409562,0.0426540284360189,0.1174301102376616,0.2128961275105235,0.1285235811880808,0.09411123157395819,0.2622176096886388,0.1275263628528754,,,,,,
중곡1동,11215740,⑦ 일반,일반,-0.10962096512162062,-0.024524665837562902,0.5834538681101913,0.260047281323877,-0.8364472219632105,0.3081086568373347,0.2819987563176072,1.0720078408188962,0.2522033458266887,0.349961421402841,0.2413674283827978,0.3696682464454976,0.3498386515911825,0.2515511607941133,0.2662787920294152,-0.04172999475384781,0.030447595523493853,-0.02491136364661739,,,,,,
녹번동,11380510,⑦ 일반,일반,-0.40819356212116126,-0.08069308594669089,0.4516624168553709,0.2576832151300236,-0.8450761792679214,0.2490827142149492,0.3772513111438298,1.1621132002609071,0.19865425254687,0.2917034173711463,0.1432051251024317,0.6658767772511849,0.2822071631213358,0.4431350959173802,0.2435089487203892,-0.033124448906386605,-0.06588378477355039,-0.1003038236179575,,,,,,
행당2동,11200570,⑦ 일반,일반,0.0989210446707674,-0.002438013288068747,0.00033082378541914227,0.2553191489361702,-0.8554068834933213,0.2757966921443676,0.3010598250256676,1.1000743489533946,0.2172957304276582,0.3647524144892063,0.2026653605250128,0.1563981042654028,0.2920858692663013,0.163458835916506,0.2243872925751732,-0.01628917712193373,0.13760098910916158,-0.021721932050160403,,,,,,
응암2동,11380590,⑦ 일반,일반,-0.1617368603856454,-0.02714642645065154,0.17532382101204214,0.2529550827423167,-0.8575153628592921,0.3110487277065515,0.2299928569378535,1.1348975111183564,0.2515666378763724,0.3587386649682998,0.156299858071309,0.4146919431279621,0.2882894252608771,0.3721997038928978,0.2646261623300216,0.022759302445674423,-0.1422068469550443,-0.10832630425871262,,,,,,
중계본동,11350619,⑦ 일반,일반,-0.04324784601077841,-0.006758316247072943,0.2314500464019355,0.2505910165484633,-0.8761401155031927,0.3040051964329894,0.2206178043231738,1.1047974585236795,0.2410869615533459,0.3958292491786606,0.1079600328218096,0.2938388625592417,0.30931532406497,0.2487161231964839,0.1386960781129546,-0.005310127631980577,-0.028098318873310102,-0.030736045291144987,,,,,,
금호4가동,11200620,⑦ 일반,일반,-0.09063560888709621,-0.022618847545740766,0.24750862409733435,0.2482269503546099,-0.882079042883358,0.2672606652012987,0.2939393985070471,1.2129979897980976,0.2142108358947304,0.3091984983826711,0.2217021483851046,0.3388625592417061,0.2871501839023472,0.3268292555905291,0.3038460860568853,-0.019889518701048492,-0.03288985708348202,-0.08214393767178069,,,,,,
구로3동,11530540,⑦ 일반,일반,-0.1261750305311866,-0.024289379628695942,0.14566107612191523,0.2458628841607565,-0.9011223964514062,0.2076699892659726,0.5212522991204441,0.9279491286872664,0.1438624698338782,0.3646217526619248,0.3763601358143476,0.3720379146919431,0.2202386039481197,0.48768212300513,0.4299024964284996,-0.012568614682147095,0.033570176115314154,-0.05354236061415202,49.2,47.4,-3.658536585365857,6.4,5.2,-1.2000000000000002
상도1동,11590530,⑦ 일반,일반,-0.1972594758719595,-0.021957805339876527,0.0843968083689782,0.243498817966903,-0.9011656486857952,0.2703887971039465,0.3745492767311618,1.002210916875984,0.2156186104862547,0.3500771187785981,0.2623519872328269,0.4407582938388625,0.2702514434741478,0.4065804373396414,0.3343137787712766,0.0001373536297986644,-0.0320311606084796,-0.07196179153844973,,,,,,
신월2동,11470570,⑦ 일반,일반,0.025494941346509314,-0.007666969177506644,0.020370074553700605,0.2411347517730496,-0.9023022015500444,0.2976341639659319,0.2484123281484509,1.1481340433912957,0.2395339990639497,0.3459474198317972,0.1359764142969564,0.2156398104265403,0.3125927620723054,0.1666169177217195,0.1945159309104933,-0.01495859810637351,0.08179541042673141,-0.0585395166135369,,,,,,
구의3동,11215870,⑦ 일반,일반,0.0965905907924664,0.027355943217594932,0.8611905350534641,0.2387706855791962,-0.9119242082594788,0.3298322334577181,0.2183185245312263,1.0952467154738217,0.272438276809862,0.353267864012931,0.2100296939477097,0.1421800947867298,0.3365313821945426,0.1513235281357769,0.2628958083957373,-0.006699148736824478,0.0669949963954494,-0.05286611444802758,,,,,,
종로1·2·3·4가동,11110615,⑦ 일반,일반,0.1297771503478875,0.0408490470908541,0.7736041847694488,0.2340425531914893,-0.9568371491844992,0.2406297897630913,0.3967154644352673,1.088020433736783,0.1850802504566147,0.3187327624625424,0.3042381663852661,0.1042654028436018,0.217620512980717,0.3199075286580972,0.3023577136237021,0.0230092767823743,0.0768079357771701,0.0018804527615639555,73.1,79.5,8.755129958960328,10.7,6.3,-4.3999999999999995
수유1동,11305615,⑦ 일반,일반,-0.0526817025758238,-0.017628539096725043,0.3475176519246834,0.2316784869976359,-0.9661583169419414,0.3220073845415855,0.24778508584615,1.1961292433491866,0.280357717044139,0.2525918813286753,0.1302224958892948,0.2843601895734597,0.3140391684560089,0.2639809167481275,0.1914884057911545,0.00796821608557663,-0.016195830901977515,-0.061265909901859705,49.6,53.0,6.854838709677424,3.9,16.8,12.9
반포4동,11650581,⑦ 일반,일반,-0.183007854077734,-0.05244081431436477,0.9273699161474914,0.2293144208037825,-0.97084180226841,0.2547799009085489,0.323595823116151,1.0875430906293206,0.1936572887586525,0.3689111709126565,0.1511965171679097,0.4123222748815165,0.2753599517775758,0.3945368184109254,0.2243837156335568,-0.020580050869026867,-0.07094099529477443,-0.07318719846564711,,45.8,,,1.9,
송정동,11200720,⑦ 일반,일반,-0.2043292662431516,-0.0616696357545405,0.38548952612581244,0.226950354609929,-0.9999204640824824,0.2355356590803073,0.3916661008943775,1.096046123493379,0.1795544412407086,0.320384584938738,0.2480215596375141,0.4312796208530806,0.2685034256513105,0.4048764513685289,0.2770259998411606,-0.032967766571003226,-0.013210350474151422,-0.02900444020364651,,,,,,
고척2동,11530730,⑦ 일반,일반,-0.1853663182189955,-0.05267610052323173,0.8437132729587725,0.2245862884160756,-1.0009246953625377,0.3062599236947512,0.2592399210435486,1.0970166529970555,0.2541279328537476,0.3296224784532921,0.1551091053795361,0.4099526066350711,0.3184871246268301,0.2839951451821347,0.2127361038411239,-0.012227200932078908,-0.024755224138586107,-0.05762699846158781,,,,,,
번2동,11305603,⑦ 일반,일반,-0.02422327540810948,0.010285368559040043,0.008259522839539296,0.2222222222222222,-1.0204317671864185,0.2503024344610557,0.5329816073066016,0.8639243460063444,0.2007108426563154,0.2914211413875468,0.1496026240352948,0.2464454976303317,0.1835351884007063,0.6615101991710169,0.1457209587557523,0.06676724606034942,-0.12852859186441534,0.0038816652795425066,,,,,,
삼양동,11305534,⑦ 일반,일반,-0.005260327383953406,-0.0024705051931027317,0.005958325504339654,0.2198581560283688,-1.022127774486259,0.288664471243188,0.2079388436254083,1.207832208478909,0.2315711221324745,0.3425427986577852,0.1681808528056682,0.2251184834123222,0.3076967070998773,0.1876017029090076,0.2260705527150904,-0.019032235856689284,0.020337140716400692,-0.05788969990942222,,,,,,
흑석동,11590605,⑦ 일반,일반,0.027920630118875495,-0.00292651227409724,0.014916887117413881,0.2174940898345153,-1.0238669997622374,0.2259017471970652,0.3926069498371367,1.1162854099015278,0.1700273843077512,0.3185038827831266,0.2619425868548902,0.1895734597156398,0.2441426545502217,0.360339371664185,0.2974825194415575,-0.018240907353156477,0.03226757817295167,-0.03553993258666732,,,,,,
삼성동,11620745,⑦ 일반,일반,-0.03605481048256079,-0.021868172498403407,0.38981486155145806,0.2151300236406619,-1.028190000702384,0.2952632867043629,0.2124717178442852,1.2088451662615571,0.2403611229379343,0.3246024621539675,0.1454147395501046,0.2511848341232227,0.3453051730651011,0.1935819750171759,0.1682592341092298,-0.0500418863607382,0.018889742827109313,-0.02284449455912521,,,,,,
용문동,11170590,⑦ 일반,일반,-0.062115559140869164,-0.019278903790348773,0.326475491320939,0.2127659574468085,-1.0327326244706976,0.2898765762191598,0.2079626382333241,1.231609860177976,0.2296900364948289,0.3305432069307454,0.1350069617426478,0.2748815165876777,0.2808765516510895,0.2928122879999948,0.1658737677526525,0.009000024568070308,-0.08484964976667073,-0.030866806010004688,,,,,,
번3동,11305608,⑦ 일반,일반,0.008980090305087701,0.03678419773004828,0.1350204292246495,0.210401891252955,-1.0919839622429726,0.2672079001601211,0.2566292851720893,1.1962841654119931,0.2128689337502813,0.3227569704424113,0.1266281008810182,0.2014218009478673,0.2727011222084505,0.2360009262945712,0.1968530937563135,-0.005493222048329416,0.020628358877518127,-0.0702249928752953,,,,,,
양재1동,11650651,⑦ 일반,일반,-0.27063516072288896,-0.06051001086798205,0.51154440513984,0.2080378250591016,-1.0924465639282046,0.2342416021959415,0.4010474993723611,1.0736604464343964,0.181887633397457,0.3078207522732816,0.2909801589378252,0.4786729857819905,0.2515741679445232,0.3840906145157924,0.3066265803155484,-0.01733256574858169,0.01695688485656871,-0.015646421377723208,,42.2,,,8.4,
신정7동,11470680,⑦ 일반,일반,0.09192968303586439,0.004674352682822999,0.011247030967451716,0.2056737588652482,-1.0927035411502457,0.2842928767818184,0.2641002725383345,1.1078770342792268,0.2286222664947065,0.3424552657037619,0.1408696173551758,0.1137440758293838,0.259066201659006,0.1785751299840414,0.1585532165362321,0.025226675122812403,0.08552514255429311,-0.017683599181056303,,,,,,
방배1동,11650600,⑦ 일반,일반,-0.002851444769363415,-0.0008066955732580234,0.07678746373554719,0.2033096926713948,-1.096498877597366,0.2554114063222201,0.2748905514196922,1.1892336681918405,0.1934656396109955,0.3376274347055063,0.2716403206978786,0.2061611374407582,0.2409593066562765,0.2606393623288327,0.2659729693777425,0.014452099665943602,0.014251189090859484,0.0056673513201360715,,,,,,
신월7동,11470611,⑦ 일반,일반,-0.14502593750350137,-0.05051818986476647,0.5186660222311331,0.2009456264775413,-1.1008872158764054,0.2744124557264712,0.3007103489678353,1.1090718080109043,0.2223471496738544,0.3174317979805048,0.171844159158141,0.3459715639810427,0.2912260080107155,0.3224748462684583,0.2723169649530833,-0.016813552284244304,-0.02176449730062302,-0.10047280579494228,,,,,,
중림동,11140680,⑦ 일반,일반,0.174884877819233,0.05530794483098608,0.65236897955673,0.1985815602836879,-1.102520160173924,0.2475777073473685,0.4208113426597485,1.0181612646866385,0.1989341821195523,0.2953690817994649,0.2069824421589803,0.0236966824644549,0.1802865141503368,0.2990740890442144,0.2425242617846948,0.0672911931970317,0.12173725361553411,-0.03554181962571451,,,,,,
길음1동,11290660,⑦ 일반,일반,-0.12131805093386219,-0.024736423425543132,0.40332999035247863,0.1962174940898345,-1.1246403365064808,0.2993423255583995,0.2396917684555372,0.9951328893118108,0.2375341417796562,0.4088055522072032,0.1545965119060139,0.3175355450236967,0.3102807564315874,0.2627442294795293,0.2262181477775481,-0.01093843087318791,-0.02305246102399211,-0.0716216358715342,,,,,,
오금동,11710570,⑦ 일반,일반,-0.045483064995014116,-0.015243185103021735,0.11180071918555977,0.1938534278959811,-1.1415250155521162,0.2288815744954188,0.2987336831861429,1.2627481209171736,0.1723427173676299,0.2997183157829924,0.1515089089883065,0.2393364928909952,0.2642245800015159,0.2481680606219441,0.1892116287644427,-0.03534300550609709,0.0505656225641988,-0.037702719776136207,,,,,,
목5동,11470550,⑦ 일반,일반,-0.16633054351114251,-0.04603206614903702,0.9038104428845509,0.1914893617021276,-1.142927841765948,0.3175381791374119,0.1544997006153175,1.0629892645040848,0.2505064254251089,0.4249670469770573,0.0846809046186253,0.3578199052132701,0.3357097016140969,0.1745555306769292,0.1236519323123705,-0.01817152247668502,-0.020055830061611685,-0.03897102769374519,,,,,,
면목7동,11260570,⑦ 일반,일반,-0.1260405812689769,-0.02071639048547387,0.3507013118401976,0.1891252955082742,-1.17288834165791,0.270023128108781,0.3195441708529414,1.0883788264445096,0.2155553161804828,0.3116091289212946,0.191719714571504,0.3151658767772511,0.2817717522849743,0.3521321568544829,0.2782443795581178,-0.011748624176193323,-0.0325879860015415,-0.08652466498661382,,,,,,
난곡동,11620775,⑦ 일반,일반,-0.0336179176050104,-0.018307507870883876,0.1971188512823773,0.1867612293144208,-1.2042705952132762,0.2758972487612344,0.2720204743553677,1.1053167965189574,0.2215663477722321,0.3308590213855348,0.2125377458017726,0.2203791469194312,0.2872277103205335,0.27094344632353,0.2872230064774256,-0.011330461559299121,0.001077028031837679,-0.07468526067565301,,,,,,
응봉동,11200580,⑦ 일반,일반,-0.4317165809552621,-0.08114237056457488,0.6109608144482822,0.1843971631205673,-1.2144255293542872,0.2804052462708622,0.241259438117279,0.9557758086004642,0.2126877878508475,0.4516013590989843,0.1697356510426357,0.6161137440758294,0.232613150859986,0.3277158577232503,0.2025409388251882,0.04779209541087623,-0.08645641960597128,-0.03280528778255251,,,,,,
중계1동,11350621,⑦ 일반,일반,-0.34877259027707763,-0.08535735493484815,0.9075425765614121,0.1820330969267139,-1.2241243649287576,0.3085971832354064,0.1841134193313029,1.0198552383343642,0.2469654978056456,0.4161133208405172,0.1072520177057743,0.5308056872037915,0.3317324790576237,0.2546850356486777,0.1608125759183251,-0.023135295822217294,-0.07057161631737482,-0.05356055821255079,,,,,,
월곡1동,11290715,⑦ 일반,일반,-0.11180016357993572,-0.021177999619060424,0.22149400144101022,0.1796690307328605,-1.2393001292994086,0.2722510960286716,0.3212993273792926,1.0687818886273577,0.2232496223004686,0.30032905363782,0.1731112585994712,0.2914691943127962,0.2766547070246353,0.3474791034232504,0.2419332139516206,-0.004403610995963703,-0.02617977604395777,-0.06882195535214938,,,,,,
신정3동,11470640,⑦ 일반,일반,0.05171254747739579,0.007032816824084357,0.1451189203976754,0.1773049645390071,-1.246877399400862,0.2933003633455538,0.2157317148650892,1.0601817929344288,0.2338773276223582,0.3814708069033258,0.2099315252822128,0.1255924170616113,0.2855134977455553,0.1705326308378144,0.2465982208440683,0.007786865599998527,0.04519908402727482,-0.036666695561855506,,,,,,
상계10동,11350720,⑦ 일반,일반,-0.13074630544631557,-0.015274556597537342,0.12038430441296981,0.1749408983451536,-1.247153099447363,0.2926895530301543,0.2521585324989412,1.0140645015371827,0.2367038104765353,0.3708998824430262,0.2596879661229121,0.3056872037914692,0.2815704932425917,0.2416492695511144,0.4072346555320064,0.011119059787562613,0.010509262947826808,-0.14754668940909427,,,,,,
상계9동,11350710,⑦ 일반,일반,0.001960718407224421,0.0025198032559129754,0.020180311083782862,0.1725768321513002,-1.2605886652278688,0.2761519129361326,0.1945256011448027,1.187542720717987,0.2188849223107576,0.3491493018167773,0.1769107441728428,0.1706161137440758,0.2819994313164781,0.1695443326522955,0.209543528406342,-0.005847518380345473,0.024981268492507203,-0.03263278423349919,,,,,,
신정6동,11470670,⑦ 일반,일반,0.0991227185640819,0.02833518201068872,0.9352680558337677,0.1702127659574468,-1.2775606272556648,0.2776885823770483,0.1370539782780132,1.1328728619251205,0.2047981532924162,0.4473892517526103,0.0822533766860637,0.0710900473933649,0.2468276161137862,0.0870120152493979,0.2007349402645836,0.030860966263262096,0.050041963028615286,-0.11848156357851991,,,,,,
마천2동,11710550,⑦ 일반,일반,-0.43878637132645415,-0.09863197875701661,0.9353864538507753,0.1678486997635933,-1.305507712221725,0.2716813809350622,0.3028931357824964,1.0947990900225493,0.2275365881213449,0.286442351425635,0.1218803794662596,0.6066350710900474,0.3113271066948705,0.3638122940328481,0.1914721668425331,-0.03964572575980829,-0.06091915825035171,-0.0695917873762735,,,,,,
종암동,11290705,⑦ 일반,일반,-0.3226670251980326,-0.05885964617435831,0.46136630864706074,0.1654846335697399,-1.3097245064317091,0.2591793132860202,0.3770511917194603,0.9106723401638138,0.2055642838524766,0.3537331085083995,0.1753314697091904,0.4881516587677725,0.2852514348684318,0.4284889564101268,0.2576844373343301,-0.026072121582411623,-0.05143776469066652,-0.08235296762513972,,,,,,
문정2동,11710642,⑦ 일반,일반,0.018570804342711217,0.012934019024570614,0.372056869583178,0.1631205673758865,-1.3444907164147868,0.2200937597127656,0.3752919822652878,1.1328387923107055,0.17045645642537,0.2776319925557246,0.2637413301514149,0.1445497630331753,0.2401309781749089,0.3522110354641747,0.2922927251409856,-0.02003721846214329,0.02308094680111311,-0.02855139498957071,,,,,,
역삼2동,11680650,⑦ 일반,일반,-0.0359259632729432,-0.012386138281066182,0.27927946092066414,0.1607565011820331,-1.356507463496084,0.210877669398746,0.4273574025450503,1.011490699025499,0.1590717736193152,0.3134318789393627,0.2598458009224745,0.1966824644549763,0.2185634605993254,0.3900986323241819,0.33791231119874,-0.0076857912005794116,0.037258770220868376,-0.07806651027626549,,,,,,
양재2동,11650652,⑦ 일반,일반,0.03990902266590479,0.003253672145474099,0.03990385466189328,0.1583924349881796,-1.3650078296126502,0.1940607321731542,0.4794078968829492,1.0314708067778586,0.1472852583430408,0.2722972867483073,0.2011391902548606,0.1184834123222748,0.1867116702568441,0.4334386512350154,0.2545197472712304,0.007349061916310101,0.04596924564793381,-0.05338055701636979,,,,,,
상계6·7동,11350695,⑦ 일반,일반,-0.0667204463715505,-0.01263486941615408,0.6064699919490707,0.1560283687943262,-1.3936648260173652,0.2726533097069097,0.2622797461234424,1.116223238023757,0.2207256279510756,0.3072246759866138,0.2951245703043078,0.2227488151658767,0.2718580282072665,0.2791893195296542,0.3582116399040843,0.0007952814996431967,-0.016909573406211797,-0.0630870695997765,,,,,,
등촌3동,11500535,⑦ 일반,일반,-0.02643048412938498,-0.003867657109564937,0.052897654811495866,0.1536643026004728,-1.4085210686921277,0.2385434142986605,0.3386838088180881,1.0378050369104463,0.1814049733677685,0.3373707234334844,0.2199166702511965,0.1800947867298578,0.2609658170735799,0.2963837763803704,0.3058778661844977,-0.022422402774919414,0.04230003243771768,-0.0859611959333012,,,,,,
세곡동,11680700,⑦ 일반,일반,0.0446651653165719,0.00940584630208507,0.3951882123286587,0.1513002364066193,-1.4096457928820865,0.2472501294056468,0.2908838432226339,1.1154202786094245,0.1947000484106168,0.3173520427423989,0.2238447942470246,0.1066350710900474,0.239361128762755,0.2613964987829951,0.2616173629581391,0.007889000642891802,0.029487344439638796,-0.03777256871111448,,,,,,
가락2동,11710632,⑦ 일반,일반,-0.0643339719673289,-0.012157574535309763,0.15539852558536127,0.1489361702127659,-1.4142396830200947,0.2461422902341973,0.2898913587838491,1.1128310978075664,0.190770618777913,0.3245891985755882,0.1975329800345728,0.2132701421800948,0.2506430051857096,0.3044186889197548,0.2433258360724555,-0.004500714951512302,-0.014527330135905736,-0.04579285603788269,,,,,,
신수동,11440630,⑦ 일반,일반,0.05178537416109259,0.01437598736176935,0.39145099328169547,0.1465721040189125,-1.432652082242007,0.2259990792928384,0.4036818687619811,0.9178844446485735,0.1694680130683622,0.3600713319542586,0.1954610794030198,0.0947867298578199,0.2176029811176517,0.3640835883372421,0.256308497509744,0.008396098175186717,0.03959828042473901,-0.0608474181067242,,,,,,
방배4동,11650621,⑦ 일반,일반,-0.08801945032659961,-0.02847859455704569,0.44924764867612393,0.1442080378250591,-1.4414410523625034,0.2365208402722712,0.3291512219364567,1.0772271172781809,0.1827089313101764,0.3173565128581662,0.2081222693142835,0.2322274881516587,0.2748908807960014,0.2825586168537654,0.282631026107603,-0.03837004052373019,0.04659260508269131,-0.0745087567933195,,,,,,
북가좌1동,11410710,⑦ 일반,일반,-0.45531242647305975,-0.10501047583834718,0.30732121273513785,0.1418439716312056,-1.48285652304014,0.2764024555049453,0.2274356724074613,1.000519812203294,0.2185841994611984,0.3918488729082315,0.1285861305213254,0.5971563981042654,0.2833735048384271,0.4079801581564655,0.224058049522633,-0.006971049333481805,-0.1805444857490042,-0.09547191900130761,,,,,,
신월6동,11470610,⑦ 일반,일반,-0.021657535320941612,-0.012132925503904634,0.33902739975958157,0.1394799054373522,-1.4854228437634625,0.2749769598741278,0.2328944364947876,1.1400683490817587,0.2239071776902044,0.3020559722483739,0.174024609982518,0.1611374407582938,0.3008417754732663,0.2511428493347518,0.1941870491966845,-0.025864815599138502,-0.018248412839964173,-0.020162439214166494,,,,,,
대치1동,11680600,⑦ 일반,일반,-0.09985098540105092,-0.024461922848531697,0.7390930490146256,0.1371158392434988,-1.4890823086242988,0.2994038556178386,0.150855062403349,1.0652658636183507,0.2393993505477751,0.3927355205556592,0.0844430410897188,0.2369668246445497,0.3231614995795993,0.1769320298134602,0.1207232574268657,-0.023757643961760666,-0.0260769674101112,-0.0362802163371469,,,,,,
면목4동,11260540,⑦ 일반,일반,-0.00031931699774789823,0.0004089498392210983,0.003442159753521598,0.1347517730496454,-1.4919559972884755,0.2669632053202019,0.3045016118526983,0.983347098921931,0.2128339649089159,0.3405860141761583,0.1956836508333387,0.1350710900473933,0.252757383977056,0.2806928644708862,0.207563007639296,0.014205821343145908,0.0238087473818121,-0.011879356805957308,,,,,,
증산동,11380640,⑦ 일반,일반,-0.0074227196844924015,-0.01094080871231219,0.16490265142673569,0.1323877068557919,-1.5153595871486494,0.255276538868254,0.3123875977711847,1.015832713141238,0.1998596401500704,0.3308412963980003,0.1655313370071863,0.1398104265402843,0.2626850057408415,0.2944815084091175,0.1972636208362115,-0.007408466872587505,0.017906089362067168,-0.03173228382902518,,,,,,
고척1동,11530720,⑦ 일반,일반,0.06841226625435559,0.01651933268349523,0.6556997181461875,0.1300236406619385,-1.5222284822612182,0.2877156540018342,0.2617082494089815,1.0679940636132748,0.2419213311335028,0.2855736440594345,0.1881343482033783,0.0616113744075829,0.2610268829594011,0.2178736507983615,0.172523401125526,0.026688771042433113,0.04383459861062003,0.015610947077852294,,,,,,
남가좌1동,11410690,⑦ 일반,일반,-0.0382172027830997,-0.020172991384043115,0.28275284580364207,0.1276595744680851,-1.524319325480932,0.2736824352500492,0.2149810617540175,1.1571498030561511,0.2222494396662711,0.3050880560171863,0.1187527780657987,0.1658767772511848,0.2741139172439196,0.3238951638176142,0.1239814089015488,-0.0004314819938703862,-0.1089141020635967,-0.005228630835750092,,,,,,
항동,11530800,⑦ 일반,데이터 없음,-0.5319148936170213,-0.17659574468085107,0.7070430744473943,0.1252955082742316,-1.538835787407394,0.3784668743653571,0.583410956961139,0.4109838237480255,0.3629427732024474,0.191138022476576,0.2252878035917395,,,,,,,,,,,,,
용신동,11230536,⑦ 일반,일반,0.023405375729667305,0.0063359214816308615,0.10100585633259607,0.1229314420803782,-1.5593004820286829,0.2532337071129127,0.3550016831061197,1.08155549512088,0.2146489846113513,0.2297360201913441,0.1720315459851026,0.0995260663507109,0.2175475197216642,0.3916651639929173,0.2421798889293979,0.035686187391248514,-0.036663480886797606,-0.07014834294429531,,,,,,
홍은1동,11410660,⑦ 일반,일반,-0.033461060132432496,-0.011893157652964049,0.03596392791592076,0.1205673758865248,-1.588017156014998,0.2849152994977262,0.2762601268738008,1.0086318428533447,0.2357769752994719,0.3048325019462896,0.1201797480232447,0.1540284360189573,0.3019860889696679,0.2473007279697236,0.1850768598206109,-0.017070789471941683,0.0289593989040772,-0.0648971117973662,,,,,,
발산1동,11500611,⑦ 일반,일반,-0.01923744860116741,-0.015431414070115283,0.22024513938404547,0.1182033096926714,-1.669634261793945,0.3366801055372752,0.105262657796851,1.217205632796559,0.2968310360025969,0.240920987353389,0.1354576744774508,0.1374407582938388,0.3787920649930143,0.0726268248927697,0.1962925174316414,-0.042111959455739145,0.0326358329040813,-0.06083484295419059,,,,,,
반포1동,11650560,⑦ 일반,일반,0.0329008548732255,-0.005240159994622039,0.019489649855200852,0.1158392434988179,-1.6864168758926132,0.252043429973593,0.2443771194237582,1.1199331442109173,0.1954383007117258,0.3146374063397826,0.3246343162343154,0.0829383886255924,0.2552852262480579,0.2338946239066064,0.3602329392291395,-0.0032417962744648587,0.010482495517151802,-0.035598622994824136,,,,,,
회현동,11140540,⑦ 일반,일반,0.056603139390272596,0.011084221258669183,0.0641283353336815,0.1134751773049645,-1.6890923145872496,0.2051223418816274,0.4991081957880255,1.036282276532928,0.177549803866077,0.162405053962184,0.1541284067091981,0.0568720379146919,0.1675606668520394,0.441903340818933,0.1936351091491906,0.03756167502958799,0.0572048549690925,-0.03950670243999249,80.7,83.2,3.0978934324659146,8.0,15.0,7.0
대흥동,11440600,⑦ 일반,일반,0.03765139547130071,0.009185125429957542,0.9701580760871156,0.1111111111111111,-1.7225239438237203,0.2245256407690747,0.2966642793514329,1.0986105157681112,0.1721049637022474,0.3085676998296486,0.3302739810689919,0.0734597156398104,0.2229829614338247,0.2403758663796604,0.3463114761830165,0.0015426793352499857,0.056288412971772506,-0.01603749511402458,,,,,,
효창동,11170580,⑦ 일반,일반,-0.0760870783054912,-0.013798975944786183,0.15052014143675188,0.1087470449172576,-1.7296333683652083,0.2040529542898448,0.2526634232182399,1.31726527904422,0.1539650599611066,0.2512841180312579,0.1628933621929348,0.1848341232227488,0.2150458009950318,0.323377539449208,0.2430637223680621,-0.010992846705186993,-0.07071411623096807,-0.0801703601751273,37.1,35.1,-5.39083557951483,8.0,1.1,-6.9
잠실4동,11710690,⑦ 일반,일반,-0.4030956942623778,-0.08865696391157722,0.5793628311175308,0.1063829787234042,-1.7374255029431511,0.2379247574415191,0.1678178760681859,1.3251889285841785,0.1836672157120543,0.2779029208504478,0.1976268182278847,0.509478672985782,0.2500138061371427,0.4357160009421749,0.2476971707083755,-0.012089048695623578,-0.267898124873989,-0.0500703524804908,,,,,,
창신1동,11110670,⑦ 일반,일반,0.075588495624797,0.015826918983115428,0.6747082364525586,0.1016548463356974,-1.79288015686507,0.2766945936079292,0.2126318870704147,1.2253220591139422,0.2457632689461738,0.1972041042565004,0.1969277697310815,0.0260663507109004,0.2570724687217033,0.1461018178055442,0.1698601332123917,0.01962212488622589,0.06653006926487048,0.02706763651868979,,,,,,
대치2동,11680610,⑦ 일반,일반,0.0068737185304695025,0.00232037018363527,0.0024462376570865943,0.0992907801418439,-1.8118440272178729,0.2315884414365647,0.2780595348556115,0.985234489906802,0.1736344106820802,0.3724065906669191,0.132608040517295,0.0924170616113744,0.2196150931372244,0.2860529367298545,0.2378269036334118,0.011973348299340297,-0.007993401874242967,-0.1052188631161168,,,,,,
대림1동,11560700,⑦ 일반,일반,0.0613816902513081,0.016058843960427113,0.8704784744817405,0.0969267139479905,-1.8254428951219133,0.2512079424563532,0.3165294538133461,1.020953440335204,0.2086010194763504,0.2671288058248343,0.1926483756118642,0.0355450236966824,0.218636139165521,0.2534456649316028,0.2001498005564649,0.0325718032908322,0.06308378888174326,-0.007501424944600682,,,,,,
아현동,11440555,⑦ 일반,일반,-0.0926411437150572,-0.02727527366026912,0.8954065129514797,0.0945626477541371,-1.8971062179157097,0.2282377315997953,0.2144976301075729,1.23249294829763,0.177927810179242,0.2732334044580845,0.2652963234196556,0.1872037914691943,0.2387903156325346,0.2557161136043639,0.2875687524910706,-0.010552584032739315,-0.041218483496791025,-0.022272429071415023,,,,,,
난향동,11620715,⑦ 일반,일반,0.016369197674027697,-0.0026363259498280323,0.011638044416537274,0.0921985815602836,-1.9689133354211887,0.2330846864982198,0.2341516019150382,1.0299302158244492,0.1772469710437921,0.3584209826185102,0.1299094060869029,0.0758293838862559,0.2281460930888731,0.2577228953903888,0.1851361837238422,0.004938593409346714,-0.023571293475350585,-0.055226777636939284,,,,,,
구로1동,11530520,⑦ 일반,일반,-0.05708491591319059,-0.01945480824173978,0.5546287607323158,0.0898345153664302,-1.990044017304256,0.2507884567344997,0.1710986616128899,1.1484521227092952,0.1955934362265438,0.3191125586766881,0.1494689229475785,0.1469194312796208,0.2803708006955341,0.1665884581875404,0.1912896568336074,-0.02958234396103443,0.004510203425349496,-0.041820733886028916,,,,,,
쌍문4동,11320681,⑦ 일반,일반,-0.09499400580372648,-0.03176475860755381,0.7913295923615797,0.0874704491725768,-2.085965541297897,0.256965870954904,0.1805586604407695,1.0830223498264209,0.2032335026019574,0.3221906757800685,0.1377926521738683,0.1824644549763033,0.2912116252362745,0.2450539459891174,0.1856386966959717,-0.0342457542813705,-0.06449528554834791,-0.04784604452210339,,,,,,
돈암2동,11290590,⑦ 일반,일반,0.006907330846022006,-0.004292292696043829,0.07266259155812371,0.0851063829787234,-2.1807365257322937,0.2603275436147872,0.2420416388297719,0.9376771102987193,0.2108898588908617,0.3238837062318445,0.171224005410476,0.0781990521327014,0.2521812634781556,0.2628990396358474,0.2161043139546985,0.0081462801366316,-0.020857400806075482,-0.04488030854422251,,,,,,
화곡2동,11500550,⑦ 일반,일반,0.030609615363068998,0.004230670117531049,0.036558172539357406,0.0827423167848699,-2.181064418664656,0.2514261939466335,0.2055586580526461,1.012709269105624,0.1971445095392076,0.3340145580513275,0.1681088035373979,0.0521327014218009,0.2343357795581661,0.263291458222952,0.2253094277602599,0.017090414388467423,-0.05773280017030594,-0.057200624222861984,,,,,,
방배3동,11650620,⑦ 일반,일반,0.0732692458516801,0.00779805720816108,0.0039054109330131322,0.0803782505910165,-2.211747656703106,0.1366553722808184,0.2343641961155438,1.5139797108232165,0.102213093877483,0.162850186471724,0.1634702796068536,0.0071090047393364,0.1056349694549104,0.1975753612487762,0.21464711637198,0.031020402825907997,0.036788834866767595,-0.05117683676512641,,,,,,
홍제3동,11410640,⑦ 일반,일반,-0.0238815501999933,-0.003830683562457289,0.25774806779809323,0.0780141843971631,-2.2564822272347427,0.2589942996022943,0.1732822656535952,1.1166739097415368,0.2150594315090634,0.2685101501657084,0.1291831236744989,0.1018957345971564,0.2817732966038762,0.1699909508632553,0.169779086688459,-0.02277899700158187,0.0032913147903398943,-0.040595963013960096,,,,,,
풍납2동,11710520,⑦ 일반,일반,-0.04046362587251971,-0.005492252361265174,0.14265884540559584,0.0756501182033096,-2.303660340648272,0.2079254848312692,0.2477326948328295,1.077458863034237,0.1564106648933944,0.3016042575713224,0.171524290602424,0.1161137440758293,0.2117149896534315,0.2976503786734639,0.215609300858892,-0.0037895048221623095,-0.049917683840634386,-0.044085010256467994,,,,,,
시흥2동,11545680,⑦ 일반,일반,-0.014391673109027198,-0.010679753061521753,0.07466272023413546,0.0732860520094562,-2.311006511028852,0.2454072183009286,0.0798772877067562,1.256676144447156,0.1957697162249087,0.2927925844415281,0.1449823241111033,0.0876777251184834,0.1789526345532033,0.038909117435218,0.1402153895882215,0.06645458374772531,0.0409681702715382,0.004766934522881794,,,,,,
가양2동,11500604,⑦ 일반,일반,-0.052300762999563,-0.010696559219297942,0.29269966605885106,0.0709219858156028,-2.341928368665404,0.2309958281166986,0.1788129039880867,1.1868478755242664,0.1846473553791443,0.2559148935351041,0.2898966219812542,0.1232227488151658,0.2173499244159059,0.1632606009149468,0.5016800841778836,0.013645903700792716,0.0155523030731399,-0.21178346219662936,,,,,,
중화1동,11260600,⑦ 일반,일반,-0.23475961592327432,-0.05238927543051776,0.7179493236901755,0.0685579196217494,-2.370082073910148,0.2901850200142755,0.1170519364679112,1.1529917762711654,0.2515909601584594,0.2293249517359306,0.1257167248315476,0.3033175355450237,0.2806787619748483,0.2142864287909471,0.2354190672324852,0.009506258039427173,-0.09723449232303588,-0.1097023424009376,,,,,,
교남동,11110580,⑦ 일반,일반,-0.0641379001266064,-0.009754293973311831,0.2065395268965685,0.0661938534278959,-2.394954519739429,0.1636691858996057,0.4241206655199808,0.9675476084252036,0.1216246670479778,0.2438978101554552,0.1908830734883279,0.1303317535545023,0.192215614066794,0.4585052892853498,0.2269433814237179,-0.028546428167188304,-0.03438462376536899,-0.03606030793539,,,,,,
월계2동,11350570,⑦ 일반,일반,-0.13996168196027028,-0.01640841204217226,0.1335750806011758,0.0638297872340425,-2.420534926414506,0.2219410624887428,0.2741023565994402,0.9513559905457314,0.169200559880321,0.3129758138219358,0.1500763644974586,0.2037914691943128,0.2899745726819733,0.3298583586710911,0.2244650525782753,-0.0680335101932305,-0.05575600207165088,-0.0743886880808167,,,,,,
무악동,11110570,⑦ 일반,일반,-0.5712357007607588,-0.1161383931072345,0.5397426539253515,0.0614657210401891,-2.431838218944167,0.1865513491761097,0.2869526162942208,1.15773367345657,0.1450246828829388,0.220580748099436,0.1562476061816472,0.6327014218009479,0.2741908223168979,0.552958011984216,0.2449050636726613,-0.08763947314078821,-0.2660053956899952,-0.08865745749101409,,,,,,
하계2동,11350612,⑦ 일반,일반,0.009338621670980297,0.0006856912372693501,0.01455419161604583,0.0591016548463357,-2.4622430114113176,0.2770352647011234,0.0253694371500218,1.178605054502919,0.2226234490214344,0.3236072121691883,0.2088774406961637,0.0497630331753554,0.2381946829967784,0.0384122434938814,0.1987742903234899,0.038840581704344984,-0.013042806343859601,0.010103150372673814,,,,,,
잠실7동,11710720,⑦ 일반,일반,0.016453228462908802,0.003054239073196421,0.2117700903098586,0.0567375886524822,-2.479433916193984,0.2282410134128563,0.0527514059821243,1.1775697304328103,0.1624042351571637,0.3834943826884448,0.1406215995673948,0.0402843601895734,0.2139519842918789,0.0545623543989315,0.1352104581280939,0.014289029120977403,-0.0018109484168071996,0.005411141439300909,,,,,,
을지로동,11140605,⑦ 일반,일반,0.0354161764870649,0.006610422058642301,0.5673566240426099,0.0543735224586288,-2.483560570071978,0.1775326372887738,0.2842377007755839,1.1586814624653683,0.1350499803912228,0.2291846349727029,0.1980821427515545,0.0189573459715639,0.1661968790442684,0.1246317518438618,0.2080882490227633,0.011335758244505417,0.1596059489317221,-0.010006106271208792,41.8,65.1,55.74162679425838,5.7,5.5,-0.20000000000000018
가양3동,11500605,⑦ 일반,일반,-0.04514694183949001,-0.015648773710687604,0.7564188924835394,0.0520094562647754,-2.5006794411955786,0.1319444489892204,0.2115368169994286,1.467271999065422,0.0876398550667273,0.187702043228878,0.2930484197709821,0.0971563981042654,0.2219580088649679,0.2681169366481119,0.3087090079698972,-0.0900135598757475,-0.056580119648683314,-0.015660588198915082,,,,,,
신사2동,11380632,⑦ 일반,일반,-0.1186010554267084,-0.05019775245650007,0.5037004594736281,0.0496453900709219,-2.605604012181862,0.2586326851081639,0.2148039346215889,0.94356646677163,0.2024149528238923,0.2952386045933736,0.1460869561059828,0.1682464454976303,0.3116816121456526,0.1638926854672167,0.2137048009482671,-0.0530489270374887,0.0509112491543722,-0.06761784484228431,,,,,,
당산1동,11560550,⑦ 일반,일반,0.009366631933940599,0.005183019058182921,0.07670766005124506,0.0472813238770685,-2.623904501495208,0.2458234069839016,0.228896441668611,0.9429674153457056,0.2017557907119977,0.2814991407825966,0.2303434263924985,0.0379146919431279,0.2219410736999242,0.1766652249627976,0.1994345609091764,0.023882333283977403,0.052231216705813405,0.030908865483322084,29.4,32.0,8.843537414965997,5.7,4.7,-1.0
한강로동,11170625,⑦ 일반,일반,0.016481238725869197,0.0016414014094764395,0.04257691230638987,0.0449172576832151,-2.7487769361065606,0.2506057235058683,0.0989404695754222,1.1647604159860128,0.2066167605400832,0.248115365543028,0.2177885918161285,0.0284360189573459,0.2507126430754497,0.0286042906060377,0.2042890161458344,-0.00010691956958142068,0.0703361789693845,0.013499575670294112,,,,,,
장안1동,11230650,⑦ 일반,일반,0.0259655137642433,0.00566591599161935,0.20442470581330704,0.0425531914893617,-2.8115080746553125,0.1731854226344494,0.2904463963761571,1.0962659870656342,0.1353403804850166,0.2104097654578747,0.1725106967653956,0.0165876777251184,0.1811720466881306,0.2462192682995908,0.1775484667042498,-0.007986624053681224,0.04422712807656631,-0.005037769938854214,32.7,37.3,14.067278287461749,11.0,8.1,-2.9000000000000004
문래동,11560605,⑦ 일반,일반,-0.0072042396334017,0.0013960315059437694,0.025171395575988915,0.0401891252955082,-2.8488677385223373,0.1796680099158173,0.3014693786825994,0.9912644706415222,0.1423575966912226,0.243311312499181,0.2385437708111268,0.0473933649289099,0.2190778849091771,0.3162387352329595,0.2846958380383002,-0.039409874993359795,-0.014769356550360102,-0.04615206722717338,,,,,,
도곡1동,11680655,⑦ 일반,일반,-0.021416647059482603,-0.0057017691282085815,0.9438705121458911,0.0378250591016548,-2.8768693991347205,0.1838692961878007,0.2981875513956587,0.9622499134633224,0.1375714369787629,0.2649867064150221,0.2187172069728436,0.0592417061611374,0.201526627989024,0.2995333193679751,0.2532572287938291,-0.01765733180122328,-0.0013457679723163918,-0.034540021820985506,,,,,,
염창동,11500510,⑦ 일반,일반,-0.028520049746227003,-0.003576350374777321,0.01304218877847543,0.0354609929078014,-2.922023914071157,0.2050144006020099,0.326877831978254,0.8096581397527012,0.1595232867986155,0.2862488630703583,0.2853287570388577,0.0639810426540284,0.1961452194268016,0.2544920381958442,0.255610811080125,0.008869181175208296,0.07238579378240978,0.029717945958732672,,,,,,
돈암1동,11290580,⑦ 일반,일반,0.002291239510156501,-0.0002509719561247195,0.0024631966240224136,0.0330969267139479,-3.124784808030986,0.2378684566809929,0.0766395967704178,0.9981328993311706,0.1815772756482947,0.3410521958114905,0.103263913716905,0.0308056872037914,0.2363615703261057,0.103289369037406,0.1287654915139474,0.0015068863548872158,-0.026649772266988198,-0.025501577797042388,,,,,,
성현동,11620565,⑦ 일반,일반,-0.5261391773945975,-0.09458953760657908,0.46345863467211834,0.0307328605200945,-3.429128802885665,0.2210164681449733,0.2104177664925884,0.7320170629213769,0.173367246998548,0.3383246909122899,0.1719906696423402,0.556872037914692,0.2791736285954209,0.3224974422993217,0.251295015238392,-0.05815716045044758,-0.11207967580673331,-0.07930434559605179,,,,,,
휘경2동,11230730,⑦ 일반,일반,-0.0166549023562233,-0.00285816723247397,0.27439385724859344,0.0283687943262411,-3.437408241493186,0.2546701662395367,0.274294976630476,0.662048775562203,0.2268868622295354,0.2434288029246986,0.2337282778268305,0.0450236966824644,0.2773513878042893,0.2641791742430395,0.3090960063883238,-0.022681221564752607,0.010115802387436479,-0.07536772856149329,,,,,,
독산1동,11545610,⑦ 일반,일반,0.0117867186537148,0.00235734373074296,0.3660927914681242,0.0260047281323877,-3.5705905195812475,0.2190266857413117,0.1163524353171574,1.1682461813126592,0.1952613594034993,0.1283828960867989,0.1667938783407414,0.0142180094786729,0.1869880743185941,0.0717613392655251,0.1387717490464527,0.032038611422717606,0.044591096051632306,0.02802212929428871,,,,,,
제기동,11230545,⑦ 일반,일반,0.002313647720524798,0.00046272954410495965,0.011956437012753219,0.0236406619385342,-3.654631065709257,0.3032769058319917,0.0276729923393671,1.0784843908781967,0.2854591294171604,0.1150640989675984,0.0939529189103072,0.0213270142180094,0.2741013930498515,0.0343457000534407,0.1566697093598318,0.0291755127821402,-0.006672707714073602,-0.06271679044952459,,,,,,
신길5동,11560670,⑦ 일반,일반,-0.1517091862458405,-0.03010543062978276,0.6851681460620772,0.0212765957446808,-3.790273198689509,0.2442457509936441,0.2107944663170972,0.6925563697177095,0.2112047873606656,0.2536851000435206,0.1402897815501443,0.1729857819905213,0.2645581151181991,0.2227299095055652,0.2054890375866739,-0.020312364124555005,-0.011935443188468009,-0.0651992560365296,,,,,,
마천1동,11710540,⑦ 일반,일반,-0.2701869965155233,-0.045053947766461634,0.4035027122411162,0.0189125295508274,-3.8765036445919576,0.1533874980096693,0.1192326922052502,1.097002341054902,0.1128255556562518,0.2384899164912355,0.0846783943043626,0.2890995260663507,0.2518402951347768,0.1968352629178355,0.1771555759210331,-0.09845279712510749,-0.07760257071258532,-0.0924771816166705,,,,,,
원효로2동,11170570,⑦ 일반,일반,0.007069790371192002,0.0014139580742384007,0.13748734022264764,0.0165484633569739,-3.968942596845223,0.0669196028271037,0.087201274638726,1.504920371337476,0.0424059775006076,0.1283943305455746,0.1010495736092319,0.0094786729857819,0.1455547243476021,0.0220705824246537,0.1683957769989313,-0.07863512152049841,0.0651306922140723,-0.06734620338969939,,,,,,
방학2동,11320700,⑦ 일반,일반,-0.05453598198379891,-0.012089229493686503,0.8604137458501213,0.0141843971631205,-3.998061273073074,0.1728332037853432,0.1247342122487084,1.076270832565721,0.1397542068704114,0.1891694528052445,0.1452257163296326,0.0687203791469194,0.2151003321970069,0.1580389089047755,0.1574855298173767,-0.04226712841166369,-0.03330469665606711,-0.012259813487744103,,,,,,
대림3동,11560720,⑦ 일반,일반,-2.801026296030129e-05,0.0023584641412613596,0.14910807558858571,0.0118203309692671,-4.0138679253138605,0.1486632751125732,0.1754870006724825,1.073139768560744,0.1158847223458484,0.1780990506549495,0.1373880007393879,0.0118483412322274,0.1144275040144188,0.1338426057745918,0.1604181678349462,0.03423577109815441,0.04164439489789068,-0.0230301670955583,,,,,,
장위3동,11290780,⑦ 일반,일반,-0.1019181428075246,-0.0047807916820723,0.00517830485781372,0.0094562647754137,-4.087254226725339,0.2051494775940443,0.1478331723114755,0.7198024887656248,0.1577613242629565,0.3271602585789981,0.1503204399513667,0.1113744075829383,0.2937417847701839,0.1454046023040412,0.2361927060651215,-0.08859230717613961,0.002428570007434294,-0.08587226611375479,,,,,,
가락1동,11710631,⑦ 일반,일반,-0.0260831568686767,-0.006398664470662049,0.8883579224190891,0.0070921985815602,-4.150455189838496,0.22632705053588,0.0382000320125877,1.0557551215243997,0.197234930564347,0.1724925566876156,0.1396336594858623,0.0331753554502369,0.2569232579631998,0.051172595901274,0.2061421649990254,-0.030596207427319805,-0.012972563888686305,-0.06650850551316312,38.2,38.6,1.0471204188481575,9.9,12.1,2.1999999999999993
구로2동,11530530,⑦ 일반,일반,-1.1204105184100047e-05,-2.2408210368200095e-06,1.1203854125740798e-05,0.0047281323877068,-5.642451193381235,0.0850847294893766,0.1109609452463454,0.9944044652412194,0.0639285182294047,0.1169872027571234,0.0938658114903156,0.0047393364928909,0.0804702138363564,0.0758883498468172,0.0870162849434031,0.004614515653020207,0.0350725953995282,0.006849526546912496,,,,,,
원효로1동,11170560,⑦ 일반,일반,-5.602052591999716e-06,-1.1204105183999433e-06,4.684986211968508e-07,0.0023640661938534,-5.654375052146945,0.0881358456110033,0.1688024976240921,0.7721124208620125,0.0541734762270706,0.2011411814221614,0.1905689638427269,0.0023696682464454,0.0632402463476712,0.066844145183573,0.1877603760144983,0.024895599263332097,0.10195835244051911,0.002808587828228598,,,,,,
