행정동_코드,행정동,연도,상권티어,2030비중,2030소비_변화,20대_이동비율,20대_이동비율_변화,트렌드_유동인구,트렌드_유동인구_변화율,복합점수_분위,분위변화_현재,업종점수,금요효과,주말비중,야간비중,트렌드매출_비중,상권티어_코드,갭_2030소비,갭_20대이동,갭_평균,분위변화_next,타겟,타겟_레이블
11110515,청운효자동,2024,② 라이징스타,0.3668302058774036,-0.17681239520752623,11.470584011548718,-0.32761942642395603,2530511.26,-10.790203500019135,0.8274231678486997,-0.47281323877068626,0.5926112314951049,1.1649657731823777,0.2572953731147023,0.3197590413899417,0.3122419042257135,5,0.07801418439716312,-0.0004089498392210178,0.03880261727897105,,,
11110530,사직동,2024,⑤ 성숙·정체,0.3173744110138005,-0.7692330887632715,10.635343514546157,-1.6106167165005711,5414914.8,8.9861608463478,0.8888888888888888,-2.127659574468077,0.7830555942598041,1.0342092964771237,0.1927355121734474,0.4023071241700563,0.260455063147575,2,-0.05673758865248224,-0.09741969457609267,-0.07707864161428746,,,
11110540,삼청동,2024,⑤ 성숙·정체,0.4256310796485085,-1.9009138811769688,11.960293138479045,-2.2611843774732403,1428163.24,-2.1625992585019294,0.9881796690307328,-0.7092198581560405,0.9068808508616796,1.1840060172025015,0.3831710147265217,0.2971613924477603,0.4273149321724412,2,-0.04018912529550822,-0.14931710978902668,-0.09475311754226745,,,
11110550,부암동,2024,⑤ 성숙·정체,0.217662456918996,-2.930138615804739,4.204049059165325,-0.7056597797432431,986754.66,-5.565696608204762,0.7683215130023641,-8.274231678486998,0.5863807441938274,1.1236931856640724,0.2536683342906454,0.3015772500988448,0.3051128934076164,2,-0.29314420803782504,-0.38680492532463895,-0.339974566681232,,,
11110560,평창동,2024,⑤ 성숙·정체,0.1315649168090643,-2.399496642790222,1.9009198083493513,-0.6374007270738822,1245679.06,0.91568855979558,0.8747044917257684,-2.36406619385342,0.5777605546429101,1.0475442514268738,0.3043971595206076,0.3876448007212493,0.3631971388177673,2,-0.8132387706855793,-0.8391594680290859,-0.8261991193573326,,,
11110570,무악동,2024,⑦ 일반,0.1562476061816472,-0.6737864154412382,2.261403930998473,-0.49074415421156514,615201.46,1.3641853634154266,0.0614657210401891,0.4728132387706904,0.2869526162942208,1.15773367345657,0.1450246828829388,0.220580748099436,0.1865513491761097,0,0.08274231678486998,0.02147266758540329,0.052107492185136634,,,
11110580,교남동,2024,⑦ 일반,0.1908830734883279,-0.15542954299956058,2.7848673258015193,-0.6513037931338483,822486.22,-12.611557731084332,0.0661938534278959,-0.7092198581560307,0.4241206655199808,0.9675476084252036,0.1216246670479778,0.2438978101554552,0.1636691858996057,0,0.27423167848699764,0.09731325557684335,0.1857724670319205,,,
11110600,가회동,2024,⑤ 성숙·정체,0.4226457997027877,-1.105236251992231,17.661870353742504,-1.7064533415250835,1493053.82,-3.0825952345839513,0.983451536643026,1.1820330969267157,0.9253144194605112,1.1002907408782954,0.2905213116409071,0.3869180242447083,0.3539967606523481,2,-0.03782505910165479,-0.06165058877572738,-0.049737823938691084,,,
11110615,종로1·2·3·4가동,2024,⑦ 일반,0.3042381663852661,0.19932181325396647,15.242748366121534,-1.09628091074452,15756444.26,1.151931697341646,0.2340425531914893,-2.8368794326241176,0.3967154644352673,1.088020433736783,0.1850802504566147,0.3187327624625424,0.2406297897630913,0,0.5744680851063829,0.6664313804577997,0.6204497327820913,,,
11110630,종로5·6가동,2024,⑦ 일반,0.2131566326172083,-0.47747080777904016,8.02050115311326,-0.7739984158390776,2823031.45,-5.346833435887078,0.2813238770685579,-9.9290780141844,0.4052075921544299,1.1266486116990706,0.2229863270411915,0.2623322158149066,0.2670053665255565,0,0.1725768321513002,0.42246759212575485,0.29752221213852753,,,
11110640,이화동,2024,① 레전드,0.3970451469900823,-2.8822179162201977,18.013278855731,-0.6906573821588609,4804614.29,8.657160832970924,0.933806146572104,-0.7092198581560405,0.7524535310134735,1.0567785305051445,0.2581631349587963,0.4240244496414967,0.3259420471950563,6,-0.009456264775413725,-0.009635530458359964,-0.009545897616886845,,,
11110650,혜화동,2024,① 레전드,0.4820254943714859,-0.5228214751717586,23.654482253719014,-2.177961526242626,3328063.5,-1.358918871460979,0.9763593380614656,0.0,0.7388517336549345,1.1065221611681753,0.299243823310459,0.5048824033691162,0.3780043899840511,6,-0.004728132387706863,-0.007165025265257197,-0.00594657882648203,,,
11110670,창신1동,2024,⑦ 일반,0.1969277697310815,2.0734215106164298,14.991402599016212,-0.4502395359136937,1777891.95,10.04800935006882,0.1016548463356974,5.437352245862889,0.2126318870704147,1.2253220591139422,0.2457632689461738,0.1972041042565004,0.2766945936079292,0,0.28132387706855794,0.7917100825742551,0.5365169798214066,,,
11110680,창신2동,2024,⑤ 성숙·정체,0.2088843966196036,-1.0789731658758712,14.057541294863421,-0.8951761338541004,284884.10000000003,-12.604765094634462,0.8699763593380615,-1.1820330969267157,0.4802936833304468,1.087341408645591,0.2874254885583646,0.4660030672827571,0.3631657623867403,2,-0.4373522458628842,0.018649233079000127,-0.20935150639194203,,,
11110690,창신3동,2024,① 레전드,0.2545516850213716,-3.4952838888025917,5.052231749600209,1.4215326625976585,142287.02,-2.6857689883163727,0.9314420803782506,0.0,0.7349376844310568,0.9601039273483232,0.2806360476703,0.4572181022643158,0.3490625325878167,6,-0.2671394799054374,-0.4527690945962601,-0.35995428725084877,,,
11110700,숭인1동,2024,⑦ 일반,0.2368101298081495,-0.8733417762205792,6.3974706244773305,0.20475751922214602,615924.36,18.6184552848065,0.5673758865248227,9.692671394799063,0.3805012271028413,1.1653288500967516,0.2568421680923261,0.3456489156386932,0.3125426922633577,0,0.023640661938534202,0.022671506840106215,0.02315608438932021,,,
11110710,숭인2동,2024,② 라이징스타,0.2411842019637895,-3.6125484217988975,7.42502965621691,0.24258144007965754,2389246.08,2.0789987516541597,0.8557919621749409,3.309692671394804,0.5470466669702027,1.2226532498843028,0.2774837938282135,0.3294609240039485,0.3318142765483171,5,-0.24586288416075652,-0.1851758484308651,-0.2155193662958108,,,
11140520,소공동,2024,⑦ 일반,0.2222349465864267,-3.060020663813759,11.615740597065171,-1.163416378407307,5890972.98,4.747961299890724,0.4302600472813239,-5.200945626477532,0.6472219038757249,0.9987635429674656,0.1367127478992374,0.3195261447084354,0.1935169323949692,0,0.07801418439716307,0.40149350722104576,0.23975384580910442,,,
11140540,회현동,2024,⑦ 일반,0.1541284067091981,-0.5711453222090074,8.605761475895646,-1.299744959816648,6532058.569999999,3.1898464843948426,0.1134751773049645,-9.929078014184402,0.4991081957880255,1.036282276532928,0.177549803866077,0.162405053962184,0.2051223418816274,0,0.021276595744680854,0.6234916473395853,0.3223841215421331,,,
11140550,명동,2024,② 라이징스타,0.3368868779935541,-1.59691484255568,14.911300247463377,-2.968891591410568,9899832.58,7.650892213178073,0.7990543735224587,0.47281323877068626,0.6769286470867382,1.0587664195966675,0.1901356346788353,0.3751007094319901,0.2543084326114546,5,0.07092198581560283,0.09194088714104842,0.08143143647832563,,,
11140570,필동,2024,② 라이징스타,0.3330218913993036,-0.3922007452691223,13.381014296401815,-0.8034187242699034,2736112.2399999998,7.595474285854498,0.8392434988179669,4.728132387706852,0.8080438644965694,0.9926657486219896,0.1501645907212405,0.3916799690018539,0.2181709961143762,5,0.028368794326241176,0.032794415873976246,0.03058160510010871,,,
11140580,장충동,2024,⑤ 성숙·정체,0.240066535266382,0.74265758428744,7.434197351414406,-0.4003309353401452,2261576.9,5.190777418808978,0.8959810874704491,2.36406619385342,0.7273607222436534,0.9911629616299016,0.2578596777355973,0.3896764352237806,0.3228597905245185,2,-0.29314420803782504,-0.22299530547992785,-0.25806975675887645,,,
11140590,광희동,2024,⑦ 일반,0.2707403825446098,-0.1336912496095799,17.065837151753037,-0.8518773290018764,4797853.0600000005,0.15464095489565732,0.3262411347517731,8.037825059101658,0.3278298099040466,1.2032411377518557,0.239701007012053,0.286752809180295,0.2904970656885049,0,0.39952718676122934,0.5908204766226345,0.4951738316919319,,,
11140605,을지로동,2024,⑦ 일반,0.1980821427515545,-3.4087254624810104,20.298447155815225,-0.4425822079346382,2615132.31,2.4824929961560604,0.0543735224586288,2.8368794326241105,0.2842377007755839,1.1586814624653683,0.1350499803912228,0.2291846349727029,0.1775326372887738,0,0.3404255319148936,0.8911241078731248,0.6157748198940092,,,
11140615,신당동,2024,⑤ 성숙·정체,0.2492477353302252,0.9136016551064802,12.2044683271495,-0.5553711485287529,2572576.63,13.495132350904315,0.8416075650118203,1.4184397163120588,0.8034706358467995,0.9689140520825148,0.2113388631174046,0.3249901450334004,0.259102028663769,2,-0.19621749408983447,0.004363998969222349,-0.09592674756030606,,,
11140625,다산동,2024,⑦ 일반,0.2891837952848431,-2.467809325377379,6.870913336390751,-0.08265937834516901,993518.28,7.419184957793634,0.6548463356973995,0.9456264775413614,0.4994273331325396,1.0844570097241424,0.2213584929661944,0.3858326946405432,0.2891934515335107,0,0.11347517730496459,-0.026884250389342612,0.04329546345781099,,,
11140635,약수동,2024,③ 급성장 신흥,0.2607820510276051,-1.0494323571281883,5.977981801060131,-0.4381456801835686,1110351.49,6.032382161067584,0.5224586288416075,-5.200945626477549,0.3681463686634326,1.2321518222219217,0.2130798318655112,0.3604660412685339,0.278925664801846,4,0.1678486997635934,0.020195399594411412,0.0940220496790024,,,
11140645,청구동,2024,⑤ 성숙·정체,0.2387921628196862,-6.012880756208119,5.937792134866346,-0.27071264229998704,539508.95,1.6429217731182444,0.7541371158392435,23.167848699763592,0.5656230885880303,1.1443005516050582,0.2234482575737039,0.3434063959984258,0.2832273008894025,2,-0.15839243498817968,-0.21385275564967,-0.18612259531892483,,,
11140650,신당5동,2024,⑤ 성숙·정체,0.260940752583554,-0.151415878233363,9.239422714199838,1.2142691543484183,712372.97,9.882236910248455,0.8983451536643026,-1.891252955082745,0.5462722620258704,1.1919086801580987,0.2606937270764528,0.4378240521167274,0.3341078303545126,2,-0.2056737588652482,-0.14716031954107978,-0.17641703920316398,,,
11140665,동화동,2024,② 라이징스타,0.2937121359425452,-2.0955940937413207,6.543687837504934,-0.10752660492077037,669255.03,12.01613348252637,0.8581560283687943,-0.47281323877068626,0.6720599330827107,0.8743198262019978,0.2732497728753639,0.4204341062767453,0.3391641717936021,5,-0.07328605200945626,-0.24915128903230144,-0.16121867052087885,,,
11140670,황학동,2024,③ 급성장 신흥,0.2402501546961823,1.7050742073546705,9.584983755888423,0.18934606736690363,1935433.64,3.1832387526520067,0.508274231678487,41.371158392434985,0.3367839832789453,1.2855843674397365,0.2477265096478769,0.3021725860111658,0.3013003913909511,4,0.09692671394799057,0.2523892754305178,0.1746579946892542,,,
11140680,중림동,2024,⑦ 일반,0.2069824421589803,-2.844846121407291,7.504331540178971,-0.4992786129533835,940231.38,6.140689857591997,0.1985815602836879,-7.5650118203309695,0.4208113426597485,1.0181612646866385,0.1989341821195523,0.2953690817994649,0.2475777073473685,0,0.21985815602836878,0.4767738899532789,0.34831602299082387,,,
11170510,후암동,2024,⑤ 성숙·정체,0.2626818912056238,-0.9281201475007994,10.111237670969405,-0.09759752440482039,766971.29,15.019804842326101,0.75177304964539,0.7092198581560294,0.5018607913326941,1.1043173670313893,0.2363200280518063,0.4023569786971485,0.302572987625541,2,-0.049645390070921946,0.027847803435178675,-0.010898793317871636,,,
11170520,용산2가동,2024,① 레전드,0.5071578795583916,3.6230559885491562,26.13203052339164,0.13906100083290696,1175291.41,18.173883527660895,0.9905437352245864,1.1820330969267157,0.6516165030744542,1.184932802570292,0.3809753381919949,0.5299898888167708,0.4598135301942569,6,-0.007092198581560294,-0.00950108119615023,-0.008296639888855262,,,
11170530,남영동,2024,① 레전드,0.3832124801821016,-0.7099108171836122,13.668584253774165,-0.17624660881605259,3124419.56,11.995732460229958,0.9385342789598108,1.4184397163120366,0.7389211559459136,1.07776438762656,0.1992222100826086,0.51902950924191,0.2887868099137345,6,-0.023640661938534313,-0.05701769128208578,-0.04032917661031005,,,
11170555,청파동,2024,⑦ 일반,0.3189275887730746,-1.1858787096668821,13.114795297557635,-0.47095099955426,1891251.25,4.621195790518273,0.6382978723404256,-2.8368794326241065,0.5081381534964816,1.0514579746637625,0.2261029478845997,0.3795299802989811,0.2886934166815042,0,0.1985815602836879,0.22663103761218106,0.21260629894793448,,,
11170560,원효로1동,2024,⑦ 일반,0.1905689638427269,2.3500511647376294,9.776094176056354,-1.1695396175333848,1096553.8800000001,-2.6843899755452094,0.0023640661938534,-0.47281323877068004,0.1688024976240921,0.7721124208620125,0.0541734762270706,0.2011411814221614,0.0881358456110033,0,0.326241134751773,0.7677781139009333,0.5470096243263531,,,
11170570,원효로2동,2024,⑦ 일반,0.1010495736092319,-2.1558151334014495,4.687315457577251,-0.18919364496774627,598016.29,-0.25140797640740287,0.0165484633569739,1.4184397163120501,0.087201274638726,1.504920371337476,0.0424059775006076,0.1283943305455746,0.0669196028271037,0,0.002364066193853428,0.41947049398899755,0.2109172800914255,,,
11170580,효창동,2024,⑦ 일반,0.1628933621929348,-2.8399319772354605,4.555244323859577,-0.3859895907827404,442646.29,0.5830594212384188,0.1087470449172576,4.01891252955082,0.2526634232182399,1.31726527904422,0.1539650599611066,0.2512841180312579,0.2040529542898448,0,0.04018912529550826,0.3154235711964864,0.17780634824599734,,,
11170590,용문동,2024,⑦ 일반,0.1350069617426478,-0.5097629013797983,3.8638537343578054,-0.5407490293907768,521020.24,-0.3745065550741389,0.2127659574468085,3.0732860520094607,0.2079626382333241,1.231609860177976,0.2296900364948289,0.3305432069307454,0.2898765762191598,0,-0.14657210401891252,0.13083593828778864,-0.00786808286556194,,,
11170625,한강로동,2024,⑦ 일반,0.2177885918161285,2.9085855717921993,16.225441128483425,-0.5916908910997591,11019552.54,9.692454195645283,0.0449172576832151,2.83687943262412,0.0989404695754222,1.1647604159860128,0.2066167605400832,0.248115365543028,0.2506057235058683,0,0.4326241134751773,0.8626656807054105,0.6476448970902939,,,
11170630,이촌1동,2024,⑦ 일반,0.143273118718419,-1.0671152902785392,6.198878488811098,-0.3618992208815053,1576702.95,0.87925185624802,0.5437352245862884,-8.037825059101655,0.4369181189059086,1.1219851609208225,0.225686355813135,0.3529966812998,0.2857392023306953,0,-0.44680851063829785,0.020245818067740062,-0.2132813462852789,,,
11170640,이촌2동,2024,⑦ 일반,0.1368552245823387,-2.4493292797968804,18.882932400866014,2.5056809543500727,551980.74,1.3755377361016619,0.3191489361702128,19.858156028368796,0.1397041018528844,1.954242759873187,0.1190209778227967,0.2038496585828711,0.1751379600952653,0,-0.24586288416075652,0.6145003529293133,0.18431873438427837,,,
11170650,이태원1동,2024,① 레전드,0.5501220329602208,-0.10729966912459421,34.05664958395708,0.2148326131089675,2696369.67,6.043153622787956,1.0,0.23640661938534313,0.7999068558177869,1.4571926572789589,0.4393193943632241,0.431508820852326,0.5046735193435029,6,-0.011820330969267157,-0.007109004739336511,-0.009464667854301834,,,
11170660,이태원2동,2024,⑤ 성숙·정체,0.4595827494016651,-0.4111483255185122,20.237542375944344,-1.2616671446516747,1370379.49,-8.528033566922755,0.9929078014184396,0.0,0.8127902961690779,1.1886209863348076,0.31440059527682,0.495766782169844,0.398526227986366,2,-0.026004728132387744,-0.04977983933313168,-0.03789228373275971,,,
11170685,한남동,2024,⑤ 성숙·정체,0.4420416542316375,-0.3424538523562226,18.70329105210319,-0.6350690640379071,3891660.6599999997,0.3116277675702772,0.9645390070921984,0.47281323877066406,0.7279784263071057,1.1780290899314054,0.2865161751077349,0.4611474246029954,0.3652545512368106,2,-0.007092198581560183,-0.03325938623911795,-0.020175792410339066,,,
11170690,서빙고동,2024,③ 급성장 신흥,0.1858936524764067,-2.482967971577088,5.770968462327813,-0.45354109633965844,2181517.38,-6.50883998909948,0.6453900709219859,-10.401891252955075,0.4909501186080776,1.2094755330728686,0.2206754800475252,0.3173526982204465,0.2756745693679025,4,-0.3498817966903074,-0.11695405196463993,-0.23341792432747366,,,
11170700,보광동,2024,② 라이징스타,0.2518674570393819,-1.2036820045575602,12.441010225626657,-2.242554401152084,603013.41,-8.802996530779794,0.8297872340425532,26.477541371158388,0.5003380931948154,1.1316078189219223,0.2553648965050175,0.424990118733245,0.3247231665561175,5,-0.17966903073286045,0.023293334677826016,-0.07818784802751721,,,
11200520,왕십리2동,2024,② 라이징스타,0.2461268224677991,-0.2675475669020294,4.898699540979284,0.31926198540926887,451469.82,24.00326094070959,0.8368794326241135,22.93144208037825,0.4037438853127357,1.4362666965075344,0.2079319193232932,0.4161444962030711,0.2949436942654902,5,-0.20803782505910162,-0.3747941245672414,-0.2914159748131715,,,
11200535,왕십리도선동,2024,⑤ 성숙·정체,0.2806284590710026,1.8857874835980004,11.210198461703952,-0.789375054251229,2848714.33,9.65874882541451,0.8486997635933806,3.78250591016549,0.5581645372474093,1.1540228282662437,0.2034227130224148,0.4512732905732218,0.2812234303400816,2,-0.09456264775413714,-0.02879455032323841,-0.061678599038687776,,,
11200540,마장동,2024,⑤ 성숙·정체,0.2193284385115098,-0.4410251240855312,7.190341448558274,-0.5665221813284385,1380307.19,-8.549232730866763,0.7848699763593381,-5.200945626477537,0.5422119750811015,1.1152852821222248,0.2199966407652092,0.4067107323810014,0.2897031156936527,2,-0.3002364066193854,-0.1355808768332717,-0.21790864172632854,,,
11200550,사근동,2024,⑤ 성숙·정체,0.5808595658883278,-1.405457122675724,20.60991300319561,-1.7790368424036878,1814785.05,-11.013693643170031,0.9219858156028368,-0.47281323877068626,0.6987895246157019,1.0546511965626877,0.2161973963944655,0.4822040730017333,0.2959928739136789,2,0.07092198581560283,0.030620819468253124,0.050771402641927976,,,
11200560,행당1동,2024,③ 급성장 신흥,0.3097043820540486,-0.5254295364045702,12.36326626154913,-1.9093501398051078,4185970.35,13.572642842587657,0.6879432624113475,5.6737588652482245,0.4156856612510254,1.1441116576456491,0.2373706944204248,0.4199609181841027,0.3083804704197345,4,0.13238770685579193,0.16039796981614063,0.14639283833596628,,,
11200570,행당2동,2024,⑦ 일반,0.2026653605250128,-0.2954038777639806,4.062278971006754,-0.47905737155426475,677300.85,-5.191627455551973,0.2553191489361702,-19.14893617021276,0.3010598250256676,1.1000743489533946,0.2172957304276582,0.3647524144892063,0.2757966921443676,0,0.15130023640661938,0.11434909750932742,0.1328246669579734,,,
11200580,응봉동,2024,⑦ 일반,0.1697356510426357,2.0115785984650887,2.782672593002309,-0.581026953143668,474402.2,11.88853576133475,0.1843971631205673,-13.002364066193861,0.241259438117279,0.9557758086004642,0.2126877878508475,0.4516013590989843,0.2804052462708622,0,-0.004728132387706835,-0.023259722362273527,-0.013993927374990181,,,
11200590,금호1가동,2024,② 라이징스타,0.1872257014405234,-2.65375919851682,3.023310477172782,0.05274340553389223,684104.4,0.9054379494990661,0.8439716312056738,7.801418439716312,0.620634479786795,1.1422781736722136,0.1932380991267798,0.4167668496205861,0.2637154851766107,5,-0.541371158392435,-0.6496588349971429,-0.595514996694789,,,
11200615,금호2·3가동,2024,⑤ 성숙·정체,0.1775210819737308,1.0003898960435798,2.088302106551168,-0.5216393023064962,710831.0599999999,-2.5818465174161975,0.8085106382978723,6.619385342789597,0.5109658134136709,1.134982753471283,0.251632214013935,0.4033250161574961,0.3170648580836772,2,-0.5484633569739952,-0.7516386003831803,-0.6500509786785877,,,
11200620,금호4가동,2024,⑦ 일반,0.2217021483851046,-1.1114130853480702,3.145342473182526,-0.19992204972085714,747707.45,10.628882458789924,0.2482269503546099,2.127659574468091,0.2939393985070471,1.2129979897980976,0.2142108358947304,0.3091984983826711,0.2672606652012987,0,0.25531914893617014,-0.02310846694228766,0.11610534099694124,,,
11200645,옥수동,2024,⑥ 쇠퇴 주의,0.2543553279764571,-1.03528865592466,3.305034728013884,-0.3023701715392164,1129497.36,4.436039077865828,0.3877068557919622,13.947990543735228,0.3114316552447475,1.228900059562296,0.2010437470848811,0.3794941867528943,0.2677952647815213,1,0.27186761229314416,-0.12941301692940294,0.07122729768187061,,,
11200650,성수1가1동,2024,③ 급성장 신흥,0.289527288869431,-0.8152768483565886,15.36961414454559,-1.7394035613694214,2083012.41,-0.6326822065063187,0.6004728132387707,8.037825059101655,0.5403462222077349,0.9398927290705068,0.2541494802862313,0.3479945972074156,0.3047939025650708,4,0.17021276595744683,0.302370788656964,0.2362917773072054,,,
11200660,성수1가2동,2024,② 라이징스타,0.3369247328483133,-2.0922748387575796,26.003684303466418,-2.3647336495183353,2576362.15,5.448914069991639,0.8226950354609929,15.36643026004728,0.6710467681447817,1.09440110586714,0.213973875095422,0.3435774794724061,0.2751916411938437,5,0.04964539007092206,0.15360828207455213,0.10162683607273709,,,
11200670,성수2가1동,2024,② 라이징스타,0.4113395338778122,-3.548170251349653,26.03471510071121,2.5233346311801306,1695196.58,3.5498982750917563,0.7919621749408984,-11.583924349881801,0.6030068810127482,0.9644141136842834,0.285741558644064,0.3477194918648154,0.3367136256000848,5,0.14184397163120566,0.1867108108410921,0.16427739123614887,,,
11200690,성수2가3동,2024,③ 급성장 신흥,0.3835773182870606,0.2511163070720912,27.94923204838537,-2.039686481913062,4508638.87,16.856495061966648,0.5531914893617021,-8.983451536643027,0.5718909407533578,0.9980780449696632,0.210331327936052,0.3299150503865959,0.2655380848326253,4,0.36406619385342787,0.43259050115962483,0.39832834750652635,,,
11200720,송정동,2024,⑦ 일반,0.2480215596375141,-1.1652235421963975,12.92035181213377,-0.1252164427919098,348246.09,14.658506423253193,0.226950354609929,-11.820330969267143,0.3916661008943775,1.096046123493379,0.1795544412407086,0.320384584938738,0.2355356590803073,0,0.40898345153664306,0.6332392188497866,0.5211113351932148,,,
11200790,용답동,2024,⑦ 일반,0.2326518440459449,-0.15137038592732965,7.22760818841752,-0.8429897536379158,1091223.79,1.786369675091315,0.3900709219858156,6.146572104018921,0.4218653206154258,1.09976768364607,0.2016391628390862,0.3534718208040705,0.2605970628434645,0,0.17021276595744683,0.26158784578669625,0.21590030587207154,,,
11215710,화양동,2024,⑤ 성숙·정체,0.6023384842527191,-1.4926456428302814,34.40020495017879,-2.314095360592603,4685587.5200000005,-6.657871361510392,0.9858156028368794,-0.47281323877069736,0.7515947932781856,1.1595454733481982,0.2842612748396581,0.533830884824596,0.3710813986686628,2,0.011820330969267157,0.009445060670229544,0.01063269581974835,,,
11215730,군자동,2024,③ 급성장 신흥,0.3508528956308865,-4.425977868793368,15.026281888455811,-1.0753316939470157,1668681.46,13.250811867760914,0.6761229314420804,-9.692671394799056,0.5073047536263259,1.059205401074578,0.2230024067888,0.3959916668160977,0.2862794836743827,4,0.21276595744680848,0.21961166571431778,0.21618881158056313,,,
11215740,중곡1동,2024,⑦ 일반,0.2413674283827978,0.5101668707189394,6.34462407902871,-0.24501605977010144,875610.9,4.085308188588588,0.260047281323877,1.6548463356973993,0.2819987563176072,1.0720078408188962,0.2522033458266887,0.349961421402841,0.3081086568373347,0,0.35224586288416077,0.3205214390552699,0.33638365096971534,,,
11215750,중곡2동,2024,④ 잠재 후보,0.2480093843421987,-1.244514888761239,7.8099484890320285,-0.6364861752516253,1290981.37,-2.175825177387092,0.557919621749409,-5.437352245862881,0.4022978024592326,1.172275652593562,0.2146219942921775,0.3771363017699227,0.2784323442193526,3,0.07565011820330969,0.13165383796623076,0.10365197808477022,,,
11215760,중곡3동,2024,⑦ 일반,0.2653526031474779,-1.7520619366423018,3.4959978535656355,-0.617531807985356,786867.76,3.9649391920238974,0.3238770685579196,-18.203309692671393,0.4267520296294906,0.940419228486606,0.2403111330259914,0.3436224515442785,0.2927107776426686,0,0.3877068557919622,-0.03714721073801441,0.17527982252697388,,,
11215770,중곡4동,2024,③ 급성장 신흥,0.2674024464021839,0.7476683037773602,4.319198389074736,-0.2549058177478454,1835238.46,0.5932724583217253,0.6690307328605201,20.094562647754138,0.4269169373891225,1.1172276809156685,0.2751875439316745,0.357955800306004,0.3305145879987316,4,0.047281323877068626,-0.27566580395056745,-0.11419224003674941,,,
11215780,능동,2024,① 레전드,0.3772584643411919,-1.5021198819312354,7.760163042341331,-0.8079793000693734,2315064.89,4.4572910226113205,0.9621749408983452,2.6004728132387633,0.5849527890011136,1.2491167344045258,0.2845931821762358,0.5253412559847342,0.3717978864713187,6,-0.049645390070921946,-0.27734081767559626,-0.1634931038732591,,,
11215810,광장동,2024,⑦ 일반,0.1922401778394602,-0.22679102278486962,4.812415319381149,-0.5085524623229158,2282126.39,-2.7156040439829887,0.4799054373522459,-19.85815602836879,0.4532725116049387,1.0525566768993615,0.2472960023444962,0.3188066847408736,0.297722395992667,0,-0.12765957446808512,-0.024929134034710365,-0.07629435425139774,,,
11215820,자양1동,2024,⑦ 일반,0.2289425120564711,-0.837279222103951,11.118520082026532,-0.9251325111516326,1549128.02,14.862649563427489,0.375886524822695,0.9456264775413725,0.3399642239598756,1.119652289336106,0.239492013666253,0.3513041368287031,0.2968207006816488,0,0.17021276595744683,0.4369096837081107,0.30356122483277875,,,
11215830,자양2동,2024,⑦ 일반,0.2360439039481212,-0.1530546102585406,6.068323408959246,-0.4119635066744003,1257654.46,6.516845444067543,0.6855791962174941,0.47281323877068626,0.4182391521612276,1.1352652396088934,0.2438339141003292,0.4125140703670787,0.3118415532516161,0,-0.09692671394799057,-0.13107682654924768,-0.11400177024861913,,,
11215840,자양3동,2024,② 라이징스타,0.3496357296048153,-4.457347191180178,12.978460673049904,-2.204165444123719,3749856.26,7.574474856362778,0.900709219858156,0.0,0.5408573601936005,1.1290082799880958,0.2925603733170563,0.4368425416126125,0.3605663730973181,5,-0.014184397163120588,-0.038149978151994834,-0.02616718765755771,,,
11215847,자양4동,2024,⑤ 성숙·정체,0.4123961312038379,-2.135614435526312,24.92032374741769,-2.539446320808736,3201248.7,-2.2476437046408004,0.9527186761229316,-0.9456264775413614,0.6258835477397888,1.142226930343881,0.3018175879327225,0.4918119348651092,0.3786501030473572,2,-0.01654846335697402,0.02121497316616805,0.0023332549045970152,,,
11215850,구의1동,2024,⑦ 일반,0.2851458538759864,-2.416512703415319,11.358447246359402,-0.9827310446028505,1423258.3599999999,1.8326623399862685,0.6359338061465721,-7.328605200945626,0.4561562398495818,1.0524741375899491,0.2302507681084388,0.4179802890530485,0.2958297726290787,0,0.1229314420803782,0.18634107537001554,0.15463625872519687,,,
11215860,구의2동,2024,② 라이징스타,0.2171167499664022,-1.8830224817067283,4.670133883971282,-0.6622419099041306,1787269.96,4.536958006564795,0.7966903073286052,7.092198581560282,0.4334306364390998,1.1993167603663046,0.2610265558560709,0.4085307937500836,0.3293974339998739,5,-0.3262411347517731,-0.3630410182290792,-0.34464107649042613,,,
11215870,구의3동,2024,⑦ 일반,0.2100296939477097,-1.0490924619797282,8.960151507318255,-0.9621692684863081,3157476.52,4.5521389483656804,0.2387706855791962,2.127659574468091,0.2183185245312263,1.0952467154738217,0.272438276809862,0.353267864012931,0.3298322334577181,0,0.20094562647754138,0.5029354755582446,0.351940551017893,,,
11230536,용신동,2024,⑦ 일반,0.1720315459851026,-2.8261670158260115,6.156541923124354,-0.6691437346715263,4303832.14,12.03828945419736,0.1229314420803782,0.4728132387706807,0.3550016831061197,1.08155549512088,0.2146489846113513,0.2297360201913441,0.2532337071129127,0,0.08037825059101654,0.4363102640807592,0.25834425733588784,,,
11230545,제기동,2024,⑦ 일반,0.0939529189103072,0.7617248931162002,6.508306835928939,-0.6543912683829891,3339600.69,10.27478455732127,0.0236406619385342,1.1820330969267099,0.0276729923393671,1.0784843908781967,0.2854591294171604,0.1150640989675984,0.3032769058319917,0,-0.0070921985815602835,0.5806247409050675,0.2867662711617536,,,
11230560,전농1동,2024,⑤ 성숙·정체,0.311851676353284,-2.4197799154592916,8.228923343304096,-0.9359273234648757,4255050.21,16.419516012326383,0.7139479905437353,2.127659574468088,0.3256759797273512,1.1436488747787388,0.3021296405201079,0.4196612996952667,0.3707589824544627,2,0.11347517730496448,0.006431156375696023,0.05995316684033025,,,
11230570,전농2동,2024,⑦ 일반,0.1884357012212902,0.012941858418599739,6.640289042932568,-0.6183769240013985,779408.09,-1.532740560857071,0.3404255319148936,15.13002364066194,0.334779797944969,1.1548423068783176,0.2103723985088874,0.36006308934464,0.2717559790231931,0,-0.023640661938534258,0.27331854391449023,0.12483894098797799,,,
11230600,답십리1동,2024,⑦ 일반,0.173044199006695,-1.439926514970452,5.569803448607171,-0.5915198994951147,1550381.28,-1.946127866613856,0.2695035460992908,-8.983451536643022,0.425888202836265,1.142816365506527,0.2049452226516032,0.2556415950167257,0.2482794016384501,0,-0.06146572104018913,0.25182346811871875,0.09517887353926481,,,
11230610,답십리2동,2024,⑦ 일반,0.2097954249240213,-1.1888678021305388,3.7166282284595127,-0.21160820744545106,1090347.42,2.246787391024063,0.5697399527186762,-4.491725768321508,0.4360290492803998,1.1294472554515358,0.2262379324978546,0.3606641269768257,0.2866537914879891,0,-0.13475177304964542,-0.254574075941425,-0.1946629244955352,,,
11230650,장안1동,2024,⑦ 일반,0.1725106967653956,-0.10149124989528024,6.082617727600465,-0.6332633487479402,2158477.91,7.433693818832632,0.0425531914893617,2.1276595744680904,0.2904463963761571,1.0962659870656342,0.1353403804850166,0.2104097654578747,0.1731854226344494,0,0.1631205673758865,0.5143188464253303,0.33871970690060843,,,
11230660,장안2동,2024,⑦ 일반,0.1750716416990458,-1.0208061545150804,4.557088085376921,-0.3102039994535577,2265807.64,5.227675455945269,0.3546099290780142,-1.8912529550827395,0.2943603436904569,1.1029256393987754,0.2667995370972107,0.3501946673847156,0.3213942044865305,0,-0.13002364066193856,0.0719303552821754,-0.02904664268988158,,,
11230705,청량리동,2024,③ 급성장 신흥,0.1876321392530286,-0.14635195356119957,4.4002777746474475,-0.3065120037709024,2080895.45,6.466091424820863,0.5484633569739953,-3.782505910165479,0.4078109351662885,1.108192184710293,0.2755026188395206,0.3178332583078683,0.3255952779516534,4,-0.2434988179669031,-0.1408804185853697,-0.1921896182761364,,,
11230710,회기동,2024,⑤ 성숙·정체,0.4717814353362286,-1.2628812245933763,33.11858605926057,-3.2021473504151174,1308182.69,-8.426223344228557,0.8770685579196218,-0.9456264775413614,0.6807408533945333,1.0004546355743509,0.225692561739295,0.4397132352600984,0.2951546253275708,2,0.0921985815602836,0.11345276909459623,0.10282567532743991,,,
11230720,휘경1동,2024,⑦ 일반,0.3183129933723483,-2.9753523668620385,20.466754375359596,-2.52829242786569,1209009.77,-14.548305533803473,0.6926713947990544,-7.801418439716312,0.4881909944345833,1.0611190437055915,0.2475324193513401,0.3905842124281456,0.3066668368847569,0,0.14184397163120566,0.2551959037791447,0.19851993770517518,,,
11230730,휘경2동,2024,⑦ 일반,0.2337282778268305,-4.7586436100437695,7.886144334854794,-0.6324429776558649,1111963.29,-9.113195446469813,0.0283687943262411,0.0,0.274294976630476,0.662048775562203,0.2268868622295354,0.2434288029246986,0.2546701662395367,0,0.5366430260047281,0.6635743336358442,0.6001086798202862,,,
11230740,이문1동,2024,⑤ 성숙·정체,0.4165696040000079,-1.7134771378110758,21.55363031140811,-3.146758670824962,1642232.12,0.7753969590554188,0.8794326241134752,-0.47281323877068626,0.6406695592486583,1.060140108513417,0.2383684110006204,0.4354282568193163,0.3079830308874801,2,0.0614657210401891,0.08265268394339687,0.07205920249179298,,,
11230750,이문2동,2024,⑦ 일반,0.2138731598571833,-0.7404990012986695,4.015770541017362,-0.6475638255388869,699826.34,3.291740170211832,0.5390070921985816,-1.1820330969267157,0.3766747632397605,1.0725781862953705,0.248211146086165,0.4002849636378718,0.3100748887582316,0,-0.07801418439716312,-0.1764478504924204,-0.12723101744479176,,,
11260520,면목2동,2024,⑦ 일반,0.1720223518725039,-0.9298056570770902,3.6544997747204544,-0.3518175079103436,886920.29,-3.2977883514062056,0.4397163120567376,1.654846335697402,0.3298994490086234,1.1496948470450337,0.2369551473461309,0.3739606722633681,0.2982624761485024,0,-0.23877068557919623,-0.13402910826526843,-0.18639989692223233,,,
11260540,면목4동,2024,⑦ 일반,0.1956836508333387,-2.25916848541389,3.287099261870662,-0.3040679174827372,826007.0,3.8767074919207944,0.1347517730496454,-2.36406619385342,0.3045016118526983,0.983347098921931,0.2128339649089159,0.3405860141761583,0.2669632053202019,0,0.24349881796690306,0.11880272932002287,0.18115077364346296,,,
11260550,면목5동,2024,④ 잠재 후보,0.2174891495841796,0.17389323250031896,2.565535853608493,0.060635445868943094,692418.31,9.26026131699822,0.607565011820331,11.111111111111116,0.3182649262565453,1.172570332043935,0.236113832864469,0.446232403096772,0.309508751236581,3,-0.13475177304964536,-0.47486359001938305,-0.3048076815345142,,,
11260565,면목본동,2024,⑤ 성숙·정체,0.208774633359825,-0.7529666829633214,4.8349858282671745,-0.521755537560117,1586764.32,2.0919653238528513,0.8132387706855791,3.546099290780136,0.4119894716089795,1.2370084631993423,0.2714949420700902,0.4063115569277296,0.3430458427664115,2,-0.3853427895981087,-0.3558927991215981,-0.3706177943598534,,,
11260570,면목7동,2024,⑦ 일반,0.191719714571504,-1.3227260534290408,3.266386393021882,-0.761730792905897,758018.71,-26.797379113418586,0.1891252955082742,-13.238770685579201,0.3195441708529414,1.0883788264445096,0.2155553161804828,0.3116091289212946,0.270023128108781,0,0.15839243498817968,0.05495053387561202,0.10667148443189585,,,
11260575,면목3·8동,2024,⑤ 성숙·정체,0.2548007697409942,-1.409513847768279,5.4288615485942024,-1.0214054495795066,1831882.23,15.035257810209313,0.7399527186761229,8.037825059101655,0.4565027590292289,1.1466237285028529,0.2466732956640429,0.3916262771544301,0.3103601824413866,2,-0.07328605200945626,-0.22810437744389545,-0.15069521472667585,,,
11260580,상봉1동,2024,⑤ 성숙·정체,0.2353384163819072,-1.4089235468742718,3.7197493096807364,-0.3689203592743695,746672.63,4.684442298181279,0.817966903073286,1.6548463356973908,0.4509267954466099,1.143578175636113,0.2773685155671658,0.4180195660890477,0.3427447146639333,2,-0.2364066193853428,-0.5004313580495894,-0.3684189887174661,,,
11260590,상봉2동,2024,⑤ 성숙·정체,0.399897470173487,-0.15645784636476034,9.293599603241262,-0.5777686691202533,3756439.0,-1.4000299681580897,0.9408983451536644,4.491725768321531,0.5548832830539199,1.2822570111787266,0.2869459674745089,0.4644334958820756,0.3671125355178112,2,-0.014184397163120588,-0.1849741745375506,-0.0995792858503356,,,
11260600,중화1동,2024,⑦ 일반,0.1257167248315476,-2.3984944728408593,3.8935050983642006,0.2754278248564619,622605.58,10.505409871115212,0.0685579196217494,0.47281323877068904,0.1170519364679112,1.1529917762711654,0.2515909601584594,0.2293249517359306,0.2901850200142755,0,-0.02600472813238771,0.2774136443592933,0.1257044581134528,,,
11260610,중화2동,2024,⑤ 성숙·정체,0.2219651244595267,-0.6796017038723595,4.302605336473174,-0.01241600198621473,1191253.81,0.7170421728405874,0.7470449172576832,-7.092198581560282,0.4130235512050999,1.0723776736375454,0.2861869106281047,0.4228489094030732,0.3517705311298913,2,-0.24113475177304966,-0.3560496565941761,-0.2985922041836129,,,
11260620,묵1동,2024,⑥ 쇠퇴 주의,0.1738604138494731,-2.493458210876409,3.82096841098634,-0.5500014909886066,1412279.93,2.6518228989212522,0.1040189125295508,-21.276595744680847,0.2959161667877149,1.0099516380308418,0.202062449559513,0.3108180547202486,0.2508866238461862,1,0.11111111111111112,0.23010431021926436,0.17060771066518773,,,
11260630,묵2동,2024,⑦ 일반,0.2341302749940171,1.3025492106353898,5.433018364206959,-0.38310998850862443,1620067.78,4.434196841445104,0.640661938534279,-1.6548463356973908,0.3579260159266509,1.1274029387469986,0.2640903722289096,0.4157898713601294,0.331543941558817,0,-0.0685579196217494,-0.12644392905560597,-0.09750092433867769,,,
11260655,망우본동,2024,④ 잠재 후보,0.1847155080400676,-1.0116825766464914,5.535681086136897,-0.07596704477701,3541514.53,2.652563532835539,0.5508274231678487,-1.891252955082745,0.4066280728587734,1.0546899306992583,0.2739273349442318,0.3516778750370291,0.3287672573447603,3,-0.2600472813238771,-0.03187007719628476,-0.14595867926008094,,,
11260660,망우3동,2024,⑤ 성숙·정체,0.2100795994801353,-1.56395323011371,3.431962331314585,-0.3394877121408526,418117.06,-6.190671694725259,0.735224586288416,-13.002364066193861,0.4732777120208316,1.0484311614023123,0.2611605860814568,0.4090043279813278,0.324808780129422,2,-0.2907801418439716,-0.45797340145429283,-0.3743767716491322,,,
11260680,신내1동,2024,④ 잠재 후보,0.176881172559809,-0.39632172910590846,3.1512005380495527,-0.4422027863788429,2132190.23,6.277975760445642,0.4988179669030733,5.437352245862886,0.3779121802654248,1.1144691681087175,0.2152176782155549,0.4029521600210601,0.2808439319635786,3,-0.2505910165484634,-0.27132981524430555,-0.26096041589638447,,,
11260690,신내2동,2024,⑦ 일반,0.1890885852466234,-0.7353416731498919,2.5478499905826775,-0.7968155763976599,735187.71,-7.133649480837223,0.3049645390070922,2.127659574468088,0.2275258310648881,1.1940275119410406,0.2274642179001795,0.3873466862853589,0.2915441067064973,0,0.01654846335697402,-0.17700245369903533,-0.08022699517103066,,,
11290525,성북동,2024,⑤ 성숙·정체,0.1749915678385838,-0.5937540673038894,5.615821340569181,-0.18423414881219813,2117892.34,1.3562422591695489,0.8037825059101655,1.654846335697402,0.5525205507481276,1.1113495982610655,0.2595871460461826,0.3584014926582609,0.3159694966696985,2,-0.5815602836879433,-0.28008582344571054,-0.43082305356682693,,,
11290555,삼선동,2024,④ 잠재 후보,0.24857688679855,0.9687968571838401,10.507421250335476,-0.6792181303664293,1954911.82,2.273808889038076,0.5200945626477541,-6.14657210401891,0.3535791386318266,1.1556873291767678,0.2343410185456904,0.3848369298800476,0.2989308178338813,3,0.12293144208037832,0.2666352951721511,0.19478336862626472,,,
11290575,동선동,2024,⑤ 성숙·정체,0.4377965914128044,-2.1546538564802766,19.315657083272598,-1.4946905602699907,2614599.43,-3.873878751382809,0.950354609929078,1.1820330969267268,0.6113430535460073,1.2022892460351289,0.2854612073182665,0.4803491309380741,0.3626216963881313,2,0.004728132387706863,-0.009596316090215495,-0.0024340918512543164,,,
11290580,돈암1동,2024,⑦ 일반,0.103263913716905,-0.8467775760563095,2.357474632328848,-0.3551354088619796,532236.48,0.37801368242245115,0.0330969267139479,-0.9456264775413802,0.0766395967704178,0.9981328993311706,0.1815772756482947,0.3410521958114905,0.2378684566809929,0,-0.01182033096926714,0.06405947139031742,0.02611957021052514,,,
11290590,돈암2동,2024,⑦ 일반,0.171224005410476,0.33485041111621094,1.9421545248371708,-0.21255965581419445,304227.08,-5.81709983848544,0.0851063829787234,0.23640661938535007,0.2420416388297719,0.9376771102987193,0.2108898588908617,0.3238837062318445,0.2603275436147872,0,0.10401891252955082,-0.04719169103559544,0.028413610746977694,,,
11290600,안암동,2024,⑤ 성숙·정체,0.457378231160235,-1.3649470987188883,21.17380656537051,-0.6070707213398236,1666837.84,-3.3172374224979095,0.8108747044917257,0.23640661938534313,0.7225874961056479,0.95528776169596,0.196788136643031,0.3957089092524999,0.2583395197812577,2,0.15130023640661938,0.1488409353187008,0.1500705858626601,,,
11290610,보문동,2024,⑤ 성숙·정체,0.2574866772005191,-0.9230897025608586,14.015640838700325,0.5617168171094953,955067.71,5.744385091665638,0.7328605200945626,-4.964539007092206,0.4335230157369868,1.1590315825157786,0.2365664373900949,0.4176869006027278,0.3062544889870804,2,-0.05910165484633567,0.15339540407605357,0.04714687461485895,,,
11290620,정릉1동,2024,⑦ 일반,0.2069336894442993,-0.4808130344658518,3.060557203447106,-0.5441590297504608,540431.33,-2.392091356862014,0.2955082742316784,-15.60283687943263,0.3684594974162339,1.0131293284750014,0.2043016731930798,0.3900784677842725,0.2681287515960325,0,0.12056737588652483,-0.08934713679092018,0.015610119547802323,,,
11290630,정릉2동,2024,⑦ 일반,0.1933674446698399,-2.754504183254458,5.628513417664833,-0.6452061153663244,998984.56,3.2090674544701825,0.4066193853427896,1.18203309692671,0.3740779107517482,1.103875679648084,0.2210066874503456,0.3716504302476989,0.2820105605254922,0,-0.04018912529550828,0.11944696536811089,0.03962892003630131,,,
11290640,정릉3동,2024,⑤ 성숙·정체,0.2734516873161701,2.3321200351105684,7.797626340372438,-0.8598719594132875,830161.99,-0.14479907641137268,0.8676122931442081,7.801418439716312,0.615214161869969,1.128119203114207,0.2520008338679331,0.3726563854414972,0.3141325553651565,2,-0.13238770685579204,-0.18040850167501377,-0.1563981042654029,,,
11290650,정릉4동,2024,⑦ 일반,0.1833052720610453,-1.0437271892150601,4.349854848196829,-0.10081765287342837,1003139.4500000001,-1.7080780838102938,0.4940898345153664,-4.728132387706857,0.3234515043830934,1.137980227761744,0.268031237307522,0.3615727712909261,0.3253108798095109,0,-0.20803782505910162,-0.09598556911252282,-0.15201169708581222,,,
11290660,길음1동,2024,⑦ 일반,0.1545965119060139,-1.5865794722641406,3.083058689840595,-0.05512514306135996,1216750.11,4.481883851946122,0.1962174940898345,-14.657210401891248,0.2396917684555372,0.9951328893118108,0.2375341417796562,0.4088055522072032,0.2993423255583995,0,-0.0591016548463357,0.017052648090260275,-0.021024503378037712,,,
11290685,길음2동,2024,⑦ 일반,0.1907679690366371,-0.17858475887577996,3.586871095377147,-0.4169746023032874,1890771.6,-3.3149312245785545,0.3309692671394799,15.602836879432628,0.3086472552827844,1.120796233235588,0.2594425780799638,0.3226111753545184,0.3106209855596318,0,0.004728132387706863,-0.0371304045802382,-0.016201136096265667,,,
11290705,종암동,2024,⑦ 일반,0.1753314697091904,-3.03504464994859,7.115468775085568,-1.0619248342672725,1431413.21,3.5433900742112945,0.1654846335697399,-25.531914893617024,0.3770511917194603,0.9106723401638138,0.2055642838524766,0.3537331085083995,0.2591793132860202,0,0.066193853427896,0.4766954612169899,0.27144465732244294,,,
11290715,월곡1동,2024,⑦ 일반,0.1731112585994712,-3.7413417872491,5.045723733751354,-0.09351996044497035,2192171.15,20.053862407076338,0.1796690307328605,-16.07565011820331,0.3212993273792926,1.0687818886273577,0.2232496223004686,0.30032905363782,0.2722510960286716,0,0.03073286052009455,0.29663428680268444,0.1636835736613895,,,
11290725,월곡2동,2024,⑤ 성숙·정체,0.2395207852216343,-0.4898214743088797,5.402537750714216,-0.5432485452335927,1374868.69,0.8395788393244619,0.7186761229314421,9.219858156028371,0.5217671361013013,1.0734348521634722,0.2260466669291283,0.3958685800045088,0.2892464829835374,2,-0.12056737588652489,-0.21393678643855107,-0.16725208116253798,,,
11290760,장위1동,2024,① 레전드,0.2543561551573045,-1.0028123590378801,3.38450238801506,-0.4774106941374945,1107208.26,5.239296234945878,0.9125295508274232,5.437352245862881,0.5271253213143422,1.1419625020294442,0.2814275331221957,0.474138743727182,0.3561956650499422,6,-0.2505910165484634,-0.6423873707326364,-0.4464891936405499,,,
11290770,장위2동,2024,④ 잠재 후보,0.1555255151798111,-1.1943243726450392,2.9914940125895995,-0.4601447383538706,865824.23,-2.2725753571020246,0.4822695035460992,4.2553191489361595,0.4310678418780238,1.1679417281041995,0.2055202165534682,0.3366814597422223,0.2651056682129688,3,-0.34042553191489355,-0.29506571207690496,-0.3177456219958993,,,
11290780,장위3동,2024,⑦ 일반,0.1503204399513667,-7.19702816408341,2.353737035323631,0.05317609978003901,479378.53,-21.665485005507513,0.0094562647754137,-28.132387706855788,0.1478331723114755,0.7198024887656248,0.1577613242629565,0.3271602585789981,0.2051494775940443,0,0.11583924349881795,0.08296079683596069,0.09940002016738933,,,
11290810,석관동,2024,⑤ 성숙·정체,0.2415048311002084,-0.5726989895156992,5.932920792175851,-0.25560402680081484,1357451.63,9.203084638921833,0.9054373522458627,3.5460992907801248,0.5576177740958688,1.126836698601818,0.2695622769640693,0.4584378724105792,0.3447291818002932,2,-0.2907801418439716,-0.36752266030273495,-0.3291514010733533,,,
11305534,삼양동,2024,⑦ 일반,0.1681808528056682,-2.7494457983439498,2.8455186560727874,-0.39994233129154466,698579.5,11.594146154570284,0.2198581560283688,4.255319148936171,0.2079388436254083,1.207832208478909,0.2315711221324745,0.3425427986577852,0.288664471243188,0,-0.04728132387706857,-0.04687237403784747,-0.04707684895745802,,,
11305535,미아동,2024,⑦ 일반,0.1929830149391249,-5.226048472464251,5.315508536925181,-1.0894773672184073,1589958.88,-5.023341446023222,0.408983451536643,7.5650118203309695,0.4128834862771709,1.0630834597453378,0.2294723449867294,0.3490341119925777,0.2862112493645764,0,-0.047281323877068515,0.09338621670980246,0.023052446416366973,,,
11305545,송중동,2024,⑤ 성숙·정체,0.2906208661583278,-2.092676538150412,6.494882385272424,-0.7206993904326788,2652050.95,0.22538297983174527,0.8652482269503546,-2.8368794326241065,0.4971999103417455,1.1912932684567232,0.2767792303689879,0.4054615706704298,0.3449011104161001,2,-0.08983451536643028,-0.26335249235319824,-0.17659350385981426,,,
11305555,송천동,2024,⑦ 일반,0.1788294533252327,-1.197556691595969,4.265827975170413,-0.7178835681522377,2409725.16,2.8302136550304446,0.2860520094562648,-9.692671394799051,0.298902499092586,1.1468537040549054,0.2243406914997806,0.3441347054099364,0.2836787845244916,0,-0.011820330969267157,0.1002039147143513,0.044191791872542074,,,
11305575,삼각산동,2024,⑦ 일반,0.166689719896907,-1.9940003556665586,2.5711699368169483,-0.2604581105993984,644638.0599999999,-3.4880338590579485,0.3569739952718676,-3.546099290780141,0.3053602364995558,1.1401647799923895,0.2286943101242769,0.3751060383397673,0.2932238510457345,0,-0.19858156028368795,-0.22190290522447426,-0.2102422327540811,,,
11305595,번1동,2024,④ 잠재 후보,0.2778473023234897,-1.594029816108672,8.39306746873247,-0.4846397286616302,2130664.75,13.807254336591757,0.5059101654846335,-2.6004728132387744,0.3694154501213365,1.1288522124890823,0.2362202359934254,0.3742911370973698,0.2986170124431549,3,0.2364066193853428,0.21683864968124322,0.226622634533293,,,
11305603,번2동,2024,⑦ 일반,0.1496026240352948,-2.3209944876018103,2.5089174899622226,-0.1398181332319628,647155.2,1.5537512789643992,0.2222222222222222,-29.550827423167846,0.5329816073066016,0.8639243460063444,0.2007108426563154,0.2914211413875468,0.2503024344610557,0,-0.1016548463356974,-0.10136914165350183,-0.10151199399459962,,,
11305608,번3동,2024,⑦ 일반,0.1266281008810182,-0.13245236271842986,1.5850462497920894,-0.36087636259948197,789823.01,7.248661773130749,0.210401891252955,-35.697399527186775,0.2566292851720893,1.1962841654119931,0.2128689337502813,0.3227569704424113,0.2672079001601211,0,-0.16312056737588654,-0.2032928865136186,-0.18320672694475257,,,
11305615,수유1동,2024,⑦ 일반,0.1302224958892948,-1.3481018312427788,3.8487690765494165,-0.09346118920159308,738675.91,1.4218246536445767,0.2316784869976359,-0.47281323877068904,0.24778508584615,1.1961292433491866,0.280357717044139,0.2525918813286753,0.3220073845415855,0,-0.17494089834515367,0.10718407224407023,-0.03387841305054172,,,
11305625,수유2동,2024,⑦ 일반,0.1711490571722851,-1.8251642841070004,3.8099765353006685,-0.8624032223300144,1141382.62,-0.9223381889100102,0.5342789598108747,0.9456264775413725,0.3773435612993201,1.202919683467797,0.2256743639481332,0.3595299420416636,0.284995442817633,0,-0.3475177304964539,-0.20726474180139604,-0.27739123614892497,,,
11305635,수유3동,2024,⑤ 성숙·정체,0.3546051932853699,-2.83351811137495,13.518262911568357,-1.6963085712653783,3127508.71,0.18392115040277712,0.9243498817966904,-2.6004728132387633,0.5766917987190424,1.1458614863210406,0.276777253889627,0.4640862798254954,0.3514218102322244,2,-0.03309692671394804,-0.04520296236541066,-0.03914994453967935,,,
11305645,우이동,2024,⑤ 성숙·정체,0.1758874398614592,-1.1176051564200318,2.8198516218135397,-0.5818589452198051,2781952.05,2.203980868848432,0.9290780141843972,-2.6004728132387633,0.6598398200515426,1.0411854878731277,0.3432108979617778,0.3552685140122336,0.3912921876169655,2,-0.6926713947990544,-0.7584619004403214,-0.7255666476196878,,,
11305660,인수동,2024,⑦ 일반,0.1913697753428105,0.7923119002768791,3.26930833125637,-0.8535856639363906,1096913.67,-8.997089826418748,0.4893617021276595,11.347517730496449,0.3725777089087735,1.2102201681002536,0.2167557882338478,0.3501105968881478,0.2778151286330942,0,-0.1442080378250591,-0.24291620449732781,-0.19356212116119345,,,
11320511,창1동,2024,⑦ 일반,0.2600012985343901,-2.3636573925090443,4.783789524766214,-0.7693264570080656,1287753.98,-4.066035738131446,0.5981087470449172,-2.127659574468088,0.3719442167206252,1.1914080821553772,0.2349923269387094,0.3838944272869299,0.2987088805269279,0,0.08747044917257685,-0.1478717802202727,-0.030200665523847925,,,
11320512,창2동,2024,④ 잠재 후보,0.17688856579368,-2.133238273555238,3.9970943401734718,-0.00988722264009878,1793520.34,33.13289618137616,0.5366430260047281,5.9101654846335725,0.3657577257195059,1.0963809716237525,0.2603297218514393,0.3791274888765827,0.3211224547421474,3,-0.2860520094562648,-0.1764534525450125,-0.23125273100063864,,,
11320513,창3동,2024,⑦ 일반,0.140973977855252,-1.317792555056199,1.8515158954922128,-0.05876847943533203,476472.82,5.918453965625292,0.3947990543735225,-6.14657210401891,0.3292967836907515,1.0525357240723827,0.2475730530675699,0.397373934500653,0.3102902991305358,0,-0.30260047281323876,-0.3711023719090675,-0.3368514223611531,,,
11320514,창4동,2024,① 레전드,0.2127041640794009,-0.4181057126447285,2.5405800734685804,-0.0908413410608171,3111849.96,11.207123365526229,0.9361702127659576,0.7092198581560405,0.5794095764330291,1.28754636212602,0.264453998017282,0.4464778853158925,0.343037661435574,6,-0.48463356973995275,-0.8105777957043461,-0.6476056827221495,,,
11320515,창5동,2024,⑦ 일반,0.2194664842057717,-0.8964704063480211,4.449795782747374,-0.8074546808351677,1286066.66,-1.917718844584726,0.4515366430260047,0.23640661938534313,0.3641769325072102,1.1605739414545002,0.2420873320490328,0.3358444968585533,0.297591878232993,0,0.035460992907801414,-0.03921436814448814,-0.0018766876183433645,,,
11320521,도봉1동,2024,④ 잠재 후보,0.1203849915056311,-1.5879391722880485,1.4846134919021579,-0.23197670180740038,2403468.66,-5.584838255408975,0.5910165484633569,-17.021276595744684,0.4104528187276294,1.0348384277224911,0.3216140805032769,0.3099801686393059,0.3659603881608612,3,-0.5555555555555555,-0.5862772119704659,-0.5709163837630107,,,
11320522,도봉2동,2024,④ 잠재 후보,0.1785573103779769,-0.3709305851347905,1.8133002303365353,-0.3433752189625816,1462538.28,50.38150094166174,0.4869976359338061,13.947990543735218,0.4529614441096549,1.107658387008065,0.2077167235965795,0.3478763124605144,0.2645229997129118,3,-0.21749408983451535,-0.46567062171579665,-0.341582355775156,,,
11320660,쌍문1동,2024,⑦ 일반,0.2281112390017322,-0.2860496510135896,2.9234016254120254,-0.14095841817289312,820334.77,2.2425630973335275,0.3995271867612293,3.0732860520094607,0.3559647895176357,1.0790234724774534,0.236744570303239,0.375603635649565,0.2945328190325807,0,0.13947990543735223,-0.21469306353848053,-0.03760657905056415,,,
11320670,쌍문2동,2024,⑦ 일반,0.1907184897976084,1.1615442672674585,3.800664579833979,-0.7978852499509341,1298727.34,0.9844261919301767,0.5153664302600472,8.037825059101655,0.3033841542095692,1.229272509855445,0.2569138783222048,0.3526563172255507,0.3128626832228494,0,-0.18203309692671393,-0.19072188049701405,-0.186377488711864,,,
11320680,쌍문3동,2024,④ 잠재 후보,0.1933638689365555,-2.50270639594731,4.181304598777849,-0.4524467840124027,950381.85,1.4731494185639793,0.5626477541371159,0.9456264775413725,0.466503511223336,1.0774302258893094,0.2207103347175403,0.3691895157755619,0.2823673919693162,3,-0.19858156028368795,-0.18350083470583628,-0.19104119749476212,,,
11320681,쌍문4동,2024,⑦ 일반,0.1377926521738683,-0.40457492592124167,1.684026124782955,-0.16496042817068868,502770.11,-3.9086927705264007,0.0874704491725768,0.7092198581560307,0.1805586604407695,1.0830223498264209,0.2032335026019574,0.3221906757800685,0.256965870954904,0,-0.009456264775413711,-0.07562210794034935,-0.04253918635788153,,,
11320690,방학1동,2024,③ 급성장 신흥,0.1969452595540539,-1.1315070724000509,3.9714699433304803,-0.7095161535885524,2157226.7,4.200915736570776,0.5933806146572104,9.219858156028371,0.4344227215934669,1.10873026781817,0.2384782930280734,0.367385381489522,0.3007447656790422,4,-0.20803782505910162,-0.23793037769038572,-0.22298410137474367,,,
11320700,방학2동,2024,⑦ 일반,0.1452257163296326,1.4246992354779913,1.9843285630087069,-0.35207682367447957,615635.95,2.1888245251605154,0.0141843971631205,-0.94562647754137,0.1247342122487084,1.076270832565721,0.1397542068704114,0.1891694528052445,0.1728332037853432,0,0.09219858156028368,0.028469631272898394,0.06033410641659104,,,
11320710,방학3동,2024,⑦ 일반,0.1539933734921495,-1.7130558107314093,2.104466443880606,-0.4931622565973277,945660.6,0.21847626681610333,0.5815602836879432,1.891252955082734,0.4293289876515485,1.1089062647079546,0.2641121866262461,0.3312175526987578,0.3164070650691148,0,-0.4491725768321513,-0.5175792410339148,-0.48337590893303306,,,
11350560,월계1동,2024,⑤ 성숙·정체,0.2859452034284858,-2.3417060801313507,7.099498673253104,-0.3901510305122171,1661888.19,-1.7666093649259862,0.8817966903073287,-3.782505910165479,0.5910225807391586,1.0790969466913576,0.2518620068869568,0.4504955892116269,0.3230000519258142,2,-0.11583924349881802,-0.24435593201348982,-0.18009758775615392,,,
11350570,월계2동,2024,⑦ 일반,0.1500763644974586,-2.211333417261871,3.4068704372371714,0.29293268380169035,664416.52,-5.1953307892239735,0.0638297872340425,-13.947990543735228,0.2741023565994402,0.9513559905457314,0.169200559880321,0.3129758138219358,0.2219410624887428,0,0.0591016548463357,0.20868206110718968,0.13389185797676267,,,
11350580,월계3동,2024,⑦ 일반,0.1262290857915948,-1.61495366006775,2.4166804542842057,-0.23959892042003972,1455230.87,-0.6497987958740681,0.6217494089834515,11.34751773049646,0.4220965551991524,1.2029955491795143,0.233264869424327,0.3539342695380747,0.2916494155662088,0,-0.5768321513002365,-0.5103750014005132,-0.5436035763503748,,,
11350595,공릉1동,2024,② 라이징스타,0.2343896892894984,-1.55316834444639,9.192820547446647,-0.776424426531559,2938346.6,-1.0316116213431537,0.7423167848699763,-3.309692671394804,0.4862591673179823,1.0576504563993292,0.2590170408696124,0.398309404477792,0.32026891477316,5,-0.1678486997635933,0.006498381006800891,-0.0806751593783962,,,
11350600,공릉2동,2024,⑤ 성숙·정체,0.285143375853227,-1.3439379204020385,8.978741153924737,-0.9330474881151325,2674643.76,4.231783657265398,0.7044917257683215,-0.9456264775413725,0.4785991585310041,1.1096904544915924,0.2225100042116845,0.4121730816538813,0.2896166254437778,2,0.05200945626477538,0.03958410361556475,0.04579677994017006,,,
11350611,하계1동,2024,① 레전드,0.1312468105430084,-1.2835405309648884,4.3419771004764565,-0.15023625559534004,3008696.66,8.289756528818359,0.9030732860520094,2.36406619385342,0.7882894187350991,0.9419592442991064,0.2883318956776891,0.3307465207790092,0.3310005161402354,6,-0.8439716312056738,-0.5073386888956113,-0.6756551600506425,,,
11350612,하계2동,2024,⑦ 일반,0.2088774406961637,-0.6168042814116204,1.799123672422457,-0.3387924591853575,401110.27999999997,-11.119158167769406,0.0591016548463357,0.4728132387706897,0.0253694371500218,1.178605054502919,0.2226234490214344,0.3236072121691883,0.2770352647011234,0,0.37115839243498816,-0.04014430887477172,0.16550704178010822,,,
11350619,중계본동,2024,⑦ 일반,0.1079600328218096,-1.1515634412783096,2.410887126991232,-0.11827680435132626,1331496.18,-0.14762969703354667,0.2505910165484633,-5.9101654846335725,0.2206178043231738,1.1047974585236795,0.2410869615533459,0.3958292491786606,0.3040051964329894,0,-0.2222222222222222,-0.14158627721197042,-0.18190424971709632,,,
11350621,중계1동,2024,⑦ 일반,0.1072520177057743,-2.0387561843160484,2.3555926395497964,-0.5331302437205587,1115641.54,1.4081132086893877,0.1820330969267139,-3.78250591016549,0.1841134193313029,1.0198552383343642,0.2469654978056456,0.4161133208405172,0.3085971832354064,0,-0.15602836879432624,-0.08724636706889406,-0.12163736793161015,,,
11350624,중계4동,2024,⑤ 성숙·정체,0.1768986585689679,-0.5471409637565816,3.025404176508537,-0.721297739392972,1067844.1,-0.35995555666489265,0.7304964539007093,-3.3096926713947927,0.3969776126545101,1.1636239984545078,0.2675808127800192,0.4012525804391715,0.3329045419285196,2,-0.4775413711583925,-0.533813989445733,-0.5056776803020627,,,
11350625,중계2·3동,2024,⑦ 일반,0.180045017681125,-1.397776012742491,3.959208853531029,-0.5938914283968937,1436786.29,-25.255117595740074,0.6170212765957447,-2.127659574468088,0.4489398114129891,1.1253713173099495,0.2848343763079492,0.2985676506019327,0.3324508673787577,0,-0.3404255319148936,-0.266310376121811,-0.3033679540183523,,,
11350630,상계1동,2024,⑤ 성숙·정체,0.1974492769751641,-2.0357209632265394,2.29403649140252,-0.3629486429890516,2137729.29,-0.7016903887683501,0.8534278959810875,1.891252955082745,0.5083893514401728,1.0968576775085117,0.2892079623443049,0.4140820556409672,0.3530886817264035,2,-0.4657210401891253,-0.7681198391090496,-0.6169204396490875,,,
11350640,상계2동,2024,⑤ 성숙·정체,0.3450798335524264,-2.054165434277111,11.154300469327657,-1.4813822387130706,4878742.97,0.8547344339022933,0.9267139479905436,-1.654846335697413,0.5384142413661659,1.2383439178118216,0.2811645268580011,0.4407494287478535,0.3550744676981164,2,-0.04255319148936165,-0.11154807121329258,-0.07705063135132711,,,
11350665,상계3·4동,2024,④ 잠재 후보,0.1453868761156247,-1.085591206573791,2.038093341171592,-0.14981536823997876,1210983.3,-2.007185132949807,0.6099290780141844,-1.1820330969267157,0.411162515158458,1.00766410606491,0.259091630923184,0.4258882921673116,0.3238111444363969,3,-0.5011820330969267,-0.56490538133172,-0.5330437072143233,,,
11350670,상계5동,2024,④ 잠재 후보,0.1688457752322782,-1.2898484831722596,3.567562524980232,-0.11896953187440706,870638.42,-3.1941862501693286,0.5460992907801419,12.056737588652483,0.3199593510983283,1.1834337413369311,0.2390114646685088,0.4046092756897203,0.3101124489214341,3,-0.37115839243498816,-0.25463009646734563,-0.31289424445116687,,,
11350695,상계6·7동,2024,⑦ 일반,0.2951245703043078,-1.4678349742323848,7.345810955790495,-1.287451443357333,4580352.83,11.41640169849345,0.1560283687943262,-2.8368794326241122,0.2622797461234424,1.116223238023757,0.2207256279510756,0.3072246759866138,0.2726533097069097,0,0.6335697399527187,0.5074787402104131,0.5705242400815659,,,
11350700,상계8동,2024,④ 잠재 후보,0.2137900590133619,-1.6765329634122388,2.509900124646227,-0.4391341958448298,1077842.49,0.6162939134582768,0.491725768321513,-8.747044917257679,0.2941443210168839,1.3465810447160245,0.2090045205063704,0.3558131692929109,0.2721270143605729,3,-0.03309692671394798,-0.3685030195063471,-0.20079997311014755,,,
11350710,상계9동,2024,⑦ 일반,0.1769107441728428,-1.3285850595391198,2.8170990921141397,-0.025788176390623807,616150.14,0.7275119116815443,0.1725768321513002,-1.4184397163120588,0.1945256011448027,1.187542720717987,0.2188849223107576,0.3491493018167773,0.2761519129361326,0,0.08274231678486996,-0.004330386653669915,0.03920596506560002,,,
11350720,상계10동,2024,⑦ 일반,0.2596879661229121,-1.8375046586281363,7.235718239745902,-2.0509014434004236,678403.42,-9.30605915757866,0.1749408983451536,-4.9645390070922,0.2521585324989412,1.0140645015371827,0.2367038104765353,0.3708998824430262,0.2926895530301543,0,0.5035460992907801,0.47908753767380363,0.49131681848229186,,,
11380510,녹번동,2024,⑦ 일반,0.1432051251024317,-2.2089187528164604,5.004683575501254,-0.594885662004959,2054370.6400000001,0.43055228275445945,0.2576832151300236,0.7092198581560349,0.3772513111438298,1.1621132002609071,0.19865425254687,0.2917034173711463,0.2490827142149492,0,-0.1631205673758865,0.2162504341590759,0.0265649333915947,,,
11380520,불광1동,2024,④ 잠재 후보,0.2195261319593199,-0.44076924936072015,3.152281534867752,-0.2090956059475726,1310526.98,0.5443198600273869,0.4680851063829787,0.23640661938533758,0.3911154015657855,1.082041127331455,0.2357309743880865,0.3702706169258193,0.2955702097221437,3,0.021276595744680826,-0.23822728647776548,-0.10847534536654233,,,
11380530,불광2동,2024,⑦ 일반,0.1762269435009522,-1.148448786847961,4.05408264950485,-0.526449741597693,1211211.3699999999,1.3568815940141254,0.4349881796690307,0.23640661938533758,0.3295694031796713,1.1854146470532,0.2477422067850276,0.3386415746344128,0.3043390267380886,0,-0.19621749408983452,-0.0676896014699786,-0.13195354777990656,,,
11380551,갈현1동,2024,⑤ 성숙·정체,0.3386039401381421,-1.3506464296450582,10.359526389671588,-1.2271792198930864,1864428.09,-2.777217872773996,0.8723404255319149,1.654846335697402,0.4550111028746162,1.222696239911338,0.272903732167551,0.4387301197827584,0.3451036786698609,2,0.004728132387706863,-0.08798023595845517,-0.04162605178537415,,,
11380552,갈현2동,2024,⑦ 일반,0.2184603049433717,-3.1680947782705804,6.217812763925071,-0.3878321161083438,1086245.8,-1.720619171631299,0.4728132387706856,-4.255319148936165,0.3708261802049293,1.0888142670370378,0.2463283693215164,0.3697769594543338,0.3047827268900364,0,0.007092198581560294,0.09353747212978836,0.050314835355674326,,,
11380560,구산동,2024,⑦ 일반,0.2100617762120074,-1.6175606820556214,3.3117376437392085,-0.32980542025327564,1009156.63,7.026710505526101,0.392434988179669,18.43971631205674,0.3598038154165637,1.1732187258495086,0.2170092567839604,0.346140214664535,0.2746687722007896,0,0.049645390070922,-0.13177148107066428,-0.04106304549987114,,,
11380570,대조동,2024,④ 잠재 후보,0.2482039967369769,-0.39881406551630083,5.291639682332531,-0.8596510804242072,3890868.66,4.591815813869093,0.5602836879432624,5.673758865248235,0.4065394455639866,1.0809342145047882,0.2610529560370088,0.3606255437846918,0.3186098464399446,3,0.08037825059101655,-0.06028368794326244,0.010047281323877055,,,
11380580,응암1동,2024,② 라이징스타,0.2357421407682183,-1.34255569293035,4.788542522286865,-0.5575475200364295,2483347.27,1.418106725592616,0.7588652482269503,11.111111111111105,0.4545819438603209,1.1997699170296907,0.2350966937605308,0.3978266689612029,0.3047407916414001,5,-0.1749408983451537,-0.3062586131558603,-0.240599755750507,,,
11380590,응암2동,2024,⑦ 일반,0.156299858071309,-1.1168625080619194,2.3995595735120405,-0.13525753570213972,603306.13,8.63674016885756,0.2529550827423167,3.7825059101654817,0.2299928569378535,1.1348975111183564,0.2515666378763724,0.3587386649682998,0.3110487277065515,0,-0.10638297872340424,-0.14868967989871487,-0.12753632931105957,,,
11380600,응암3동,2024,② 라이징스타,0.2268296533134119,-1.778245158675179,4.601771269657635,-0.6763604210451168,1907848.41,11.147567652432254,0.851063829787234,4.491725768321508,0.4827701261526627,1.2278052718137633,0.2713964982419674,0.3855602587372469,0.3365431164733632,5,-0.3144208037825059,-0.41978420893415347,-0.3671025063583297,,,
11380625,역촌동,2024,② 라이징스타,0.2228667856156675,-1.0352727079265294,4.770632035214854,-0.7928931919500339,1680440.86,4.204250296491829,0.7872340425531915,-1.1820330969267157,0.5194286512399029,1.128855575054868,0.2339183039533819,0.4026639252238044,0.3004044301307835,5,-0.27186761229314427,-0.33936674397499245,-0.30561717813406836,,,
11380631,신사1동,2024,⑦ 일반,0.2359196525615839,-0.9395334982295611,4.962566666226445,-0.17845844395509936,1102477.28,4.316721517418798,0.6430260047281324,6.619385342789597,0.4072008044266558,1.1838362418043245,0.2338059139697123,0.3848177212739516,0.2984387815765444,0,-0.05673758865248235,-0.17146202368547842,-0.11409980616898038,,,
11380632,신사2동,2024,⑦ 일반,0.1460869561059828,-0.3828912257756417,3.0185618471225997,-0.2350039537489228,462430.81,-2.985206859143452,0.0496453900709219,1.89125295508274,0.2148039346215889,0.94356646677163,0.2024149528238923,0.2952386045933736,0.2586326851081639,0,0.06382978723404255,0.14229773789116335,0.10306376256260294,,,
11380640,증산동,2024,⑦ 일반,0.1655313370071863,-1.5655203240368705,2.8037606203286316,-0.09947417658387314,521292.72000000003,-10.647899023893947,0.1323877068557919,4.72813238770685,0.3123875977711847,1.015832713141238,0.1998596401500704,0.3308412963980003,0.255276538868254,0,0.023640661938534285,0.03348907039539287,0.028564866166963576,,,
11380650,수색동,2024,④ 잠재 후보,0.138388456804386,1.1419554511336498,3.1923864526679218,-0.11297550046283078,939656.6,23.229862635699906,0.4042553191489361,29.314420803782497,0.3696903336711257,1.0894390573527497,0.2306896211277627,0.3683762677477221,0.2907127113241179,3,-0.3238770685579196,-0.16965816275083187,-0.24676761565437572,,,
11380690,진관동,2024,⑤ 성숙·정체,0.1861613639119325,-2.1162079719576203,4.3840169153359545,-0.5297340355971061,4980361.03,3.343278967130514,0.8912529550827423,1.6548463356973908,0.5900141926613371,1.052305930364855,0.3544575381507641,0.3322338168789021,0.4006640017495486,2,-0.5910165484633569,-0.48603968494056216,-0.5385281167019595,,,
11410520,천연동,2024,④ 잠재 후보,0.1673879638890206,-1.116620967041579,2.7070505153205198,-0.4581658654908547,721586.83,-0.31714397658251237,0.6312056737588653,-10.401891252955075,0.3988805266125538,1.2671005866989755,0.2137489297506256,0.3715170921380236,0.282736954907667,3,-0.46335697399527187,-0.48428624247924446,-0.47382160823725816,,,
11410555,북아현동,2024,⑦ 일반,0.2067468911088779,-0.2096597259050509,9.566174151840817,2.5953544669276356,917616.37,-7.84785723678374,0.6288416075650118,13.711583924349885,0.3350016109412589,1.1481896277932333,0.2877200697635864,0.3870179988265809,0.3493257050289461,0,-0.21513002364066197,0.12945223129754735,-0.04283889617155731,,,
11410565,충현동,2024,⑤ 성숙·정체,0.2593852435619785,-1.2811118195257376,8.122102836099305,-4.519491827721621,2702183.59,-3.526157494279414,0.7446808510638298,8.274231678486998,0.7567261966502098,0.9782188316909776,0.1237289203114519,0.3994604024672214,0.1942888374003092,2,-0.0685579196217494,-0.031410708883734983,-0.04998431425274219,,,
11410585,신촌동,2024,⑤ 성숙·정체,0.4828407301305082,-1.3774882900002061,27.160272144556203,-2.3993785372234946,7151866.74,-1.1266604392905721,0.8463356973995272,-1.4184397163120588,0.6259062769016698,1.034154764235175,0.235969929328265,0.4112932819004384,0.3004314443701066,2,0.12765957446808507,0.13707662487535432,0.1323680996717197,,,
11410615,연희동,2024,③ 급성장 신흥,0.3004455408011452,-1.1085931911078983,12.578288070198717,-1.091132810657017,3043517.67,3.0551986342629345,0.6784869976359338,6.85579196217494,0.5072994946321198,1.0477596193172278,0.250093263505746,0.3664867407253124,0.3071995551954082,4,0.12056737588652489,0.17933290757733633,0.1499501417319306,,,
11410620,홍제1동,2024,⑥ 쇠퇴 주의,0.2197559280579738,-0.1289464545923602,4.360659092212456,-0.41533467839949445,1409114.51,9.572803126799712,0.3664302600472813,-3.3096926713947985,0.3899131794485763,0.972002467900896,0.2314562003939732,0.3926108535474801,0.2929727553469747,1,0.1252955082742317,0.036413341848453296,0.0808544250613425,,,
11410640,홍제3동,2024,⑦ 일반,0.1291831236744989,-1.2385321547624089,4.5343975331430935,-0.337967099360144,1330003.37,11.857183834494588,0.0780141843971631,-0.9456264775413712,0.1732822656535952,1.1166739097415368,0.2150594315090634,0.2685101501657084,0.2589942996022943,0,-0.02600472813238771,0.34141709522368996,0.15770618354565114,,,
11410655,홍제2동,2024,⑦ 일반,0.3008441216677676,2.2646231045585887,2.553941310772589,0.1629673101047695,439474.86,-9.700954987059795,0.5295508274231678,-19.385342789598113,0.2897038229770401,1.148336500141737,0.2422221752294005,0.4400016336531127,0.3127084567039033,0,0.27186761229314427,-0.39921907386866545,-0.06367573078776059,,,
11410660,홍은1동,2024,⑦ 일반,0.1201797480232447,-2.410760223509499,2.3640277809335664,-0.4691220484592993,506564.69,-9.36367324790236,0.1205673758865248,-18.20330969267139,0.2762601268738008,1.0086318428533447,0.2357769752994719,0.3048325019462896,0.2849152994977262,0,-0.08747044917257682,-0.021041309535813915,-0.05425587935419537,,,
11410685,홍은2동,2024,⑦ 일반,0.1925522281070352,-0.21450300920121956,4.561905696921655,-0.625259737014658,1326077.3900000001,-3.6686853243528272,0.3640661938534279,-9.45626477541371,0.4264886827495408,0.956640545554359,0.2303953965822861,0.3704963421413307,0.2868412311677971,0,-0.009456264775413725,0.06484375875320714,0.027693746988896706,,,
11410690,남가좌1동,2024,⑦ 일반,0.1187527780657987,-1.2377567083938197,3.4524856111294375,-0.026709157841046327,948627.27,20.490900569285998,0.1276595744680851,-1.18203309692671,0.2149810617540175,1.1571498030561511,0.2222494396662711,0.3050880560171863,0.2736824352500492,0,-0.09692671394799053,0.15196127861248362,0.027517282332246547,,,
11410700,남가좌2동,2024,⑦ 일반,0.2597306494849679,-0.257306103981203,7.99433197103208,-1.5990244524803927,1184757.53,7.087407698201109,0.4609929078014184,5.67375886524823,0.4175015822978419,1.0651380185100834,0.2309480488580961,0.3611622868123454,0.2901152440213518,0,0.21985815602836878,0.24042889314644889,0.23014352458740883,,,
11410710,북가좌1동,2024,⑦ 일반,0.1285861305213254,-1.2805231023145098,2.2013962641626583,-0.3336659931153054,531355.04,-3.7530031504267702,0.1418439716312056,2.8368794326241105,0.2274356724074613,1.000519812203294,0.2185841994611984,0.3918488729082315,0.2764024555049453,0,-0.0921985815602837,-0.06838425599139526,-0.08029141877583948,,,
11410720,북가좌2동,2024,⑦ 일반,0.2702602291311601,0.9551881693690589,4.86704899003678,-0.8079926335728773,1725975.23,1.2901700733897625,0.4278959810874704,-35.224586288416084,0.329630140339284,1.1564357508601466,0.2330229897653284,0.3738706755709484,0.2959343112707427,0,0.2931442080378251,0.03181965872295606,0.16248193338039058,,,
11440555,아현동,2024,⑦ 일반,0.2652963234196556,-2.2988432923053805,6.058038132980262,-0.3163038971192673,1503393.6400000001,6.340263346969066,0.0945626477541371,-0.23640661938534036,0.2144976301075729,1.23249294829763,0.177927810179242,0.2732334044580845,0.2282377315997953,0,0.6146572104018913,0.4575700536676638,0.5361136320347775,,,
11440565,공덕동,2024,⑦ 일반,0.2457529707154686,-1.3954125029202902,6.472402566066584,-0.799239163044632,2357148.5,-3.7293068062543178,0.6997635933806147,-4.018912529550822,0.5011280910738455,1.129452318360658,0.2014543303727869,0.4088812042204207,0.2729425293554921,0,-0.07328605200945626,-0.10023752702990374,-0.08676178951968,,,
11440585,도화동,2024,⑤ 성숙·정체,0.2336845309731354,-2.49803480183336,9.036908942376218,-1.1725548069189902,1963605.71,7.353443471690491,0.83451536643026,18.43971631205673,0.5558394386738025,1.2241635110599427,0.1629580421086258,0.4626999511086914,0.2446490281504129,2,-0.27186761229314416,-0.08806986879992829,-0.17996874054653622,,,
11440590,용강동,2024,④ 잠재 후보,0.1731252301081945,-2.137424837909199,4.93922671204628,-0.5311927497259434,1560189.57,3.548631748863862,0.6595744680851063,0.7092198581560183,0.5257795578422023,1.14292362078554,0.1906214065183595,0.3751488299153691,0.2570414338947197,3,-0.44680851063829785,-0.1903801552888978,-0.31859433296359785,,,
11440600,대흥동,2024,⑦ 일반,0.3302739810689919,-0.6676317691362565,16.93664528515638,-2.1296708271951807,2065050.5699999998,-0.641372382239136,0.1111111111111111,1.1820330969267199,0.2966642793514329,1.0986105157681112,0.1721049637022474,0.3085676998296486,0.2245256407690747,0,0.7541371158392436,0.8035808320168509,0.7788589739280473,,,
11440610,염리동,2024,⑤ 성숙·정체,0.2782548003346914,-2.053273599481237,7.7322937238656655,-0.8021427908089285,1389252.45,2.3999860896949388,0.8841607565011821,-3.782505910165468,0.591175516320043,1.1025880194843116,0.2371101887180594,0.4593193523164539,0.3128342515200927,2,-0.13947990543735234,-0.2040659697713243,-0.17177293760433832,,,
11440630,신수동,2024,⑦ 일반,0.1954610794030198,-0.5824702562438999,6.378439654858678,-0.4666559077414023,979027.37,3.088181818966751,0.1465721040189125,-2.6004728132387718,0.4036818687619811,0.9178844446485735,0.1694680130683622,0.3600713319542586,0.2259990792928384,0,0.2293144208037825,0.4387359528531254,0.33402518682845395,,,
11440655,서강동,2024,⑤ 성숙·정체,0.504326575026758,-2.5049644039023766,31.130903710701734,-2.2157686615297685,2663013.28,-0.660812691890289,0.9598108747044918,0.23640661938534313,0.6492555132443246,1.1665615510953338,0.2995632849149311,0.4819083920024519,0.379202162464238,2,0.01891252955082734,0.028340784063280777,0.02362665680705406,,,
11440660,서교동,2024,① 레전드,0.5827131093171165,-0.2370659661699026,36.82368726043614,-2.3595223988948106,17841511.099999998,0.05960501226998094,0.9716312056737588,-0.9456264775413614,0.665769167271514,1.1697685595563034,0.3244083045322105,0.4771493109437635,0.3998135103605879,6,0.023640661938534313,0.02599912607979571,0.02481989400916501,,,
11440680,합정동,2024,⑤ 성숙·정체,0.4136849764710807,-6.930248564489211,22.84860408543536,-1.9339406262252226,2610559.48,-0.14082023031343205,0.9574468085106383,2.3640661938534313,0.5238993567554279,1.6418468139013411,0.2449971485270294,0.4047105106142587,0.3271143249073922,2,-0.01891252955082745,0.00700816779267921,-0.00595218087907412,,,
11440690,망원1동,2024,⑤ 성숙·정체,0.3611780864627752,-1.1016530141926162,19.276434413297874,-0.40168515785876835,2254606.12,6.932866333393006,0.8014184397163121,-0.23640661938534313,0.4243344188031239,1.1668936646389734,0.2857196974083839,0.4011081809825058,0.3509544992717406,2,0.09456264775413703,0.136970185876105,0.11576641681512101,,,
11440700,망원2동,2024,⑦ 일반,0.265187091106176,-1.944779653503459,13.510265397676523,-0.2904012360181767,1428603.69,-1.7031059178705843,0.3026004728132387,-3.3096926713947985,0.3227829000001549,1.0761691557528434,0.2436998791938956,0.345071539754303,0.2989364484272855,0,0.4042553191489362,0.5741767783715953,0.48921604876026575,,,
11440710,연남동,2024,⑤ 성숙·정체,0.6354008100971866,-0.6318191781969462,36.8508156493753,-2.390437212947134,2261450.27,-2.180095676847804,0.9976359338061466,-0.23640661938534313,0.8816629092642724,1.2455230195449245,0.3685210035570916,0.5538243638466255,0.4544444689976102,2,0.0023640661938534313,0.0023640661938534313,0.0023640661938534313,,,
11440720,성산1동,2024,⑦ 일반,0.2717552278551394,-5.0002408484073,10.16068152658381,-0.6365017051436066,1264778.25,-4.812883505763854,0.3829787234042553,-52.00945626477541,0.3563060248817855,1.2589039590407969,0.2123808008626359,0.3045725187305465,0.2675006557734781,0,0.3498817966903073,0.39901179792275887,0.3744467973065331,,,
11440730,성산2동,2024,⑦ 일반,0.2519636959661663,-0.43364766514705777,7.369292171848281,0.6021620335342694,3533880.92,8.841609000281014,0.3782505910165484,-22.695035460992912,0.3947476447692494,1.0417271854377803,0.2426878625377783,0.3447382996906522,0.300128768367543,0,0.2742316784869977,0.2876261862346364,0.28092893236081706,,,
11440740,상암동,2024,④ 잠재 후보,0.324695225743995,-0.7052957013158778,8.410038762832544,-0.873697240193259,3501372.09,1.0289532059555073,0.574468085106383,-2.6004728132387633,0.641604818972007,0.972029703802774,0.1482837551236515,0.3828709359139695,0.2138424438682784,3,0.2813238770685579,0.1506503983059393,0.2159871376872486,,,
11470510,목1동,2024,⑤ 성숙·정체,0.2233410136166364,-2.2268470309353776,5.9887055285049495,-0.9292465229203914,4576428.39,-4.631023858963356,0.7612293144208038,1.4184397163120588,0.3930722911072182,1.1512251181690805,0.261852644805005,0.4417343786577985,0.333071317992074,2,-0.2434988179669031,-0.21383594949189377,-0.22866738372939843,,,
11470520,목2동,2024,② 라이징스타,0.3234461627354764,-1.4562574222384994,4.512291685360681,-0.9573384608081676,1064623.33,-0.6328835394474486,0.8203309692671394,6.14657210401891,0.4387232903829962,1.105833759154272,0.2686832381299151,0.4620520975777385,0.3440285822497707,5,0.030732860520094607,-0.4032693578927319,-0.18626824868631864,,,
11470530,목3동,2024,⑦ 일반,0.2285862580911473,-0.42594047879730146,3.625060669868993,-0.5931500073674294,760468.1,10.51156094602037,0.3711583924349881,11.11111111111111,0.2831183881633758,1.156129320503475,0.2665711309815931,0.3366584897944505,0.3213199441844651,0,0.17257683215130026,-0.06784085688996444,0.05236798763066791,,,
11470540,목4동,2024,⑦ 일반,0.167162557219896,-1.2156405193198188,3.625013073235529,-0.521170516230721,1061424.31,3.8220040190735105,0.3853427895981087,2.127659574468077,0.2615052766696514,1.1012606641445908,0.2665809814814269,0.3986689201418359,0.3296996381627941,0,-0.2222222222222222,-0.08439492229953055,-0.15330857226087638,,,
11470550,목5동,2024,⑦ 일반,0.0846809046186253,-0.7021675395805893,3.144953406314825,-0.1828791851911853,2545848.21,5.665452379526981,0.1914893617021276,-1.8912529550827395,0.1544997006153175,1.0629892645040848,0.2505064254251089,0.4249670469770573,0.3175381791374119,0,-0.18203309692671393,0.031259453463749115,-0.07538682173148241,,,
11470560,신월1동,2024,⑦ 일반,0.1689899975684604,-0.4919978884310394,3.5012550289270026,-0.31141870508262315,915018.75,8.268441734189192,0.4444444444444444,8.983451536643022,0.2986450846644057,1.1021731231820004,0.2760331097065727,0.3725409496445788,0.3363071669387818,0,-0.2671394799054373,-0.15534491837809372,-0.2112421991417655,,,
11470570,신월2동,2024,⑦ 일반,0.1359764142969564,-1.2346967486758316,1.7624294609952276,-0.2556681654735724,481873.47,4.037618049471603,0.2411347517730496,-6.619385342789602,0.2484123281484509,1.1481340433912957,0.2395339990639497,0.3459474198317972,0.2976341639659319,0,-0.17021276595744678,-0.22454707404793114,-0.19737992000268895,,,
11470580,신월3동,2024,⑦ 일반,0.2042697522258704,-1.7266488272929288,2.491916404316193,-0.4650926298617115,598128.01,10.452817988300179,0.2671394799054373,-13.947990543735228,0.372282088657879,1.072428935896662,0.2161975470052578,0.3247570229504416,0.2673313798499047,0,0.14184397163120566,-0.14865606758316247,-0.0034060479759784046,,,
11470590,신월4동,2024,⑤ 성숙·정체,0.1860424950113683,-1.776634799396351,1.896483194417988,-0.20701077692081893,466699.1,0.8685104566827917,0.7706855791962175,-7.801418439716312,0.4752028917148647,1.158262620045568,0.2490454197132617,0.3923512319482012,0.3103049175641042,2,-0.4728132387706856,-0.7375102237459805,-0.6051617312583331,,,
11470600,신월5동,2024,⑥ 쇠퇴 주의,0.1773793289498243,0.4332280475134592,2.0917984952046766,-0.3965208416598065,600618.56,4.765911502681708,0.3522458628841607,15.13002364066194,0.385657187585305,1.068647670179105,0.2146279262006586,0.3618500583789859,0.2719333440766706,1,-0.09456264775413714,-0.2930041567230233,-0.19378340223858023,,,
11470610,신월6동,2024,⑦ 일반,0.174024609982518,-1.4320829348587083,2.197697582973992,-0.43980434139190105,413972.79,-2.1783432010129666,0.1394799054373522,3.54609929078014,0.2328944364947876,1.1400683490817587,0.2239071776902044,0.3020559722483739,0.2749769598741278,0,0.07801418439716312,-0.06838985804398733,0.004812163176587898,,,
11470611,신월7동,2024,⑦ 일반,0.171844159158141,-1.9737104880065304,2.4746121708128657,-0.4715016856667731,946357.99,4.077630005812938,0.2009456264775413,-5.6737588652482325,0.3007103489678353,1.1090718080109043,0.2223471496738544,0.3174317979805048,0.2744124557264712,0,-0.007092198581560294,-0.0872015506481575,-0.0471468746148589,,,
11470620,신정1동,2024,② 라이징스타,0.1707095719426166,-1.3613803890418996,3.2814766955322177,-0.38375407529689376,1096094.33,4.665117730771362,0.7021276595744681,6.619385342789597,0.3879985425214096,1.1794823034963615,0.2462344302787733,0.4182083076737822,0.3172612546798975,5,-0.5200945626477541,-0.45094282545124537,-0.48551869404949977,,,
11470630,신정2동,2024,⑦ 일반,0.1446084963340597,-0.97802060897966,3.082744545768823,-0.32058110408315965,819888.24,3.842347349464914,0.3120567375886525,0.0,0.2830557770456391,1.1051252240709522,0.2273400825420811,0.3906138654988769,0.2901001461296611,0,-0.2104018912529551,-0.10115626365500319,-0.15577907745397915,,,
11470640,신정3동,2024,⑦ 일반,0.2099315252822128,-1.9186693622597923,3.587534520047403,-0.4849953314600963,2225916.7,1.038822365795733,0.1773049645390071,1.1820330969267212,0.2157317148650892,1.0601817929344288,0.2338773276223582,0.3814708069033258,0.2933003633455538,0,0.2600472813238771,0.11890356626668011,0.1894754237952786,,,
11470650,신정4동,2024,② 라이징스타,0.2352455945131042,-0.7793257027442713,5.832801652306238,-0.947658691473543,2287963.28,7.313988278769834,0.7494089834515366,5.910165484633567,0.435251693899681,1.1759735410171734,0.251632848485409,0.3972504205797161,0.3165968557961716,5,-0.17021276595744683,-0.21623362800129964,-0.19322319697937324,,,
11470670,신정6동,2024,⑦ 일반,0.0822533766860637,-2.8823572902058006,2.2550110138343404,-0.3115137842065794,1168130.8800000001,5.188370859087299,0.1702127659574468,0.0,0.1370539782780132,1.1328728619251205,0.2047981532924162,0.4473892517526103,0.2776885823770483,0,-0.16784869976359337,-0.08964404557829989,-0.12874637267094663,,,
11470680,신정7동,2024,⑦ 일반,0.1408696173551758,-0.9590385542378482,2.75939946358159,-0.20137552784640844,1267562.76,0.9762497934570291,0.2056737588652482,6.85579196217494,0.2641002725383345,1.1078770342792268,0.2286222664947065,0.3424552657037619,0.2842928767818184,0,-0.11583924349881795,-0.05401499109273636,-0.08492711729577715,,,
11500510,염창동,2024,⑦ 일반,0.2853287570388577,1.2226358866544607,6.403750584626806,-0.41479803917263336,1468394.01,2.7757819374577997,0.0354609929078014,-11.347517730496449,0.326877831978254,0.8096581397527012,0.1595232867986155,0.2862488630703583,0.2050144006020099,0,0.7257683215130023,0.5593257369500184,0.6425470292315103,,,
11500520,등촌1동,2024,⑦ 일반,0.2858778440240941,-3.4472765835717176,6.581729054362418,-0.9610936365848968,1595435.32,4.0050808949177785,0.342789598108747,4.255319148936171,0.445486086996605,1.1337953605503688,0.1875725775116583,0.3073216464405676,0.2417391158299987,0,0.42080378250591016,0.26858480947419133,0.34469429599005075,,,
11500530,등촌2동,2024,⑦ 일반,0.2443460415499445,0.9155676308869681,3.934222614891857,0.6764092357967293,562666.9400000001,10.437177720935376,0.5791962174940898,17.021276595744677,0.4126254216281295,1.2182786683004234,0.2035916250495597,0.3703585052223477,0.2700581220075834,0,0.042553191489361764,-0.23085498526660164,-0.09415089688861994,,,
11500535,등촌3동,2024,⑦ 일반,0.2199166702511965,-0.9752371407575011,6.97553114216547,-1.4217672545543367,5487713.44,-1.786381559454575,0.1536643026004728,1.8912529550827424,0.3386838088180881,1.0378050369104463,0.1814049733677685,0.3373707234334844,0.2385434142986605,0,0.3404255319148936,0.4790371192004751,0.4097313255576843,,,
11500540,화곡1동,2024,① 레전드,0.3446098282858258,-2.621768069836228,7.576256082463286,-0.4175533715674966,2008787.3,0.05382758616223615,0.9101654846335696,5.673758865248213,0.5069469006292124,1.254414146715107,0.2777228397518889,0.4214789063436059,0.3457444066007949,6,-0.028368794326241065,-0.2324403661501574,-0.13040458023819923,,,
11500550,화곡2동,2024,⑦ 일반,0.1681088035373979,-2.2901997687270192,2.6924304360656213,-0.16212670372101057,455890.33,5.001205961781241,0.0827423167848699,-0.9456264775413697,0.2055586580526461,1.012709269105624,0.1971445095392076,0.3340145580513275,0.2514261939466335,0,0.08747044917257683,0.06180744624830538,0.0746389477104411,,,
11500560,화곡3동,2024,⑦ 일반,0.3013351773603103,-2.0910118602264713,6.387219784982142,-0.8811938589675181,1663593.92,3.15565948269243,0.6832151300236406,0.9456264775413725,0.40658060588981,1.1554357694863078,0.236529012736002,0.4173274883082453,0.3067344016872136,0,0.12056737588652489,-0.09553740490515727,0.012514985490683805,,,
11500570,화곡4동,2024,⑦ 일반,0.1908299787215466,-2.4785966376731388,2.680699162126969,-0.5688723547673367,697623.6,-1.7017949214293449,0.4018912529550827,0.4728132387706807,0.3235606503453971,1.0797317028335165,0.2632877420526911,0.3659029423697193,0.3222457102510889,0,-0.06382978723404259,-0.2620808264147984,-0.1629553068244205,,,
11500590,화곡본동,2024,⑤ 성숙·정체,0.2669515000190104,-1.2676158445206476,7.105585089089842,-1.151055116702259,1059330.64,0.3145047642755916,0.7777777777777778,5.6737588652482245,0.3834912097469077,1.1389626135334792,0.2718860826200395,0.4558884932376127,0.3455763467760092,2,-0.06382978723404253,-0.13796735123749349,-0.10089856923576801,,,
11500591,화곡6동,2024,① 레전드,0.3151647392705469,-0.9623785579323696,7.3071772915776485,-0.8551410401446073,1651621.21,-1.6312528338498278,0.91725768321513,1.1820330969267268,0.582711973081891,1.1416627106593695,0.2717186782965269,0.4446724120386235,0.3423856960392423,6,-0.08747044917257685,-0.25848991070328164,-0.17298017993792925,,,
11500593,화곡8동,2024,⑦ 일반,0.25309075229701,-2.2968333427342227,6.509969078306003,-0.8223987535307096,3912001.07,9.394736287463722,0.4113475177304964,5.437352245862881,0.2972916220121043,1.15885916534928,0.2389479482502241,0.386341706928525,0.3045087043463603,0,0.24349881796690304,0.195287553359551,0.21939318566322702,,,
11500603,가양1동,2024,⑦ 일반,0.3619516458428414,-0.8917180509902811,10.555060046716603,-1.7355047081300015,4997388.15,-6.971098731283554,0.6643026004728132,0.0,0.5462368459966332,0.9704984939278968,0.191080999057752,0.45313781354758,0.2653695519131563,0,0.23404255319148937,0.1247969255935375,0.17941973939251343,,,
11500604,가양2동,2024,⑦ 일반,0.2898966219812542,-5.7542650013096495,6.754676026572818,-0.7948689461456473,822190.58,-5.451572751530254,0.0709219858156028,1.18203309692671,0.1788129039880867,1.1868478755242664,0.1846473553791443,0.2559148935351041,0.2309958281166986,0,0.7021276595744681,0.5499310947531175,0.6260293771637928,,,
11500605,가양3동,2024,⑦ 일반,0.2930484197709821,3.586479228728401,3.238210988425519,-0.3956072135785176,595370.1,4.1589955475478835,0.0520094562647754,1.4184397163120601,0.2115368169994286,1.467271999065422,0.0876398550667273,0.187702043228878,0.1319444489892204,0,0.7304964539007093,0.18732703662621986,0.45891174526346457,,,
11500611,발산1동,2024,⑦ 일반,0.1354576744774508,-1.421282963758469,3.8634591557837625,-0.8206956085005137,2160957.49,2.0557560028489963,0.1182033096926714,-1.4184397163120503,0.105262657796851,1.217205632796559,0.2968310360025969,0.240920987353389,0.3366801055372752,0,-0.04964539007092199,0.22302891779548029,0.08669176386227914,,,
11500615,우장산동,2024,⑦ 일반,0.1778897016104917,0.09842540601910921,7.38213861381242,-0.11864251271585591,2256541.21,11.660466007594783,0.4657210401891253,7.801418439716312,0.3498084425226604,1.1273519315687597,0.2322820567500924,0.3858191424839605,0.2966390900927605,0,-0.20094562647754138,0.20252540530850505,0.0007898894154818314,,,
11500620,공항동,2024,⑦ 일반,0.2241839116116547,-0.32113927925474794,5.983565788132828,-0.16722870619695662,3785680.7800000003,10.99673782223971,0.3215130023640662,6.855791962174951,0.4059477254774444,1.1367386210068653,0.2004456578968847,0.3070732772780971,0.2535614339768695,0,0.20330969267139476,0.2235106943183982,0.21341019349489648,,,
11500630,방화1동,2024,④ 잠재 후보,0.2261617295709846,-1.0646750721082898,3.96123745694145,-0.5597213168373387,1649103.3599999999,4.488003080181691,0.458628841607565,-0.4728132387706807,0.3425719732372398,1.206462484324816,0.2385992654296144,0.3376282242276078,0.294961341925314,3,0.07565011820330969,-0.10554827288718588,-0.014949077341938094,,,
11500640,방화2동,2024,⑦ 일반,0.2156110936842667,-0.9319975278074294,6.302719776811595,-0.30338654818152655,4730855.1,6.778063319475636,0.5957446808510638,1.1820330969267157,0.4962381129179243,1.0365187218013938,0.225632297152939,0.3736278492083397,0.2855651737636496,0,-0.12765957446808507,-0.01991529696480787,-0.07378743571644647,,,
11500641,방화3동,2024,⑥ 쇠퇴 주의,0.1907155675129624,-1.1931538512580497,1.9539630614874088,-0.45699711079387884,921350.58,-2.452603731429348,0.4775413711583924,-20.803782505910167,0.4670817208105058,1.0455449011922555,0.2307577519417766,0.3333062342165599,0.2851660093488108,1,-0.14657210401891257,-0.43725701096881897,-0.29191455749386575,,,
11530510,신도림동,2024,② 라이징스타,0.2982821182307236,2.455464863346318,8.595002304203113,-1.1080734065389564,3293871.95,22.238146415270066,0.7754137115839244,15.839243498817968,0.3861816712123747,1.2074601962139353,0.2508508822109184,0.4441235549478559,0.3269211509792817,5,0.01891252955082745,-0.04081655518582006,-0.010952012817496304,,,
11530520,구로1동,2024,⑦ 일반,0.1494689229475785,-0.25286884827319944,2.708810330814854,0.10862921629949485,449849.51,0.40207520613526615,0.0898345153664302,4.01891252955083,0.1710986616128899,1.1484521227092952,0.1955934362265438,0.3191125586766881,0.2507884567344997,0,0.028368794326241134,0.05945458415963607,0.043911689242938604,,,
11530530,구로2동,2024,⑦ 일반,0.0938658114903156,-0.08772682250244024,3.821022063044959,-0.3103076897632113,2067079.14,0.1577295442477311,0.0047281323877068,0.0,0.1109609452463454,0.9944044652412194,0.0639285182294047,0.1169872027571234,0.0850847294893766,0,0.009456264775413711,0.3317647586075538,0.17061051169148375,,,
11530540,구로3동,2024,⑦ 일반,0.3763601358143476,-3.16886485521527,10.669952956519731,-1.1312155523796825,3323873.98,0.9430678189574548,0.2458628841607565,-2.3640661938534286,0.5212522991204441,0.9279491286872664,0.1438624698338782,0.3646217526619248,0.2076699892659726,0,0.6643026004728132,0.5503456466449307,0.607324123558872,,,
11530550,구로4동,2024,⑦ 일반,0.1710434122067988,-1.8047187276504395,3.0898130556289254,-0.5983411152742848,1783505.96,-1.5432251564825528,0.3617021276595745,0.9456264775413781,0.3330161862184182,1.1037331221949236,0.2568417313769022,0.3326734203783273,0.3098133632723589,0,-0.17730496453900713,-0.1460623172330342,-0.16168364088602066,,,
11530560,구로5동,2024,⑦ 일반,0.3073336292478756,-1.9535948031620176,7.757013624408826,-0.46199029327755703,5037223.33,0.069223297662524,0.6501182033096927,-10.401891252955075,0.4259386913153833,1.1211074397422591,0.2456147126992502,0.3911031689063285,0.3107549731292952,0,0.16548463356973986,0.03234625166661065,0.09891544261817525,,,
11530595,가리봉동,2024,⑦ 일반,0.2112112352931242,-1.6755400384016212,4.092802089093176,-1.6334853815479509,455470.35,-10.20994557303948,0.4846335697399527,-6.382978723404259,0.2452795886620165,1.111305541683876,0.2700834360229409,0.4390724578595776,0.3372430956093762,0,-0.037825059101654845,-0.11259565504800956,-0.0752103570748322,,,
11530720,고척1동,2024,⑦ 일반,0.1881343482033783,-0.21871983645807003,6.357350680640181,-0.7618960869485925,2886522.22,6.210277399865127,0.1300236406619385,0.7092198581560294,0.2617082494089815,1.0679940636132748,0.2419213311335028,0.2855736440594345,0.2877156540018342,0,0.1843971631205674,0.45291474796365394,0.3186559555421107,,,
11530730,고척2동,2024,⑦ 일반,0.1551091053795361,0.6871202462864906,2.0625260469037463,-0.23729732333390086,685566.13,3.3167661677176774,0.2245862884160756,-7.09219858156028,0.2592399210435486,1.0970166529970555,0.2541279328537476,0.3296224784532921,0.3062599236947512,0,-0.08510638297872339,-0.1771929234871657,-0.13114965323294453,,,
11530740,개봉1동,2024,⑦ 일반,0.1854873825621716,-1.692757428220082,3.977242911748688,-0.4574357298297058,1642867.47,6.83158428400521,0.293144208037825,-13.475177304964541,0.2886689715181515,0.9906362734042676,0.2597556733385261,0.391079608507846,0.3208927858136427,0,0.0,0.06467569717544508,0.03233784858772254,,,
11530750,개봉2동,2024,④ 잠재 후보,0.2308009129058039,-1.5418606482108994,3.616397002747746,-0.47004758214739617,910375.16,3.9610301768598477,0.6808510638297872,-1.4184397163120588,0.349640024382864,1.195252493903613,0.2507645181056835,0.424828309054345,0.3199781781983102,3,-0.12765957446808507,-0.38227286477765454,-0.2549662196228698,,,
11530760,개봉3동,2024,⑦ 일반,0.1635292145188777,-1.4892722292304095,2.4848509429253767,-0.5083175142148706,1544937.74,58.62720069586038,0.5271867612293144,5.200945626477537,0.281589256733801,1.2889775611279315,0.2400240279708917,0.3723531296843504,0.3042763902809066,0,-0.3735224586288416,-0.411073017153485,-0.3922977378911633,,,
11530770,오류1동,2024,⑤ 성숙·정체,0.3106676948447606,-1.742120671156172,5.058450678687614,-0.48327616282954455,1569342.77,-9.144731040533738,0.7825059101654847,6.619385342789597,0.4736492458695236,1.1716257490462136,0.2532665852997036,0.3877674265765243,0.3164682341600031,2,0.04018912529550822,-0.3014632561370486,-0.1306370654207702,,,
11530780,오류2동,2024,⑦ 일반,0.1828135167423216,-0.8636821678274509,3.0439897187368374,-0.4053836307797214,2251738.88,1.2165800800453486,0.3333333333333333,4.491725768321514,0.3158442178979914,1.1385988710417434,0.223348638282793,0.3620751691071367,0.2827712222162945,0,-0.049645390070921946,-0.1342812006319115,-0.09196329535141673,,,
11530790,수궁동,2024,⑦ 일반,0.1879353345781028,-1.27716975840525,2.32869353198799,-0.5499099136048438,993268.1,3.9322474337024405,0.442080378250591,-4.255319148936171,0.3569158047349633,1.1215805380203776,0.2066766536711993,0.4090209389366338,0.2763493401828744,0,-0.13475177304964542,-0.35203298488566215,-0.24339237896765378,,,
11530800,항동,2024,⑦ 일반,0.2252878035917395,0.21887492208824133,,,,,0.1252955082742316,7.328605200945621,0.583410956961139,0.4109838237480255,0.3629427732024474,0.191138022476576,0.3784668743653571,0,0.4042553191489362,,,,,
11545510,가산동,2024,① 레전드,0.2921142223944198,-1.6338105881614995,8.174670029457658,-0.871706668363025,3896215.98,8.958206541740887,0.9456264775413712,-2.127659574468077,0.7894507056456838,1.0496208748956015,0.3544674684522845,0.3032078073088941,0.3953761361077104,6,-0.16548463356973997,-0.22998666711483096,-0.19773565034228546,,,
11545610,독산1동,2024,⑦ 일반,0.1667938783407414,0.4949719777359224,6.319743132767283,-0.4772284061681882,2171110.71,10.748037093691408,0.0260047281323877,0.7092198581560301,0.1163524353171574,1.1682461813126592,0.1952613594034993,0.1283828960867989,0.2190266857413117,0,0.1347517730496454,0.5521943240003137,0.3434730485249795,,,
11545620,독산2동,2024,③ 급성장 신흥,0.1880035706665996,-1.9084617741397303,3.813364868467735,-0.5460657681378089,578892.94,-2.016492675410786,0.6146572104018913,5.910165484633567,0.3512379922644755,1.1470349562861766,0.2734317490243034,0.3858398893124497,0.3339344425457381,4,-0.30260047281323876,-0.28527332414596707,-0.2939368984796029,,,
11545630,독산3동,2024,③ 급성장 신흥,0.1779018332852238,-0.5058968896955812,3.66664761536397,-0.31684664630163706,704063.84,-7.428494733421931,0.6052009456264775,7.5650118203309695,0.3497269301640855,1.1651601289620257,0.2724241680314522,0.370590733438758,0.33191515543234,4,-0.3380614657210402,-0.2971440735885628,-0.3176027696548015,,,
11545640,독산4동,2024,⑤ 성숙·정체,0.261183560101751,-4.011605494440901,6.270227202258072,-0.6920475827019876,1012176.56,2.001828718879861,0.8865248226950354,-2.8368794326241176,0.4999008413732346,1.0385845395538482,0.2829430941748697,0.5132641424886726,0.3589517588453253,2,-0.1914893617021276,-0.31306510705522494,-0.2522772343786763,,,
11545670,시흥1동,2024,⑦ 일반,0.1673802115086042,-2.380465002928772,4.420652548945482,-1.0787912512410402,2182622.79,-7.36272845485243,0.3356973995271867,8.03782505910165,0.3291165835467259,1.1366700904604288,0.2330011561762067,0.3382075924116825,0.2900785916124042,0,-0.1702127659574468,0.07425520710788436,-0.04797877942478122,,,
11545680,시흥2동,2024,⑦ 일반,0.1449823241111033,1.496516147906568,2.0704604519158623,0.1173793396738727,570122.94,4.205025419172559,0.0732860520094562,-7.092198581560289,0.0798772877067562,1.256676144447156,0.1957697162249087,0.2927925844415281,0.2454072183009286,0,0.030732860520094565,-0.021153350587655315,0.004789754966219625,,,
11545690,시흥3동,2024,④ 잠재 후보,0.1776122926671915,-1.410473841253529,1.8933603272558417,0.11784745864699331,436196.95,-1.995054917192085,0.4208037825059101,9.456264775413704,0.3472433975118423,1.2074547232152184,0.2020728984875119,0.3715260030391499,0.2679488878261944,3,-0.15839243498817968,-0.3899980953021187,-0.2741952651451492,,,
11545700,시흥4동,2024,⑦ 일반,0.2007204500525779,-2.00608444848043,2.2361026262971606,-0.8074025933680709,538887.61,2.9702626165117874,0.4468085106382978,-8.983451536643033,0.3863961061847684,1.116035045262257,0.2195326912631374,0.3705604086971761,0.2798429929450796,0,-0.049645390070921946,-0.36860945850559645,-0.2091274242882592,,,
11545710,시흥5동,2024,⑦ 일반,0.1752042782208631,-1.2719460979246007,2.78166006956492,-0.5932578327836384,563649.03,-0.1445545807898463,0.3735224586288416,-4.255319148936171,0.3316186929597616,1.1112446155211737,0.2430571991612557,0.3524624546403689,0.3005184693057931,0,-0.1442080378250591,-0.21712435436343874,-0.18066619609424892,,,
11560515,영등포본동,2024,⑤ 성숙·정체,0.3879124008784115,-3.295427611861801,9.702434999808956,-0.18904285650145702,2636044.56,6.145174628712091,0.7257683215130024,-5.910165484633567,0.2953407143762529,1.1129224116840588,0.3446465544375401,0.4076004896370128,0.4028501587734202,2,0.19621749408983447,0.042004190335338865,0.11911084221258667,,,
11560535,영등포동,2024,③ 급성장 신흥,0.3204644651481462,-2.2378140051809714,11.548475488115294,-1.6812271019256375,9557402.370000001,1.2585759592792956,0.5035460992907801,-8.747044917257686,0.3322510879640198,1.1259281721649526,0.2757989121004273,0.350636883738477,0.3312728474819113,4,0.33806146572104023,0.3258377869651441,0.33194962634309216,,,
11560540,여의동,2024,③ 급성장 신흥,0.2758756959202006,-0.9262373717344563,12.403613875188055,-1.45008529889156,14448382.77,9.02858821371697,0.6666666666666666,3.3096926713947927,0.6819274428852159,1.0347390807366788,0.1302327766142286,0.3854752738891703,0.2004620390359236,4,0.07092198581560283,0.18404423380726698,0.1274831098114349,,,
11560550,당산1동,2024,⑦ 일반,0.2303434263924985,3.4085382022297606,8.587274407038354,-0.025084714360703586,2290568.47,9.526002938431954,0.0472813238770685,-1.4184397163120601,0.228896441668611,0.9429674153457056,0.2017557907119977,0.2814991407825966,0.2458234069839016,0,0.5011820330969268,0.6849461642745902,0.5930640986857585,,,
11560560,당산2동,2024,⑤ 성숙·정체,0.3638519320706859,-0.4793621809606796,11.899651224758657,-0.8498528913155745,2541955.09,5.609660943624273,0.8156028368794326,4.728132387706852,0.5461334938122417,1.144379696150999,0.1967669076214675,0.4463183905790625,0.2756814880604024,2,0.08510638297872342,0.01852038586938254,0.05181338442405298,,,
11560585,도림동,2024,⑦ 일반,0.1936617327069053,-1.7744345942664719,4.757765628947083,-0.4724818334103338,1077140.7,3.116163574980324,0.3498817966903073,22.222222222222218,0.292687182531176,1.227223444322266,0.2025663507804808,0.3714604684871376,0.269267248081402,0,0.021276595744680826,0.09324616539500075,0.057261380569840786,,,
11560605,문래동,2024,⑦ 일반,0.2385437708111268,-4.508590214394872,13.931325829167,-0.739822466907011,3136519.85,10.409155859882313,0.0401891252955082,-3.5460992907801394,0.3014693786825994,0.9912644706415222,0.1423575966912226,0.243311312499181,0.1796680099158173,0,0.553191489361702,0.8436971306286623,0.6984443099951821,,,
11560610,양평1동,2024,⑦ 일반,0.2710722960865985,-2.1605975500126995,4.767024619400305,-0.4934343099613345,1166271.3,3.7088008584450938,0.3286052009456264,4.728132387706852,0.3997710114375834,1.1037285302453184,0.1978956544993492,0.3384956971076161,0.2553015397917526,0,0.3995271867612294,0.1168924293861271,0.2582098080736782,,,
11560620,양평2동,2024,⑦ 일반,0.2560499440409562,8.533358902430882,7.16904373368085,-0.7000928675959139,1595816.74,3.957550378265884,0.2624113475177305,24.822695035461,0.4751137371991623,1.0577673471887226,0.1608946815869965,0.3189259262846005,0.2115413418116198,0,0.408983451536643,0.38450808376189033,0.39674576764926667,,,
11560630,신길1동,2024,⑦ 일반,0.233890146122642,-0.8470853816275492,5.413909195131194,-0.7183404401242921,1100307.52,3.230329158017331,0.3971631205673759,-14.184397163120565,0.3847034247643828,1.057052589230915,0.2273320238825715,0.3759152227373057,0.2886235399087829,0,0.17257683215130026,0.11231555241840607,0.14244619228485317,,,
11560650,신길3동,2024,⑦ 일반,0.1910485218414589,-1.6423150393316295,3.4671331870577844,-0.2293803551610778,675989.03,10.658980173534104,0.3687943262411347,9.692671394799046,0.2844856481001854,1.1647026927140969,0.256909771061979,0.3437820321243175,0.3127344951528763,0,-0.02600472813238769,-0.08680380491412049,-0.05640426652325409,,,
11560660,신길4동,2024,⑦ 일반,0.2347608791661762,-0.3442284506480209,2.859307242503977,-0.3467146424445873,463279.0,-7.838640165828736,0.2907801418439716,-17.021276595744677,0.3435200135890098,1.128057925135045,0.222738064030683,0.3194846777395363,0.2763898588317836,0,0.28605200945626486,-0.11542469160700478,0.08531365892463004,,,
11560670,신길5동,2024,⑦ 일반,0.1402897815501443,-2.4586771496885316,2.1418983778016885,-0.7028650161027756,429965.31,1.2444655133646343,0.0212765957446808,-4.9645390070922,0.2107944663170972,0.6925563697177095,0.2112047873606656,0.2536851000435206,0.2442457509936441,0,0.06382978723404255,0.04744378340223858,0.055636785318140564,,,
11560680,신길6동,2024,⑦ 일반,0.2506517737686172,-0.258507969962779,4.282318141766309,-0.4444885002647121,1256938.14,1.241806772717502,0.6713947990543735,11.111111111111105,0.3867151420502526,1.1194003639741144,0.2539841239491668,0.4225800663236913,0.3209751213023015,0,-0.023640661938534202,-0.28276920663731187,-0.15320493428792303,,,
11560690,신길7동,2024,⑦ 일반,0.255721558629267,-3.0828249053804435,4.908543287104831,0.08854423964048319,1047962.4400000001,11.858089009824258,0.5862884160756501,-14.657210401891252,0.4493617485878258,1.0813987741609885,0.2177094917508187,0.3961456114489965,0.2816787479293866,0,0.08274231678486998,-0.11946377152588705,-0.018360727370508534,,,
11560700,대림1동,2024,⑦ 일반,0.1926483756118642,-0.5375772553958796,3.318503365731493,-0.7152902466866937,1098010.94,-3.772776802802802,0.0969267139479905,-0.47281323877068904,0.3165294538133461,1.020953440335204,0.2086010194763504,0.2671288058248343,0.2512079424563532,0,0.2600472813238771,0.1661064614074597,0.21307687136566839,,,
11560710,대림2동,2024,⑤ 성숙·정체,0.1764649274631321,-3.174177874964068,6.231305900779669,-1.27564004967818,1663746.92,-9.200487294258085,0.7210401891252955,-10.874704491725762,0.4626282156166647,1.1161115416211145,0.2929755240188557,0.3309517605173127,0.3382030701907968,2,-0.47754137115839246,-0.15231980997837613,-0.3149305905683843,,,
11560720,대림3동,2024,⑦ 일반,0.1373880007393879,-2.4403162061537005,7.043337317928799,-1.1356179118269658,2609332.2199999997,-1.9729355173963015,0.0118203309692671,-2.1276595744680797,0.1754870006724825,1.073139768560744,0.1158847223458484,0.1780990506549495,0.1486632751125732,0,0.06382978723404255,0.6232507590781262,0.3435402731560844,,,
11590510,노량진1동,2024,⑦ 일반,0.2444476048377279,-0.23579372969206036,16.36663217348412,-0.4303463743160343,1938489.34,-1.497240522881027,0.5106382978723404,-1.654846335697402,0.0717331366351573,1.3414388416160865,0.3598147112133595,0.3449857078133945,0.4137577784605477,0,0.11347517730496459,0.39931430876273066,0.2563947430338476,,,
11590520,노량진2동,2024,⑤ 성숙·정체,0.2467033767001041,-0.7676805459605002,7.890290761959645,-0.5229502972548614,1964356.0,5.799081836862707,0.7092198581560284,2.127659574468088,0.0287186751555569,1.4705732093830208,0.3929578360958546,0.3669507352638967,0.4510809134694836,2,-0.07801418439716312,-0.01490706194749758,-0.04646062317233035,,,
11590530,상도1동,2024,⑦ 일반,0.2623519872328269,-2.2213549624804707,10.973789143786048,-1.3218615380253933,1692321.29,4.49379665804972,0.243498817966903,-30.26004728132389,0.3745492767311618,1.002210916875984,0.2156186104862547,0.3500771187785981,0.2703887971039465,0,0.4562647754137116,0.5645580540710116,0.5104114147423615,,,
11590540,상도2동,2024,⑦ 일반,0.2205852780502699,-1.836228345358812,7.248673006638265,-0.40944531748565094,1288439.0,3.2746201277841225,0.3002364066193853,-7.801418439716312,0.3326550757570054,1.0696339163497088,0.2234830158831251,0.3666593497989305,0.2824451623470249,0,0.19858156028368795,0.35616169764601746,0.2773716289648527,,,
11590550,상도3동,2024,⑦ 일반,0.1935024298448234,-1.235652741811888,4.899279419541858,-0.4335849369420517,741954.62,8.035127950245592,0.3073286052009456,-2.364066193853426,0.2703529873996761,1.189083155818592,0.2439314059580898,0.3292111758890105,0.2996311425019343,0,0.0614657210401891,0.15712637110237193,0.10929604607128052,,,
11590560,상도4동,2024,④ 잠재 후보,0.2133823444232414,0.4348829619557876,4.22331115265852,-0.4778622162712134,894325.06,5.521172496041715,0.5130023640661938,12.765957446808512,0.3510638259898814,1.1132955780324791,0.2469206847610136,0.38773825099615,0.3070755662351938,3,-0.05673758865248224,-0.12911610814202318,-0.09292684839725271,,,
11590605,흑석동,2024,⑦ 일반,0.2619425868548902,-1.1998675816052795,11.07752222513366,-1.6689915541699474,1609705.73,-0.8799717565883269,0.2174940898345153,2.1276595744680797,0.3926069498371367,1.1162854099015278,0.1700273843077512,0.3185038827831266,0.2259017471970652,0,0.4799054373522459,0.5929324504498449,0.5364189439010454,,,
11590620,사당1동,2024,① 레전드,0.4080630994993272,0.27687375829963945,13.450569038777092,-0.9626504511300809,2516761.7,5.084229247640759,0.9550827423167848,0.23640661938532093,0.6100779262432325,1.2574787723247474,0.2499578344508266,0.5275206035841541,0.3452447003856027,6,-0.023640661938534313,-0.08067515937839631,-0.05215791065846531,,,
11590630,사당2동,2024,① 레전드,0.2707182943189382,-0.79081972740494,7.341347785052959,-0.8084841671433844,2887255.94,3.079994627462801,0.9196217494089834,4.255319148936165,0.4821090347700992,1.277290921831724,0.2732891965169963,0.4604718587865481,0.3527827700225501,6,-0.19621749408983447,-0.2584843086506896,-0.22735090137026204,,,
11590640,사당3동,2024,⑤ 성숙·정체,0.2303435515046491,-1.1256311495658893,3.2529524167142663,0.05211889822286775,585140.13,7.314979408252853,0.7163120567375887,0.47281323877068626,0.4035953002536231,1.3422766518367872,0.2072700312370345,0.3774838341162574,0.2763890325547886,2,-0.16548463356973997,-0.47460589560014793,-0.320045264584944,,,
11590650,사당4동,2024,④ 잠재 후보,0.1926891249556538,-2.6372654367429806,4.5496742690536465,-0.5955720834405431,721471.2100000001,5.103165532116627,0.4231678486997636,14.657210401891252,0.165937762423794,1.477360891445131,0.2313570461490874,0.3401975630198552,0.2926641457326607,3,-0.06382978723404253,-0.00136690083246499,-0.03259834403325376,,,
11590651,사당5동,2024,⑦ 일반,0.2396308433770544,1.3621674922750597,2.618273777328563,-0.4458386677164685,508818.83,12.149611831892804,0.4326241134751773,15.36643026004728,0.3565909389316073,1.125534745610976,0.2195249045059871,0.3881123661184789,0.2850685050567595,0,0.16784869976359335,-0.2951833551813384,-0.06366732770887254,,,
11590660,대방동,2024,④ 잠재 후보,0.2311214246137437,-2.6504706681080292,8.066851631490465,-0.37903741596476337,2370533.62,9.328047572840624,0.5721040189125296,-1.6548463356973908,0.3782023819380505,1.0930095435171236,0.2304092122550747,0.4288983377204161,0.2991446255771586,3,-0.01654846335697402,0.1387964550211197,0.06112399583207284,,,
11590670,신대방1동,2024,② 라이징스타,0.2795462371128008,-1.50876335226805,5.127585807574511,-0.4211713690327903,1139172.16,8.920984308722657,0.7635933806146572,3.3096926713947927,0.4858289242191265,1.139287154595469,0.2522130063413402,0.3812551254145272,0.3130844102508064,5,-0.011820330969267157,-0.27781139009333017,-0.14481586053129866,,,
11590680,신대방2동,2024,⑦ 일반,0.2943300351561214,-0.8126729037170932,5.786779426724835,-0.4177300983233554,2435247.65,-0.5312614014913453,0.5177304964539007,-7.801418439716312,0.6179317841763606,0.9845579151268512,0.1912563883839625,0.3069831666259013,0.2404439339180172,0,0.26950354609929084,0.01307519074989083,0.14128936842459083,,,
11620525,보라매동,2024,④ 잠재 후보,0.3081999816724843,-0.7858507082988408,6.235566880374865,-0.8038214255563796,716459.8,-1.8011919167032042,0.6619385342789598,-4.491725768321519,0.4369655131391079,1.1160822342654844,0.2181822140069656,0.4295503691645218,0.2889212965366349,3,0.15602836879432624,-0.09084848688559488,0.03258994095436568,,,
11620545,청림동,2024,⑦ 일반,0.1893868312899332,-2.094463110877159,2.099689754678731,-0.05081014684551599,222540.02,-2.3839817453588097,0.2789598108747045,13.238770685579201,0.2353183899697644,1.141828215517701,0.2136868904419289,0.4134984066109349,0.2828909811445221,0,0.04491725768321514,-0.21734843646712157,-0.08621558939195322,,,
11620565,성현동,2024,⑦ 일반,0.1719906696423402,-4.165416227745319,3.0602742490296544,-0.5805146972915534,593780.77,-1.89426694684377,0.0307328605200945,-12.05673758865248,0.2104177664925884,0.7320170629213769,0.173367246998548,0.3383246909122899,0.2210164681449733,0,0.1678486997635934,0.17305860867421824,0.17045365421890582,,,
11620575,행운동,2024,⑦ 일반,0.3220687080234543,-2.093604546901612,10.865766321428334,-1.8777861846040071,1125561.57,-1.9286892321796256,0.6903073286052009,1.891252955082745,0.3810115068322204,1.2405587255665498,0.2414856774642878,0.3921158935728983,0.3106680309887255,0,0.15602836879432624,0.11064053869337731,0.13333445374385178,,,
11620585,낙성대동,2024,① 레전드,0.5127531739204086,-1.370079802348323,23.05785556655713,-2.504055247644935,2854723.06,-2.176766447009537,0.966903073286052,-0.23640661938534313,0.6500782964936651,1.2305737188887291,0.2763706638633122,0.5217752173445283,0.363653574024576,6,0.01891252955082745,-7.842873628893798e-05,0.009417050407269256,,,
11620595,청룡동,2024,⑤ 성숙·정체,0.3589225761432636,-0.41547606031983597,19.184670735538287,-1.4130741441268846,3291402.28,9.2496761405229,0.789598108747045,-5.200945626477537,0.4618643194098434,1.0975732628726127,0.2698479661585361,0.4195853017572965,0.336958810132301,2,0.10401891252955076,0.14642084859892657,0.12521988056423866,,,
11620605,은천동,2024,④ 잠재 후보,0.2786364735443185,-3.2030785885454827,5.269972729449693,-0.23528460306382115,1398945.0,3.577744835781904,0.624113475177305,-18.91252955082742,0.3993140615798677,1.0878664510260014,0.2580945973790732,0.4040183617328183,0.3215510277357414,3,0.1229314420803782,-0.12885281167019597,-0.00296068479490888,,,
11620615,중앙동,2024,⑦ 일반,0.336942516384231,-2.0043970312748516,9.63312231888259,-1.4768334716295186,944955.82,-1.9211188265838008,0.6572104018912529,-2.6004728132387744,0.4088013240024878,1.0768700349715328,0.2499824835711841,0.4287691350455782,0.3174779121198626,0,0.21749408983451546,0.10582277346419733,0.1616584316493564,,,
11620625,인헌동,2024,⑥ 쇠퇴 주의,0.310940882932663,-2.8766983036224603,10.763340291448962,-1.1762453193936455,1267848.05,3.3300131464080396,0.4633569739952718,-1.6548463356974075,0.312976590092565,1.1396636104228008,0.2487659690184831,0.3863491292146136,0.3122786856826198,1,0.36170212765957444,0.3352212250568608,0.3484616763582176,,,
11620630,남현동,2024,① 레전드,0.4204836244098603,-0.20189996906009866,12.15718893849928,-0.846669881996645,2343371.0,6.049850463742135,0.9432624113475178,-0.47281323877068626,0.5750544724717711,1.2290297133547472,0.275437569317962,0.4959156049313091,0.3595970367409077,6,0.0,-0.09966051561292055,-0.049830257806460276,,,
11620645,서원동,2024,⑤ 성숙·정체,0.5648345004391595,-1.6442100377971003,20.7705645376373,-2.659446873157872,2525660.48,-0.0038360770971523905,0.9739952718676124,-1.1820330969267046,0.6658274353197249,1.1526972954059205,0.3298126419376817,0.4949881458611012,0.4038434066463118,2,0.01654846335697402,-0.01664930030363121,-5.041847332859506e-05,,,
11620655,신원동,2024,④ 잠재 후보,0.2152642786599681,-1.2025326007067099,10.650496085252097,-1.0283615405112911,552526.0,-1.9833016143752547,0.6737588652482269,-6.382978723404253,0.369413439254056,1.1927886910413816,0.2647946838418595,0.3833700772823205,0.3279733629748025,3,-0.20803782505910162,0.12007999731101482,-0.0439789138740434,,,
11620665,서림동,2024,② 라이징스타,0.3054001418924597,-3.2548710550602045,8.467761260064059,-1.3628361555559216,547522.64,6.689077916147412,0.723404255319149,0.47281323877068626,0.4262790694339196,1.1174554854655254,0.2468786510329868,0.4295048517229187,0.3179509671201291,5,0.08983451536643017,0.006453564586064275,0.04814403997624722,,,
11620695,신림동,2024,⑤ 성숙·정체,0.4964221965697106,-2.2445636533277415,18.061218436045785,-2.560754705579214,2315650.14,-6.401293050506718,0.9078014184397164,1.8912529550827561,0.5283738882684652,1.140691683729971,0.2734404679960651,0.4713175312329545,0.3482537832089082,2,0.0685579196217494,0.018738865920473247,0.04364839277111132,,,
11620715,난향동,2024,⑦ 일반,0.1299094060869029,-1.1638575415187091,1.4838809994348447,-0.15073763929475392,258406.84,3.2492073016194167,0.0921985815602836,-2.36406619385343,0.2341516019150382,1.0299302158244492,0.1772469710437921,0.3584209826185102,0.2330846864982198,0,-0.03782505910165484,-0.08982891331383819,-0.06382698620774652,,,
11620725,조원동,2024,② 라이징스타,0.2337906700342439,-0.7632355459826407,8.769499780978762,-0.9288274299731594,2599108.68,-4.00251765123757,0.7659574468085106,67.61229314420805,0.307870174389221,1.6661545830238256,0.2044145353067176,0.3163145597833851,0.2745330165925874,5,-0.1985815602836879,-0.0266209539175154,-0.11260125710060165,,,
11620735,대학동,2024,⑤ 성숙·정체,0.457730403041569,-2.3919154207641515,11.369902029860553,-1.1470142863790382,2036879.82,2.906302537190153,0.8936170212765957,2.6004728132387633,0.5485298409861867,1.1415747921184247,0.2678310284459861,0.4439863905873739,0.337497784398756,2,0.07092198581560283,-0.06897247151356256,0.0009747571510201336,,,
11620745,삼성동,2024,⑦ 일반,0.1454147395501046,-1.5041196159469221,6.763976444562536,0.2343954230819607,709769.03,2.8475658955921634,0.2151300236406619,6.146572104018907,0.2124717178442852,1.2088451662615571,0.2403611229379343,0.3246024621539675,0.2952632867043629,0,-0.10401891252955084,0.4104623934209495,0.1532217404456993,,,
11620765,미성동,2024,⑦ 일반,0.1765407270029388,-1.1649327622612393,6.400824784552918,-0.5656495713476231,974441.14,3.284641514187281,0.3806146572104019,8.274231678486998,0.3305308788482879,1.1742878206521223,0.2208699232135844,0.3613535354789122,0.2813915396727095,0,-0.1347517730496454,0.21180240440097253,0.03852531567566357,,,
11620775,난곡동,2024,⑦ 일반,0.2125377458017726,-2.22540808446986,2.782410851352518,-0.42767906883284823,574276.8,2.190235368584892,0.1867612293144208,-5.437352245862881,0.2720204743553677,1.1053167965189574,0.2215663477722321,0.3308590213855348,0.2758972487612344,0,0.2624113475177305,-0.027993456802572453,0.11720894535757902,,,
11650510,서초1동,2024,⑦ 일반,0.2204868926705341,-1.8481646838700516,7.932108702085332,-0.5043243872992118,2728425.67,3.0280354832707523,0.2647754137115839,-5.910165484633567,0.4840290518286973,1.0617344557933457,0.1569336853946652,0.3161650329178521,0.213138434790307,0,0.23167848699763594,0.43190705074339236,0.3317927688705141,,,
11650520,서초2동,2024,④ 잠재 후보,0.3048329392727696,-3.0641342355559376,10.961499254489715,-0.9439612474621324,3357961.73,1.1189194931854773,0.4137115839243498,-2.8368794326241176,0.4651775825763978,1.127986862563329,0.1601964487849698,0.3683257637288469,0.2295382884199003,3,0.39716312056737585,0.38960595162067385,0.39338453609402485,,,
11650530,서초3동,2024,④ 잠재 후보,0.2245241839402004,-1.0759324440523383,6.674869335881587,-0.42303466288754965,9139561.53,9.718325764290391,0.5011820330969267,7.092198581560277,0.5803789148594642,1.0678685233502272,0.1552273447062252,0.3366552860636636,0.2151105890544621,3,0.026004728132387744,0.11730137922534822,0.07165305367886798,,,
11650531,서초4동,2024,⑦ 일반,0.430556839599123,-0.5770635085349807,23.979694287553386,-2.755991880999243,4510277.6,1.4785360918025736,0.3475177304964539,-8.983451536643027,0.3632132939162684,1.2180065046919384,0.2060086336610404,0.3083130015785015,0.2623087283701904,0,0.6052009456264775,0.6240462505462001,0.6146235980863388,,,
11650540,잠원동,2024,⑦ 일반,0.2536758375069762,-3.269939046554682,11.951503582252407,-1.4219202025724833,2252845.16,-1.0974842203207102,0.3167848699763593,4.9645390070922,0.4117438591171805,1.1950953704929057,0.1569932163860024,0.3297558352666789,0.2193407194726056,0,0.34042553191489355,0.5197080210189013,0.43006677646689745,,,
11650550,반포본동,2024,⑦ 일반,0.1034653507300476,-2.82262890160115,8.428478882747273,-0.9398072799132464,353214.98,15.540269326291734,0.6973995271867612,39.2434988179669,0.6135497905224219,1.3645502678942036,0.2020338165734556,0.1795541000992963,0.2353688754356004,0,-0.6737588652482269,0.030088624472006553,-0.3218351203881102,,,
11650560,반포1동,2024,⑦ 일반,0.3246343162343154,-1.851867675797353,10.096673154092757,0.11755936699449698,2248693.57,11.76053115284883,0.1158392434988179,0.7092198581560294,0.2443771194237582,1.1199331442109173,0.1954383007117258,0.3146374063397826,0.252043429973593,0,0.7375886524822695,0.6614119413353052,0.6995002969087873,,,
11650570,반포2동,2024,④ 잠재 후보,0.089992944247627,-0.69652257596413,8.032534891693249,-2.298509844307521,2305302.28,1.240621720006141,0.4373522458628842,4.728132387706857,0.1130331972745247,1.4672092632339735,0.2605827891719841,0.3551706326642036,0.3185047098214442,3,-0.425531914893617,0.2688088915778741,-0.07836151165787147,,,
11650580,반포3동,2024,⑤ 성숙·정체,0.1444661055832214,-1.2915882327797112,6.756634708041702,-1.3389133141896394,3149163.44,-1.3570671177289273,0.7281323877068558,9.9290780141844,0.4354822427034211,1.1564161890799436,0.2728014865191122,0.3637166884045671,0.3296445010130722,2,-0.6288416075650118,-0.10490963889168992,-0.3668756232283509,,,
11650581,반포4동,2024,⑦ 일반,0.1511965171679097,-1.6987361464778612,10.068621277344393,-0.4802039799800024,9524228.13,15.462077847752687,0.2293144208037825,0.0,0.323595823116151,1.0875430906293206,0.1936572887586525,0.3689111709126565,0.2547799009085489,0,-0.10165484633569741,0.5455670957838952,0.22195612472409887,,,
11650590,방배본동,2024,⑦ 일반,0.2009405541543518,-0.5973011683551688,3.8184397231377813,-0.5280621732799347,1097225.91,0.41325686890030244,0.4562647754137116,0.23640661938534868,0.35929762556644,1.0531581999223352,0.2564484438640524,0.3819179857298466,0.3161685193994867,0,-0.05673758865248224,-0.12451122091134192,-0.09062440478191208,,,
11650600,방배1동,2024,⑦ 일반,0.2716403206978786,1.2399280770309995,6.8899449640478405,-0.5412385536485056,1195729.29,-5.275894133412495,0.2033096926713948,0.47281323877068904,0.2748905514196922,1.1892336681918405,0.1934656396109955,0.3376274347055063,0.2554114063222201,0,0.5271867612293145,0.42702206088310757,0.47710441105621104,,,
11650610,방배2동,2024,① 레전드,0.3294309493801715,-1.6403779812909025,11.156272083315871,-0.6628893216479668,2231336.67,-0.5617693091906073,0.9810874704491724,0.7092198581560072,0.6787313244619518,1.2972990421700146,0.2592512790325177,0.5213131042429209,0.3551525461796689,6,-0.12056737588652477,-0.16355192542547592,-0.14205965065600035,,,
11650620,방배3동,2024,⑦ 일반,0.1634702796068536,-1.9665059834006322,3.0087787854568697,-0.37087201737503595,1017475.6,15.341433794945925,0.0803782505910165,4.01891252955083,0.2343641961155438,1.5139797108232165,0.102213093877483,0.162850186471724,0.1366553722808184,0,0.07092198581560283,0.10919520912462324,0.09005859747011304,,,
11650621,방배4동,2024,⑦ 일반,0.2081222693142835,-1.2347070208802409,4.454031153975212,-0.8756817161506776,1694477.82,-5.178182320472624,0.1442080378250591,1.8912529550827477,0.3291512219364567,1.0772271172781809,0.1827089313101764,0.3173565128581662,0.2365208402722712,0,0.27895981087470445,0.270483905302903,0.2747218580888037,,,
11650651,양재1동,2024,⑦ 일반,0.2909801589378252,-0.3399841829346717,6.425490741071885,-0.36103146284820387,4348280.33,-6.206789621623765,0.2080378250591016,7.8014184397163095,0.4010474993723611,1.0736604464343964,0.181887633397457,0.3078207522732816,0.2342416021959415,0,0.5697399527186762,0.38911857304516373,0.47942926288191995,,,
11650652,양재2동,2024,⑦ 일반,0.2011391902548606,-2.199985937430621,3.7615213971732917,-0.42078024606504094,7120254.0600000005,13.826096750805018,0.1583924349881796,1.6548463356973993,0.4794078968829492,1.0314708067778586,0.1472852583430408,0.2722972867483073,0.1940607321731542,0,0.24586288416075647,0.16151277828196248,0.20368783122135947,,,
11650660,내곡동,2024,⑤ 성숙·정체,0.1764546089162127,-0.7830232657093594,1.8552553470544197,0.009623761638699602,1082857.41,-5.876121724302196,0.7115839243498818,-12.765957446808507,0.7317756376979709,0.9778024754563632,0.2418856928269548,0.2376314747411013,0.2787094800298113,2,-0.47044917257683216,-0.6855175736389814,-0.5779833731079067,,,
11680510,신사동,2024,⑦ 일반,0.3873398378568771,-1.7572697109173918,16.530683046578883,-3.24692460810099,5042195.5200000005,-4.957092392430695,0.5768321513002365,-2.127659574468077,0.3976068045040782,1.2224531828443266,0.2239230957008292,0.3511005978846435,0.2871443275522009,0,0.342789598108747,0.33549012358128016,0.3391398608450136,,,
11680521,논현1동,2024,⑦ 일반,0.3755198083185737,-0.5210189660672826,17.660526256572858,-2.1522132322297054,3982701.42,-2.2898389064308855,0.3144208037825059,9.219858156028371,0.3286823977834051,1.2218907196400228,0.2075552953069748,0.3157273466714491,0.2656833342668282,0,0.5933806146572104,0.6050104758383471,0.5991955452477787,,,
11680531,논현2동,2024,⑤ 성숙·정체,0.319290965538128,-1.0782711476007178,9.28716430701446,-0.8100967195280511,4065359.0,1.2269550792652018,0.706855791962175,-2.127659574468088,0.5798658755169553,1.040305168874884,0.19601554893038,0.4007504624628675,0.2648015879158169,2,0.13238770685579193,0.046698710407493293,0.08954320863164261,,,
11680545,압구정동,2024,⑤ 성숙·정체,0.4006227524210722,-1.2333988539330099,15.07198363051745,-2.8244075416517855,6914310.19,-2.295258382156251,0.806146572104019,-3.782505910165479,0.5679043616375825,1.1061763895682368,0.2693144885634479,0.336687931566402,0.3242073579378393,2,0.1229314420803782,0.09195769329882464,0.10744456768960142,,,
11680565,청담동,2024,⑥ 쇠퇴 주의,0.3292396085497041,-1.2167986619476212,9.927333956744144,-1.4810403399683985,4443896.84,-2.781149566743124,0.4539007092198581,-8.03782505910166,0.433064093729688,1.1067389642286245,0.2305333433528458,0.3225595648585337,0.2866374271734833,1,0.4042553191489362,0.31861113912137407,0.36143322913515513,,,
11680580,삼성1동,2024,① 레전드,0.3211635766470669,-3.1309720159424015,10.96443109348937,-1.3065189692158157,7838370.57,-3.106657427202042,0.9148936170212766,0.23640661938534313,0.7049366292318825,1.0531132863206794,0.246681139727452,0.420071784455827,0.3164193803718151,6,-0.07092198581560283,-0.1092064132298074,-0.09006419952270511,,,
11680590,삼성2동,2024,④ 잠재 후보,0.2775029725037271,-1.51583081056747,7.9579687101457655,-0.7205009216932634,2247604.59,0.06273452294633941,0.425531914893617,7.565011820330975,0.5018793086082479,1.049137046009206,0.1687172806583616,0.3717803313870237,0.2337871820200184,3,0.31442080378250586,0.2735202178078047,0.2939705107951553,,,
11680600,대치1동,2024,⑦ 일반,0.0844430410897188,-0.5361033643666704,3.1972161638018344,-0.266449869249084,3154168.34,1.5849102349241306,0.1371158392434988,-5.67375886524823,0.150855062403349,1.0652658636183507,0.2393993505477751,0.3927355205556592,0.2994038556178386,0,-0.13238770685579196,0.09985098540105095,-0.016268360727370507,,,
11680610,대치2동,2024,⑦ 일반,0.132608040517295,-1.9437724546355395,5.108898513876429,-0.7124303553532885,5200646.2700000005,1.3559862655304844,0.0992907801418439,-13.947990543735228,0.2780595348556115,0.985234489906802,0.1736344106820802,0.3724065906669191,0.2315884414365647,0,-0.03546099290780143,0.3841215421330375,0.17433027461261805,,,
11680630,대치4동,2024,⑦ 일반,0.1811716045963915,-0.79717730577617,6.6405510577423765,-0.5449190776580606,5432184.27,4.07323756973752,0.6335697399527187,3.0732860520094607,0.4280884749448397,1.0308125637780718,0.2332278395131176,0.4494084077825835,0.3041311283157907,0,-0.3546099290780142,-0.017455995876889285,-0.18603296247745174,,,
11680640,역삼1동,2024,④ 잠재 후보,0.4270633645964672,-0.7889276787195088,20.720289961553654,-2.0443237284785383,13105941.64,-1.1525387749258376,0.5650118203309693,5.437352245862892,0.5267036893417956,1.0954511537688538,0.1769838721299235,0.3691226212814508,0.2438321976702888,3,0.38534278959810875,0.3899644829865663,0.3876536362923375,,,
11680650,역삼2동,2024,⑦ 일반,0.2598458009224745,-1.40205005627152,7.145381689904699,-0.3649958817189898,2686394.21,2.098304445425403,0.1607565011820331,0.0,0.4273574025450503,1.011490699025499,0.1590717736193152,0.3134318789393627,0.210877669398746,0,0.5224586288416075,0.48379326185114224,0.5031259453463749,,,
11680655,도곡1동,2024,⑦ 일반,0.2187172069728436,-0.04361528362177847,5.138786623161738,-0.8206406025793189,3154934.46,17.832418703830143,0.0378250591016548,-0.7092198581560301,0.2981875513956587,0.9622499134633224,0.1375714369787629,0.2649867064150221,0.1838692961878007,0,0.4444444444444444,0.45032659966611766,0.44738552205528104,,,
11680656,도곡2동,2024,④ 잠재 후보,0.178672053114007,-1.3989897799924793,4.050381295687635,-0.4742545159072753,2368530.59,9.987303770161882,0.4704491725768321,6.85579196217494,0.4537174972450916,1.106296088005108,0.2039341790263981,0.3475480530557326,0.2609759635345203,3,-0.19858156028368795,-0.10552026262422554,-0.15205091145395674,,,
11680660,개포1동,2024,⑦ 일반,0.190521849024913,13.864121888711841,2.1263523966424454,0.11292901588074367,1019656.48,64.19115248719392,0.359338061465721,-31.678486997635936,0.5417773338880335,1.0164233569150514,0.1657940070074879,0.3269868608181911,0.2143473722247022,0,-0.03309692671394798,-0.2929873505652471,-0.16304213863959754,,,
11680670,개포2동,2024,⑦ 일반,0.1751057074605132,-1.0773579275004885,2.4022494881278558,-0.2608842466832031,1407626.9,2.344661498810807,0.6524822695035462,8.037825059101655,0.3940485902792712,1.157871135758065,0.2446932213309016,0.4034374833289054,0.3107368193910158,0,-0.4255319148936171,-0.5458471984134987,-0.4856895566535579,,,
11680690,개포4동,2024,⑦ 일반,0.1820487283340642,-0.20808336426057783,3.0807480616625464,-0.3203960295981627,1105388.02,6.801537452523454,0.2978723404255319,3.3096926713947985,0.3416830229638782,1.1173824689068166,0.2022027682598295,0.3598203373300952,0.262819885073183,0,-0.016548463356973964,-0.08934153473832812,-0.05294499904765104,,,
11680700,세곡동,2024,⑦ 일반,0.2238447942470246,-0.24132441821315964,2.922791112010035,-0.13298070445868548,1506788.83,2.731789295183651,0.1513002364066193,-0.47281323877068904,0.2908838432226339,1.1154202786094245,0.1947000484106168,0.3173520427423989,0.2472501294056468,0,0.37115839243498816,0.031164218569683932,0.20116130550233605,,,
11680720,일원본동,2024,⑦ 일반,0.2259931754962399,-1.290250028435519,1.5852279962618065,-0.05509354197227134,1561856.09,-5.923728170080311,0.6122931442080378,-9.219858156028371,0.7579243883325824,1.0283554719370709,0.192684423178125,0.2067562126907718,0.2257918617557872,0,-0.08037825059101655,-0.6028144712222558,-0.3415963609066362,,,
11680730,일원1동,2024,⑤ 성숙·정체,0.2315602991901963,-2.5770044335343996,3.417335717937988,-0.4640527056269894,792774.3200000001,4.225323411676163,0.8250591016548463,12.29314420803782,0.45917589457515,1.4520395515210498,0.1864941150921833,0.374815038274996,0.2622122740511193,2,-0.2671394799054373,-0.5501775850671686,-0.40865853248630296,,,
11680740,일원2동,2024,⑥ 쇠퇴 주의,0.2407458731110556,-0.31674289919214893,2.6846203459749765,0.10519266437668451,732724.09,4.391595947852922,0.2364066193853428,-17.730496453900702,0.4939735206018167,0.8462959640557081,0.198961828847102,0.3526086715278121,0.2553758817636185,1,0.37115839243498816,-0.09422652459861294,0.13846593391818762,,,
11680750,수서동,2024,⑥ 쇠퇴 주의,0.279167282858276,-0.2840727013525002,5.2287951730576445,-0.7022628185454804,3032777.05,0.5571277727964175,0.309692671394799,7.8014184397163095,0.5038108895430067,1.0429627173365508,0.160197997138923,0.3267571125887505,0.2168554306370684,1,0.43971631205673756,0.18319832386586443,0.311457317961301,,,
11710510,풍납1동,2024,⑦ 일반,0.1220437633338881,-1.74283473442189,3.706426720559613,-0.09095251918150371,599756.9,-1.0469924447628731,0.2718676122931442,-1.4184397163120588,0.2949421196477831,1.1115274773980266,0.2327047965199753,0.3488911877670465,0.2911657606111874,0,-0.23167848699763594,0.040928596237661485,-0.09537494537998722,,,
11710520,풍납2동,2024,⑦ 일반,0.171524290602424,-1.1901561385950692,2.0629221451887374,-0.26821554811692616,1515020.82,-12.937123192450105,0.0756501182033096,-0.23640661938535007,0.2477326948328295,1.077458863034237,0.1564106648933944,0.3016042575713224,0.2079254848312692,0,0.11583924349881797,-0.02588708502795424,0.044976079235431864,,,
11710531,거여1동,2024,⑤ 성숙·정체,0.2233801213725403,-3.514970901568562,3.3249637042760773,-0.5689232428439444,748022.0,-0.9285975523037227,0.7565011820330969,41.843971631205676,0.3559992577409427,1.434001808608692,0.1961577987160377,0.4081815111923445,0.2689832976306494,2,-0.2364066193853428,-0.49109833843120115,-0.363752478908272,,,
11710532,거여2동,2024,④ 잠재 후보,0.2010110141576085,-1.4478734262485693,3.0951459134982295,-0.5214062121634093,979844.92,6.431884218541417,0.4160756501182033,-0.23640661938533758,0.3585522143746756,1.1290329532381804,0.2297422345124981,0.3623696085042285,0.2911141059279474,3,-0.014184397163120532,-0.19806617144521751,-0.10612528430416902,,,
11710540,마천1동,2024,⑦ 일반,0.0846783943043626,1.05932865671982,1.8698560165488394,-0.29098186890777566,607771.93,6.4284826840408815,0.0189125295508274,-14.420803782505912,0.1192326922052502,1.097002341054902,0.1128255556562518,0.2384899164912355,0.1533874980096693,0,-0.01182033096926714,0.009523489406518548,-0.0011484207813742958,,,
11710550,마천2동,2024,⑦ 일반,0.1218803794662596,-1.0777218830386515,2.223443706099395,-0.2493456734733921,997911.9299999999,4.836687111204618,0.1678486997635933,-12.529550827423169,0.3028931357824964,1.0947990900225493,0.2275365881213449,0.286442351425635,0.2716813809350622,0,-0.13002364066193853,-0.09201931587733744,-0.11102147826963799,,,
11710561,방이1동,2024,⑦ 일반,0.1949850043367723,0.6152398586565605,4.181022530632065,-0.6688240427310346,2157962.54,3.7699543096037402,0.5555555555555556,6.619385342789608,0.377258820648813,1.079882074151739,0.2362469035520381,0.4187235782055447,0.3035294135593971,0,-0.182033096926714,-0.17877830437072145,-0.18040570064871772,,,
11710562,방이2동,2024,① 레전드,0.4503683945223277,1.1997697366135873,18.083966189524098,-0.8994252824884832,5021712.22,2.298759805392314,0.9692671394799054,0.47281323877069736,0.666996396256406,1.160616356617333,0.2902136822999584,0.526008257879393,0.3755962501895802,6,-0.009456264775413614,-0.04035718687327028,-0.024906725824341946,,,
11710566,오륜동,2024,⑤ 성숙·정체,0.29639738177026,-0.6334398545676523,12.467481702253181,-0.6979566342173662,3013768.61,3.8559273432933194,0.9787234042553192,-0.9456264775413614,0.9019531816406452,0.9959862936754588,0.4023248654387606,0.2772303078501775,0.4381486223912911,2,-0.18676122931442074,-0.12327316728849447,-0.1550171983014576,,,
11710570,오금동,2024,⑦ 일반,0.1515089089883065,0.2848631514397293,2.773391082858904,-0.43069160834096687,2189898.51,0.5554125673972621,0.1938534278959811,8.74704491725769,0.2987336831861429,1.2627481209171736,0.1723427173676299,0.2997183157829924,0.2288815744954188,0,-0.06382978723404256,-0.039824991877023735,-0.05182738955553315,,,
11710580,송파1동,2024,③ 급성장 신흥,0.3387686491606974,-0.449952579507612,20.53596756209378,-1.6686997716767955,2820500.17,-0.7085323238838592,0.6028368794326241,4.491725768321508,0.4185666639683885,1.1076800686951291,0.2325907558075881,0.3955408666549204,0.300536612362889,4,0.27659574468085113,0.34740008739202044,0.3119979160364358,,,
11710590,송파2동,2024,⑦ 일반,0.1758340513682657,-0.8741922265647212,3.480342324611632,-0.7625975742313171,688732.25,12.473117415636082,0.2884160756501182,8.274231678486998,0.2820417622229725,1.1680272018336555,0.2200459211590653,0.3546141760411492,0.2828085049086485,0,-0.054373522458628865,-0.004055886076658521,-0.029214704267643693,,,
11710600,석촌동,2024,③ 급성장 신흥,0.260026520143535,-1.5682333494355494,8.198588068208016,-0.6762548927316274,2992750.8,4.8579943363138645,0.541371158392435,-0.23640661938534313,0.4231818576995901,1.0272806503673866,0.2443325015014265,0.3901093385992824,0.3043809785653713,4,0.14657210401891252,0.17663832028055082,0.16160521214973167,,,
11710610,삼전동,2024,④ 잠재 후보,0.2222705247826902,-2.805941606472531,5.4125229100971675,-1.03651987378261,1106537.21,1.072975266735532,0.6193853427895981,24.822695035461003,0.2950653928728566,1.3974795359386365,0.2344276510760598,0.3559631379066411,0.2973850115164694,3,-0.10874704491725773,-0.1122763380502616,-0.11051169148375967,,,
11710620,가락본동,2024,② 라이징스타,0.2427373083258884,-1.5323302161708074,5.2173293984852736,-0.6528291723989108,3476105.42,13.64983973684386,0.7801418439716312,-1.654846335697402,0.5292603131555075,1.1108050210149665,0.22779808188789,0.4081919626239877,0.295572181084841,5,-0.1607565011820331,-0.2896205169574132,-0.22518850906972315,,,
11710631,가락1동,2024,⑦ 일반,0.1396336594858623,-1.6624640748682613,3.287728739548859,-0.13348896735560656,2633690.82,10.084958907595599,0.0070921985815602,-0.2364066193853499,0.0382000320125877,1.0557551215243997,0.197234930564347,0.1724925566876156,0.22632705053588,0,0.07565011820330969,0.24883197203455343,0.16224104511893156,,,
11710632,가락2동,2024,⑦ 일반,0.1975329800345728,-1.107419025917658,3.131105087898799,-0.6287909140914256,1354884.26,2.9930959312739036,0.1489361702127659,-1.8912529550827395,0.2898913587838491,1.1128310978075664,0.190770618777913,0.3245891985755882,0.2461422902341973,0,0.24113475177304966,0.07144297670666533,0.1562888642398575,,,
11710641,문정1동,2024,⑦ 일반,0.2481582398136127,-1.737901425508312,6.172860141478133,-0.438513368977719,1349120.15,15.243727575174937,0.6477541371158393,-10.874704491725762,0.4838251553239737,0.993263028896146,0.2383988229157787,0.4202455938561594,0.303561611503761,0,-0.009456264775413725,-0.08614276270825638,-0.047799513741835054,,,
11710642,문정2동,2024,⑦ 일반,0.2637413301514149,-2.192266396411063,4.7516331610397,-0.681244675810305,5368273.42,-6.740319091481284,0.1631205673758865,-2.836879432624109,0.3752919822652878,1.1328387923107055,0.17045645642537,0.2776319925557246,0.2200937597127656,0,0.541371158392435,0.277637726462976,0.4095044424277055,,,
11710646,장지동,2024,⑦ 일반,0.1890120413195882,-1.9292301421018787,4.695050036102596,-0.4960547572866352,1334890.1400000001,6.492701083621721,0.2742316784869976,-4.491725768321519,0.2923102422373898,1.1448143301839706,0.2085477118697734,0.3676950059793592,0.2703070365084618,0,0.04491725768321514,0.1641569471054194,0.10453710239431727,,,
11710647,위례동,2024,⑤ 성숙·정체,0.322442088118915,-3.202871377558897,3.7814017036909537,-0.4887700908733392,1909487.16,1.9529135831843014,0.9479905437352246,0.23640661938534313,0.7312896978163937,1.1375719241605269,0.3293433186687403,0.3441301082047982,0.3808301260519386,2,-0.099290780141844,-0.625715662218637,-0.3625032211802405,,,
11710650,잠실본동,2024,⑤ 성숙·정체,0.32977838143921,-1.8008206417976402,13.158546489796672,-1.44683772917079,3771852.16,-0.19280822099501105,0.8628841607565012,4.728132387706863,0.4563984470035734,1.209042064132663,0.2678108454279051,0.4419169560838275,0.3409286070783514,2,0.0,0.004414417442550889,0.0022072087212754443,,,
11710670,잠실2동,2024,⑦ 일반,0.2079148282908345,-0.8259416726996899,13.28560695282562,-0.7632139345850053,2932225.99,-6.527052669581657,0.2836879432624113,-20.330969267139476,0.1725112073450405,1.3110200336599134,0.2463214409795038,0.3322875876231985,0.3036992457189456,0,0.1371158392434988,0.5859803031830864,0.3615480712132926,,,
11710680,잠실3동,2024,⑦ 일반,0.2990097059719638,3.0567389537508207,8.040550540377014,-0.45636994037685064,7231739.88,3.737107059340272,0.3451536643026004,11.11111111111111,0.234336976722406,1.1621146493138066,0.2894134934001621,0.3326970957367954,0.3411052253419649,0,0.45153664302600477,0.36337714138460336,0.40745689220530407,,,
11710690,잠실4동,2024,⑦ 일반,0.1976268182278847,-0.46608078834962097,3.3769785417740437,-0.5807034332086665,739140.3200000001,-11.837012119298397,0.1063829787234042,4.01891252955083,0.1678178760681859,1.3251889285841785,0.1836672157120543,0.2779029208504478,0.2379247574415191,0,0.2860520094562648,0.16138953312493698,0.2237207712906009,,,
11710710,잠실6동,2024,⑤ 성숙·정체,0.5050793950739504,-1.3905372286677875,15.51692763440656,-1.517301546589291,10175244.27,2.0585331827315256,0.9952718676122932,1.1820330969267268,0.8816472801555122,1.1328585582304844,0.3570445766388502,0.4142831291738815,0.4159574205007283,2,-0.014184397163120588,-0.09005859747011302,-0.052121497316616805,,,
11710720,잠실7동,2024,⑦ 일반,0.1406215995673948,-0.5718977792220886,5.452928021977983,-0.23856458334107078,872786.14,15.852192554817425,0.0567375886524822,2.1276595744680797,0.0527514059821243,1.1775697304328103,0.1624042351571637,0.3834943826884448,0.2282410134128563,0,0.030732860520094565,0.45985008907263625,0.2452914747963654,,,
11740515,강일동,2024,⑦ 일반,0.2207330790896554,1.7765343840330905,2.3725157895810014,-0.49441882299751105,2487138.8000000003,16.96740543944646,0.4491725768321513,-4.9645390070922,0.4290101760094317,1.0857652277008345,0.2110940267121056,0.3635507383104272,0.2692810367143393,0,0.05200945626477538,-0.3472768422349949,-0.14763369298510975,,,
11740520,상일동,2024,⑤ 성숙·정체,0.2049604780057113,-0.0879406759655893,2.9159224895733487,-0.4663633519068946,2453431.47,3.3634321787226362,0.8605200945626478,-3.0732860520094496,0.5637924450273911,1.2468771245870345,0.1999398881864094,0.4187329797970217,0.278349627687031,2,-0.44917257683215134,-0.68042530783279,-0.5647989423324706,,,
11740530,명일1동,2024,④ 잠재 후보,0.1837185011584406,-1.2046098853239207,3.6853123224192257,-0.580330831928801,2796438.7,5.078486369334412,0.5839243498817966,7.092198581560282,0.3514742814329705,1.1828925808923263,0.2567021896300772,0.3693340773411495,0.3182814293984399,3,-0.2955082742316784,-0.27349780959743647,-0.28450304191455744,,,
11740540,명일2동,2024,⑦ 일반,0.1477897140362681,-2.6208624820520496,2.8848031096184714,-0.4455687107142947,1350174.6400000001,0.23127714060378057,0.3380614657210402,-7.328605200945621,0.2643945507967472,1.110380588628466,0.2393639495179757,0.4033543808281086,0.3044939143767635,0,-0.2222222222222222,-0.16033634723762785,-0.19127928472992503,,,
11740550,고덕1동,2024,⑦ 일반,0.1740776890260398,-2.1138339830222312,2.076622758207627,-0.2807929040026802,809378.59,5.523828325321234,0.4964539007092198,0.23640661938533758,0.4127039512573981,1.0297463692712998,0.19523397913752,0.4475935372551552,0.2694154136755635,0,-0.276595744680851,-0.4419515310409734,-0.3592736378609122,,,
11740560,고덕2동,2024,④ 잠재 후보,0.2150049827240867,-0.772794459392101,2.3240602720909243,-0.13630655543751846,899488.29,12.397974081052121,0.4184397163120567,5.673758865248218,0.3495045707791647,1.1387602875909653,0.2348995064348408,0.3599639015425467,0.2948512520729911,3,0.04491725768321514,-0.3307619911935733,-0.14292236675517908,,,
11740570,암사1동,2024,⑤ 성숙·정체,0.2087089759111258,-0.39173529631343074,3.272687987777884,-0.5897415080509067,1516935.32,15.54306049599794,0.7375886524822695,4.018912529550822,0.3862848397785315,1.1503982401162542,0.2742585442415421,0.4116723527724555,0.3400847347169227,2,-0.31205673758865243,-0.48877348660549225,-0.40041511209707237,,,
11740580,암사2동,2024,⑤ 성숙·정체,0.2679017026536969,0.7107395856919108,3.0544297119725643,-0.49565678249452283,1112575.61,-0.5943428882020152,0.7730496453900709,7.328605200945626,0.4288446967678802,1.1833504786117868,0.2504309883116073,0.4196069320919623,0.3198361026304005,2,-0.05437352245862881,-0.5716278444422036,-0.3130006834504162,,,
11740590,암사3동,2024,⑦ 일반,0.1719597364037432,-2.44612046226895,1.7061484002970233,-0.17346774933022724,767468.41,10.986421832256044,0.2765957446808511,9.692671394799056,0.2432659481039148,1.2913478196377035,0.2125431947259085,0.3248666314033923,0.2701308207757573,0,-0.08037825059101655,-0.2623777352021781,-0.17137799289659733,,,
11740600,천호1동,2024,⑦ 일반,0.1965161682554119,-0.4644847957927606,4.1524424628995815,-0.8173896701397103,1481409.81,2.6800401207782265,0.475177304964539,-11.820330969267134,0.3616793961363552,1.085792850142194,0.2288025534381806,0.4058997236882629,0.2934131210328653,0,-0.09456264775413714,-0.10076972202615042,-0.09766618489014378,,,
11740610,천호2동,2024,⑦ 일반,0.2423390409075422,0.6429972296747716,5.280055306778559,-0.5794151191938788,3154911.65,2.432837298952828,0.524822695035461,-11.583924349881801,0.4341024387472211,1.1781137639477013,0.2334370391995207,0.3081493015123785,0.2845320734000809,0,0.09219858156028371,-0.027192363281906495,0.03250310913918861,,,
11740620,천호3동,2024,⑤ 성숙·정체,0.3648644691040644,-0.31976556308502824,12.151106471923743,-1.5325650281850187,2168119.18,0.6818961365534504,0.8321513002364066,-1.4184397163120588,0.4820954766079952,1.1624138812119085,0.2656703770507772,0.4146921356116954,0.334157496468796,2,0.07092198581560283,0.00908092725174503,0.04000145653367393,,,
11740640,성내1동,2024,② 라이징스타,0.2222875205558991,1.3933659524490494,4.35858518278147,-0.6824436563744642,1552134.6300000001,-0.5224693808666414,0.7943262411347518,-3.0732860520094496,0.478810643502843,1.168790337628088,0.2907822558308817,0.3419818456822547,0.3452008716554968,5,-0.281323877068558,-0.3938523074854627,-0.33758809227701037,,,
11740650,성내2동,2024,④ 잠재 후보,0.3030986993456788,-1.1800237546159498,9.699855410868777,-1.5426743248299104,2148321.92,3.6173847564017203,0.5886524822695035,-23.167848699763592,0.4224959593201177,1.1516513205976564,0.2256457362422538,0.3700030762355795,0.2858678119281531,3,0.21749408983451546,0.1767503613323922,0.19712222558345383,,,
11740660,성내3동,2024,③ 급성장 신흥,0.1917897720157118,-1.2601422531313218,5.880539682422469,-0.9350493716027906,3656335.5,0.6859357256670195,0.6264775413711584,-2.8368794326241065,0.3869844597302461,1.1773357121152237,0.2460662003298878,0.3828316314816386,0.3108543715363946,4,-0.2765957446808511,-0.09093251767447597,-0.18376413117766352,,,
11740685,길동,2024,④ 잠재 후보,0.2283437201462581,-0.6777012061286503,6.007971730856101,-0.7044807423736463,6223574.390000001,10.02428147732628,0.5319148936170213,5.910165484633567,0.4298466864644891,1.0779908701081542,0.2468091866025674,0.3501190044610367,0.3034702151032817,3,0.009456264775413725,0.017848139558334197,0.013652202166873961,,,
11740700,둔촌2동,2024,⑦ 일반,0.1879582083509283,-0.3978014363790805,3.178513535443829,-0.20025750712842694,1912014.51,-3.1851372165827896,0.6950354609929078,-5.6737588652482245,0.5491577274615626,1.0080058417165831,0.2550347519191456,0.3572693940941973,0.3072471388890327,0,-0.38534278959810875,-0.462807972841249,-0.4240753812196789,,,
