행정동_코드,행정동,연도,상권티어,2030비중,2030소비_변화,20대_이동비율,20대_이동비율_변화,트렌드_유동인구,트렌드_유동인구_변화율,복합점수_분위,분위변화_현재,업종점수,금요효과,주말비중,야간비중,트렌드매출_비중,상권티어_코드,갭_2030소비,갭_20대이동,갭_평균,분위변화_next,타겟,타겟_레이블
11110515,청운효자동,2020,② 라이징스타,0.3551642067972645,,13.234533812992739,,1084027.53,,0.5260663507109005,,0.4880177920833234,1.0581791820443125,0.2108339697651471,0.304654972482048,0.2603539290693343,5,0.2725118483412322,0.29383886255924174,0.283175355450237,24.93473608730239,2.0,상승
11110515,청운효자동,2021,② 라이징스타,0.3955742639809528,4.041005718368829,15.513336855365742,2.278803042373003,1477631.68,36.30942380217963,0.7754137115839244,24.93473608730239,0.5542939154842478,1.11017947513512,0.2500588737454366,0.3275145381375501,0.3056934080988159,5,0.11820330969267134,0.09662420310801878,0.10741375640034506,-5.6737588652482245,0.0,하락
11110515,청운효자동,2022,② 라이징스타,0.3802014359739891,-1.5372828006963712,11.091016295937031,-4.4223205594287105,3137420.69,112.32765461552638,0.7186761229314421,-5.6737588652482245,0.5916094932968923,1.0539136764464856,0.256322459892203,0.324459405454176,0.3082125092347684,5,0.1607565011820331,0.037248047684671604,0.09900227443335236,11.347517730496449,2.0,상승
11110515,청운효자동,2023,② 라이징스타,0.3685983298294789,-1.1603106144510211,11.798203437972674,0.707187142035643,2836584.5,-9.58864684480677,0.8321513002364066,11.347517730496449,0.566110950359868,1.2707688132879418,0.2531299434833481,0.3140253955190095,0.3061452029317357,5,0.05673758865248224,-0.0430517741700559,0.00684290724121317,-0.47281323877068626,1.0,유지
11110530,사직동,2020,⑤ 성숙·정체,0.3469651188923995,,13.296223428727702,,2265123.94,,0.8815165876777251,,0.7536062499563352,1.008406749189903,0.1701446914369766,0.4171425146026147,0.2403535179088823,2,-0.09241706161137442,-0.056872037914691975,-0.0746445497630332,0.7372301211163723,1.0,유지
11110530,사직동,2021,⑤ 성숙·정체,0.3555372303312998,0.8572111438900298,15.210701445213006,1.9144780164853046,2487967.51,9.838029878400366,0.8888888888888888,0.7372301211163723,0.7319092591877716,1.0681386701233369,0.1827152225635386,0.4012372530210334,0.2541059961140628,2,-0.047281323877068515,-0.02395997893628221,-0.03562065140667536,1.8912529550827561,1.0,유지
11110530,사직동,2022,⑤ 성숙·정체,0.3519355741791722,-0.3601656152127597,13.15909039254097,-2.051611052672037,4423140.07,77.78126330918207,0.9078014184397164,1.8912529550827561,0.7845233623375039,1.0260836889435954,0.2095838965884444,0.4245163926601956,0.2823616213647953,2,-0.07565011820330969,-0.08789620516957408,-0.08177316168644189,0.23640661938532093,1.0,유지
11110530,사직동,2023,⑤ 성숙·정체,0.3250667419014332,-2.686883227773901,12.245960231046729,-0.9131301614942409,4968442.56,12.328402025938988,0.9101654846335696,0.23640661938532093,0.7926809783907037,1.0533289861376147,0.1992930334929596,0.4170664625085346,0.2715960543152287,2,-0.09456264775413714,-0.10447828084210053,-0.09952046429811884,-2.127659574468077,1.0,유지
11110540,삼청동,2020,⑤ 성숙·정체,0.5092255495010019,,16.496436484182762,,758039.29,,0.9881516587677726,,0.7811320964704828,1.179253467347263,0.3558675332761104,0.3722844223195917,0.4143346522758154,2,-0.026066350710900466,-0.10663507109004744,-0.06635071090047395,0.7120208844520692,1.0,유지
11110540,삼청동,2021,⑤ 성숙·정체,0.5596810157456491,5.045546624464725,16.29960475565379,-0.19683172852897357,915605.76,20.786055825681537,0.9952718676122932,0.7120208844520692,0.91363501298105,1.1382437298175323,0.4192447610203821,0.3364837592263768,0.4663282369267818,2,-0.011820330969267157,-0.11375527993456802,-0.06278780545191759,-0.23640661938536534,1.0,유지
11110540,삼청동,2022,⑤ 성숙·정체,0.4759735652243363,-8.370745052131278,13.95846921436805,-2.3411355412857393,1535105.08,67.66005054402456,0.9929078014184396,-0.23640661938536534,0.9219429545019538,1.1412092384035184,0.4087765412504956,0.3155955774324055,0.4555232849866401,2,-0.03546099290780136,-0.15167557393028808,-0.09356828341904472,0.23640661938536534,1.0,유지
11110540,삼청동,2023,⑤ 성숙·정체,0.4446402184602782,-3.1333346764058136,14.221477515952285,0.26300830158423594,1459731.38,-4.910002642946121,0.9952718676122932,0.23640661938536534,0.9149741917348336,1.1577282924653398,0.4111764451060434,0.3114363557372888,0.453840910511283,2,-0.044917257683215084,-0.12560362116679546,-0.08526043942500527,-0.7092198581560405,1.0,유지
11110550,부암동,2020,⑤ 성숙·정체,0.3308666627205142,,5.5941995521762315,,931745.99,,0.9786729857819904,,0.8044247496029964,1.0747693811880208,0.3216315623726963,0.4040020464164689,0.3814849809263981,2,-0.2417061611374407,-0.5592417061611374,-0.40047393364928907,-13.706542077017003,0.0,하락
11110550,부암동,2021,⑤ 성숙·정체,0.2780290279441924,-5.2837634776321805,5.061386374524665,-0.5328131776515663,919293.58,-1.336459736199136,0.8416075650118203,-13.706542077017003,0.6071916425511841,1.0862569465478964,0.26941928564574,0.3433016711051664,0.3229201947499668,2,-0.2293144208037825,-0.4719393185663227,-0.35062686968505263,0.7092198581560294,1.0,유지
11110550,부암동,2022,⑤ 성숙·정체,0.2685632766249177,-0.9465751319274684,4.812767887632334,-0.24861848689233135,1052880.82,14.531510162401018,0.8486997635933806,0.7092198581560294,0.6493312410476498,1.0958210937156925,0.2854613418364037,0.3119129123558135,0.3331964043581917,2,-0.24822695035460995,-0.488510190133665,-0.3683685702441375,0.23640661938534313,1.0,유지
11110550,부암동,2023,⑤ 성숙·정체,0.2469638430770434,-2.1599433547874303,4.909708838908568,0.09694095127623381,1044911.25,-0.7569299248893158,0.851063829787234,0.23640661938534313,0.6179601051755693,1.1876478622034838,0.2662723197175016,0.3197942310496468,0.3200517042455203,2,-0.2576832151300237,-0.44111122315216295,-0.34939721914109334,-8.274231678486998,0.0,하락
11110560,평창동,2020,⑤ 성숙·정체,0.1784212470999259,,1.816285134364297,,947423.93,,0.9170616113744076,,0.5707938705146542,1.05664070605104,0.2989827688037754,0.4346675155420073,0.366284818793631,2,-0.8436018957345971,-0.9075829383886256,-0.8755924170616114,0.965233661613607,1.0,유지
11110560,평창동,2021,⑤ 성숙·정체,0.174005741427279,-0.44155056726468966,1.965449798217827,0.14916466385353,949248.87,0.19262126934032064,0.9267139479905436,0.965233661613607,0.5323388850434813,1.2127556229927927,0.29548322355161,0.406877219575098,0.3597029761382659,2,-0.8439716312056738,-0.9172352750047618,-0.8806034531052178,2.8368794326241176,1.0,유지
11110560,평창동,2022,⑤ 성숙·정체,0.1685329257608163,-0.547281566646271,2.2470329185884923,0.28158312037066535,1102610.46,16.156099295646253,0.9550827423167848,2.8368794326241176,0.6730287033015119,1.1323107212487944,0.3303708344668392,0.4160486080722654,0.3948420548809512,2,-0.8486997635933806,-0.9219073868665479,-0.8853035752299643,-5.6737588652482245,0.0,하락
11110560,평창동,2023,⑤ 성숙·정체,0.1555598832369665,-1.2973042523849787,2.5383205354232334,0.29128761683474114,1234376.02,11.950327407559701,0.8983451536643026,-5.6737588652482245,0.6039315188554393,1.1099226448629609,0.3089025328239993,0.4009740033082642,0.3711659520951571,2,-0.7919621749408983,-0.8177764332851556,-0.8048693041130269,-2.36406619385342,1.0,유지
11110570,무악동,2020,⑦ 일반,0.2449050636726613,,2.346407418242712,,328008.68,,0.6327014218009479,,0.552958011984216,1.0033023416097226,0.2212618124306798,0.3314144672903305,0.2741908223168979,0,-0.2796208530805688,-0.6090047393364929,-0.4443127962085308,-55.705130359763835,0.0,하락
11110570,무악동,2021,⑦ 일반,0.1840781454981019,-6.08269181745594,2.5974564882737794,0.25104907003106725,392086.26,19.535330589422205,0.0756501182033096,-55.705130359763835,0.2418590956064608,1.170302437067657,0.1496640738668813,0.2646384881790438,0.1957464078767673,0,0.044917257683215125,-0.021147748535063245,0.01188475457407594,3.309692671394801,1.0,유지
11110570,무악동,2022,⑦ 일반,0.176234739839499,-0.7843405658602892,2.712491777126802,0.11503528885302261,559932.02,42.808375891570385,0.1087470449172576,3.309692671394801,0.2608782684216091,1.254847883863572,0.1522798252185959,0.2695955862600169,0.2032905933712262,0,0.01891252955082741,-0.03291766103100176,-0.007002565740087174,-5.200945626477541,0.0,하락
11110570,무악동,2023,⑦ 일반,0.1629854703360596,-1.324926950343941,2.752148085210038,0.03965630808323617,606921.92,8.392072309063515,0.0567375886524822,-5.200945626477541,0.2822510929988704,1.071195026997401,0.1506398455072311,0.2436128028040994,0.1939694719605509,0,0.07092198581560283,0.05463681893045612,0.06277940237302948,0.4728132387706904,1.0,유지
11110580,교남동,2020,⑦ 일반,0.2269433814237179,,3.828957447395029,,700128.7,,0.1303317535545023,,0.4585052892853498,0.9436040663534678,0.1487851296334733,0.2672757600276631,0.192215614066794,0,0.11611374407582936,0.05687203791469192,0.08649289099526064,-8.777856206514059,0.0,하락
11110580,교남동,2021,⑦ 일반,0.2216170951929775,-0.5326286230740385,4.1881884094626765,0.3592309620676475,718198.11,2.580869774371486,0.0425531914893617,-8.777856206514059,0.3601525218958654,0.93635749565027,0.1187047297929493,0.2329268307141079,0.1586406950985115,0,0.2576832151300236,0.20863164263386103,0.23315742888194232,1.18203309692671,1.0,유지
11110580,교남동,2022,⑦ 일반,0.2119867446471752,-0.9630350545802302,3.924893319253109,-0.26329509020956765,885023.8,23.22836661321763,0.0543735224586288,1.18203309692671,0.4343127947056526,0.9385593381200142,0.1291807072001751,0.2500355274139228,0.1720182866293187,0,0.25059101654846333,0.1968113116645939,0.22370116410652863,1.8912529550827402,1.0,유지
11110580,교남동,2023,⑦ 일반,0.1924373689183235,-1.954937572885171,3.4361711189353676,-0.48872220031774116,941184.21,6.345638388481745,0.0732860520094562,1.8912529550827402,0.4365514687557971,0.9767124075880016,0.1209563038666829,0.2407833938036267,0.1632106836933268,0,0.20803782505910168,0.14709309490997502,0.17756545998453835,-0.7092198581560307,1.0,유지
11110600,가회동,2020,⑤ 성숙·정체,0.4740542867639925,,16.63633936917572,,675172.81,,0.9644549763033176,,0.843861486790337,1.028714430584727,0.2582638721874082,0.3849804012514435,0.3208059122580744,2,-0.026066350710900466,-0.08056872037914697,-0.05331753554502372,1.8996560339708424,1.0,유지
11110600,가회동,2021,⑤ 성숙·정체,0.4790535791035538,0.49992923395612565,20.046159116106814,3.4098197469310954,892928.71,32.251876375175705,0.983451536643026,1.8996560339708424,0.8305105132049309,1.102697648258498,0.2879859024661527,0.3722460372874541,0.3492250263817346,2,-0.030732860520094496,-0.06402025702217295,-0.047376558771133725,0.0,1.0,유지
11110600,가회동,2022,⑤ 성숙·정체,0.4649422997119124,-1.4111279391641363,19.836117089261414,-0.2100420268454002,1504497.32,68.49019447476385,0.983451536643026,0.0,0.8911253669307769,1.092319268269918,0.3173743300531719,0.3859347767151606,0.3782352309420114,2,-0.028368794326241065,-0.06165058877572738,-0.04500969155098422,-1.1820330969267157,1.0,유지
11110600,가회동,2023,⑤ 성숙·정체,0.43369816222271,-3.1244137489202406,19.368323695267588,-0.46779339399382636,1540542.51,2.395829458838783,0.9716312056737588,-1.1820330969267157,0.8944554967928892,1.0729862372204584,0.3062244935058456,0.3805541997207874,0.3658560393268271,2,-0.03546099290780136,-0.04509092131356929,-0.04027595711068532,1.1820330969267157,1.0,유지
11110615,종로1·2·3·4가동,2020,⑦ 일반,0.3023577136237021,,19.111618449378234,,8666731.31,,0.1042654028436018,,0.3199075286580972,1.01763020758964,0.1685531559699476,0.2977345554148386,0.217620512980717,0,0.533175355450237,0.8080568720379148,0.6706161137440758,0.9209774461362688,1.0,유지
11110615,종로1·2·3·4가동,2021,⑦ 일반,0.2970005048608623,-0.5357208762839794,18.764501324803014,-0.34711712457522026,9628103.08,11.092668453800258,0.1134751773049645,0.9209774461362688,0.3126590502217961,1.04193135320246,0.1868972736496256,0.2886500105813819,0.2363203826206397,0,0.5791962174940899,0.7941077610836611,0.6866519892888755,1.8912529550827408,1.0,유지
11110615,종로1·2·3·4가동,2022,⑦ 일반,0.2825672953167401,-1.443320954412225,17.44677160312614,-1.3177297216768729,14144038.6,46.90368894554875,0.1323877068557919,1.8912529550827408,0.3532242228216347,1.0154133316539429,0.1877255205533105,0.3092140822625431,0.2409185303708438,0,0.5295508274231678,0.7680862267934971,0.6488185271083324,13.002364066193858,2.0,상승
11110615,종로1·2·3·4가동,2023,⑦ 일반,0.3022449482527264,1.9677652935986334,16.339029276866054,-1.1077423262600874,15577007.77,10.131258903662776,0.2624113475177305,13.002364066193858,0.3889756794479137,1.1230386434001294,0.1864989823500732,0.3210898013398826,0.2439145337089244,0,0.508274231678487,0.6333232496386676,0.5707987406585773,-2.8368794326241176,1.0,유지
11110630,종로5·6가동,2020,⑦ 일반,0.2059034903640101,,8.665077555857339,,1820821.21,,0.0853080568720379,,0.3257279392474589,0.97626480642745,0.1891437521178121,0.2471463267938615,0.2297536331038188,0,0.06872037914691943,0.5710900473933649,0.31990521327014215,2.1074921851366306,1.0,유지
11110630,종로5·6가동,2021,⑦ 일반,0.1994229938693898,-0.6480496494620291,8.310568332611238,-0.3545092232461009,1912969.41,5.060804404843244,0.1063829787234042,2.1074921851366306,0.3522879264906784,0.981711723223858,0.2075871610961884,0.2418385433897197,0.2465974621899417,0,0.06619385342789598,0.538166784309771,0.3021803188688335,14.657210401891252,2.0,상승
11110630,종로5·6가동,2022,⑦ 일반,0.2203545582979236,2.0931564428533806,9.268042805282125,0.9574744726708868,2588349.72,35.30533768441182,0.2529550827423167,14.657210401891252,0.4083402755184157,1.0640086925187435,0.238936159659527,0.2702447728068493,0.2834972836235493,0,0.09692671394799057,0.45794539119133254,0.27743605256966153,12.765957446808518,2.0,상승
11110630,종로5·6가동,2023,⑦ 일반,0.2179313406949987,-0.24232176029249097,8.794499568952338,-0.4735432363297871,2982500.8,15.227891229474189,0.3806146572104019,12.765957446808518,0.4249584634875022,1.1355184751484615,0.2320432460857828,0.2773312341953572,0.2785568575022278,0,0.04255319148936171,0.3302858167232474,0.18641950410630456,-9.9290780141844,0.0,하락
11110640,이화동,2020,① 레전드,0.5025616522462021,,21.400934757779517,,2605017.1,,0.909952606635071,,0.7363724188727819,1.026129816039575,0.2238841953990831,0.3965455026003523,0.289313949370861,6,0.049763033175355464,0.028436018957346043,0.039099526066350754,1.9125407549326123,1.0,유지
11110640,이화동,2021,① 레전드,0.4620877861038127,-4.04738661423894,21.14271257451398,-0.2582221832655378,2654127.79,1.8852348416446008,0.9290780141843972,1.9125407549326123,0.7231202810090822,1.0537866153665283,0.2351820354353692,0.4061255676538238,0.3015783669554759,6,0.01891252955082745,0.006940943161574342,0.012926736356200896,0.7092198581560405,1.0,유지
11110640,이화동,2022,① 레전드,0.4537026052999084,-0.8385180803904269,20.30545469442649,-0.8372578800874884,3762026.32,41.74247126209396,0.9361702127659576,0.7092198581560405,0.7613346640756318,1.073546737000017,0.2599681015673818,0.4269488845395072,0.3302016337087087,6,0.009456264775413725,-0.009629928405767929,-8.683181517710192e-05,0.47281323877068626,1.0,유지
11110640,이화동,2023,① 레전드,0.4258673261522843,-2.783527914762413,18.70393623788986,-1.6015184565366312,4421811.0,17.538013396992923,0.9408983451536644,0.47281323877068626,0.7654683127749878,1.0402572071584752,0.2639975654982719,0.4278641077092955,0.3315733281321157,6,-0.007092198581560294,-0.02383673377925677,-0.015464466180408531,-0.7092198581560405,1.0,유지
11110650,혜화동,2020,① 레전드,0.5288749298617168,,26.589373686836286,,1878954.6,,0.943127962085308,,0.5892986660275646,1.0772106663970695,0.2780854135654212,0.5001346093605326,0.3563811514942109,6,0.028436018957346043,0.026066350710900466,0.027251184834123254,2.3775111200743937,1.0,유지
11110650,혜화동,2021,① 레전드,0.4883996297394741,-4.047530012224271,27.14565747929217,0.5562837924558828,1946031.48,3.5699042435618056,0.966903073286052,2.3775111200743937,0.6499312811797308,1.1171839801951091,0.2808782276635467,0.4929820068862748,0.3604494032418835,6,-0.007092198581560183,0.007030576003047573,-3.081128925630505e-05,0.23640661938534313,1.0,유지
11110650,혜화동,2022,① 레전드,0.4957452415885452,0.7345611849071121,27.55715157977165,0.4114941004794801,2849566.9,46.42964049070779,0.9692671394799054,0.23640661938534313,0.7072597101172989,1.1375471793788403,0.2984866705870962,0.5106703808664019,0.3807567275770113,6,-0.0023640661938534313,0.007036178055639608,0.0023360559308930884,0.7092198581560183,1.0,유지
11110650,혜화동,2023,① 레전드,0.4872537091232035,-0.8491532465341733,25.83244377996164,-1.7247077998100089,3373912.23,18.400878042203537,0.9763593380614656,0.7092198581560183,0.7351129616878417,1.115012168067973,0.3026400355546165,0.5151404920403475,0.3827497224958672,6,-0.0023640661938534313,-0.004795357018811619,-0.003579711606332525,0.0,1.0,유지
11110670,창신1동,2020,⑦ 일반,0.1698601332123917,,12.085396954282599,,902632.66,,0.0260663507109004,,0.1461018178055442,0.9377372762569508,0.2309234791061248,0.1752276347285058,0.2570724687217033,0,0.035545023696682464,0.7654028436018957,0.40047393364928907,1.41227745846078,1.0,유지
11110670,창신1동,2021,⑦ 일반,0.2094467161806303,3.958658296823858,14.501222083945112,2.4158251296625135,1118470.63,23.912049670349834,0.0401891252955082,1.41227745846078,0.1624655735955723,1.0525999908851305,0.2367130319673142,0.180545638067113,0.2649004760687867,0,0.17966903073286053,0.8128914434248709,0.4962802370788657,-0.9456264775413701,1.0,유지
11110670,창신1동,2022,⑦ 일반,0.18608738269836,-2.335933348227029,15.754768424329754,1.2535463403846414,1379484.51,23.336677155304475,0.0307328605200945,-0.9456264775413701,0.1695904193755361,1.027488414688723,0.2270025578433024,0.1904309695428555,0.2556925191169146,0,0.1252955082742317,0.843674722418294,0.4844851153462628,1.6548463356974001,1.0,유지
11110670,창신1동,2023,⑦ 일반,0.1761935546249172,-0.9893828073442801,15.441642134929905,-0.31312628939984855,1615560.3,17.113333878609495,0.0472813238770685,1.6548463356974001,0.1928679258749309,1.0661562284645032,0.2392139797831061,0.1794883132021487,0.2690427476403305,0,0.12293144208037825,0.8437139367864386,0.4833226894334084,5.437352245862889,2.0,상승
11110680,창신2동,2020,⑤ 성숙·정체,0.2734615019540922,,14.531137768164895,,247269.97,,0.7962085308056872,,0.462756194300455,1.003289224786624,0.2630486359077223,0.4551589554483019,0.3341279987845601,2,-0.2962085308056872,0.05924170616113744,-0.11848341232227488,-3.734328257873687,1.0,유지
11110680,창신2동,2021,⑤ 성숙·정체,0.2393995108502377,-3.406199110385449,15.979852021561653,1.4487142533967585,272849.21,10.344660938811145,0.7588652482269503,-3.734328257873687,0.3728861306900826,1.1652770079421326,0.2631910276091518,0.4407258022339652,0.339651163109465,2,-0.36406619385342787,0.11791200295788373,-0.12307709544777207,8.037825059101655,2.0,상승
11110680,창신2동,2022,⑤ 성숙·정체,0.2368117076626651,-0.2587803187572596,16.09910322553887,0.11925120397721578,332725.8,21.944938011731807,0.8392434988179669,8.037825059101655,0.4197967829657347,1.1939304201150722,0.2785327506222351,0.4644411774041876,0.3575724207619732,2,-0.40425531914893614,0.049382093599094734,-0.1774366127749207,4.255319148936176,1.0,유지
11110680,창신2동,2023,⑤ 성숙·정체,0.2196741282783623,-1.71375793843028,14.952717428717522,-1.1463857968213471,325972.12,-2.029803519895357,0.8817966903073287,4.255319148936176,0.4824253687527336,1.21079669725369,0.2912730006380996,0.4578636373684927,0.3694883584978852,2,-0.4468085106382979,0.0020895656168419263,-0.222359472510728,-1.1820330969267157,1.0,유지
11110690,창신3동,2020,① 레전드,0.4739900573642966,,4.622094092807099,,88604.86,,0.9739336492890996,,0.9023446416005124,1.0393421989009524,0.2267219837246813,0.4381481204727696,0.2856141701593871,6,-0.03791469194312802,-0.6729857819905214,-0.3554502369668247,0.7153821160072793,1.0,유지
11110690,창신3동,2021,① 레전드,0.4035806671320293,-7.040939023226733,4.747459999622248,0.12536590681514959,100065.93,12.935035391963812,0.9810874704491724,0.7153821160072793,0.7874631746274156,1.0863320889756811,0.2620810351394971,0.459581030983753,0.3283543290167291,6,-0.06382978723404253,-0.6493339159468029,-0.3565818515904227,-3.3096926713947816,1.0,유지
11110690,창신3동,2022,① 레전드,0.3291637628420816,-7.441690428994768,4.398699267358603,-0.3487607322636448,132239.32,32.152192059775,0.9479905437352246,-3.3096926713947816,0.6995408516820839,0.9988245028158128,0.3133221997384585,0.4835277734988227,0.3876785477897365,6,-0.14657210401891252,-0.6423033399437554,-0.394437721981334,-1.654846335697402,1.0,유지
11110690,창신3동,2023,① 레전드,0.2895045239093975,-3.965923893268408,3.630699087002551,-0.7680001803560526,146213.99,10.567711630701048,0.9314420803782506,-1.654846335697402,0.7290863040558903,0.8429562036433434,0.300640300151037,0.489218719067541,0.3759187320143556,6,-0.18676122931442085,-0.6826269145014734,-0.4346940719079471,0.0,1.0,유지
11110700,숭인1동,2020,⑦ 일반,0.3647785341180459,,3.6337234533623266,,380779.39,,0.7890995260663507,,0.491712589968829,1.0919857586131052,0.2415245696384845,0.3994088340995035,0.306059845190655,0,0.026066350710900466,-0.6303317535545023,-0.30213270142180093,-4.441867500252094,1.0,유지
11110700,숭인1동,2021,⑦ 일반,0.2795309555041854,-8.524757861386052,4.838173260937584,1.2044498075752572,441760.74,16.01487675055102,0.7446808510638298,-4.441867500252094,0.4098013334770202,1.1975971469178075,0.2527226575862513,0.3820458385339862,0.3180232784767804,0,-0.1229314420803782,-0.3987092870827871,-0.26082036458158264,-17.494089834515357,0.0,하락
11110700,숭인1동,2022,⑦ 일반,0.2825722827957159,0.30413272915305045,6.293813514840465,1.4556402539028808,493653.33,11.746763644048585,0.5697399527186762,-17.494089834515357,0.443789078287201,1.0425334978248453,0.2516458062497929,0.3802724820410174,0.3092792617611636,0,0.09456264775413703,-0.07447928921156716,0.010041679271284937,-9.929078014184405,0.0,하락
11110700,숭인1동,2023,⑦ 일반,0.2455435475703553,-3.70287352253606,6.1927131052551845,-0.1011004095852801,519248.33999999997,5.184814614741873,0.4704491725768321,-9.929078014184405,0.4077001643433727,1.0847507719370044,0.2199124485292841,0.3818995275595935,0.2851177207235592,0,0.11347517730496448,0.053247509887622835,0.08336134359629366,9.692671394799063,2.0,상승
11110710,숭인2동,2020,② 라이징스타,0.3350521960659884,,5.416692487855152,,1531849.19,,0.7369668246445498,,0.5791903495994156,0.9961725890404926,0.2466261780894423,0.344445247827279,0.2984046288464577,5,0.023696682464455,-0.33175355450236965,-0.15402843601895733,13.300953469351173,2.0,상승
11110710,숭인2동,2021,② 라이징스타,0.2907954073423985,-4.42567887235899,5.60126590494133,0.18457341708617747,1656301.3,8.124305630895702,0.8699763593380615,13.300953469351173,0.5666200835458807,1.1930514687264442,0.2673856273048468,0.3393331213311219,0.322396286385041,5,-0.20330969267139487,-0.4505450797172084,-0.3269273861943016,1.6548463356973908,1.0,유지
11110710,숭인2동,2022,② 라이징스타,0.3098453496042212,1.9049942261822717,6.525281923279519,0.9240160183381896,1984383.84,19.808143602857765,0.8865248226950354,1.6548463356973908,0.6204939308196147,1.1613121912215814,0.2931477390229781,0.3544049089728342,0.3502842093026811,5,-0.12529550827423164,-0.3651978084770259,-0.24524665837562876,-6.382978723404253,0.0,하락
11110710,숭인2동,2023,② 라이징스타,0.2773096861817785,-3.253566342244274,7.182448216137252,0.6571662928577329,2340585.34,17.950231846274246,0.8226950354609929,-6.382978723404253,0.569730494564051,1.1597357226691762,0.2693480195844929,0.3377906021688217,0.3244413808110165,5,-0.11820330969267134,-0.2113206278780545,-0.16476196878536292,3.309692671394804,1.0,유지
11140520,소공동,2020,⑦ 일반,0.3061070206311395,,13.328233867879888,,2823603.14,,0.566350710900474,,0.6559443105178959,0.9404743104620256,0.1377973364421668,0.3517416224224499,0.195408882974801,0,0.09004739336492884,0.26066350710900477,0.1753554502369668,-33.4672223902838,0.0,하락
11140520,소공동,2021,⑦ 일반,0.3006407712772874,-0.5466249353852093,14.550937851819507,1.2227039839396188,3378499.07,19.652051031505778,0.2316784869976359,-33.4672223902838,0.5751603932950389,0.973654421313497,0.1114798156650768,0.2922790332470647,0.164551369474006,0,0.4799054373522459,0.6237717499691887,0.5518385936607173,18.43971631205674,2.0,상승
11140520,소공동,2022,⑦ 일반,0.2656586086106989,-3.498216266658849,13.366786558206076,-1.1841512936134304,4945900.85,46.39343529551423,0.4160756501182033,18.43971631205674,0.6658322627759906,0.9467034159035632,0.1283498180490765,0.3410080481091089,0.188577794748283,0,0.16548463356973991,0.40856889964482984,0.2870267666072849,6.619385342789591,2.0,상승
11140520,소공동,2023,⑦ 일반,0.2528351532245643,-1.2823455386134608,12.779156975472478,-0.587629582733598,5623950.01,13.70931566491067,0.4822695035460992,6.619385342789591,0.6637024018476075,0.98267351821698,0.1255755417715299,0.3385365356145556,0.1859082139801924,0,0.13475177304964542,0.35185371920271585,0.24330274612618064,-5.200945626477532,0.0,하락
11140540,회현동,2020,⑦ 일반,0.1936351091491906,,11.556983395074646,,3603856.61,,0.0568720379146919,,0.441903340818933,0.9866429964294966,0.1432716679730571,0.147991592909268,0.1675606668520394,0,0.04976303317535546,0.7203791469194313,0.38507109004739337,15.825798572597,2.0,상승
11140540,회현동,2021,⑦ 일반,0.2122549606771064,1.8619851527915787,12.484964897803549,0.9279815027289029,4147502.57,15.085116274923038,0.2151300236406619,15.825798572597,0.4576233280775711,1.1716854223847888,0.1837828451268671,0.1667877155311715,0.21503977181456,0,0.01654846335697399,0.5739695024256888,0.2952589828913314,-3.073286052009458,1.0,유지
11140540,회현동,2022,⑦ 일반,0.1725961104319549,-3.965885024515148,12.004463410132526,-0.4805014876710221,5819855.05,40.32191546056112,0.1843971631205673,-3.073286052009458,0.5363460032213732,1.111368039608102,0.1658076751977434,0.1705968165757136,0.1970456290057401,0,-0.07092198581560283,0.5952236899600014,0.2621508520721993,2.8368794326241202,1.0,유지
11140540,회현동,2023,⑦ 일반,0.1598398599312882,-1.2756250500666728,9.905506435712294,-2.0989569744202328,6330136.92,8.767948095202138,0.2127659574468085,2.8368794326241202,0.5232146000017519,1.159289785737022,0.1631810870878585,0.1767247919091699,0.1965262876061387,0,-0.09692671394799054,0.5336795401835233,0.21837641311776634,-9.929078014184402,0.0,하락
11140550,명동,2020,② 라이징스타,0.4478740637332516,,20.122746859356322,,4181892.74,,0.6232227488151659,,0.5353160218692093,0.9996262954694132,0.1924924234834607,0.3841749308000206,0.2563642145353426,5,0.2867298578199051,0.3033175355450236,0.29502369668246436,11.672996986095697,2.0,상승
11140550,명동,2021,② 라이징스타,0.3982928885805293,-4.958117515272232,20.846471282314045,0.7237244229577229,4915309.34,17.537910357786934,0.7399527186761229,11.672996986095697,0.6232323615099906,1.0375731848967291,0.1839818182947357,0.3649103714171155,0.2469420246333124,5,0.16548463356973997,0.18658756568406665,0.1760360996269033,2.8368794326241176,1.0,유지
11140550,명동,2022,② 라이징스타,0.3863703459024262,-1.192254267810311,19.057010554552996,-1.7894607277610497,7905121.140000001,60.826523687316914,0.7683215130023641,2.8368794326241176,0.6796900789664656,1.0159606205135685,0.1868447118505399,0.389069687019523,0.2542094123850041,5,0.12529550827423164,0.14637043012559803,0.13583296919991483,2.6004728132387744,1.0,유지
11140550,명동,2023,② 라이징스타,0.3528560264191109,-3.351431948331529,17.880191838873944,-1.176818715679051,9196238.3,16.332667610454866,0.7943262411347518,2.6004728132387744,0.6878882959562418,1.0297050482036898,0.1854799802759819,0.3853822821754206,0.2515160853367556,5,0.07801418439716312,0.11562636550031924,0.09682027494874118,0.47281323877068626,1.0,유지
11140570,필동,2020,② 라이징스타,0.3320263456386081,,12.925365546754078,,1478143.34,,0.5687203791469194,,0.7025057005420182,0.821262200134054,0.1281484343103111,0.3947463916434243,0.1959321850651163,5,0.1729857819905214,0.2345971563981043,0.20379146919431285,14.286354520296241,2.0,상승
11140570,필동,2021,② 라이징스타,0.3235057663560494,-0.8520579282558727,13.916304637684803,0.9909390909307252,1688191.27,14.21025446693147,0.7115839243498818,14.286354520296241,0.733927956197333,0.9411697975202292,0.137589354751904,0.3607109794631004,0.1997194321262586,5,0.05910165484633567,0.12727863489182434,0.09319014486908,6.85579196217494,2.0,상승
11140570,필동,2022,② 라이징스타,0.34343011571372,1.9924349357670623,14.063381724983696,0.1470770872988929,2317811.01,37.295521614680524,0.7801418439716312,6.85579196217494,0.7677432395260573,0.9694981592789584,0.1462890562676712,0.4017303401118019,0.2166782313490164,5,0.04018912529550822,0.06346005176296599,0.0518245885292371,1.1820330969267157,1.0,유지
11140570,필동,2023,② 라이징스타,0.3369438988519948,-0.648621686172518,14.184433020671719,0.12105129568802298,2542962.2,9.713958084960538,0.7919621749408984,1.1820330969267157,0.7992265908872088,0.9184099468623194,0.1438789314307388,0.4031244896191322,0.2147046187642198,5,0.04255319148936165,0.07533640325815372,0.058944797373757685,4.728132387706852,1.0,유지
11140580,장충동,2020,⑤ 성숙·정체,0.2532007168848797,,7.247944697350772,,1145325.24,,0.8981042654028436,,0.7143207078217124,0.9984969408170132,0.2543306795943558,0.3613429666691426,0.3089726906576774,2,-0.5047393364928909,-0.32464454976303314,-0.41469194312796204,-14.16030833697467,0.0,하락
11140580,장충동,2021,⑤ 성숙·정체,0.254550746171421,0.13500292865412655,8.383306168781418,1.1353614714306461,1336005.84,16.648598436545427,0.7565011820330969,-14.16030833697467,0.6464374801030172,0.9614770675479296,0.2489460654507956,0.3204091352501393,0.2920373549026215,2,-0.27423167848699764,-0.10484241426058505,-0.18953704637379135,15.36643026004727,2.0,상승
11140580,장충동,2022,⑤ 성숙·정체,0.2380705491169699,-1.6480197054451085,8.928095367198823,0.5447891984174049,1910167.8800000001,42.97601273958502,0.9101654846335696,15.36643026004727,0.6784881974807864,1.1681010693401177,0.2692893012958089,0.3580827761273347,0.3289351409772805,2,-0.4704491725768321,-0.22533136141082089,-0.3478902669938265,-3.782505910165468,1.0,유지
11140580,장충동,2023,⑤ 성숙·정체,0.2326399594235076,-0.5430589693462301,7.834528286754551,-1.0935670804442719,2149976.41,12.554316953544408,0.8723404255319149,-3.782505910165468,0.7398951911089565,1.018710948085253,0.253296880695815,0.3479786979157572,0.3080174361313492,2,-0.36170212765957455,-0.22305132600584854,-0.29237672683271154,2.36406619385342,1.0,유지
11140590,광희동,2020,⑦ 일반,0.3258265145545456,,18.20280453581187,,2908924.88,,0.2274881516587677,,0.2921047163376645,1.0573534996147071,0.2329999282050573,0.3242790784071178,0.2869287147679232,0,0.49526066350710896,0.6753554502369669,0.5853080568720379,5.619979160364361,2.0,상승
11140590,광희동,2021,⑦ 일반,0.2922674391423724,-3.355907541217318,18.619140823973545,0.41633628816167345,3146323.59,8.161046427572227,0.2836879432624113,5.619979160364361,0.3323313071748002,1.172835352108188,0.2243570433502523,0.2756542817255014,0.270880822719744,0,0.3877068557919621,0.6215253268797687,0.5046160913358654,-6.382978723404251,0.0,하락
11140590,광희동,2022,⑦ 일반,0.3050075726670512,1.2740133524678787,18.50287825450715,-0.11626256946639657,4407527.19,40.08499329212354,0.2198581560283688,-6.382978723404251,0.3654836914826551,1.0333553774915625,0.2465785677426781,0.2972120234963201,0.2950889467601942,0,0.524822695035461,0.6900944506067023,0.6074585728210816,2.6004728132387687,1.0,유지
11140590,광희동,2023,⑦ 일반,0.2720772950407056,-3.2930277626345594,17.917714480754913,-0.5851637737522353,4790445.07,8.687816625811905,0.2458628841607565,2.6004728132387687,0.3186154769485095,1.133689216713213,0.2526602506681125,0.2776750632481425,0.2989156573435757,0,0.43971631205673756,0.6688290589672056,0.5542726855119715,8.037825059101658,2.0,상승
11140605,을지로동,2020,⑦ 일반,0.2080882490227633,,18.141523511642223,,1655960.04,,0.0189573459715639,,0.1246317518438618,1.07934107481147,0.1363131218064856,0.1683011494500757,0.1661968790442684,0,0.14691943127962084,0.8815165876777251,0.514218009478673,1.1775514548530601,1.0,유지
11140605,을지로동,2021,⑦ 일반,0.2344775683984138,2.6389319375650504,21.024576616426387,2.883053104784164,1812716.17,9.466178302225202,0.0307328605200945,1.1775514548530601,0.1993077664076448,1.107052630871438,0.1505102257365527,0.1911380212289533,0.1856823354173452,0,0.34515366430260047,0.9029164285794314,0.6240350464410159,-0.7092198581560301,1.0,유지
11140605,을지로동,2022,⑦ 일반,0.2332594482451687,-0.12181201532451003,22.418205588202426,1.3936289717760388,2293859.64,26.542680975808807,0.0236406619385342,-0.7092198581560301,0.2346101004924394,0.9627131341952124,0.1420063965330573,0.2184799023253407,0.1797916341425907,0,0.3829787234042553,0.9242266366396648,0.6536026800219601,0.23640661938535007,1.0,유지
11140605,을지로동,2023,⑦ 일반,0.2321693973763646,-0.10900508688040933,20.741029363749863,-1.6771762244525625,2551784.44,11.244140465368657,0.0260047281323877,0.23640661938535007,0.2705708796522975,0.9623824245907188,0.1308103125662624,0.2308536013013006,0.1710770609057681,0,0.48226950354609927,0.9147535657064748,0.698511534626287,2.8368794326241105,1.0,유지
11140615,신당동,2020,⑤ 성숙·정체,0.3330044449223219,,11.993551702789485,,1562384.56,,0.7417061611374408,,0.7633200999377656,0.9145018964918374,0.1880765074930356,0.306887071679111,0.2394252853541766,2,0.009478672985781977,0.04739336492890989,0.028436018957345932,9.280920529281921,2.0,상승
11140615,신당동,2021,⑤ 성숙·정체,0.2906385136713903,-4.236593125093158,12.871796631062102,0.8782449282726166,1708170.4,9.330983147964545,0.83451536643026,9.280920529281921,0.7827474877030649,0.979389197483682,0.1968736282259093,0.326489009362618,0.2485909700301791,2,-0.17021276595744683,-0.03119783088523631,-0.10070529842134157,-8.983451536643027,0.0,하락
11140615,신당동,2022,⑤ 성숙·정체,0.2707185438595973,-1.9919969811793004,12.859539334547168,-0.012257296514933458,1980204.06,15.925440459570094,0.7446808510638298,-8.983451536643027,0.8139193911382061,0.879124682272874,0.1880307065462981,0.3345973818321278,0.2389053517893758,2,-0.12765957446808507,0.06574568922053048,-0.030956942623777295,8.274231678486998,2.0,상승
11140615,신당동,2023,⑤ 성숙·정체,0.2401117187791604,-3.060682508043691,12.759839475678254,-0.09969985886891486,2266684.55,14.467220615636943,0.8274231678486997,8.274231678486998,0.8145983730301656,0.9902420077116586,0.1911782516486461,0.3255197439394154,0.2433841631566492,2,-0.2671394799054373,0.004330386653669915,-0.1314045466258837,1.4184397163120588,1.0,유지
11140625,다산동,2020,⑦ 일반,0.3900501755198405,,8.147586134934471,,733144.75,,0.6635071090047393,,0.5069693975740763,1.0040076573655483,0.2147074607750802,0.3957063073201111,0.2781672403283464,0,0.18957345971563988,-0.03554502369668244,0.07701421800947872,-34.672223902838,0.0,하락
11140625,다산동,2021,⑦ 일반,0.3134612337568446,-7.658894176299591,8.859832315299657,0.7122461803651863,771429.95,5.2220519890512795,0.3167848699763593,-34.672223902838,0.4506449852415017,0.955726371327031,0.1887239359109302,0.3724182041653526,0.2502660205937649,0,0.43262411347517726,0.36330991675349844,0.39796701511433785,20.803782505910167,2.0,상승
11140625,다산동,2022,⑦ 일반,0.3107423822162272,-0.27188515406174063,7.989131319051575,-0.8707009962480825,873971.74,13.292430505193643,0.524822695035461,20.803782505910167,0.4878197272460078,1.030361922217813,0.2036853979899153,0.3929386966904685,0.2723046571334293,0,0.2434988179669031,0.10787872676548693,0.175688772366195,12.056737588652489,2.0,상승
11140625,다산동,2023,⑦ 일반,0.3138618885386169,0.311950632238972,6.95357271473592,-1.0355586043156553,924898.36,5.827032805431442,0.6453900709219859,12.056737588652489,0.5273780229281548,1.0838446819102068,0.1960773928267255,0.4035965747925975,0.2664847545403891,0,0.14893617021276595,-0.05297300931061144,0.047981580451077255,0.9456264775413614,1.0,유지
11140635,약수동,2020,③ 급성장 신흥,0.2299888803377663,,5.243178847034808,,625997.91,,0.0805687203791469,,0.2137526699396487,0.98268855140192,0.1653090163713212,0.3653623494264313,0.2265542429198232,4,0.18009478672985785,0.3056872037914692,0.24289099526066352,35.678352548373724,2.0,상승
11140635,약수동,2021,③ 급성장 신흥,0.2584710675286992,2.84821871909329,5.699046633692416,0.45586778665760797,654383.31,4.534424084578825,0.4373522458628842,35.678352548373724,0.3504200975975978,1.104268757728892,0.2192438891116758,0.3895934467827524,0.2859378655652734,4,0.06855791962174934,-0.003702956763358134,0.032427481429195604,16.312056737588648,2.0,상승
11140635,약수동,2022,③ 급성장 신흥,0.2750098119740692,1.6538744445370013,6.3792340380426165,0.6801874043502005,899635.28,37.478335136634215,0.6004728132387707,16.312056737588648,0.4137528066397387,1.1403616928638023,0.2246744441764669,0.3979011604495145,0.2944802635462107,4,0.04018912529550833,-0.09336380849943415,-0.02658734160196291,-2.6004728132387633,1.0,유지
11140635,약수동,2023,③ 급성장 신흥,0.271276374598887,-0.3733437375182225,6.4161274812436995,0.03689344320108301,1047181.5,16.400670725140976,0.574468085106383,-2.6004728132387633,0.4010553707969757,1.1928990006897746,0.2194312893921195,0.3820127815110831,0.2868907223957733,4,0.10638297872340419,-0.034183724916809544,0.03609962690329732,-5.200945626477549,0.0,하락
11140645,청구동,2020,⑤ 성숙·정체,0.3660605938298556,,7.412880719311319,,428320.8,,0.8459715639810427,,0.6154128969999472,0.9150891156621402,0.3128111330755278,0.3516626949323292,0.3579907080985761,2,-0.028436018957346043,-0.2582938388625593,-0.14336492890995267,-4.455312426473057,1.0,유지
11140645,청구동,2021,⑤ 성숙·정체,0.4108654136921537,4.480481986229806,7.3964650934336325,-0.016415625877686857,465819.95,8.754921544786054,0.8014184397163121,-4.455312426473057,0.5932440449621026,0.912250161797052,0.3180066350816575,0.3545489608144863,0.368160996933616,2,0.12056737588652477,-0.2161103828442742,-0.04777150347887471,-7.092198581560282,0.0,하락
11140645,청구동,2022,⑤ 성숙·정체,0.2983519058192758,-11.25135078728779,6.798987797888757,-0.5974772955448753,530044.34,13.78738501861072,0.7304964539007093,-7.092198581560282,0.564816883958008,1.1537888344590377,0.211508851206289,0.3562178050493433,0.2697037886966088,2,-0.007092198581560294,-0.1807334207253538,-0.09391280965345705,-20.803782505910174,0.0,하락
11140645,청구동,2023,⑤ 성숙·정체,0.2989209703817674,0.056906456249161685,6.208504777166333,-0.5904830207224245,530788.51,0.14039768823870258,0.5224586288416075,-20.803782505910174,0.5060023673120839,1.0592886628486318,0.2228462930104954,0.3207815503662384,0.2696982399303851,2,0.2434988179669031,0.00597739011573839,0.12473810404132074,23.167848699763592,2.0,상승
11140650,신당5동,2020,⑤ 성숙·정체,0.2902422670413265,,6.059535298020657,,439901.72,,0.8199052132701422,,0.5767776631127537,1.0223126390108397,0.2340656228639059,0.4116835327373138,0.3002625390533671,2,-0.2417061611374408,-0.3483412322274882,-0.29502369668246453,-1.6122707359976673,1.0,유지
11140650,신당5동,2021,⑤ 성숙·정체,0.2407286322777888,-4.95136347635377,6.877113906151224,0.8175786081305665,460350.38,4.648461024430639,0.8037825059101655,-1.6122707359976673,0.4857366352555447,1.0800114213977747,0.2526083805873832,0.4440523261691393,0.3245179523387413,2,-0.3995271867612294,-0.2658678139670376,-0.3326975003641335,3.0732860520094496,1.0,유지
11140650,신당5동,2022,⑤ 성숙·정체,0.2597915716948568,1.9062939417067992,7.014713320155791,0.13759941400456732,585561.92,27.19918250094635,0.83451536643026,3.0732860520094496,0.5424342404833008,1.0749280019130345,0.2598709494343177,0.4477372445607084,0.3326871255392951,2,-0.27895981087470445,-0.2681646555297861,-0.27356223320224526,8.274231678486998,2.0,상승
11140650,신당5동,2023,⑤ 성숙·정체,0.2624549113658876,0.2663339671030829,8.02515355985142,1.0104402396956287,648305.85,10.715165699299556,0.91725768321513,8.274231678486998,0.5625974549706719,1.2431251078705452,0.259054676433445,0.449762778085665,0.3387970961207823,2,-0.25531914893617025,-0.25848991070328164,-0.25690452981972595,-1.891252955082745,1.0,유지
11140665,동화동,2020,② 라이징스타,0.2274390760700083,,6.681565530792858,,423804.12,,0.4170616113744075,,0.4385773498224793,0.9617826285895636,0.2118816861158046,0.365985493133391,0.2613623884944148,5,-0.1635071090047393,0.10426540284360197,-0.029620853080568665,46.237101273906774,2.0,상승
11140665,동화동,2021,② 라이징스타,0.2732403444229859,4.58012683529776,6.759037757252218,0.07747222645935992,389759.03,-8.03321355158132,0.8794326241134752,46.237101273906774,0.5567430598222803,1.1568186077854887,0.2524221572900558,0.4099268453992701,0.3266438405617186,5,-0.281323877068558,-0.3581056098954657,-0.31971474348201184,5.200945626477537,2.0,상승
11140665,동화동,2022,② 라이징스타,0.268964920503937,-0.4275423919048893,6.886642580213611,0.12760482296139308,493104.29,26.515167589574506,0.9314420803782506,5.200945626477537,0.5336944920223973,1.436081662475619,0.2439047647459414,0.4055435198509103,0.3252119048975397,5,-0.3262411347517731,-0.37220037421711316,-0.3492207544844431,-6.85579196217494,0.0,하락
11140665,동화동,2023,② 라이징스타,0.3146680768799584,4.570315637602141,6.6512144424257045,-0.23542813778790617,597463.0700000001,21.16363254515594,0.8628841607565012,-6.85579196217494,0.517617742953949,1.2036905558283102,0.2596044955038473,0.423347010067682,0.3296270908116822,5,-0.06619385342789597,-0.2989031181024727,-0.18254848576518434,-0.47281323877068626,1.0,유지
11140670,황학동,2020,③ 급성장 신흥,0.2319578475078954,,6.298929351188984,,1362405.66,,0.0900473933649289,,0.2573438544483766,0.960574662423651,0.2230867990420585,0.2756952282259364,0.2665779083521867,4,0.18009478672985785,0.4004739336492891,0.2902843601895735,-0.9669142773912398,1.0,유지
11140670,황학동,2021,③ 급성장 신흥,0.201534104276423,-3.04237432314724,6.783698963876818,0.4847696126878338,1450695.27,6.480420082811467,0.0803782505910165,-0.9669142773912398,0.2396901991079287,0.9833905761418942,0.2384297220814679,0.2753383034054634,0.2794443854659013,4,0.09692671394799054,0.4456881001198839,0.27130740703393724,7.8014184397163095,2.0,상승
11140670,황학동,2022,③ 급성장 신흥,0.2070583857182747,0.5524281441851714,8.094077770899121,1.3103788070223032,1710330.49,17.897295549877956,0.1583924349881796,7.8014184397163095,0.2670358101887824,1.1323004559484042,0.2387293470612557,0.2862558945567812,0.287801656125317,4,0.10165484633569738,0.47904832330565916,0.29035158482067824,-6.382978723404249,0.0,하락
11140670,황학동,2023,③ 급성장 신흥,0.2231994126226356,1.6141026904360896,9.39563768852152,1.3015599176223986,1875724.84,9.670315238313986,0.0945626477541371,-6.382978723404249,0.2816686866635928,1.0072627767985438,0.2176504277617409,0.2931667160795638,0.2652128745880213,4,0.3735224586288416,0.6352951721510761,0.5044088153899589,41.371158392434985,2.0,상승
11140680,중림동,2020,⑦ 일반,0.2425242617846948,,7.949593359513997,,516454.97,,0.0236966824644549,,0.2990740890442144,0.7223796144243937,0.1419134930492483,0.2703791802863801,0.1802865141503368,0,0.31279620853080564,0.5924170616113744,0.45260663507109,4.72253033511479,1.0,유지
11140680,중림동,2021,⑦ 일반,0.2281622705117388,-1.436199127295601,8.646832733520903,0.6972393740069052,620218.89,20.091571584643674,0.0709219858156028,4.72253033511479,0.3702619340701398,0.8907828866949783,0.1461422949703234,0.2863685972048529,0.1993561261314647,0,0.26713947990543735,0.5973244596820275,0.43223196979373246,-2.36406619385343,1.0,유지
11140680,중림동,2022,⑦ 일반,0.2130151914563347,-1.5147079055404078,8.880554250793365,0.23372151727246226,820711.5,32.32610506268199,0.0472813238770685,-2.36406619385343,0.4005719695462541,0.8313612712799165,0.1625866175639597,0.2892235487256979,0.2117328995855959,0,0.2624113475177305,0.6351831310992349,0.4487972393084827,22.69503546099291,2.0,상승
11140680,중림동,2023,⑦ 일반,0.2354309033730532,2.2415711916718486,8.003610153132355,-0.8769440976610099,885835.0,7.935005175387455,0.2742316784869976,22.69503546099291,0.4104652992613427,1.100741089895831,0.1989285546954205,0.3030134086446012,0.2524780579759772,0,0.2576832151300236,0.38216642577840515,0.3199248204542144,-7.5650118203309695,0.0,하락
11170510,후암동,2020,⑤ 성숙·정체,0.2992587519260155,,11.980021688783067,,511554.75,,0.7085308056872038,,0.4403902306297194,1.018058760406649,0.2421259921808692,0.4392538562817096,0.3117199454123538,2,-0.08293838862559244,0.0781990521327014,-0.002369668246445522,12.362049454920276,2.0,상승
11170510,후암동,2021,⑤ 성숙·정체,0.2905349122623809,-0.8723839663634603,12.93060180679651,0.950580118013443,548790.08,7.278855293592712,0.8321513002364066,12.362049454920276,0.420693324050013,1.2483174075397097,0.2442984553795976,0.4440471828379417,0.3235729407150304,2,-0.17021276595744683,-0.026464096444937413,-0.09833843120119212,-8.983451536643027,0.0,하락
11170510,후암동,2022,⑤ 성숙·정체,0.2856346001994353,-0.49003120629455554,12.320367092252557,-0.6102347145439531,688934.18,25.536922970619315,0.7423167848699763,-8.983451536643027,0.5013123434316166,1.090084767772376,0.240618648039798,0.4237180652032366,0.3117148741237905,2,-0.06382978723404253,0.042043404703483445,-0.010893191265279545,0.23640661938534313,1.0,유지
11170510,후암동,2023,⑤ 성숙·정체,0.2719630926806318,-1.3671507518803527,10.208835195374226,-2.111531896878331,666816.72,-3.210387964783523,0.7446808510638298,0.23640661938534313,0.5301028967839018,1.058870727403049,0.2244905058684866,0.4203355221420993,0.2947099389275481,2,-0.0614657210401891,0.015982656045175014,-0.022741532497507044,0.7092198581560294,1.0,유지
11170520,용산2가동,2020,① 레전드,0.4568418015440809,,26.779471776259378,,704707.44,,0.9691943127962084,,0.5542282614751483,1.1750447731907605,0.3090459168201114,0.5200671851832676,0.3928176675252589,6,-0.049763033175355464,0.0023696682464455776,-0.023696682464454943,0.952909145911085,1.0,유지
11170520,용산2가동,2021,① 레전드,0.4741047074030086,1.7262905858927702,25.70109822235027,-1.0783735539091062,631932.14,-10.327023083508236,0.9787234042553192,0.952909145911085,0.5103122279045371,1.2470048527151942,0.3285164131388328,0.53675483017568,0.4129640347335165,6,-0.028368794326241065,-0.009529091459110628,-0.018948942892675846,0.23640661938532093,1.0,유지
11170520,용산2가동,2022,① 레전드,0.500437184768077,2.6332477365068385,25.379680981529674,-0.3214172408205975,840294.92,32.97233465605976,0.9810874704491724,0.23640661938532093,0.6004814564766281,1.1723533600296916,0.3641204262352931,0.545299988515413,0.4471010877837305,6,-0.007092198581560294,-0.016632494145854992,-0.011862346363707643,-0.23640661938532093,1.0,유지
11170520,용산2가동,2023,① 레전드,0.4709273196729001,-2.950986509517689,25.992969522558734,0.6132885410290605,994544.12,18.35655510091623,0.9787234042553192,-0.23640661938532093,0.601683827583727,1.150839704272003,0.3678603214746033,0.5307775638808292,0.4445433503780343,6,-0.01654846335697402,-0.004789754966219584,-0.010669109161596801,1.1820330969267157,1.0,유지
11170530,남영동,2020,① 레전드,0.4165654341767603,,14.663641572007746,,1278955.02,,0.8175355450236966,,0.6246808363636184,0.9719722969866614,0.183467800163067,0.4666464056106572,0.2593704733597965,6,0.07345971563981046,0.042654028436019065,0.058056872037914764,4.2984549538951144,1.0,유지
11170530,남영동,2021,① 레전드,0.4093812065469852,-0.7184227629775108,15.157632010662098,0.4939904386543521,1577235.48,23.32220096372115,0.8605200945626478,4.2984549538951144,0.6249183191702975,1.0589048145409603,0.1865396568980267,0.4775147931854798,0.2695163738928366,6,0.05910165484633567,0.0020391471435133868,0.03057040099492453,6.146572104018899,2.0,상승
11170530,남영동,2022,① 레전드,0.4121419578270459,0.27607512800607026,14.499055673409128,-0.6585763372529705,2503360.62,58.71825429643518,0.9219858156028368,6.146572104018899,0.6945804825340332,1.0860166764784671,0.2060883327176129,0.5127889460996157,0.2947168135485318,6,0.0023640661938534313,-0.059426573896675716,-0.028531253851411142,0.23640661938536534,1.0,유지
11170530,남영동,2023,① 레전드,0.3903115883539377,-2.1830369473108178,13.844830862590218,-0.6542248108189099,2789766.62,11.440860645958395,0.9243498817966904,0.23640661938536534,0.7282794458654058,1.0338285268865,0.2001168199102457,0.5152501608798877,0.2900879050863034,6,-0.01654846335697402,-0.06416030833697461,-0.04035438584697432,1.4184397163120366,1.0,유지
11170555,청파동,2020,⑦ 일반,0.3278365717497402,,13.624538573071696,,1240589.17,,0.6303317535545023,,0.4315878672704664,1.1121344220299398,0.2206631259797272,0.3771020573538712,0.2828888628319842,0,0.09715639810426546,0.2037914691943128,0.15047393364928913,10.016470034620696,2.0,상승
11170555,청파동,2021,⑦ 일반,0.3444166571539896,1.6580085404249434,13.385823798207957,-0.23871477486373927,1159872.88,-6.506286847562926,0.7304964539007093,10.016470034620696,0.4642033991055826,1.1323664067210288,0.2384856108795136,0.3796966627468934,0.3014627358198082,0,0.09456264775413703,0.09888743235521491,0.09672504005467597,-2.6004728132387744,1.0,유지
11170555,청파동,2022,⑦ 일반,0.3457838403117132,0.1367183157723606,14.196461160892278,0.8106373626843215,1568238.01,35.20774880088584,0.7044917257683215,-2.6004728132387744,0.5000758725852207,1.1029098792944814,0.2411890952381731,0.3859078077356259,0.3064876677647554,0,0.1229314420803782,0.14621917470561208,0.13457530839299514,-3.78250591016549,1.0,유지
11170555,청파동,2023,⑦ 일반,0.3307863758697434,-1.499746444196981,13.585746297111895,-0.6107148637803839,1807713.28,15.270339608717931,0.6666666666666666,-3.78250591016549,0.5136491784892776,1.0750078636200446,0.2338061944361049,0.3789350146098301,0.2960998843584475,0,0.15839243498817968,0.18404423380726698,0.17121833439772333,-2.8368794326241065,1.0,유지
11170560,원효로1동,2020,⑦ 일반,0.1877603760144983,,8.43707610997428,,794523.59,,0.0023696682464454,,0.066844145183573,0.7306234471893053,0.0296418276850568,0.2216133817380235,0.0632402463476712,0,0.09004739336492891,0.6421800947867299,0.3661137440758294,0.47225303351148007,1.0,유지
11170560,원효로1동,2021,⑦ 일반,0.183837767913946,-0.39226081005523106,10.1528685823648,1.71579247239052,928228.01,16.828250499145025,0.0070921985815602,0.47225303351148007,0.0941310347050848,1.079949181464887,0.0720324984967923,0.216158208301679,0.1153903031986074,0,0.11111111111111112,0.727504957816544,0.4193080344638276,0.0,1.0,유지
11170560,원효로1동,2022,⑦ 일반,0.1354480045695772,-4.838976334436879,11.507511980518006,1.3546433981532058,1171255.7,26.181895760719385,0.0070921985815602,0.0,0.1247505068047122,0.913008655511492,0.0635451101081518,0.2030480040165271,0.1001731521248053,0,0.02364066193853428,0.7630499815132264,0.3933453217258804,0.0,1.0,유지
11170560,원효로1동,2023,⑦ 일반,0.1670684521953506,3.1620447625773402,10.945633793589739,-0.5618781869282667,1126801.6300000001,-3.795419736271066,0.0070921985815602,0.0,0.1567477327903366,0.9573204380931476,0.0528331932989369,0.2032835066593016,0.0883142890164083,0,0.1276595744680851,0.7654196497596719,0.4465396121138785,-0.47281323877068004,1.0,유지
11170570,원효로2동,2020,⑦ 일반,0.1683957769989313,,3.22173118918493,,452929.47,,0.0094786729857819,,0.0220705824246537,1.204081154266468,0.1208337766317979,0.128744243304243,0.1455547243476021,0,0.04739336492890995,0.0971563981042654,0.07227488151658767,-0.7114606791928499,1.0,유지
11170570,원효로2동,2021,⑦ 일반,0.1636393722946287,-0.4756404704302608,3.618202500548263,0.3964713113633329,465789.85,2.839378060341269,0.0023640661938534,-0.7114606791928499,0.0677947261934941,1.0258890798262432,0.0577327073948223,0.1950627060585495,0.098269107199233,0,0.04964539007092199,0.15403403807154942,0.10183971407123571,0.23640661938534002,1.0,유지
11170570,원효로2동,2022,⑦ 일반,0.1570079599206277,-0.6631412374001,4.231007293844646,0.6128047932963834,531694.9,14.149095348470997,0.0047281323877068,0.23640661938534002,0.1089614768164046,0.8908919157467949,0.0759445939398684,0.1805075717510944,0.1057727041236024,0,0.054373522458628844,0.27252305244641634,0.1634482874525226,-0.23640661938534002,1.0,유지
11170570,원효로2동,2023,⑦ 일반,0.1226077249432464,-3.440023497738129,4.876509102544997,0.6455018087003506,599523.54,12.757060487132765,0.0023640661938534,-0.23640661938534002,0.09830297889736,1.03795966131304,0.0493365818432873,0.1093790312507956,0.0689465303469103,0,0.02364066193853428,0.40521887219477215,0.2144297670666532,1.4184397163120501,1.0,유지
11170580,효창동,2020,⑦ 일반,0.2430637223680621,,5.7727340617984755,,303428.84,,0.1848341232227488,,0.323377539449208,1.1481552460351834,0.160885343071196,0.3057850459788143,0.2150458009950318,0,0.15876777251184834,0.2677725118483413,0.21327014218009482,-13.046060076412,0.0,하락
11170580,효창동,2021,⑦ 일반,0.2238399217377369,-1.9223800630325194,5.6580237266287625,-0.11471033516971296,323995.46,6.778070271764536,0.0543735224586288,-13.046060076412,0.2989703993502159,0.9360357957458588,0.1742141934642284,0.256066823587946,0.2151270977835124,0,0.2576832151300236,0.3745364301480062,0.3161098226390149,-0.4728132387706904,1.0,유지
11170580,효창동,2022,⑦ 일반,0.2167564707409167,-0.7083450996820201,5.092000257140135,-0.5660234694886279,406004.3,25.311725047011446,0.0496453900709219,-0.4728132387706904,0.3107326321714064,0.9843103111299156,0.1746339454919356,0.2642653855025834,0.2177572711108897,0,0.2718676122931442,0.3437195388390306,0.30779357556608744,1.89125295508275,1.0,유지
11170580,효창동,2023,⑦ 일반,0.1912926819652894,-2.54637887756273,4.941233914642317,-0.15076634249781762,440080.36,8.393029334910995,0.0685579196217494,1.89125295508275,0.2679361502814389,0.9995055020783478,0.1719469331141064,0.3003540583032365,0.2227416918328824,0,0.20094562647754138,0.3461340235062127,0.273539824991877,4.01891252955082,1.0,유지
11170590,용문동,2020,⑦ 일반,0.1658737677526525,,4.278713689066399,,394760.23,,0.2748815165876777,,0.2928122879999948,1.0670795554013468,0.2264684817904509,0.3514552456237932,0.2808765516510895,0,-0.2227488151658768,-0.01895734597156401,-0.1208530805687204,-2.42905000392144,1.0,유지
11170590,용문동,2021,⑦ 일반,0.1651061447825019,-0.07676229701505943,5.027690445840452,0.7489767567740531,426374.5,8.008473903260228,0.2505910165484633,-2.42905000392144,0.2167471236372662,1.141037832032287,0.2489065925441946,0.3583363926363227,0.3087696688866622,0,-0.19385342789598106,0.1143378934041433,-0.03975776724591888,6.855791962174951,2.0,상승
11170590,용문동,2022,⑦ 일반,0.1538888089439707,-1.1217335838531213,4.855512212634963,-0.1721782332054893,486328.3,14.061300570273305,0.3191489361702128,6.855791962174951,0.2197516707993467,1.286291890544638,0.2418558077866557,0.340185963123482,0.3007029670635029,0,-0.26241134751773054,0.045779973782393846,-0.10831568686766835,-13.711583924349888,0.0,하락
11170590,용문동,2023,⑦ 일반,0.1401045907564458,-1.37842181875249,4.404602763748582,-0.45090944888638074,522978.83,7.5361705251370426,0.1820330969267139,-13.711583924349888,0.210832244291645,1.1973723247594603,0.2332922743536059,0.3319253899502827,0.2907454656625989,0,-0.13002364066193856,0.16630813530077418,0.018142247319417812,3.0732860520094607,1.0,유지
11170625,한강로동,2020,⑦ 일반,0.2042890161458344,,15.828953810354685,,4458084.46,,0.0284360189573459,,0.0286042906060377,1.076793111160613,0.2155877054010156,0.2209731164060923,0.2507126430754497,0,0.12085308056872036,0.8483412322274881,0.48459715639810425,0.46609077566019985,1.0,유지
11170625,한강로동,2021,⑦ 일반,0.1989016728954269,-0.5387343250407489,17.31571338306279,1.4867595727081042,5543715.23,24.35195608653857,0.0330969267139479,0.46609077566019985,0.0414058494344239,1.1547320451346754,0.2274810093466157,0.222520278951074,0.2648990649317544,0,0.13711583924349882,0.8650073386888956,0.5010615889661972,-1.8912529550827402,1.0,유지
11170625,한강로동,2022,⑦ 일반,0.1839232758034132,-1.4978397092013707,17.468914112725955,0.15320072966316545,8123930.09,46.543062782826226,0.0141843971631205,-1.8912529550827402,0.0632415569080683,0.9845146989138048,0.205622811142296,0.2243092764620285,0.2420177492634811,0,0.13002364066193856,0.8886592047326141,0.5093414226972763,0.2364066193853402,1.0,유지
11170625,한강로동,2023,⑦ 일반,0.1887027360982065,0.4779460294793314,16.817132019583184,-0.6517820931427707,10045861.97,23.657661485366145,0.0165484633569739,0.2364066193853402,0.0824908419368384,0.9932031870262148,0.2049250922133024,0.2320146755569429,0.2417970611412866,0,0.22695035460992907,0.8862951385387606,0.5566227465743449,2.83687943262412,1.0,유지
11170630,이촌1동,2020,⑦ 일반,0.1912220801293065,,6.5660306781326465,,1227079.25,,0.5545023696682464,,0.4035025149016356,1.0934738736650491,0.2295356027287583,0.3590748681933779,0.289038060564159,0,-0.457345971563981,-0.04502369668246442,-0.2511848341232227,17.83581504263162,2.0,상승
11170630,이촌1동,2021,⑦ 일반,0.1686150760541475,-2.2607004075159005,6.6623565735414445,0.09632589540879799,1243144.06,1.3091909100410692,0.7328605200945626,17.83581504263162,0.4771499848789902,1.1704676893164518,0.2235907467471005,0.3628705977197727,0.288131520538907,0,-0.6666666666666666,-0.21864251061588957,-0.4426545886412781,-4.964539007092195,1.0,유지
11170630,이촌1동,2022,⑦ 일반,0.1652354236712982,-0.3379652382849291,6.82747966141672,0.1651230878752754,1491362.48,19.966987575036143,0.6832151300236406,-4.964539007092195,0.4785070795381962,1.1749538296187971,0.2339206967698475,0.3575373015073482,0.2970170731333852,0,-0.5910165484633569,-0.13108242860183972,-0.36104948853259833,-5.910165484633567,0.0,하락
11170630,이촌1동,2023,⑦ 일반,0.1539442716212044,-1.1291152050093816,6.560777709692603,-0.2667019517241167,1562960.59,4.800852305202152,0.624113475177305,-5.910165484633567,0.4488090530353337,1.1777495960362496,0.2319474671056241,0.3613652113561414,0.294306067625865,0,-0.524822695035461,-0.07198077375550405,-0.2984017343954825,-8.037825059101655,0.0,하락
11170640,이촌2동,2020,⑦ 일반,0.3174021911964721,,6.9134193585171175,,245197.19,,0.1777251184834123,,0.2661941351423634,0.927944907959142,0.2696005002638016,0.3390936283778099,0.31674450009268,0,0.5165876777251185,0.37203791469194314,0.4443127962085308,-15.172039035102461,0.0,하락
11170640,이촌2동,2021,⑦ 일반,0.2677555402176354,-4.964665097883669,12.931997155204316,6.0185777966871985,298988.08,21.93780850424918,0.0260047281323877,-15.172039035102461,0.2239418141745837,0.725715929747461,0.218748092004364,0.2973404744406779,0.2535358927419278,0,0.524822695035461,0.7820521439055269,0.6534374194704939,-0.4728132387706901,1.0,유지
11170640,이촌2동,2022,⑦ 일반,0.177688974342903,-9.006656587473241,15.640705038318417,2.7087078831141014,425856.57,42.43262473875211,0.0212765957446808,-0.4728132387706901,0.1894682014984076,0.9387644266883968,0.149089625603099,0.2658010292680296,0.1963002077064715,0,0.10874704491725767,0.8507613189472623,0.47975418193225994,9.9290780141844,2.0,상승
11170640,이촌2동,2023,⑦ 일반,0.1613485173803075,-1.6340456962595507,16.377251446515942,0.7365464081975244,544491.06,27.857851294862023,0.1205673758865248,9.9290780141844,0.1546772260104797,1.7137916509518063,0.1179305347765245,0.181884388926147,0.1530305200683888,0,0.0,0.7775368895163188,0.3887684447581594,19.858156028368796,2.0,상승
11170650,이태원1동,2020,① 레전드,0.598054606318333,,36.47779525765854,,1541956.8699999999,,0.9834123222748816,,0.6524982945821045,1.177069618181724,0.3821671550030271,0.4454996286985788,0.4491517092888374,6,0.007109004739336511,0.009478672985781977,0.008293838862559244,0.9495479143557972,1.0,유지
11170650,이태원1동,2021,① 레전드,0.5648122939185325,-3.3242312399800467,34.79015876930841,-1.6876364883501296,1767169.6300000001,14.60564587646347,0.9929078014184396,0.9495479143557972,0.6685541453668952,1.2970735210144226,0.3910410810235491,0.5043810551193713,0.4681155070991712,6,-0.007092198581560294,-1.6806157776216857e-05,-0.0035545023696682554,0.47281323877069736,1.0,유지
11170650,이태원1동,2022,① 레전드,0.6023508267701411,3.7538532851608575,38.375566878882154,3.5854081095737413,2946762.62,66.75041093819611,0.9976359338061466,0.47281323877069736,0.7793069633241808,1.3695828248642916,0.4434646185106933,0.482736933614367,0.5166011279038107,6,-0.009456264775413725,-0.0047449385454830795,-0.007100601660448402,0.0,1.0,유지
11170650,이태원1동,2023,① 레전드,0.5511950296514667,-5.115579711867435,33.841816970848114,-4.533749908034039,2542709.81,-13.711752933800959,0.9976359338061466,0.0,0.7881284319438798,1.3840942591620429,0.446414584656176,0.4309256006533043,0.5093796608079226,6,-0.009456264775413725,-0.007114606791928546,-0.008285435783671136,0.23640661938534313,1.0,유지
11170660,이태원2동,2020,⑤ 성숙·정체,0.483351439924855,,18.029852864326052,,1091960.8800000001,,0.981042654028436,,0.7072775091822779,1.1760408584937598,0.2877092413309141,0.4952886348155541,0.3750977733533051,2,-0.03554502369668244,-0.08293838862559244,-0.05924170616113744,1.6593279777710523,1.0,유지
11170660,이태원2동,2021,⑤ 성숙·정체,0.4970450136802118,1.3693573755356792,20.998901757401807,2.9690488930757546,1287156.41,17.875688916621236,0.9976359338061466,1.6593279777710523,0.7690640545003017,1.2780778168786056,0.3322684506089012,0.5387791153513796,0.4212499889022478,2,-0.030732860520094607,-0.06635631295306599,-0.0485445867365803,-0.23640661938533203,1.0,유지
11170660,이태원2동,2022,⑤ 성숙·정체,0.492923200736399,-0.4121812943812808,21.507737294402528,0.5088355370007207,1543573.81,19.921230862689022,0.9952718676122932,-0.23640661938533203,0.8110089042759806,1.1867514590896373,0.3390734896497192,0.5277554487569086,0.4230337987305382,2,-0.030732860520094607,-0.05925291026632162,-0.044992885393208115,-0.23640661938536534,1.0,유지
11170660,이태원2동,2023,⑤ 성숙·정체,0.4636942326568502,-2.922896807954878,21.49920952059602,-0.008527773806509487,1498141.5,-2.9433195682427415,0.9929078014184396,-0.23640661938536534,0.8041312635915643,1.1881475347448156,0.3225105802216612,0.4866124652098257,0.4005443891804133,2,-0.03309692671394793,-0.047410171086686104,-0.040253548900317015,0.0,1.0,유지
11170685,한남동,2020,⑤ 성숙·정체,0.4848185628572347,,20.235305499321587,,3018267.75,,0.9312796208530806,,0.6043644107374784,1.0620979330798552,0.2749120517961251,0.4632855391406056,0.3506313733035253,2,0.016587677725118488,-0.0023696682464454666,0.007109004739336511,4.035158482067825,1.0,유지
11170685,한남동,2021,⑤ 성숙·정체,0.4795935764707578,-0.5224986386476893,21.28609229525197,1.0507867959303816,3098950.53,2.6731485303117974,0.9716312056737588,4.035158482067825,0.6863383650047706,1.125444331821224,0.2816599226308769,0.4728202859904205,0.3601887206711058,2,-0.016548463356973908,-0.03324258008134173,-0.02489552171915782,-0.7092198581560405,1.0,유지
11170685,한남동,2022,⑤ 성숙·정체,0.4615002553233381,-1.8093321147419683,21.84306153958277,0.5569692443308014,3906148.68,26.047468076232903,0.9645390070921984,-0.7092198581560405,0.7233023341295762,1.111304014252276,0.2966083520278365,0.4736049960805292,0.374168892856199,2,-0.011820330969267046,-0.02615038149978144,-0.018985356234524242,-0.47281323877066406,1.0,유지
11170685,한남동,2023,⑤ 성숙·정체,0.4454661927551997,-1.6034062568138385,19.338360116141097,-2.5047014234416736,3879570.84,-0.6804103524292948,0.9598108747044918,-0.47281323877066406,0.7329019931290224,1.1253173964388252,0.2869733217668147,0.4634210512042929,0.3642622362489877,2,-0.007092198581560294,-0.03564025859074771,-0.021366228586154,0.47281323877066406,1.0,유지
11170690,서빙고동,2020,③ 급성장 신흥,0.1817990783573564,,5.3644495429880505,,1242611.93,,0.0545023696682464,,0.2627972855606582,0.9193872524991152,0.1563343404351098,0.324300794946806,0.2069285037111728,4,0.023696682464454978,0.34123222748815163,0.18246445497630331,11.57103962892004,2.0,상승
11170690,서빙고동,2021,③ 급성장 신흥,0.1654492079850792,-1.6349870372277198,6.339976993981752,0.9755274509937015,1585350.39,27.582099585990605,0.1702127659574468,11.57103962892004,0.2961903798003287,0.9798524085484134,0.2525588580699405,0.3341990691852439,0.3089432956555699,4,-0.1111111111111111,0.32504789754966223,0.10696839321927556,57.68321513002363,2.0,상승
11170690,서빙고동,2022,③ 급성장 신흥,0.2172815747102885,5.1832366725209305,7.26665316942127,0.9266761754395176,2280168.96,43.82744498520608,0.7470449172576832,57.68321513002363,0.3848325130362768,1.3066005606103204,0.273583860724279,0.3539175088546252,0.337346958542266,4,-0.4208037825059101,-0.16173686038564528,-0.2912703214457777,0.23640661938534313,1.0,유지
11170690,서빙고동,2023,③ 급성장 신흥,0.2107233321921776,-0.6558242518110907,6.224509558667472,-1.042143610753798,2333394.28,2.33427087789142,0.7494089834515366,0.23640661938534313,0.4568260574568071,1.3017850214386193,0.2514130118592541,0.3187218593009371,0.3093404380035198,4,-0.359338061465721,-0.2186032962477451,-0.28897067885673305,-10.401891252955075,0.0,하락
11170700,보광동,2020,② 라이징스타,0.2945615320001507,,13.065136842914413,,451675.56,,0.54739336492891,,0.3473697826558436,1.0679199981153222,0.2538990372050273,0.3867719693791803,0.3130372885889225,5,0.04739336492890989,0.26303317535545023,0.15521327014218006,3.6530984952886647,1.0,유지
11170700,보광동,2021,② 라이징스타,0.2749843618857314,-1.957717011441934,13.40350438209153,0.33836753917711704,509629.93,12.830973187922767,0.5839243498817966,3.6530984952886647,0.3692010710348674,1.087923256254871,0.2608277284421922,0.4003748513734663,0.3238202282995584,5,0.01891252955082745,0.247829204620573,0.13337086708570023,-15.130023640661932,0.0,하락
11170700,보광동,2022,② 라이징스타,0.2705087323209089,-0.4475629564822503,14.24374852885381,0.8402441467622808,613084.89,20.300016523754792,0.4326241134751773,-15.130023640661932,0.3806751523425464,1.050837796960408,0.2568131900294391,0.373620094292875,0.3150536968693538,5,0.18203309692671393,0.4251957917380928,0.30361444433240337,13.2387706855792,2.0,상승
11170700,보광동,2023,② 라이징스타,0.2639042770849575,-0.6604455235951379,14.683564626778741,0.4398160979249308,661220.64,7.851400480608817,0.5650118203309693,13.2387706855792,0.41612199278392,1.088978695432647,0.2505432488957187,0.3792291502875882,0.3120467200799072,5,0.09929078014184389,0.3165047673467558,0.20789777374429985,26.477541371158388,2.0,상승
11200520,왕십리2동,2020,② 라이징스타,0.3443447661667814,,4.750937467587928,,304381.19,,0.4265402843601896,,0.3163156642081503,0.9938216007476356,0.2304137677900599,0.4355537483816852,0.2974690349729874,5,0.35071090047393366,-0.0971563981042654,0.12677725118483413,13.137933738921943,2.0,상승
11200520,왕십리2동,2021,② 라이징스타,0.2692755751458254,-7.506919102095599,5.4779549427024925,0.7270174751145646,301649.25,-0.8975390364956537,0.557919621749409,13.137933738921943,0.4187879921948265,1.1286214416110985,0.2115900677031285,0.3738322818064998,0.2725290952574278,5,0.004728132387706863,-0.1479670151143379,-0.07161944136331552,-10.401891252955092,0.0,하락
11200520,왕십리2동,2022,② 라이징스타,0.2666891112534424,-0.2586463892382984,5.47034861286564,-0.007606329836852943,343974.97,14.031435516580926,0.4539007092198581,-10.401891252955092,0.4284782430920723,1.0308412428247469,0.234324970095781,0.3793939541024944,0.2933273119318937,5,0.1371158392434988,-0.024990756613223086,0.056062541315137854,15.366430260047286,2.0,상승
11200520,왕십리2동,2023,② 라이징스타,0.2488022981368194,-1.7886813116623017,4.579437555570015,-0.8909110572956243,364078.99,5.844617124321583,0.607565011820331,15.366430260047286,0.4153343908372358,1.1887926168080238,0.2165127736871985,0.3925185555458347,0.284637245366178,5,-0.009456264775413725,-0.23789676537483334,-0.12367651507512353,22.93144208037825,2.0,상승
11200535,왕십리도선동,2020,⑤ 성숙·정체,0.3434069710058649,,11.065251284633653,,1562389.01,,0.9123222748815166,,0.6314057442565815,1.0601067304282692,0.230911250036346,0.4641770749339288,0.3072061525972496,2,-0.13744075829383895,-0.15876777251184837,-0.14810426540284366,-8.726317322667033,0.0,하락
11200535,왕십리도선동,2021,⑤ 성숙·정체,0.2786055497212409,-6.4801421284624015,12.590117339940853,1.5248660553072,1935443.28,23.877169361297533,0.8250591016548463,-8.726317322667033,0.4877094553600343,1.2544913385893737,0.2007271073712876,0.4264530719073435,0.2782642731618817,2,-0.2056737588652482,-0.031220239095604563,-0.11844699898042638,4.728132387706863,1.0,유지
11200535,왕십리도선동,2022,⑤ 성숙·정체,0.2901148718064033,1.1509322085162366,12.8432733757271,0.2531560357862457,2504349.48,29.39410345313762,0.8723404255319149,4.728132387706863,0.5347440724581275,1.253794466137341,0.2226908990747237,0.4390082874044627,0.2994016444957504,2,-0.1749408983451537,-0.06665322174044574,-0.12079706004279972,-6.146572104018921,0.0,하락
11200535,왕십리도선동,2023,⑤ 성숙·정체,0.2617705842350226,-2.8344287571380686,11.99957351595518,-0.8436998597719185,2597799.41,3.731505157179593,0.8108747044917257,-6.146572104018921,0.511406592011905,1.1797354913273304,0.1901485113795675,0.4705569555286596,0.2769558724436264,2,-0.1536643026004728,-0.009926837193147464,-0.08179556989681014,3.78250591016549,1.0,유지
11200540,마장동,2020,⑤ 성숙·정체,0.2528489690066478,,10.246465590018662,,1391515.14,,0.7464454976303317,,0.4967325190794392,1.052808375466809,0.220921325325132,0.4239489017493884,0.2887274781569959,2,-0.35545023696682465,-0.02132701421800942,-0.18838862559241704,6.67932730552474,2.0,상승
11200540,마장동,2021,⑤ 성숙·정체,0.2606840390472996,0.7835070040651815,8.879794303563134,-1.366671286455528,1238360.78,-11.006302094564335,0.8132387706855791,6.67932730552474,0.5308384087852884,1.1305841176057407,0.2352715288286186,0.4010869292910327,0.3009528963335839,2,-0.2907801418439716,-0.13077431570927578,-0.2107772287766237,-4.964539007092195,1.0,유지
11200540,마장동,2022,⑤ 성숙·정체,0.2515855380954893,-0.9098500951810307,8.567575760153861,-0.3122185434092728,1471600.76,18.834574202196542,0.7635933806146572,-4.964539007092195,0.5738886131697589,0.9783763349919932,0.2427803500329695,0.430931841827925,0.3106174154229912,2,-0.23877068557919623,-0.09771660336347232,-0.16824364447133427,7.328605200945626,2.0,상승
11200540,마장동,2023,⑤ 성숙·정체,0.2237386897523651,-2.7846848343124178,7.756863629886713,-0.8107121302671487,1509344.57,2.564813163048374,0.8368794326241135,7.328605200945626,0.5846722184634312,1.0691408495320764,0.2347531955152354,0.4402030759797165,0.3081751048855166,2,-0.3664302600472813,-0.18996000134449265,-0.27819513069588697,-5.200945626477537,0.0,하락
11200550,사근동,2020,⑤ 성숙·정체,0.6663326071409363,,22.544578629725383,,1682706.5,,0.9478672985781992,,0.6182234821300077,1.0845814656239523,0.2547480136009372,0.5137581616621456,0.3371093776957757,2,0.049763033175355464,0.009478672985781977,0.02962085308056872,-3.770181394462957,1.0,유지
11200550,사근동,2021,⑤ 성숙·정체,0.6194384583381881,-4.689414880274823,22.404757849908407,-0.13982077981697572,1628853.4,-3.2003858070317137,0.9101654846335696,-3.770181394462957,0.6166450446304452,1.053029084430532,0.2288048749400661,0.5038373493021744,0.3105737349522144,2,0.08510638297872342,0.04244115043752028,0.06377376670812185,1.654846335697402,1.0,유지
11200550,사근동,2022,⑤ 성숙·정체,0.6193552369461387,-0.008322139204941514,23.769782531749893,1.3650246818414864,2076928.93,27.508646880069133,0.9267139479905436,1.654846335697402,0.6885434504212902,1.0476344531106037,0.231454353379772,0.511560406533789,0.3153320896742478,2,0.07092198581560283,0.02826235532699184,0.049592170571297334,0.0,1.0,유지
11200550,사근동,2023,⑤ 성숙·정체,0.594914137115085,-2.444109983105369,22.3889498455993,-1.380832686150594,2039398.1099999999,-1.807034388990869,0.9267139479905436,0.0,0.6818656020479714,1.077546918808761,0.2289378087509797,0.4950702731084607,0.3114799919865116,2,0.0685579196217494,0.02589268708054626,0.04722530335114783,-0.47281323877068626,1.0,유지
11200560,행당1동,2020,③ 급성장 신흥,0.3184638098613411,,19.430412217911154,,1989891.7,,0.3270142180094786,,0.3279546280432078,1.025070988123618,0.2183921170409552,0.3836498349113847,0.2821030227572126,4,0.3720379146919431,0.5924170616113744,0.4822274881516587,36.329311059572234,2.0,상승
11200560,행당1동,2021,③ 급성장 신흥,0.3364154706544141,1.7951660793072977,17.56672382939028,-1.863688388520874,1921916.8199999998,-3.416009021998545,0.6903073286052009,36.329311059572234,0.3661320923536247,1.2067438191036222,0.228989624285042,0.4143404487400606,0.301286785723112,4,0.12056737588652477,0.21016660504408813,0.16536699046530645,-8.510638297872342,0.0,하락
11200560,행당1동,2022,③ 급성장 신흥,0.335034874897329,-0.13805957570850458,15.932317859952816,-1.6344059694374646,2733479.17,42.22671561821287,0.6052009456264775,-8.510638297872342,0.3999496269396667,1.1303024253355356,0.2353931611733451,0.4063965045440241,0.3047247562458925,4,0.20094562647754144,0.27868531029769306,0.23981546838761725,2.6004728132387744,1.0,유지
11200560,행당1동,2023,③ 급성장 신흥,0.3149586774180943,-2.0076197479234725,14.272616401354238,-1.6597014585985779,3685720.65,34.83624424326599,0.6312056737588653,2.6004728132387744,0.4121223055381977,1.1464828369256996,0.2318291395895863,0.4163645811117626,0.3043413903940105,4,0.17021276595744683,0.24083224093307787,0.20552250344526235,5.6737588652482245,2.0,상승
11200570,행당2동,2020,⑦ 일반,0.2243872925751732,,4.519121399075649,,554486.1,,0.1563981042654028,,0.163458835916506,1.0913928109137665,0.2418765967929683,0.3451150539218539,0.2920858692663013,0,0.07109004739336491,0.13507109004739337,0.10308056872037914,51.26326285951173,2.0,상승
11200570,행당2동,2021,⑦ 일반,0.2567537077610628,3.2366415185889617,5.309641642051148,0.7905202429754992,595457.7,7.3891121887455835,0.6690307328605201,51.26326285951173,0.3336925974314886,1.246217466527418,0.2559304121220553,0.3691019578235863,0.318001881289322,0,-0.17494089834515364,-0.27092646745767646,-0.22293368290141505,-10.638297872340418,0.0,하락
11200570,행당2동,2022,⑦ 일반,0.2446164889356073,-1.2137218825455514,5.324175396940137,0.014533754888988781,680968.55,14.360524685464672,0.5626477541371159,-10.638297872340418,0.3340309635155993,1.23057769658583,0.2368254342555984,0.3824969131560128,0.3061870045231409,0,-0.08747044917257685,-0.14084680626981727,-0.11415862772119706,-11.583924349881809,0.0,하락
11200570,행당2동,2023,⑦ 일반,0.2056193993026526,-3.89970896329547,4.541336342561019,-0.7828390543791182,714389.28,4.907822835577358,0.4468085106382978,-11.583924349881809,0.3023929096635569,1.2799396168944366,0.2233461454994301,0.3537011572010062,0.2864839667753604,0,-0.09692671394799052,-0.08424926893213669,-0.0905879914400636,-19.14893617021276,0.0,하락
11200580,응봉동,2020,⑦ 일반,0.2025409388251882,,3.2876528917543375,,326834.99,,0.6161137440758294,,0.3277158577232503,1.377619359430428,0.165420441976318,0.3761776593114813,0.232613150859986,0,-0.47156398104265407,-0.5,-0.48578199052132703,-35.37023965580989,0.0,하락
11200580,응봉동,2021,⑦ 일반,0.2142630246521946,1.17220858270064,3.967405834875784,0.6797529431214464,338006.51,3.4180918022271856,0.2624113475177305,-35.37023965580989,0.1985163356515852,1.1260458124380164,0.2116515568156613,0.446901575770454,0.2894076297583753,0,-0.021276595744680854,-0.06098954656986319,-0.04113307115727202,5.2009456264775435,2.0,상승
11200580,응봉동,2022,⑦ 일반,0.1851222612649886,-2.9140763387206006,3.611396983572759,-0.35600885130302506,390898.87,15.648325826623877,0.3144208037825059,5.2009456264775435,0.2078726914355314,1.2636352404197762,0.1898545253268989,0.4352687010312215,0.2798360636254682,0,-0.1678486997635934,-0.1295866805597571,-0.14871769016167524,0.0,1.0,유지
11200580,응봉동,2023,⑦ 일반,0.1496198650579848,-3.5502396207003795,3.363699546145977,-0.24769743742678196,423995.36,8.466765329866522,0.3144208037825059,0.0,0.1882874960774615,1.2864700582434712,0.1857788861815729,0.4374062438156595,0.2694040959688109,0,-0.23167848699763594,-0.11536867108108412,-0.17352357903936003,-13.002364066193861,0.0,하락
11200590,금호1가동,2020,② 라이징스타,0.2327690782436092,,3.9809704503261036,,431690.72000000003,,0.2725118483412322,,0.467751007949146,0.9667262520258926,0.1886047858105309,0.3024962693741042,0.2359824769084985,5,0.002369668246445522,-0.059241706161137414,-0.028436018957345946,7.027774976751477,2.0,상승
11200590,금호1가동,2021,② 라이징스타,0.2346307003005744,0.18616220569651898,3.5364589412640735,-0.4445115090620302,506413.91000000003,17.30942698976712,0.342789598108747,7.027774976751477,0.3577180768146517,1.122621262818723,0.2312620370888441,0.3143465237610611,0.2840728147272946,5,0.035460992907801414,-0.1935004985826807,-0.07901975283743964,-15.366430260047279,0.0,하락
11200590,금호1가동,2022,② 라이징스타,0.2107181515535588,-2.391254874701559,3.2909239939057864,-0.24553494735828707,585092.82,15.53648279526918,0.1891252955082742,-15.366430260047279,0.3850244655917219,0.9765377394603596,0.2026037009939678,0.3517369815230676,0.2561495948282085,5,0.10638297872340424,-0.03983619598220789,0.03327339137059818,57.68321513002365,2.0,상승
11200590,금호1가동,2023,② 라이징스타,0.2137632934256916,0.3045141872132784,2.97056707163889,-0.3203569222668965,677965.84,15.873211364993335,0.7659574468085106,57.68321513002365,0.5656996272428072,1.1291326923186382,0.1982243041168425,0.4016671059908454,0.2661998358942062,5,-0.36406619385342787,-0.6214076837753353,-0.4927369388143816,7.801418439716312,2.0,상승
11200615,금호2·3가동,2020,⑤ 성숙·정체,0.2236877649709235,,3.024900920484737,,506098.56,,0.7938388625592417,,0.4321351101429225,1.1018642030600898,0.2554303659778283,0.4333976350109552,0.3247717864230036,2,-0.5758293838862559,-0.6895734597156399,-0.6327014218009479,0.2851444769363498,1.0,유지
11200615,금호2·3가동,2021,⑤ 성숙·정체,0.2025094520669821,-2.1178312903941396,3.291730413414582,0.2668294929298449,524347.01,3.6057107137392297,0.7966903073286052,0.2851444769363498,0.4486198887230284,1.1396943172598752,0.2629387142439775,0.4201805443884915,0.3296450916666743,2,-0.6146572104018913,-0.6782068950063304,-0.6464320527041107,-4.255319148936176,1.0,유지
11200615,금호2·3가동,2022,⑤ 성숙·정체,0.1828843224021938,-1.96251296647883,2.7571571851655636,-0.5345732282490183,625008.98,19.19758634649218,0.7541371158392435,-4.255319148936176,0.4520575163574624,1.1532036266744972,0.2624634807687935,0.4044656606069516,0.3291189056634196,2,-0.6146572104018913,-0.671198727213651,-0.6429279688077711,-1.1820330969267157,1.0,유지
11200615,금호2·3가동,2023,⑤ 성숙·정체,0.167517183013295,-1.5367139388898803,2.6099414088576642,-0.1472157763078994,729670.02,16.7455258002853,0.7423167848699763,-1.1820330969267157,0.4731432732218951,1.1518546751330867,0.2457167343108617,0.389032921604213,0.311703878960593,2,-0.6004728132387707,-0.6498997232586019,-0.6251862682486863,6.619385342789597,2.0,상승
11200620,금호4가동,2020,⑦ 일반,0.3038460860568853,,4.394072277281056,,538556.23,,0.3388625592417061,,0.3268292555905291,1.045617783286565,0.2310663569998828,0.3599804256224692,0.2871501839023472,0,0.3033175355450237,-0.06635071090047395,0.11848341232227488,-6.69949469485619,0.0,하락
11200620,금호4가동,2021,⑦ 일반,0.2721342975912096,-3.1711788465675683,4.427581427678998,0.03350915039794167,568207.28,5.505655370470786,0.2718676122931442,-6.69949469485619,0.3441332163024583,1.0520513791415511,0.2099198705411145,0.3555398949460676,0.2707473245068845,0,0.309692671394799,0.007753240787424509,0.15872295609111176,13.00236406619385,2.0,상승
11200620,금호4가동,2022,⑦ 일반,0.2665185154098753,-0.5615782181334295,4.381945934892753,-0.04563549278624457,644940.18,13.504385230685534,0.4018912529550827,13.00236406619385,0.3441873531886816,1.2013830608346951,0.2268876849131247,0.3423970396988928,0.2862102941393748,0,0.18676122931442074,-0.10094338565650457,0.042908921828958085,-17.49408983451537,0.0,하락
11200620,금호4가동,2023,⑦ 일반,0.2328162792385853,-3.3702236171290005,3.345264522903383,-1.0366814119893704,675870.02,4.795768810682555,0.226950354609929,-17.49408983451537,0.2965842102362264,1.194300914978696,0.2060648792350069,0.3171311451594925,0.2610013223435709,0,0.28605200945626474,-0.03263755840139826,0.12670722552743324,2.127659574468091,1.0,유지
11200645,옥수동,2020,⑥ 쇠퇴 주의,0.3831855889354171,,3.9299651336998873,,894973.08,,0.8341232227488151,,0.4740098511114493,1.0519631621949783,0.2577565169670831,0.4678016727486456,0.3318614333400492,1,0.007109004739336511,-0.6279620853080569,-0.3104265402843602,-43.69601021814392,0.0,하락
11200645,옥수동,2021,⑥ 쇠퇴 주의,0.338333983623981,-4.485160531143611,4.589784652341762,0.6598195186418745,950855.9400000001,6.244082782914551,0.3971631205673759,-43.69601021814392,0.3472190638971004,1.168521700495054,0.191733588985885,0.3727890034958122,0.2600468001628358,1,0.41607565011820324,-0.08673658028301573,0.16466953491759376,-3.546099290780141,1.0,유지
11200645,옥수동,2022,⑥ 쇠퇴 주의,0.3049309094100751,-3.340307421390587,4.109808791005114,-0.4799758613366478,1048202.78,10.237811628962422,0.3617021276595745,-3.546099290780141,0.3381254514142785,1.1527164157911591,0.2071829702610746,0.3854385739448895,0.2787019398343187,1,0.38061465721040183,-0.09866895230412426,0.14097285245313879,-11.34751773049646,0.0,하락
11200645,옥수동,2023,⑥ 쇠퇴 주의,0.2647082145357037,-4.022269487437141,3.6074048995531003,-0.5024038914520137,1081520.68,3.178573901511683,0.2482269503546099,-11.34751773049646,0.3040598489333231,1.1192587176016378,0.1955632404500334,0.3793830906773073,0.2637737435499855,1,0.4208037825059101,-0.006520789217169171,0.20714149664437048,13.947990543735228,2.0,상승
11200650,성수1가1동,2020,③ 급성장 신흥,0.291515097304611,,14.776345761996481,,1255132.04,,0.1090047393364928,,0.3411820465526781,0.8023521574822692,0.2272187620719629,0.3329227630455946,0.2765986927559477,4,0.47393364928909953,0.7582938388625592,0.6161137440758293,10.13971519164622,2.0,상승
11200650,성수1가1동,2021,③ 급성장 신흥,0.2728811263119209,-1.8633970992690096,16.669753606332147,1.8934078443356661,1517468.3800000001,20.90109499555124,0.210401891252955,10.13971519164622,0.4528177309723353,0.8349586849497553,0.2279618640495063,0.3297616298353047,0.2763170990400156,4,0.3806146572104019,0.6758540329176611,0.5282343450640314,-2.36406619385342,1.0,유지
11200650,성수1가1동,2022,③ 급성장 신흥,0.2687334993254696,-0.4147626986451325,17.688415756008602,1.0186621496764552,2021975.54,33.24663410778943,0.1867612293144208,-2.36406619385342,0.4609166825840787,0.8110517011928378,0.2309891514996061,0.3445048322105094,0.2835477903568762,4,0.4160756501182033,0.7184520408277593,0.5672638454729813,33.33333333333333,2.0,상승
11200650,성수1가1동,2023,③ 급성장 신흥,0.2976800573529969,2.8946558027527325,17.10901770591501,-0.5793980500935909,2096275.17,3.6746057768829443,0.5200945626477541,33.33333333333333,0.5020664200076413,0.903721429347953,0.2607759710294432,0.3593546609334673,0.314869143376523,4,0.23877068557919623,0.38748837574087147,0.31312953066003385,8.037825059101655,2.0,상승
11200660,성수1가2동,2020,② 라이징스타,0.2874040435083138,,19.998639141568546,,1228636.25,,0.5947867298578199,,0.5136311371457384,1.038886268256766,0.2098715466503155,0.3392439455751401,0.2622802145794281,5,-0.03554502369668244,0.3293838862559242,0.14691943127962087,10.970499591050164,2.0,상승
11200660,성수1가2동,2021,② 라이징스타,0.2948684707604408,0.7464427252127037,24.46074895661594,4.462109815047395,1605329.3,30.659444567096237,0.7044917257683215,10.970499591050164,0.5895472162857347,1.0090633854478308,0.2344122218352814,0.3237754684843234,0.2845272006501704,5,-0.01654846335697402,0.25759358228855056,0.12052255946578827,5.6737588652482245,2.0,상승
11200660,성수1가2동,2022,② 라이징스타,0.3284714177171355,3.3602946956694693,25.842682302099995,1.3819333454840539,2091579.17,30.28972747211427,0.7612293144208038,5.6737588652482245,0.6557737952713605,0.9632524352571,0.242935096973071,0.3622656720741572,0.3021109150975355,5,0.030732860520094607,0.20796499837540472,0.11934892944774966,-9.219858156028371,0.0,하락
11200660,성수1가2동,2023,② 라이징스타,0.3578474812358891,2.9376063518753606,28.368417952984753,2.5257356508847586,2443232.51,16.812815170654048,0.6690307328605201,-9.219858156028371,0.6293456414346985,0.9599399180034592,0.2230092360011885,0.3537883436322831,0.2799695661977952,5,0.21040189125295516,0.312011921167916,0.2612069062104356,15.36643026004728,2.0,상승
11200670,성수2가1동,2020,② 라이징스타,0.3176081416236951,,10.706588816113381,,1226997.06,,0.2440758293838862,,0.3366087062822999,1.0814582614996873,0.1944268034613193,0.3256128062659795,0.2476168626341836,5,0.45260663507109,0.49763033175355453,0.47511848341232227,13.65388278265157,2.0,상승
11200670,성수2가1동,2021,② 라이징스타,0.327031256652386,0.942311502869092,12.845550533207362,2.1389617170939808,1362726.88,11.061951525784398,0.3806146572104019,13.65388278265157,0.4767235941938905,1.0473976390465507,0.1882462417911168,0.3228046051034935,0.2428914564077796,5,0.40189125295508277,0.42033321008817637,0.41111223152162957,41.607565011820334,2.0,상승
11200670,성수2가1동,2022,② 라이징스타,0.4208507181874387,9.381946153505266,17.390036838091,4.5444863048836375,1709274.24,25.430434013307202,0.7966903073286052,41.607565011820334,0.6145731625429807,1.0385885442306866,0.2530802304559437,0.3775552553857528,0.3150677041621168,5,0.1300236406619385,0.10141395807423836,0.11571879936808843,11.111111111111116,2.0,상승
11200670,성수2가1동,2023,② 라이징스타,0.4468212363913087,2.597051820387003,23.51138046953108,6.12134363144008,1637081.8399999999,-4.2235703499515775,0.9078014184397164,11.111111111111116,0.6494453773522882,1.159972259222538,0.2878204702354405,0.3668863254956024,0.3479552421529661,5,0.047281323877068626,0.0542838896171558,0.05078260674711221,-11.583924349881801,0.0,하락
11200690,성수2가3동,2020,③ 급성장 신흥,0.3715505922961784,,21.036140245193,,1853751.95,,0.1943127962085308,,0.3882956699122543,1.0171558501580171,0.1742661549724757,0.3123614829405863,0.2272314031994799,4,0.6255924170616114,0.7393364928909952,0.6824644549763033,31.396143546995614,2.0,상승
11200690,성수2가3동,2021,③ 급성장 신흥,0.356477404193022,-1.5073188103156387,25.504662171257248,4.468521926064248,2186881.27,17.97054454885403,0.508274231678487,31.396143546995614,0.498512469199858,1.1437436637897032,0.1642041554988894,0.3231186962751489,0.2263729619163249,4,0.3356973995271868,0.45855041287127607,0.39712390619923144,-10.401891252955087,0.0,하락
11200690,성수2가3동,2022,③ 급성장 신흥,0.3908135235338745,3.433611934085251,28.363818169222444,2.859155997965196,3113895.7199999997,42.38979329682584,0.4042553191489361,-10.401891252955087,0.5106943486530662,1.0843103506794485,0.1802001277978175,0.3230557341383265,0.2393176888535027,4,0.4988179669030733,0.5744176666330543,0.5366178167680637,23.877068557919635,2.0,상승
11200690,성수2가3동,2023,③ 급성장 신흥,0.3810661552163397,-0.974736831753481,29.98891853029843,1.6251003610759867,3858269.81,23.9049138742514,0.6430260047281324,23.877068557919635,0.5462912139305465,1.1773886874662245,0.2003647104544922,0.3275945898399912,0.2597173712898032,4,0.260047281323877,0.34275598579319455,0.3014016335585358,-8.983451536643027,0.0,하락
11200720,송정동,2020,⑦ 일반,0.2770259998411606,,12.138556435530118,,234592.63999999998,,0.4312796208530806,,0.4048764513685289,1.0263340478644718,0.2095404569047637,0.3641184562791595,0.2685034256513105,0,0.08530805687203791,0.36255924170616116,0.22393364928909953,12.191186850862156,2.0,상승
11200720,송정동,2021,⑦ 일반,0.2997936135450576,2.2767613703897016,13.148673350259601,1.0101169147294833,261483.11,11.462623038813158,0.5531914893617021,12.191186850862156,0.4386641600326104,1.1155196074852802,0.2220592273022159,0.3471848729834451,0.2825277888250656,0,0.14893617021276595,0.26671372390844006,0.207824947060603,-39.2434988179669,0.0,하락
11200720,송정동,2022,⑦ 일반,0.3072729132947838,0.7479299749726165,13.760435964495727,0.6117626142361257,293572.52999999997,12.272081359289322,0.1607565011820331,-39.2434988179669,0.452545567315787,0.8848635385280417,0.2024958497377131,0.3173677069864042,0.2517835587458483,0,0.5933806146572104,0.6781060580596731,0.6357433363584417,18.43971631205673,2.0,상승
11200720,송정동,2023,⑦ 일반,0.2596737950594781,-4.7599118235305715,13.04556825492568,-0.7148677095700471,303724.6,3.45811305982886,0.3451536643026004,18.43971631205673,0.4337454618144264,1.0994269067025912,0.2036247455266788,0.3113601198579002,0.2557851506615173,0,0.29787234042553196,0.4937088949391057,0.3957906176823188,-11.820330969267143,0.0,하락
11200790,용답동,2020,⑦ 일반,0.3122818939943774,,6.789043245340992,,768288.08,,0.2606635071090047,,0.3213405945032098,0.9989437631589912,0.2185660955935072,0.3668113547031132,0.2760022160412878,0,0.41706161137440756,0.2725118483412322,0.3447867298578199,4.902916428579429,1.0,유지
11200790,용답동,2021,⑦ 일반,0.2609322299788884,-5.134966401548901,7.419148516487686,0.6301052711466939,861086.55,12.078603380127939,0.309692671394799,4.902916428579429,0.3519138481042608,1.1229596497199374,0.1928866046675077,0.3502835963559811,0.2526527208486453,0,0.21513002364066192,0.2803547219701299,0.2477423728053959,-6.6193853427896,0.0,하락
11200790,용답동,2022,⑦ 일반,0.2465813875148617,-1.435084246402668,7.894779794121167,0.47563127763348056,958229.64,11.281454808462632,0.243498817966903,-6.6193853427896,0.3736068034072826,1.090811209690404,0.1915382142629063,0.3472377479708539,0.2519958137311269,0,0.25531914893617025,0.3820935990947083,0.3187063740154393,8.510638297872338,2.0,상승
11200790,용답동,2023,⑦ 일반,0.2341655479052182,-1.2415839609643486,8.070597942055436,0.17581814793426886,1072072.61,11.880551931163396,0.3286052009456264,8.510638297872338,0.4048721245325879,1.0594357978751912,0.2036061163016226,0.3484649429996614,0.2618284804607002,0,0.19148936170212766,0.3325322398126674,0.2620108007573975,6.146572104018921,2.0,상승
11215710,화양동,2020,⑤ 성숙·정체,0.6765421096064322,,39.91448466760206,,3424494.67,,0.985781990521327,,0.7046801818297573,1.1477246762362217,0.2913453177110393,0.5434423622530308,0.3789537970480977,2,0.014218009478673022,0.009478672985781977,0.0118483412322275,0.47617447032594074,1.0,유지
11215710,화양동,2021,⑤ 성숙·정체,0.6326162572821068,-4.392585232432545,38.392213084227194,-1.5222715833748666,3176854.19,-7.2314459172453605,0.9905437352245864,0.47617447032594074,0.7074541074354064,1.1876884697803891,0.2823378245824511,0.5658075892526024,0.3753590187161176,2,0.009456264775413725,0.004716928282522681,0.007086596528968203,0.0,1.0,유지
11215710,화양동,2022,⑤ 성숙·정체,0.6342998313796838,0.1683574097577023,38.7392354402826,0.34702235605540466,4535741.71,42.774626681874885,0.9905437352245864,0.0,0.7469416397890113,1.173911116024131,0.290565320227568,0.5543028627286715,0.3815337316260058,2,0.009456264775413725,0.004716928282522681,0.007086596528968203,0.0,1.0,유지
11215710,화양동,2023,⑤ 성숙·정체,0.6172649406810219,-1.703489069866193,36.71430031077139,-2.0249351295112064,5019799.3,10.672071315983288,0.9905437352245864,0.0,0.7675097261556094,1.1858062499092914,0.2923023773004385,0.5422219734615925,0.3799434295899823,2,0.007092198581560294,0.004716928282522681,0.0059045634320414875,-0.47281323877069736,1.0,유지
11215730,군자동,2020,③ 급성장 신흥,0.350917831078482,,16.79383820601859,,804446.24,,0.45260663507109,,0.3189541340341184,1.0413276914563692,0.2458480849487744,0.3914132418454727,0.3045720633349705,4,0.3412322274881517,0.4336492890995261,0.3874407582938389,48.1199511501014,2.0,상승
11215730,군자동,2021,③ 급성장 신흥,0.3537517785728095,0.2833947494327471,16.920960735116235,0.12712252909764388,869975.07,8.145830851294678,0.933806146572104,48.1199511501014,0.3805747452356427,1.5855815042528048,0.2396728838736178,0.4027222180123218,0.3195546828861268,4,-0.09692671394799057,-0.04281088590859694,-0.06986879992829376,-14.893617021276595,0.0,하락
11215730,군자동,2022,③ 급성장 신흥,0.3571774447951349,0.34256662223254297,16.770268445529396,-0.15069228958683922,1185803.32,36.30313797382725,0.7848699763593381,-14.893617021276595,0.4354837224953633,1.291547582363231,0.2383290212768167,0.388716455498835,0.312061397797007,4,0.0685579196217494,0.10849495255061448,0.08852643608618194,-1.1820330969267157,1.0,유지
11215730,군자동,2023,③ 급성장 신흥,0.3951126743188202,3.7935229523685274,16.101613582402827,-0.6686548631265694,1473438.85,24.25659678537584,0.7730496453900709,-1.1820330969267157,0.4590193449647229,1.2964048389936478,0.2200778909825639,0.3815111426382018,0.2870478322625459,4,0.14184397163120566,0.12031528351988163,0.13107962757554364,-9.692671394799056,0.0,하락
11215740,중곡1동,2020,⑦ 일반,0.2662787920294152,,6.060202800892714,,691110.37,,0.3696682464454976,,0.2515511607941133,1.0281600121881602,0.2975751045886526,0.3615089590479271,0.3498386515911825,0,0.0971563981042654,0.10426540284360192,0.10071090047393366,-10.016470034620683,0.0,하락
11215740,중곡1동,2021,⑦ 일반,0.2421991299529705,-2.407966207644469,6.768133418495123,0.7079306176024085,698106.51,1.0123043009758304,0.2695035460992908,-10.016470034620683,0.246131059558836,1.096957440738525,0.2626823394562834,0.3496496776610102,0.3189142511928399,0,0.1442080378250591,0.2541931363651642,0.19920058709511165,4.255319148936171,1.0,유지
11215740,중곡1동,2022,⑦ 일반,0.244946865266462,0.27477353134915117,6.772687809272073,0.004554390776950079,782714.95,12.119703625167455,0.3120567375886525,4.255319148936171,0.2769954822817025,1.1367580017273906,0.2599811923024044,0.3522615649222613,0.3189492465053358,0,0.16548463356973997,0.23296695909381193,0.19922579633177595,-6.855791962174948,0.0,하락
11215740,중곡1동,2023,⑦ 일반,0.2362657596756084,-0.868110559085361,6.589640138798812,-0.1830476704732611,841243.51,7.4776340991059564,0.243498817966903,-6.855791962174948,0.2873846275500231,1.0688813927381098,0.2504899680488339,0.3449372304145117,0.3070311824179992,0,0.29550827423167847,0.3110035517013433,0.3032559129665109,1.6548463356973993,1.0,유지
11215750,중곡2동,2020,④ 잠재 후보,0.296203306620215,,8.83426921725008,,849621.04,,0.3530805687203791,,0.3089399047489756,1.124186414494373,0.2063917414796241,0.369448101268342,0.2687119986749787,3,0.2559241706161138,0.31279620853080575,0.28436018957345977,15.282959676425445,2.0,상승
11215750,중곡2동,2021,④ 잠재 후보,0.2854432277710357,-1.0760078849179289,9.348186856951752,0.5139176397016723,906491.08,6.693577174124576,0.5059101654846335,15.282959676425445,0.3522251717576554,1.1659972452256755,0.2245054286062197,0.3697902544044026,0.2888223925967325,3,0.13238770685579204,0.19314196721678822,0.16276483703629013,11.111111111111116,2.0,상승
11215750,중곡2동,2022,④ 잠재 후보,0.2866211262853408,0.1177898514305109,8.97407005946765,-0.37411679748410265,1160087.8900000001,27.97565421162227,0.6170212765957447,11.111111111111116,0.3975246746990376,1.1862869116574812,0.2331315537899063,0.3840248668448548,0.2992886749378244,3,0.0685579196217494,0.07729151961278613,0.07292471961726776,-0.47281323877068626,1.0,유지
11215750,중곡2동,2023,④ 잠재 후보,0.2604545332298111,-2.6166593055529708,8.446434664283654,-0.5276353951839958,1319695.64,13.758246368729843,0.6122931442080378,-0.47281323877068626,0.3925453113071966,1.2523084285450077,0.221926111527396,0.3739436310005817,0.2872393036834922,3,0.0378250591016549,0.07728031550760195,0.057552687304628425,-5.437352245862881,0.0,하락
11215760,중곡3동,2020,⑦ 일반,0.324339051894963,,4.408395098160396,,556287.48,,0.5639810426540285,,0.460228188920183,0.9985866975860174,0.2306327893292739,0.3666716793676551,0.2872863624147581,0,0.15165876777251175,-0.2867298578199053,-0.06753554502369677,6.7224631104836785,2.0,상승
11215760,중곡3동,2021,⑦ 일반,0.3241354985127206,-0.020355338224237185,4.8495319994010035,0.44113690124060767,571623.2,2.7567976183825005,0.6312056737588653,6.7224631104836785,0.3840098732191934,1.129363671494795,0.2507972082062744,0.3918528351214394,0.313921825119394,0,0.14184397163120566,-0.28286444153137713,-0.07051023495008574,-9.219858156028371,0.0,하락
11215760,중곡3동,2022,⑦ 일반,0.2966234058984214,-2.751209261429921,4.567666031499294,-0.2818659679017097,671775.69,17.520718193383345,0.5390070921985816,-9.219858156028371,0.3848263027505331,1.12103077391639,0.2599126867623793,0.3644323775513794,0.3183295088788933,0,0.17730496453900713,-0.2001445329568754,-0.011419784208934136,-3.309692671394804,1.0,유지
11215760,중곡3동,2023,⑦ 일반,0.2828732225139009,-1.3750183384520498,4.1135296615509915,-0.4541363699483023,756858.77,12.66540026180467,0.5059101654846335,-3.309692671394804,0.4079012925904813,1.0842669984510955,0.2452171363735411,0.3619032269263547,0.3011820892627061,0,0.21513002364066203,-0.18837462046093684,0.013377701589862595,-18.203309692671393,0.0,하락
11215770,중곡4동,2020,③ 급성장 신흥,0.2850407030988841,,4.792341233266978,,1553806.3,,0.3862559241706161,,0.2804024183726822,0.9958830696395808,0.2663098748934766,0.4051748228848781,0.3215329435138455,4,0.16587677725118483,-0.049763033175355464,0.05805687203791468,22.130908764971487,2.0,상승
11215770,중곡4동,2021,③ 급성장 신흥,0.2707262151442541,-1.4314487954629973,5.162619713657471,0.3702784803904935,1548984.71,-0.3103083054818434,0.607565011820331,22.130908764971487,0.3341236742618436,1.039423159185291,0.3122972660962197,0.406207891566518,0.3712971852952196,4,-0.03782505910165479,-0.22367875589616032,-0.13075190749890755,0.7092198581560294,1.0,유지
11215770,중곡4동,2022,③ 급성장 신흥,0.2697433735028383,-0.09828416414158214,4.647347599246951,-0.5152721144105206,1662399.43,7.321874726574928,0.6146572104018913,0.7092198581560294,0.3845459561395941,1.1222454718204806,0.2689015801109366,0.3879524177227909,0.3277109466765579,4,-0.004728132387706863,-0.2686856464208486,-0.13670688940427772,-14.657210401891257,0.0,하락
11215770,중곡4동,2023,③ 급성장 신흥,0.2599257633644103,-0.9817610138427968,4.5741042068225815,-0.07324339242436917,1824414.71,9.745869559158837,0.4680851063829787,-14.657210401891257,0.3961244245800758,1.0057123720021477,0.2808121797616233,0.3511402402953807,0.3307171530165436,4,0.17966903073286056,-0.10078652818392658,0.03944125127446699,20.094562647754138,2.0,상승
11215780,능동,2020,① 레전드,0.3977220166406105,,9.986105369461242,,1576105.24,,0.9075829383886256,,0.515958406285409,1.0918262467883082,0.2771783414285975,0.4768392010099617,0.3505842170868249,6,-0.04028436018957349,-0.1943127962085308,-0.11729857819905215,-0.45096523366161545,1.0,유지
11215780,능동,2021,① 레전드,0.3941903695026361,-0.35316471379744363,8.638089182358746,-1.3480161871024965,1820988.8399999999,15.537261966085447,0.9030732860520094,-0.45096523366161545,0.479669539943364,1.18230667879758,0.2787437511895469,0.4737196048860817,0.3583528678235751,6,-0.014184397163120588,-0.23719650880082455,-0.12569045298197257,5.437352245862892,2.0,상승
11215780,능동,2022,① 레전드,0.3847272704742959,-0.9463099028340194,8.578771924705531,-0.059317257653214384,2391488.2199999997,31.329098095955388,0.9574468085106383,5.437352245862892,0.5616615844441224,1.2493102196504813,0.2888607092078451,0.5094546291680849,0.3740413332065995,6,-0.06619385342789608,-0.289200363013008,-0.17769710822045204,-2.127659574468077,1.0,유지
11215780,능동,2023,① 레전드,0.3922796631605043,0.7552392686208387,8.568142342410704,-0.010629582294827244,2216278.89,-7.326372278764548,0.9361702127659576,-2.127659574468077,0.5790935135578376,1.1167781357427295,0.2988352545058184,0.4859523533556144,0.3734401503271269,6,-0.026004728132387744,-0.23711808006453572,-0.13156140409846173,2.6004728132387633,1.0,유지
11215810,광장동,2020,⑦ 일반,0.2392344353104434,,4.70896777229697,,1715819.77,,0.6943127962085308,,0.4545649814052275,1.064114729119277,0.2473708785157028,0.3811258379365638,0.3057788512756256,0,-0.3815165876777251,-0.3767772511848341,-0.37914691943127965,-27.587307989647414,0.0,하락
11215810,광장동,2021,⑦ 일반,0.2720265270727637,3.2792091762320315,4.856891209438781,0.14792343714181122,1702845.43,-0.7561598383960866,0.4184397163120567,-27.587307989647414,0.4121432041391096,1.051243196372688,0.2318386692765224,0.336421915404436,0.2857831926509553,0,0.16075650118203305,-0.06772881583812307,0.04651384267195499,4.018912529550834,1.0,유지
11215810,광장동,2022,⑦ 일반,0.2469377443880238,-2.5088782684739908,5.185551962854394,0.32866075341561274,2151166.95,26.32778713215329,0.458628841607565,4.018912529550834,0.4442862412606247,1.0656774701479808,0.2375952170068718,0.3385969491387563,0.2918069454841648,0,0.044917257683215084,-0.055785239711830414,-0.005433991014307665,21.98581560283688,2.0,상승
11215810,광장동,2023,⑦ 일반,0.1945080880673089,-5.242965632071489,5.320967781704065,0.1354158188496708,2345829.84,9.049176308700702,0.6784869976359338,21.98581560283688,0.4846736807338617,1.136126879767528,0.2566869980043253,0.3432761727361645,0.3121022821814551,0,-0.3829787234042553,-0.23298936730418024,-0.30798404535421775,-19.85815602836879,0.0,하락
11215820,자양1동,2020,⑦ 일반,0.2797806296361064,,13.248674086236578,,1085960.52,,0.4644549763033175,,0.350000216007053,1.091266341959115,0.2310599454665349,0.3615270385691783,0.2900835327708814,0,0.06872037914691942,0.3578199052132701,0.21327014218009477,7.691618208911749,2.0,상승
11215820,자양1동,2021,⑦ 일반,0.2557247852773888,-2.40558443587176,12.827768143068328,-0.4209059431682505,1071167.63,-1.3621940878661198,0.541371158392435,7.691618208911749,0.3605758171256066,1.1185415394119245,0.2534473517273847,0.3761399817724733,0.3135177058590463,0,-0.05200945626477543,0.2572070406596977,0.10259879219746112,-9.219858156028371,0.0,하락
11215820,자양1동,2022,⑦ 일반,0.2455179760373624,-1.0206809240026398,13.018660349955303,0.19089220688697495,1217975.55,13.705410422083064,0.4491725768321513,-9.219858156028371,0.3679222481369615,1.1002620567454102,0.2531152340643206,0.3654123440379724,0.3132320538572279,0,0.03309692671394798,0.3636236316986544,0.1983602792063012,-8.274231678486998,0.0,하락
11215820,자양1동,2023,⑦ 일반,0.2373153042775106,-0.8202671759851787,12.043652593178164,-0.9750077567771385,1348678.6400000001,10.731175186562659,0.3664302600472813,-8.274231678486998,0.3540546783496361,1.0690750176284796,0.2443567347793054,0.3571689224726628,0.3021449398587183,0,0.17730496453900713,0.4368872754977424,0.3070961200183748,0.9456264775413725,1.0,유지
11215830,자양2동,2020,⑦ 일반,0.2768288433550072,,6.703143238023536,,818576.57,,0.6540284360189573,,0.4124222984631954,1.062078124126042,0.2386788925805083,0.405046236072234,0.3029276362331168,0,-0.1398104265402843,-0.12796208530805686,-0.13388625592417058,-5.119155658633323,0.0,하락
11215830,자양2동,2021,⑦ 일반,0.252055494618309,-2.4773348736698173,7.150350861277715,0.4472076232541795,859596.14,5.011085279413763,0.6028368794326241,-5.119155658633323,0.3792540084524713,1.138996933794161,0.2339818458553896,0.4033656863413366,0.299787473507575,0,-0.12765957446808507,-0.043595173271486654,-0.08562737386978586,15.36643026004728,2.0,상승
11215830,자양2동,2022,⑦ 일반,0.247078053616056,-0.49774410022530025,6.612777177836366,-0.5375736834413489,1034795.49,20.381588730726506,0.7565011820330969,15.36643026004728,0.4377532462189248,1.1863291212547296,0.2410161163525185,0.4266174944775495,0.3171257908496268,0,-0.2505910165484634,-0.218586490089969,-0.2345887533192162,-7.5650118203309695,0.0,하락
11215830,자양2동,2023,⑦ 일반,0.2375744500507066,-0.9503603565349406,6.480286915633647,-0.13249026220271976,1180709.45,14.100753376882235,0.6808510638297872,-7.5650118203309695,0.4293132855701214,1.1119070619816884,0.2476989716923487,0.420251505326248,0.3186217786825687,0,-0.13475177304964536,-0.13345769890087722,-0.1341047359752613,0.47281323877068626,1.0,유지
11215840,자양3동,2020,② 라이징스타,0.4761581365645195,,17.00922700462258,,2376302.05,,0.7582938388625592,,0.3161647169542041,1.0762851612987154,0.2932779744533001,0.4781073200702276,0.3663550244046718,5,0.18483412322274884,0.13507109004739337,0.1599526066350711,18.260450629110526,2.0,상승
11215840,자양3동,2021,② 라이징스타,0.4005091019688908,-7.5649034595628715,17.733201487746,0.7239744831234205,2532598.98,6.577317475276345,0.9408983451536644,18.260450629110526,0.4906244973553958,1.3877227657504128,0.2726138822808845,0.4241846251248063,0.3494639676462799,5,-0.03309692671394804,-0.03805474325792968,-0.03557583498593886,-4.255319148936188,1.0,유지
11215840,자양3동,2022,② 라이징스타,0.3969004235831154,-0.3608678385775388,16.619263719710737,-1.1139377680352638,3171617.16,25.231715918956898,0.8983451536643026,-4.255319148936188,0.4892214637746273,1.3248260675138304,0.263102607248321,0.4227995114658283,0.338484578297938,5,0.011820330969267157,-0.007349893000795471,0.0022352189842358428,0.23640661938534313,1.0,유지
11215840,자양3동,2023,② 라이징스타,0.3942092015166171,-0.26912220664983,15.182626117173623,-1.4366376025371146,3485823.44,9.906816117743533,0.900709219858156,0.23640661938534313,0.4965029039687892,1.2037450658586264,0.3169058979402809,0.4354616198018036,0.3861843965718832,5,0.011820330969267157,-0.014453295687539836,-0.0013164823591363395,0.0,1.0,유지
11215847,자양4동,2020,⑤ 성숙·정체,0.4858621519122084,,25.940394584911175,,2129317.61,,0.919431279620853,,0.5336822438881405,1.083543003398882,0.2922084325145412,0.4728369019418622,0.3639609232936714,2,0.03080568720379151,0.04739336492891,0.039099526066350754,4.037959508363875,1.0,유지
11215847,자양4동,2021,⑤ 성숙·정체,0.4559822255338296,-2.9879926378378774,27.784708857190527,1.8443142722793517,2225090.33,4.497812799284562,0.9598108747044918,4.037959508363875,0.5714745258716114,1.1620623427654715,0.2987839284985447,0.4931103604402712,0.3756346651042836,2,-0.014184397163120588,0.023601447570389733,0.004708525203634573,-0.9456264775413725,1.0,유지
11215847,자양4동,2022,⑤ 성숙·정체,0.4477320563972021,-0.8250169136627516,29.398643970907614,1.613935113717087,2915865.17,31.04479987560773,0.950354609929078,-0.9456264775413725,0.5926469660102848,1.167840770103091,0.3055822508202679,0.496064750384146,0.3832353263754895,2,-0.009456264775413725,0.03305771234580346,0.011800723785194867,1.1820330969267157,1.0,유지
11215847,자양4동,2023,⑤ 성숙·정체,0.433752275559101,-1.3979780838101086,27.459770068226426,-1.9388739026811876,3274855.79,12.311633051263481,0.9621749408983452,1.1820330969267157,0.6380837931791837,1.185831333900446,0.312217470307023,0.4989795988380112,0.3910009568075789,2,-0.02127659574468077,0.01649804488364537,-0.002389275430517701,-0.9456264775413614,1.0,유지
11215850,구의1동,2020,⑦ 일반,0.3200767960949454,,13.219168703568881,,952033.92,,0.6445497630331753,,0.3997232660366244,1.0469886454687842,0.2403009641843894,0.4215432095981645,0.3060930468265028,0,0.06161137440758291,0.17061611374407581,0.11611374407582936,8.121855847982706,2.0,상승
11215850,구의1동,2021,⑦ 일반,0.3275483639279402,0.7471567832994797,12.163775210669545,-1.055393492899336,980466.82,2.9865427483928286,0.7257683215130024,8.121855847982706,0.4109645405235838,1.121291773288816,0.2374150041555217,0.4394538371594468,0.3091332992420193,0,0.0614657210401891,0.05385253156756631,0.057659126303877706,4.491725768321508,1.0,유지
11215850,구의1동,2022,⑦ 일반,0.3252440481387751,-0.23043157891650679,12.768514168233915,0.6047389575643702,1224973.07,24.937738331624537,0.7706855791962175,4.491725768321508,0.4663684098422105,1.129300356722316,0.2357984779388666,0.4526874231882901,0.3093001998280938,0,0.01891252955082745,0.032631956348806224,0.025772242949816837,-6.14657210401891,0.0,하락
11215850,구의1동,2023,⑦ 일반,0.3093109809101396,-1.5933067228635522,12.341178290962253,-0.42733587727166267,1397644.26,14.095917226980337,0.7092198581560284,-6.14657210401891,0.4663981697484837,1.0820355468725766,0.2301994462893356,0.4374002568596736,0.3012580403772429,0,0.07092198581560283,0.10594601862122277,0.0884340022184128,-7.328605200945626,0.0,하락
11215860,구의2동,2020,② 라이징스타,0.3011090829951641,,5.751502356675484,,1365043.69,,0.6706161137440758,,0.4065451839312463,0.9805657651315456,0.2745869739144972,0.4263183472674992,0.3375678379834135,5,-0.03791469194312791,-0.22037914691943128,-0.1291469194312796,16.626331888003765,2.0,상승
11215860,구의2동,2021,② 라이징스타,0.2837448624286326,-1.7364220566531474,5.8053278730551625,0.05382551637967836,1360365.37,-0.34272309628418096,0.8368794326241135,16.626331888003765,0.4093746768222304,1.210683123312186,0.2737903018863657,0.4409792482948712,0.3479836176201867,5,-0.2056737588652482,-0.3866424657994689,-0.29615811233235856,-4.964539007092195,1.0,유지
11215860,구의2동,2022,② 라이징스타,0.2508041584239622,-3.294070400467042,5.981207288153924,0.1758794150987617,1608625.74,18.249536152188274,0.7872340425531915,-4.964539007092195,0.4269803190081094,1.219052353910399,0.2649225109219946,0.410066316595887,0.3307805823174203,5,-0.2671394799054374,-0.32277906624987396,-0.2949592730776557,-6.14657210401891,0.0,하락
11215860,구의2동,2023,② 라이징스타,0.2359469747834695,-1.485718364049271,5.332375793875412,-0.6488314942785118,1709701.52,6.283362095150857,0.7257683215130024,-6.14657210401891,0.4349240187795544,1.1090393265617258,0.268057218868148,0.4117753362048225,0.332839230820701,5,-0.18912529550827428,-0.2755313546883579,-0.23232832509831608,7.092198581560282,2.0,상승
11215870,구의3동,2020,⑦ 일반,0.2628958083957373,,11.20102752867505,,2060166.35,,0.1421800947867298,,0.1513235281357769,1.0071197540666164,0.2845722664072364,0.3327829262815632,0.3365313821945426,0,0.3033175355450237,0.6184834123222749,0.4609004739336493,-0.5064255543231005,1.0,유지
11215870,구의3동,2021,⑦ 일반,0.2338976212350502,-2.899818716068708,10.281038376579763,-0.9199891520952868,2170131.38,5.337677222035975,0.1371158392434988,-0.5064255543231005,0.1714695153656233,1.0707945220742472,0.2783164886900969,0.3286406305925802,0.3301616489002432,0,0.2316784869976359,0.6022206536474964,0.4169495703225662,1.8912529550827395,1.0,유지
11215870,구의3동,2022,⑦ 일반,0.2340446922465102,0.014707101145999824,10.505745570825084,0.2247071942453207,2735812.59,26.0666803500164,0.1560283687943262,1.8912529550827395,0.2108199565864135,1.047965757749534,0.27433902994767,0.3437617701559126,0.3293573281712887,0,0.2647754137115839,0.5809384558502235,0.4228569347809037,6.14657210401891,2.0,상승
11215870,구의3동,2023,⑦ 일반,0.220520618567507,-1.3524073679003212,9.922320775804563,-0.5834247950205214,3020001.84,10.387745529016668,0.2174940898345153,6.14657210401891,0.2231717452315841,1.097638724685828,0.2698436425027044,0.3436691205600573,0.3226811066008931,0,0.22222222222222224,0.5336907442887074,0.3779564832554648,2.127659574468091,1.0,유지
11230536,용신동,2020,⑦ 일반,0.2421798889293979,,6.504551224189314,,2897279.82,,0.0995260663507109,,0.3916651639929173,0.911756287725467,0.1764275289521936,0.254703874372376,0.2175475197216642,0,0.23222748815165875,0.4052132701421801,0.3187203791469194,0.21287799849864925,1.0,유지
11230536,용신동,2021,⑦ 일반,0.233605273535658,-0.8574615393739909,6.294833433899909,-0.20971779028940585,2908040.41,0.3714032012275714,0.1016548463356974,0.21287799849864925,0.3924034223357421,0.9491500564645814,0.1880500115886833,0.242728140352203,0.2283442437465268,0,0.2647754137115839,0.38412714418562965,0.3244512789486068,7.56501182033097,2.0,상승
11230536,용신동,2022,⑦ 일반,0.224891378640253,-0.8713894895405,6.522227476439846,0.22739404253993722,3523116.77,21.150887652211136,0.1773049645390071,7.56501182033097,0.4099422845477327,1.0854144543902386,0.210832822957139,0.2378588507178983,0.251531898388504,0,0.19858156028368792,0.34165238143255683,0.27011697085812236,-5.91016548463357,0.0,하락
11230536,용신동,2023,⑦ 일반,0.2002932161433627,-2.4598162496890286,6.82568565779588,0.3034581813560342,3841394.0100000002,9.033967954459833,0.1182033096926714,-5.91016548463357,0.3802464891648235,1.0278529130665233,0.208082897430216,0.2393394133113609,0.2475770554220031,0,0.20567375886524825,0.4671047471793665,0.3363892530223074,0.4728132387706807,1.0,유지
11230545,제기동,2020,⑦ 일반,0.1566697093598318,,5.2672355755260964,,1849283.91,,0.0213270142180094,,0.0343457000534407,1.0218059265218853,0.2547237970520963,0.1283991860739916,0.2741013930498515,0,0.014218009478672983,0.3696682464454976,0.1919431279620853,-0.9506683248742301,1.0,유지
11230545,제기동,2021,⑦ 일반,0.1278179228380412,-2.88517865217906,5.740856785280856,0.47362120975475985,2154153.72,16.48583045315093,0.0118203309692671,-0.9506683248742301,0.0279483350561459,1.046730347689212,0.2749597650978695,0.1154128986168408,0.2921532460013087,0,0.004728132387706856,0.4265682946231499,0.21564821350542837,1.41843971631206,1.0,유지
11230545,제기동,2022,⑦ 일반,0.0821402347485594,-4.567768808948179,6.792982032992493,1.0521252477116363,2613992.34,21.346601950022382,0.0260047281323877,1.41843971631206,0.032016375948146,1.1524172025523811,0.275939800582362,0.1129349877583375,0.2942656923334383,0,-0.02364066193853428,0.5213886367965223,0.248873987428994,-1.41843971631206,1.0,유지
11230545,제기동,2023,⑦ 일반,0.0863356699791452,0.4195435230585798,7.162698104311928,0.3697160713194352,3028435.47,15.854795121549614,0.0118203309692671,-1.41843971631206,0.0294803784959109,1.0072450957891497,0.2706930121202371,0.114021285582989,0.287716835071014,0,-0.004728132387706856,0.5971844083672257,0.29622813798975944,1.1820330969267099,1.0,유지
11230560,전농1동,2020,⑤ 성숙·정체,0.3846860117383112,,9.618592639087487,,2469948.66,,0.8009478672985783,,0.4121380251067649,1.113482341623353,0.2636022973775572,0.4405053501841716,0.3332684642887917,2,0.042654028436018954,-0.09952606635071093,-0.028436018957345988,-7.754361197942927,0.0,하락
11230560,전농1동,2021,⑤ 성숙·정체,0.3422451447902882,-4.244086694802296,9.693531305363088,0.0749386662756013,2655864.74,7.527123256076096,0.723404255319149,-7.754361197942927,0.2761805132128437,1.17228086121735,0.3018156261246489,0.4493210439443216,0.371504896844941,2,0.09692671394799046,-0.010134113139054213,0.043396300404468124,8.274231678486998,2.0,상승
11230560,전농1동,2022,⑤ 성숙·정체,0.3415919855254434,-0.0653159264844827,9.466017786309285,-0.22751351905380268,3236411.73,21.8590570994214,0.806146572104019,8.274231678486998,0.4584882353590709,1.160888153556022,0.2725569245160757,0.4238367629573226,0.3426167704025367,2,0.009456264775413614,-0.09050676167747873,-0.04052524845103256,-11.34751773049646,0.0,하락
11230560,전농1동,2023,⑤ 성숙·정체,0.3360494755078769,-0.5542510017566504,9.164850666768972,-0.30116711954031317,3654928.62,12.931509489986937,0.6926713947990544,-11.34751773049646,0.3817014304766357,1.0992300114783218,0.2813802048993931,0.4280387400225104,0.3502480698640207,2,0.13947990543735223,0.027707752120376905,0.08359382877886457,2.127659574468088,1.0,유지
11230570,전농2동,2020,⑦ 일반,0.263539104292165,,6.6299904641113665,,561646.66,,0.3767772511848341,,0.3625222649851205,1.0766741571750775,0.2258050199961124,0.3305719446842839,0.2784759237959472,0,0.07345971563981041,0.1374407582938389,0.10545023696682465,-5.053611643306105,0.0,하락
11230570,전농2동,2021,⑦ 일반,0.2268636826930899,-3.667542159907508,7.417142716986423,0.7871522528750567,606669.06,8.016143103210126,0.3262411347517731,-5.053611643306105,0.2862658459142038,1.1637095485612123,0.2115005176845841,0.3721867721934696,0.2746623692994142,0,-0.0023640661938534313,0.2614365903667103,0.12953626208642843,-5.67375886524823,0.0,하락
11230570,전농2동,2022,⑦ 일반,0.2107423814607568,-1.6121301232333103,7.700140443763054,0.2829977267766308,717696.52,18.301157471257888,0.2695035460992908,-5.67375886524823,0.2935877340136902,1.1504342081536574,0.2217524062415263,0.3542856698505247,0.2811328312929307,0,0.02836879432624112,0.3418708614836476,0.18511982790494436,-8.037825059101658,0.0,하락
11230570,전농2동,2023,⑦ 일반,0.1883062826371042,-2.2436098823652606,7.258665966933966,-0.4414744768290877,791540.35,10.289004884683006,0.1891252955082742,-8.037825059101658,0.3227200407139219,1.0496185209889757,0.210058778224256,0.3474057351390897,0.2659484176972563,0,0.049645390070922,0.42935811681400066,0.23950175344246133,15.13002364066194,2.0,상승
11230600,답십리1동,2020,⑦ 일반,0.2301669386190229,,6.019095738081577,,1076520.84,,0.4691943127962085,,0.3947607529170454,1.1478122057354023,0.1996161999922115,0.3318418040969513,0.2538456450660124,0,-0.2061611374407583,-0.002369668246445522,-0.10426540284360192,-16.659383998296978,0.0,하락
11230600,답십리1동,2021,⑦ 일반,0.1936419951537336,-3.6524943465289312,6.328261163248684,0.309165425167107,1111148.99,3.2166725169946453,0.3026004728132387,-16.659383998296978,0.3968826589395156,1.0964798716884483,0.2234639928104242,0.2766529613311181,0.2697389493765894,0,-0.15130023640661938,0.19029052244742473,0.019495143020402672,8.983451536643027,2.0,상승
11230600,답십리1동,2022,⑦ 일반,0.1995001271873732,0.5858132033639607,6.242276869780616,-0.08598429346806835,1436116.21,29.246052772814913,0.392434988179669,8.983451536643027,0.4501915047433968,1.179901266729141,0.20491730251663,0.2826244564018593,0.2560669593925921,0,-0.17257683215130024,0.10045600708099445,-0.036060412535152894,-3.3096926713947985,1.0,유지
11230600,답십리1동,2023,⑦ 일반,0.1874434641563995,-1.205666303097369,6.161323348102286,-0.08095352167832992,1581152.53,10.099204994002541,0.359338061465721,-3.3096926713947985,0.4217321530627162,1.2240449758205048,0.194030334564295,0.2713560755231363,0.2437822939530243,0,-0.13002364066193856,0.1596192845058429,0.01479782192195217,-8.983451536643022,0.0,하락
11230610,답십리2동,2020,⑦ 일반,0.2507739888871771,,3.9445817755932575,,920674.03,,0.7298578199052133,,0.4792998067030967,1.0958346520938242,0.2329360531940656,0.3859845536744942,0.2966865013687575,0,-0.34834123222748814,-0.5213270142180095,-0.43483412322274884,-29.959777262388936,0.0,하락
11230610,답십리2동,2021,⑦ 일반,0.2467401422636592,-0.40338466235179116,4.010711823559701,0.0661300479664435,903244.9,-1.893083700862075,0.4302600472813239,-29.959777262388936,0.3893477452395947,1.0874923730965156,0.2200917763626584,0.3562937712107243,0.2797522067871634,0,0.014184397163120532,-0.2122505686083381,-0.09903308572260879,7.092198581560277,2.0,상승
11230610,답십리2동,2022,⑦ 일반,0.2269743312092063,-1.9765811054452909,3.706281883343627,-0.30442994021607417,947783.28,4.930930692218682,0.5011820330969267,7.092198581560277,0.4281200663705045,1.0638043262222978,0.2388505840648443,0.3700168205889252,0.2994005462008474,0,-0.12056737588652477,-0.28554222267038637,-0.20305479927845557,11.34751773049646,2.0,상승
11230610,답십리2동,2023,⑦ 일반,0.2216841029453267,-0.5290228263879593,3.9282364359049637,0.2219545525613369,1066387.95,12.51390191225994,0.6146572104018913,11.34751773049646,0.4438048219206713,1.1277356103286784,0.2312148190972314,0.3868054753076093,0.2963055368000331,0,-0.15839243498817968,-0.32555768433554055,-0.24197505966186011,-4.491725768321508,1.0,유지
11230650,장안1동,2020,⑦ 일반,0.1775484667042498,,6.996849196135245,,1652026.03,,0.0165876777251184,,0.2462192682995908,0.7243846521888522,0.1505418273614758,0.2181587559862882,0.1811720466881306,0,0.05450236966824644,0.5450236966824644,0.2997630331753554,-0.003921436814450022,1.0,유지
11230650,장안1동,2021,⑦ 일반,0.179504507307946,0.19560406036961964,6.865043567865172,-0.13180562827007325,1343724.32,-18.66203706245476,0.0165484633569739,-0.003921436814450022,0.2820150105009631,0.7785602816143564,0.1392864466582829,0.2333898785183958,0.1742478280064263,0,0.0851063829787234,0.5189965603397084,0.3020514716592159,4.49172576832152,1.0,유지
11230650,장안1동,2022,⑦ 일반,0.1910922285157389,1.158772120779289,6.5867892378784205,-0.27825432998675126,1794498.59,33.546633285613225,0.0614657210401891,4.49172576832152,0.2947986362401541,1.1991232160165606,0.1325475959665674,0.2374877543258979,0.1799846168442647,0,0.1111111111111111,0.4717096344100479,0.29141037276057946,-4.01891252955083,1.0,유지
11230650,장안1동,2023,⑦ 일반,0.1735256092643484,-1.7566619251390496,6.715881076348405,0.12909183846998484,2009125.66,11.960280782388356,0.0212765957446808,-4.01891252955083,0.3011661093549629,0.8893610753258785,0.1326740174840479,0.2205236892266731,0.1691179507708157,0,0.14184397163120568,0.5474437834022385,0.3446438775167221,2.1276595744680904,1.0,유지
11230660,장안2동,2020,⑦ 일반,0.2273527947647285,,5.579800590516746,,1610176.18,,0.3601895734597156,,0.2721316280071837,1.088421415672618,0.2640122769702882,0.3482730476342965,0.3165711036156622,0,-0.1113744075829384,0.05687203791469192,-0.02725118483412324,-6.231723303418368,0.0,하락
11230660,장안2동,2021,⑦ 일반,0.2210765990093162,-0.62761957554123,5.622295719221788,0.04249512870504191,1793122.33,11.361871593455074,0.2978723404255319,-6.231723303418368,0.2767313311957803,1.0468255936963171,0.264826372693121,0.3691918327187713,0.3214514958659423,0,-0.0023640661938534313,0.1239286074417667,0.060782270623956636,8.747044917257679,2.0,상승
11230660,장안2동,2022,⑦ 일반,0.2057564706093548,-1.5320128399961386,5.007378878847163,-0.614916840374625,1957648.35,9.175392958270724,0.3853427895981087,8.747044917257679,0.3106787433715143,1.1332578795987358,0.2596558062295351,0.3628576006820545,0.3174913723700039,0,-0.13002364066193856,0.000913134572507357,-0.0645552530447156,-1.18203309692671,1.0,유지
11230660,장안2동,2023,⑦ 일반,0.1852797032441966,-2.0476767365158217,4.867292084830479,-0.14008679401668456,2153243.08,9.991310747918547,0.3735224586288416,-1.18203309692671,0.3119477460325072,1.128480239182258,0.2547124082905995,0.351764858190263,0.3106245544594258,0,-0.15366430260047279,0.029321143266893,-0.06217157966678989,-1.8912529550827395,1.0,유지
11230705,청량리동,2020,③ 급성장 신흥,0.312048563940169,,4.447973449829191,,1216823.81,,0.2535545023696682,,0.3165725928105696,1.0740109908528237,0.2341458603982747,0.2984833321930583,0.2827226208944218,4,0.4218009478672986,0.030805687203791454,0.22630331753554503,-2.8968213953592588,1.0,유지
11230705,청량리동,2021,③ 급성장 신흥,0.2711491040397426,-4.089945990042643,4.562639243205885,0.11466579337669369,1162098.89,-4.497357756337806,0.2245862884160756,-2.8968213953592588,0.3120915985569867,1.1113376631524148,0.2359022478589164,0.2873423720720103,0.2823778188627933,4,0.34751773049645396,0.07873124712894808,0.21312448881270102,17.021276595744688,2.0,상승
11230705,청량리동,2022,③ 급성장 신흥,0.2105658583484833,-6.0583245691259275,4.463700230741416,-0.09893901246446823,1533851.21,31.989731958181288,0.3947990543735225,17.021276595744688,0.3435490306356703,1.193313503245511,0.2574268135554537,0.3039848497567506,0.3088956705166908,4,-0.10165484633569744,-0.08200284584271678,-0.0918288460892071,19.14893617021276,2.0,상승
11230705,청량리동,2023,③ 급성장 신흥,0.1890956587886406,-2.1470199559842698,4.70678977841835,0.24308954767693347,1954514.74,27.42531526248886,0.5862884160756501,19.14893617021276,0.3781399677939733,1.2778986635176588,0.2576964092309483,0.3088253549211036,0.3113185395292603,4,-0.33569739952718675,-0.19529315541214298,-0.26549527746966484,-3.782505910165479,1.0,유지
11230710,회기동,2020,⑤ 성숙·정체,0.4965100032615096,,29.56878161088916,,956043.1799999999,,0.8033175355450237,,0.5732334997366091,1.0109878188598564,0.2273993497080483,0.4050755009087579,0.2899849150396736,2,0.15165876777251186,0.1800947867298578,0.16587677725118483,10.921201528239944,2.0,상승
11230710,회기동,2021,⑤ 성숙·정체,0.5042006817802259,0.7690678518716298,30.822409265530347,1.2536276546411855,1017047.88,6.380956558886819,0.9125295508274232,10.921201528239944,0.6257338990837366,1.1266359614644907,0.2293870739376888,0.4457733401961749,0.3056115796891107,2,0.05673758865248224,0.07799177618679487,0.06736468241963856,-1.654846335697402,1.0,유지
11230710,회기동,2022,⑤ 성숙·정체,0.5184794685608438,1.4278786780617891,35.79123015720286,4.9688208916725145,1251305.44,23.033090634828323,0.8959810874704491,-1.654846335697402,0.6764544813136272,1.0290454976342307,0.2426464500469273,0.4571345111911171,0.3157995350932011,2,0.08274231678486998,0.09454023954376889,0.08864127816431944,-0.9456264775413725,1.0,유지
11230710,회기동,2023,⑤ 성숙·정체,0.4844102475821624,-3.4069220978681427,36.32073340967569,0.5295032524728285,1428556.01,14.165252090648629,0.8865248226950354,-0.9456264775413725,0.6908526421941721,1.029178353154234,0.2418405650198946,0.4460079047769009,0.3120846410431291,2,0.08510638297872342,0.10636617256562808,0.09573627777217575,-0.9456264775413614,1.0,유지
11230720,휘경1동,2020,⑦ 일반,0.415074758765848,,21.431187902743215,,995833.04,,0.6279620853080569,,0.4040095477796357,0.993982262565717,0.2733469216049868,0.4013103163860173,0.332721897666239,0,0.26066350710900477,0.3127962085308057,0.28672985781990523,17.10922882144018,2.0,상승
11230720,휘경1동,2021,⑦ 일반,0.4014511331216887,-1.362362564415931,21.884611680441743,0.4534237776985286,1044871.27,4.924342538383741,0.7990543735224587,17.10922882144018,0.4828609040414775,1.0610195660242645,0.2616867400987099,0.4415214536736889,0.3297392672526575,0,0.11111111111111105,0.1488129250557404,0.12996201808342572,4.255319148936165,1.0,유지
11230720,휘경1동,2022,⑦ 일반,0.4027305359563963,0.12794028347076214,23.591062458232535,1.706450777790792,1402527.04,34.22964917008389,0.8416075650118203,4.255319148936165,0.5309953332275746,1.1387484516279074,0.2567791210733803,0.432293037515955,0.3283101586359077,0,0.07328605200945626,0.11099907005926968,0.09214256103436297,-7.092198581560282,0.0,하락
11230720,휘경1동,2023,⑦ 일반,0.3480665170409687,-5.466401891542761,22.995046803225286,-0.5960156550072497,1414845.8699999999,0.878331015992373,0.7706855791962175,-7.092198581560282,0.4957804889543595,1.0916551627767153,0.2512692551879572,0.4200162677653676,0.3155710655527814,0,0.09456264775413714,0.18666039236776355,0.14061152006095035,-7.801418439716312,0.0,하락
11230730,휘경2동,2020,⑦ 일반,0.3090960063883238,,8.030378413396111,,1022956.65,,0.0450236966824644,,0.2641791742430395,0.7288643011435723,0.2461221864046789,0.2709787292888901,0.2773513878042893,0,0.6208530805687205,0.5758293838862559,0.5983412322274881,-2.13830347439302,1.0,유지
11230730,휘경2동,2021,⑦ 일반,0.2942297954477963,-1.486621094052748,8.099403419140277,0.06902500574416592,1003087.83,-1.9422934490919141,0.0236406619385342,-2.13830347439302,0.2515480613062729,0.7044642865404871,0.2337813733164111,0.2572711999957547,0.2628508602673926,0,0.6572104018912529,0.6090607598624136,0.6331355808768333,1.41843971631206,1.0,유지
11230730,휘경2동,2022,⑦ 일반,0.3051190848274619,1.08892893796656,8.189152332430996,0.08974891329071966,1114497.28,11.106649554306735,0.0378250591016548,1.41843971631206,0.2984536714301612,0.7335953984975162,0.2266232469849521,0.2713305076673397,0.2575741289481161,0,0.7115839243498818,0.6067247039315204,0.6591543141407011,-0.9456264775413697,1.0,유지
11230730,휘경2동,2023,⑦ 일반,0.2813147139272682,-2.3804370900193716,8.51858731251066,0.32943498007966276,1223459.55,9.776808966281191,0.0283687943262411,-0.9456264775413697,0.2976372990454086,0.6550913967033809,0.2188203761749725,0.2598333647891772,0.2496270813819261,0,0.6879432624113475,0.6659440018822896,0.6769436321468185,0.0,1.0,유지
11230740,이문1동,2020,⑤ 성숙·정체,0.475829833298269,,22.95207560522365,,913682.9,,0.8744075829383886,,0.5331448434119693,1.0963343981259024,0.245644832409218,0.4426361133676121,0.3159798258667977,2,0.06635071090047395,0.08767772511848348,0.07701421800947872,3.3393835501327795,1.0,유지
11230740,이문1동,2021,⑤ 성숙·정체,0.4390968526707182,-3.6732980627550815,24.284942050852383,1.3328664456287314,950932.02,4.0768104557938,0.9078014184397164,3.3393835501327795,0.5491598078218396,1.162562441423206,0.2572254604688747,0.4584599151768466,0.332197590084265,2,0.03546099290780147,0.05191422137071022,0.043687607139255846,-1.654846335697413,1.0,유지
11230740,이문1동,2022,⑤ 성숙·정체,0.4541869600758756,1.5090107405157427,24.833715332769657,0.5487732819172741,1281192.99,34.730239707355736,0.8912529550827423,-1.654846335697413,0.6204193959065981,1.094283366795665,0.2498776551612133,0.4581459233363137,0.3237535944123961,2,0.05910165484633578,0.07083235297412982,0.0649670039102328,-0.7092198581560183,1.0,유지
11230740,이문1동,2023,⑤ 성숙·정체,0.4337043753781187,-2.0482584697756936,24.700388982233072,-0.13332635053658493,1629596.28,27.193661901006806,0.8841607565011821,-0.7092198581560183,0.6403061810320273,1.084466337903722,0.2473699814042166,0.4500719555381965,0.319801981969082,2,0.05437352245862881,0.08029421980213547,0.06733387113038214,-0.47281323877068626,1.0,유지
11230750,이문2동,2020,⑦ 일반,0.2634571478006668,,5.168902311403694,,496803.74,,0.6848341232227488,,0.3258773289652424,1.0536748384845476,0.2798948160827861,0.450910078227792,0.3469134692379477,0,-0.23696682464454977,-0.3127962085308057,-0.27488151658767773,1.4929470157865832,1.0,유지
11230750,이문2동,2021,⑦ 일반,0.2693685004219502,0.5911352621283394,4.47992090317537,-0.6889814082283241,543637.5,9.427014377951348,0.6997635933806147,1.4929470157865832,0.3466952975750713,1.097355387061822,0.266081178678279,0.4621570809193341,0.3366831575826612,0,-0.13475177304964536,-0.4177730720536004,-0.2762624225516229,-8.037825059101655,0.0,하락
11230750,이문2동,2022,⑦ 일반,0.2513882610230731,-1.7980239398877107,4.545943752711696,0.06602284953632598,614444.91,13.024747189073604,0.6193853427895981,-8.037825059101655,0.3505699073601299,1.0845045272612746,0.2672243887147726,0.4465587610197722,0.3377197715952545,0,-0.09692671394799057,-0.28763178828722846,-0.19227925111760952,-6.85579196217494,0.0,하락
11230750,이문2동,2023,⑦ 일반,0.22127814987017,-3.01101111529031,4.663334366556249,0.1173906138445533,677524.01,10.266030196262822,0.5508274231678487,-6.85579196217494,0.3567281597671223,1.0430836317704375,0.2605145568087319,0.4269465735510526,0.3243462707191343,0,-0.099290780141844,-0.17168050373656912,-0.13548564193920656,-1.1820330969267157,1.0,유지
11260520,면목2동,2020,⑦ 일반,0.2452234896867893,,5.049612597297282,,772493.3200000001,,0.4218009478672986,,0.2920585182053682,1.0392246856297112,0.2444326083612387,0.4093898489264214,0.3086621064228897,0,-0.06635071090047395,-0.061611374407582964,-0.06398104265402846,-8.610354834011192,0.0,하락
11260520,면목2동,2021,⑦ 일반,0.2064834662900999,-3.874002339668942,4.237203385170331,-0.8124092121269504,695761.74,-9.93297650780981,0.3356973995271867,-8.610354834011192,0.2857432598057945,1.0866443443819882,0.2389902861089226,0.3918157123752175,0.3024459181571873,0,-0.13238770685579196,-0.0774035606646275,-0.10489563376020973,2.3640661938534313,1.0,유지
11260520,면목2동,2022,⑦ 일반,0.1902684391139405,-1.6215027176159387,4.349791768430863,0.11258838326053144,827525.82,18.938103724990675,0.359338061465721,2.3640661938534313,0.3087360692515315,1.1525483654396182,0.2377242191120256,0.3703551848276024,0.3001457046466546,0,-0.1914893617021277,-0.06549919890647937,-0.12849428030430354,6.382978723404259,2.0,상승
11260520,면목2동,2023,⑦ 일반,0.1813204084432748,-0.8948030670665713,4.006317282630798,-0.3434744858000647,917166.5,10.832372577812755,0.4231678486997636,6.382978723404259,0.3202151241694553,1.1365564547017968,0.24041591181253,0.3776616149633198,0.3031489811148556,0,-0.23167848699763594,-0.1222199814011854,-0.17694923419941067,1.654846335697402,1.0,유지
11260540,면목4동,2020,⑦ 일반,0.207563007639296,,3.698757787849717,,654299.67,,0.1350710900473933,,0.2806928644708862,0.9814966068128308,0.1994507046937249,0.3400467728156032,0.252757383977056,0,0.026066350710900466,0.03554502369668247,0.030805687203791468,1.8593212553079526,1.0,유지
11260540,면목4동,2021,⑦ 일반,0.2310785559329137,2.351554829361771,3.988858611921679,0.290100824071962,660212.17,0.903637930919321,0.1536643026004728,1.8593212553079526,0.2683897861016002,1.0509606751307647,0.2116000487614807,0.3624081457678244,0.2685338819289406,0,0.20094562647754138,0.05960583957962198,0.1302757330285817,-1.4184397163120614,1.0,유지
11260540,면목4동,2022,⑦ 일반,0.2203139708178695,-1.0764585115044216,3.511634679084166,-0.47722393283751297,781900.81,18.43174747899603,0.1394799054373522,-1.4184397163120614,0.2826834483108499,1.0401645283556056,0.1988725023457444,0.3514453549965504,0.2584161034915684,0,0.20803782505910165,0.03824521304606007,0.12314151905258086,1.8912529550827395,1.0,유지
11260540,면목4동,2023,⑦ 일반,0.2182753356874776,-0.20386351303919026,3.5911671793533992,0.07953250026923309,795180.1900000001,1.698345855403316,0.1583924349881796,1.8912529550827395,0.3245082492350998,0.9792284637293606,0.2138218188586642,0.355748252268405,0.2714014062272412,0,0.26713947990543735,0.0762047214099246,0.17167210065768096,-2.36406619385342,1.0,유지
11260550,면목5동,2020,④ 잠재 후보,0.21785476501002,,2.3590775286238497,,361575.23,,0.457345971563981,,0.2103150565712853,1.0681407444342363,0.2737494479909005,0.4410792279989518,0.3359541197405612,3,-0.26303317535545023,-0.42890995260663506,-0.3459715639810427,18.804409935800486,2.0,상승
11260550,면목5동,2021,④ 잠재 후보,0.2339279604228742,1.6073195412854209,2.390955162124932,0.031877633501082414,409200.48,13.171601937444667,0.6453900709219859,18.804409935800486,0.3311011410736716,1.198961589879329,0.2532583188753348,0.3993335547356328,0.3127597829737706,3,-0.27186761229314427,-0.6145843837181943,-0.4432259980056693,-26.950354609929082,0.0,하락
11260550,면목5동,2022,④ 잠재 후보,0.2411775318168624,0.7249571393988213,2.4330812557443737,0.04212609361944164,508617.21,24.295360064093785,0.375886524822695,-26.950354609929082,0.3793931039446787,0.9939187979419092,0.2281647725696269,0.4250910674968496,0.2934173680207734,3,0.08983451536643028,-0.32612349164733956,-0.11814448814045464,12.056737588652478,2.0,상승
11260550,면목5동,2023,④ 잠재 후보,0.2157502172591764,-2.5427314557686014,2.50490040773955,0.07181915199517608,633732.98,24.59920103765265,0.4964539007092198,12.056737588652478,0.38632006310498,1.1652889132323985,0.2050680207238304,0.3877952098730974,0.2655372290022237,3,-0.08510638297872342,-0.4253638533158549,-0.25523511814728916,11.111111111111116,2.0,상승
11260565,면목본동,2020,⑤ 성숙·정체,0.2643947582393329,,5.727453156929981,,1217502.93,,0.8104265402843602,,0.425607557025452,1.1081501054448664,0.2650021933699694,0.4392455318819823,0.3360685737204861,2,-0.3578199052132702,-0.36729857819905215,-0.36255924170616116,-2.3192497731168715,1.0,유지
11260565,면목본동,2021,⑤ 성숙·정체,0.2586083229823937,-0.5786435256939171,5.725255908546427,-0.0021972483835535073,1244952.56,2.254584307242702,0.7872340425531915,-2.3192497731168715,0.3955456777929823,1.1670845629217306,0.2718138719483458,0.4285111024517241,0.3425851460213692,2,-0.27895981087470456,-0.35121508520721995,-0.3150874480409622,2.8368794326241065,1.0,유지
11260565,면목본동,2022,⑤ 성숙·정체,0.2393852129895551,-1.9223109992838632,5.598726104513249,-0.12652980403317837,1464101.27,17.60297677527567,0.8156028368794326,2.8368794326241065,0.4224285328046039,1.1918040590208756,0.2812619723196792,0.4319450263376806,0.352059040351015,2,-0.3664302600472813,-0.37484454304057,-0.37063740154392566,-3.782505910165479,1.0,유지
11260565,면목본동,2023,⑤ 성숙·정체,0.2163043001894582,-2.3080912800096884,5.3567413658272915,-0.24198473868595727,1554249.95,6.157270801356507,0.7777777777777778,-3.782505910165479,0.4207731039134023,1.1520272794774291,0.2769878971975722,0.4243781524046917,0.3460632154386678,2,-0.3617021276595745,-0.32043180621379674,-0.3410669669366856,3.546099290780136,1.0,유지
11260570,면목7동,2020,⑦ 일반,0.2782443795581178,,4.633880830850616,,826470.11,,0.3151658767772511,,0.3521321568544829,1.0322424423991052,0.2269962420165856,0.3388972259188194,0.2817717522849743,0,0.20853080568720384,-0.011848341232227444,0.0983412322274882,-3.8570132096400034,1.0,유지
11260570,면목7동,2021,⑦ 일반,0.2515826596740286,-2.666171988408922,5.000051489173747,0.36617065832313056,828329.47,0.22497607324238889,0.2765957446808511,-3.8570132096400034,0.3163414852539972,1.07238344560786,0.2339598007321965,0.3385240101261993,0.2909634601589375,0,0.1938534278959811,0.08596349702531009,0.1399084624606456,-3.7825059101654874,1.0,유지
11260570,면목7동,2022,⑦ 일반,0.227457411178961,-2.4125248495067586,4.295109314297887,-0.7049421748758595,966530.9299999999,16.68435870089229,0.2387706855791962,-3.7825059101654874,0.3440812863392435,1.0437512155131683,0.2424412847337447,0.3304038791144342,0.2975518914669515,0,0.1442080378250591,0.047959172240709,0.09608360503288405,8.274231678487002,2.0,상승
11260570,면목7동,2023,⑦ 일반,0.2049469751057944,-2.2510436073166606,4.028117185927779,-0.26699212837010844,1035507.61,7.136520711240979,0.3215130023640662,8.274231678487002,0.3425079263876304,1.114918602610474,0.231701191782638,0.3336413472043746,0.2870816767259444,0,0.02600472813238769,-0.015825798572597027,0.005089464779895331,-13.238770685579201,0.0,하락
11260575,면목3·8동,2020,⑤ 성숙·정체,0.332246248831475,,7.627764538458943,,1408531.68,,0.8056872037914692,,0.4250546962283072,1.1281494676195505,0.2567939519050752,0.4312822959356476,0.3254177836964542,2,-0.06161137440758291,-0.19905213270142175,-0.13033175355450233,-1.1360962656717377,1.0,유지
11260575,면목3·8동,2021,⑤ 성숙·정체,0.2998020736946067,-3.244417513686831,7.649066436518094,0.021301898059150837,1380117.18,-2.01731351899731,0.7943262411347518,-1.1360962656717377,0.4424151924570532,1.1551126781727863,0.2526431137618888,0.4301960552638123,0.3253183333836912,2,-0.08983451536643028,-0.18295183355181344,-0.13639317445912186,-2.8368794326241176,1.0,유지
11260575,면목3·8동,2022,⑤ 성숙·정체,0.2885012728914349,-1.1300800803171807,7.085308799638636,-0.5637576368794583,1473611.99,6.774410996028624,0.7659574468085106,-2.8368794326241176,0.4395251476127191,1.158201592225718,0.2580056950739319,0.4232730909535215,0.3284100395221241,2,-0.07565011820330969,-0.1901280629222547,-0.1328890905627822,-10.63829787234043,0.0,하락
11260575,면목3·8동,2023,⑤ 성숙·정체,0.268895908218677,-1.960536467275792,6.450266998173709,-0.6350418014649266,1592452.84,8.064595755630366,0.6595744680851063,-10.63829787234043,0.4518309246217615,1.084623881223011,0.2492366036669922,0.405907403873451,0.3153188704706128,2,0.01891252955082745,-0.11455077140264192,-0.04781912092590723,8.037825059101655,2.0,상승
11260580,상봉1동,2020,⑤ 성숙·정체,0.4702170375449117,,6.981397195176727,,720948.81,,1.0,,0.9149502412123908,1.1198532295697086,0.4065839629858389,0.4911092485261443,0.472278118765993,2,-0.07109004739336489,-0.44075829383886256,-0.2559241706161137,-6.382978723404243,0.0,하락
11260580,상봉1동,2021,⑤ 성숙·정체,0.3095276233900418,-16.068941415486986,4.744416059121856,-2.2369811360548706,458903.05,-36.347346214497534,0.9361702127659576,-6.382978723404243,0.5422158830904931,1.231056032440662,0.2815235402963707,0.4367619390082196,0.3574895296732494,2,-0.20330969267139487,-0.6067863265100333,-0.4050480095907141,-0.7092198581560405,1.0,유지
11260580,상봉1동,2022,⑤ 성숙·정체,0.2739028149374445,-3.56248084525973,4.427964969103673,-0.31645109001818295,536118.74,16.826144432903646,0.9290780141843972,-0.7092198581560405,0.5367201474031479,1.3400906257665908,0.2730260159339723,0.4164195117514668,0.3510736912528963,2,-0.2978723404255319,-0.618651473900037,-0.4582619071627845,-12.765957446808507,0.0,하락
11260580,상봉1동,2023,⑤ 성숙·정체,0.2494276518506499,-2.447516308679459,4.088669668955106,-0.33929530014856724,713260.36,33.04149002513883,0.8014184397163121,-12.765957446808507,0.459440475842661,1.152669920479937,0.2675917596658523,0.4149702303916036,0.330611473078725,2,-0.198581560283688,-0.48625256293906094,-0.3424170616113745,1.6548463356973908,1.0,유지
11260590,상봉2동,2020,⑤ 성숙·정체,0.4512293872783224,,11.665608493943882,,2763569.0,,0.933649289099526,,0.5930850796502402,1.042984322765492,0.2874646763515115,0.4713666547438583,0.3580086134212928,2,-0.018957345971563955,-0.15402843601895733,-0.08649289099526064,-1.6391605884396032,1.0,유지
11260590,상봉2동,2021,⑤ 성숙·정체,0.397571842901973,-5.36575443763494,10.817928852278134,-0.8476796416657475,2929514.46,6.004751826352073,0.91725768321513,-1.6391605884396032,0.5240362303199025,1.1574178771438188,0.2740585791144279,0.4676238342854991,0.3494385964837707,2,-0.01654846335697402,-0.16370318084546176,-0.09012582210121789,0.0,1.0,유지
11260590,상봉2동,2022,⑤ 성숙·정체,0.4081270156658799,1.0555172763906884,10.509954959013228,-0.3079738932649061,3572836.91,21.960036681300423,0.91725768321513,0.0,0.5652102200798271,1.13944518804667,0.29250647241093,0.4741471757504582,0.3687217430002714,2,0.0023640661938534313,-0.17792119032413478,-0.08777856206514068,-2.127659574468088,1.0,유지
11260590,상봉2동,2023,⑤ 성숙·정체,0.4014620486371346,-0.6664967028745306,9.871368272361515,-0.6385866866517134,3809777.02,6.631707966765266,0.8959810874704491,-2.127659574468088,0.5529805391244691,1.1342265569915404,0.2854925427122437,0.4630224384814685,0.361532205567274,2,0.021276595744680882,-0.15427492633300832,-0.06649916529416372,4.491725768321531,1.0,유지
11260600,중화1동,2020,⑦ 일반,0.2354190672324852,,4.723620026238411,,484396.70999999996,,0.3033175355450237,,0.2142864287909471,1.2582064536802169,0.2242717030434431,0.3263194280501489,0.2806787619748483,0,-0.021327014218009477,0.018957345971563955,-0.001184834123222761,-18.51142258523523,0.0,하락
11260600,중화1동,2021,⑦ 일반,0.2162041772813294,-1.9214889951155807,4.669272286870821,-0.05434773936759019,469149.98,-3.1475709238405036,0.1182033096926714,-18.51142258523523,0.1877993651070514,1.122177206739434,0.2191644549867832,0.3400541915017751,0.2743598891952781,0,0.14184397163120566,0.20170190357747075,0.1717729376043382,3.546099290780141,1.0,유지
11260600,중화1동,2022,⑦ 일반,0.1834966818645925,-3.27074954167369,3.86282156793201,-0.8064507189388106,534771.53,13.987328742932071,0.1536643026004728,3.546099290780141,0.2086884133312323,1.1773433835753688,0.2193359329524667,0.3334358374323522,0.2764898837850927,0,-0.011820330969267129,0.09041152678341344,0.039295597907073154,-8.983451536643031,0.0,하락
11260600,중화1동,2023,⑦ 일반,0.1497016695599562,-3.3795012304636303,3.6180772735077387,-0.24474429442427148,563416.38,5.356465030963786,0.0638297872340425,-8.983451536643031,0.1430731049012059,1.088278167009879,0.251636186877184,0.2549212284677011,0.2940085603068005,0,0.023640661938534285,0.1826157103962892,0.10312818616741175,0.47281323877068904,1.0,유지
11260610,중화2동,2020,⑤ 성숙·정체,0.2754151498283786,,5.216065232043983,,1023021.14,,0.6682464454976303,,0.3880223973499608,1.0104660280462558,0.2870342598791779,0.4075365585456546,0.3465456845228249,2,-0.15876777251184837,-0.28909952606635075,-0.22393364928909956,12.13516632494146,2.0,상승
11260610,중화2동,2021,⑤ 성숙·정체,0.2513851205170507,-2.4030029311327916,5.048399272962896,-0.16766595908108695,983052.99,-3.9068742997823147,0.789598108747045,12.13516632494146,0.3607844601628221,1.1647404887878894,0.2988761339145702,0.4287007166835967,0.3658194319258123,2,-0.32387706855791965,-0.4222995305479928,-0.3730882995529562,-3.78250591016549,1.0,유지
11260610,중화2동,2022,⑤ 성숙·정체,0.2486456796967371,-0.27394408203136045,4.7137285747386235,-0.3346706982242722,1100414.23,11.93844494588232,0.75177304964539,-3.78250591016549,0.3873931595980691,1.1236801397809038,0.2980142628489879,0.4356411284775394,0.3657424522722775,2,-0.23877068557919623,-0.3963228126785654,-0.3175467491288808,6.619385342789597,2.0,상승
11260610,중화2동,2023,⑤ 성숙·정체,0.2287611414982503,-1.988453819848679,4.315021338459388,-0.3987072362792352,1182772.83,7.484327061092277,0.817966903073286,6.619385342789597,0.37958860170708,1.2653660673669176,0.2957933908882555,0.4103463363331719,0.3653261317366286,2,-0.32151300236406616,-0.47910434383157985,-0.40030867309782303,-7.092198581560282,0.0,하락
11260620,묵1동,2020,⑥ 쇠퇴 주의,0.3202724908258466,,4.075295574629035,,867675.9600000001,,0.8270142180094787,,0.3926107387240358,1.0829652563801209,0.2918597686689818,0.4693869354457327,0.361201719779097,1,-0.11848341232227488,-0.6018957345971565,-0.3601895734597157,-27.618679484163,0.0,하락
11260620,묵1동,2021,⑥ 쇠퇴 주의,0.2764271473706682,-4.384534345517838,4.664361391108949,0.5890658164799145,958757.4,10.497172239276974,0.5508274231678487,-27.618679484163,0.3366001162235518,1.0423648337121505,0.2771306331700864,0.4197750672683534,0.3401364382194364,1,0.05910165484633567,-0.23329187814415203,-0.08709511164890818,24.822695035460995,2.0,상승
11260620,묵1동,2022,⑥ 쇠퇴 주의,0.2760284150769513,-0.03987322937168969,4.561622866932683,-0.10273852417626639,1201223.81,25.28965200164297,0.7990543735224587,24.822695035460995,0.398790572700338,1.1472571530960682,0.3014340963537178,0.4469917374026083,0.3690438292791826,1,-0.15130023640661938,-0.46256148252719803,-0.3069308594669087,-48.22695035460994,0.0,하락
11260620,묵1동,2023,⑥ 쇠퇴 주의,0.1987949959582372,-7.723341911871412,4.370969901974947,-0.19065296495773598,1375796.25,14.532882094636456,0.3167848699763593,-48.22695035460994,0.3216096870055088,1.0739721920830716,0.2475309605872297,0.3521797455998414,0.3051949064671953,1,0.004728132387706863,0.029186694004683322,0.016957413196195092,-21.276595744680847,0.0,하락
11260630,묵2동,2020,⑦ 일반,0.2753442019246025,,6.121847963203037,,1181060.53,,0.6563981042654028,,0.3547740513631424,1.006436171397865,0.2629060677303488,0.4631771705998492,0.3337869170125327,0,-0.14928909952606628,-0.17772511848341227,-0.16350710900473928,-18.83129978824241,0.0,하락
11260630,묵2동,2021,⑦ 일반,0.2856517626578599,1.0307560733257393,6.314882382222999,0.19303441901996177,1178526.78,-0.2145317649384193,0.4680851063829787,-18.83129978824241,0.2734161274618162,1.0574944918460216,0.2557010899114194,0.4574666258916541,0.329135706531913,0,0.17257683215130026,0.02243622063123929,0.09750652639126978,28.132387706855795,2.0,상승
11260630,묵2동,2022,⑦ 일반,0.2362290317229562,-4.942273093490371,6.202272800353084,-0.11260958186991488,1366179.83,15.922680178722803,0.7494089834515366,28.132387706855795,0.4273740009961874,1.1134865932199491,0.2891208440059619,0.4160938625135563,0.3553683090333276,0,-0.32151300236406616,-0.2636269929302096,-0.29256999764713787,-9.219858156028371,0.0,하락
11260630,묵2동,2023,⑦ 일반,0.2211047828876632,-1.5124248835293008,5.816128352715584,-0.3861444476375002,1551280.93,13.548809310118415,0.6572104018912529,-9.219858156028371,0.4021277057335493,1.1010070460789612,0.2714117123290724,0.4093447826530851,0.3364352798600152,0,-0.20803782505910162,-0.1619497383841439,-0.18499378172162276,-1.6548463356973908,1.0,유지
11260655,망우본동,2020,④ 잠재 후보,0.2360430910269071,,6.207696185777495,,1971988.26,,0.3886255924170616,,0.3457779625801761,0.993062688411904,0.2638781561876028,0.3510753620257743,0.3165332660908835,3,-0.0971563981042654,0.0971563981042654,0.0,11.255644067986504,2.0,상승
11260655,망우본동,2021,④ 잠재 후보,0.2273784281641499,-0.8664662862757189,7.084226449299797,0.8765302635223016,2592855.71,31.484338045704185,0.5011820330969267,11.255644067986504,0.3547176421615048,1.0983435096226242,0.2648316695507002,0.3537495061164438,0.3204503256433556,3,-0.1725768321513002,0.048581000078428804,-0.0619979160364357,8.037825059101655,2.0,상승
11260655,망우본동,2022,④ 잠재 후보,0.2156363577187737,-1.1742070445376203,6.236980726259349,-0.847245723040448,3122894.05,20.442261324290968,0.5815602836879432,8.037825059101655,0.379701076844977,1.1164100986481436,0.2738944463628975,0.368421633832644,0.3327000194924496,3,-0.26477541371158386,-0.09103895667372519,-0.17790718519265453,-1.1820330969267046,1.0,유지
11260655,망우본동,2023,④ 잠재 후보,0.1948323338065325,-2.0804023912241205,5.611648130913907,-0.6253325953454416,3450001.06,10.474483116069866,0.5697399527186762,-1.1820330969267046,0.4048766256109806,1.0904066346283512,0.2715973281313065,0.3602320670238444,0.3289989596854024,3,-0.26950354609929084,-0.08632763044379466,-0.17791558827154275,-1.891252955082745,1.0,유지
11260660,망우3동,2020,⑤ 성숙·정체,0.2419328349884658,,4.201370262249342,,441460.02,,0.8388625592417062,,0.5237515021699285,1.1848255129600236,0.2330933945935154,0.3765842952992159,0.2928019673656855,2,-0.5118483412322274,-0.5924170616113744,-0.5521327014218009,-31.40398642062452,0.0,하락
11260660,망우3동,2021,⑤ 성숙·정체,0.2186776885372726,-2.32551464511932,4.315521462624253,0.114151200374911,443021.78,0.3537715601063862,0.524822695035461,-31.40398642062452,0.3726786173656464,1.0950475312717811,0.2479831368502881,0.3823445321924598,0.3107881327538969,2,-0.2411347517730496,-0.25705018318711975,-0.24909246748008468,27.895981087470457,2.0,상승
11260660,망우3동,2022,⑤ 성숙·정체,0.2282493345095594,0.9571645972286796,4.023082897611154,-0.29243856501309917,482033.07,8.805727339184077,0.8037825059101655,27.895981087470457,0.4721072545720727,1.128487362727384,0.2702328707754326,0.4345002763244524,0.3384995283033838,2,-0.4113475177304965,-0.5454886670476062,-0.47841809238905136,6.14657210401891,2.0,상승
11260660,망우3동,2023,⑤ 성숙·정체,0.2257191317812724,-0.25302027282869954,3.7714500434554377,-0.25163285415571623,445709.47,-7.535499587196382,0.8652482269503546,6.14657210401891,0.4856508969078302,1.2087337084839953,0.2702769338445933,0.4353817699803007,0.3438114869864176,2,-0.3877068557919622,-0.5927363786091224,-0.4902216172005423,-13.002364066193861,0.0,하락
11260680,신내1동,2020,④ 잠재 후보,0.2471444567166375,,4.794204603973375,,1469243.51,,0.1492890995260663,,0.2105339115339076,1.2194099934864928,0.1659148993165259,0.3182399747464208,0.2235546851865717,3,0.2156398104265403,0.18957345971563982,0.20260663507109006,18.4044233807267,2.0,상승
11260680,신내1동,2021,④ 잠재 후보,0.2146031211989843,-3.25413355176532,4.506069136773131,-0.2881354672002443,1436108.68,-2.255230652677853,0.3333333333333333,18.4044233807267,0.2928390545085256,1.0649442373080809,0.2229884272450039,0.418876565340912,0.2906803766406677,3,-0.08274231678486998,-0.048973143759873605,-0.0658577302723718,16.312056737588648,2.0,상승
11260680,신내1동,2022,④ 잠재 후보,0.203538682048893,-1.106443915009131,4.275290542723685,-0.230778594049446,1781586.52,24.05652474713822,0.4964539007092198,16.312056737588648,0.3452387113078929,1.11479660714951,0.226009614394978,0.4330846519439834,0.2984291861649944,3,-0.25531914893617025,-0.21209371113576014,-0.2337064300359652,-5.200945626477537,0.0,하락
11260680,신내1동,2023,④ 잠재 후보,0.1808443898508681,-2.2694292198024906,3.5934033244283956,-0.6818872182952891,2006239.03,12.60968847025179,0.4444444444444444,-5.200945626477537,0.3657916968988934,1.065248199613293,0.2238542402774855,0.4148166572838838,0.2925538760025459,3,-0.26004728132387706,-0.20747761979989465,-0.23376245056188585,5.437352245862886,2.0,상승
11260690,신내2동,2020,⑦ 일반,0.2521728975780105,,4.400792248824134,,564115.7,,0.476303317535545,,0.2816124706426332,1.060046753812837,0.248385615177377,0.4234522304915409,0.313146682866731,0,-0.0900473933649289,-0.20142180094786727,-0.14573459715639808,0.12380536228474015,1.0,유지
11260690,신내2동,2021,⑦ 일반,0.2204007044798414,-3.177219309816909,4.011847326896386,-0.3889449219277479,638827.65,13.24408272983717,0.4775413711583924,0.12380536228474015,0.2261940810336444,1.1887985264781986,0.2474784186523686,0.4314731806041789,0.3180759362758256,0,-0.18912529550827423,-0.2571622242389612,-0.2231437598736177,-16.07565011820331,0.0,하락
11260690,신내2동,2022,⑦ 일반,0.2120865859885161,-0.8314118491325295,3.8467639460980565,-0.1650833807983294,745842.49,16.751754561656806,0.3167848699763593,-16.07565011820331,0.2193769683847134,1.1709229780636243,0.2383796660526879,0.4179502339352149,0.3085951839686689,0,-0.009456264775413725,-0.07744837708536409,-0.04345232093038891,-3.3096926713947985,1.0,유지
11260690,신내2동,2023,⑦ 일반,0.1964420019781223,-1.5644584010393787,3.3446655669803373,-0.5020983791177192,791662.11,6.14333731509451,0.2836879432624113,-3.3096926713947985,0.2341017348996675,1.124120241283028,0.2287809656253877,0.4150116968035257,0.2962823637729586,0,0.03073286052009455,-0.09174481530032605,-0.03050597739011575,2.127659574468088,1.0,유지
11290525,성북동,2020,⑤ 성숙·정체,0.2474835859454327,,7.0801160629243185,,1741575.97,,0.9028436018957346,,0.5945849253205384,1.1482887351814626,0.2620186050485636,0.3728623819890397,0.3216089499485581,2,-0.5355450236966826,-0.3364928909952607,-0.4360189573459716,-15.579868463805147,0.0,하락
11290525,성북동,2021,⑤ 성숙·정체,0.2186584329611421,-2.8825152984290616,7.134286367562918,0.05417030463859973,1776493.73,2.004951871264038,0.7470449172576832,-15.579868463805147,0.5029656709844276,1.0719531184705378,0.2610930246209051,0.3623549954913901,0.317176894862657,2,-0.46572104018912525,-0.19254254758943679,-0.32913179388928104,10.401891252955087,2.0,상승
11290525,성북동,2022,⑤ 성숙·정체,0.2038855775369092,-1.47728554242329,6.399970144306409,-0.734316223256509,2022260.84,13.834392199065082,0.851063829787234,10.401891252955087,0.572073972659066,1.18340789616833,0.2580825285275145,0.3707553381033805,0.3205279238369602,2,-0.6052009456264775,-0.3415851568014521,-0.4733930512139648,-6.382978723404253,0.0,하락
11290525,성북동,2023,⑤ 성숙·정체,0.1809291085116227,-2.29564690252865,5.800055489381379,-0.5999146549250298,2089552.94,3.3275677731068543,0.7872340425531915,-6.382978723404253,0.5589648854751488,1.0804055473780407,0.2647192891670325,0.3603016669523328,0.3204704686971257,2,-0.6004728132387707,-0.294343047292528,-0.44740793026564935,1.654846335697402,1.0,유지
11290555,삼선동,2020,④ 잠재 후보,0.2675612329756962,,11.360915008693983,,1430587.5,,0.4431279620853081,,0.3496757862611093,1.0308752675082864,0.2325311600515777,0.384447597862055,0.2932244858554595,3,0.030805687203791454,0.3246445497630332,0.17772511848341233,18.571364547970376,2.0,상승
11290555,삼선동,2021,④ 잠재 후보,0.248688501662767,-1.8872731312929187,11.415504919662217,0.05458991096823418,1462264.01,2.214230866689393,0.6288416075650118,18.571364547970376,0.3342259288837947,1.1841202345250923,0.2519528450453722,0.4038194860630301,0.3191267142862604,3,-0.17730496453900713,0.1341915677904384,-0.021556698374284367,-9.219858156028371,0.0,하락
11290555,삼선동,2022,④ 잠재 후보,0.2433737422856289,-0.5314759377138073,11.686392222719173,0.27088730305695563,1714573.55,17.254718592164497,0.5366430260047281,-9.219858156028371,0.365527410143223,1.1244747330276137,0.243629794428326,0.4024139956636484,0.3098862761910631,3,-0.06619385342789597,0.23823849058294955,0.08602231857752679,4.491725768321508,1.0,유지
11290555,삼선동,2023,④ 잠재 후보,0.2388889182267116,-0.4484824058917314,11.186639380701905,-0.49975284201726744,1911449.12,11.482480293715014,0.5815602836879432,4.491725768321508,0.3652756896615067,1.1810516665709312,0.2395628354967287,0.3960549711935773,0.3072162911459791,3,-0.030732860520094496,0.19569090114618004,0.08247902031304277,-6.14657210401891,0.0,하락
11290575,동선동,2020,⑤ 성숙·정체,0.5106523965435772,,23.542100962322746,,1968724.12,,0.966824644549763,,0.5912465815941982,1.161551327076479,0.2889729247668752,0.504402378089387,0.3672933458668632,2,-0.0023696682464454666,-0.0023696682464454666,-0.0023696682464454666,-2.8290365589952238,1.0,유지
11290575,동선동,2021,⑤ 성숙·정체,0.4821361471037512,-2.8516249439826002,21.662899287654426,-1.8792016746683196,2070002.33,5.144357656368825,0.9385342789598108,-2.8290365589952238,0.5140809003313309,1.1967724296867748,0.2853973519926308,0.4940724226324981,0.3666258394390754,2,0.01891252955082745,0.004593683125497128,0.011753106338162289,-2.6004728132387633,1.0,유지
11290575,동선동,2022,⑤ 성숙·정체,0.4841726223479233,0.2036475244172109,22.08160949260405,0.4187102049496225,2479912.98,19.802424570217745,0.9125295508274232,-2.6004728132387633,0.5443180321555512,1.1436740484059384,0.285332953784864,0.4965566438405195,0.3658156026554389,2,0.047281323877068626,0.028228743011439406,0.037755033444254016,2.6004728132387633,1.0,유지
11290575,동선동,2023,⑤ 성숙·정체,0.4593431299776072,-2.4829492370316117,20.81034764354259,-1.2712618490614602,2719967.68,9.679964657469565,0.9385342789598108,2.6004728132387633,0.5685093663848292,1.1679597517063096,0.2843127086142005,0.4958951378855662,0.3625184979495315,2,0.01891252955082745,0.004593683125497128,0.011753106338162289,1.1820330969267268,1.0,유지
11290580,돈암1동,2020,⑦ 일반,0.1287654915139474,,2.7255067467026404,,433465.08,,0.0308056872037914,,0.103289369037406,0.9204369463960882,0.1878694775689721,0.318670326376261,0.2363615703261057,0,-0.014218009478672983,0.03554502369668247,0.010663507109004744,1.88397028671305,1.0,유지
11290580,돈암1동,2021,⑦ 일반,0.0941579247044411,-3.4607566809506287,2.784983635259905,0.05947688855726474,444788.61,2.6123280795767867,0.0496453900709219,1.88397028671305,0.0980492258905867,0.9997766782680034,0.1791689092328466,0.4051067998700409,0.2477339168773802,0,-0.04491725768321513,0.028553662061779436,-0.008181797810717848,-0.47281323877068004,1.0,유지
11290580,돈암1동,2022,⑦ 일반,0.1000890198985064,0.5931095194065289,2.5420630464901413,-0.24292058876976386,494440.53,11.163037650626894,0.0449172576832151,-0.47281323877068004,0.077846444847563,1.0345712824031563,0.1910091507231518,0.3988817718283276,0.2574697800923127,0,-0.033096926713948,0.009585111985031314,-0.011755907364458341,-0.23640661938533966,1.0,유지
11290580,돈암1동,2023,⑦ 일반,0.1117316894774681,1.1642669578961706,2.7126100411908274,0.17054699470068613,530232.13,7.238807870382313,0.0425531914893617,-0.23640661938533966,0.0733986588686753,1.016828821999779,0.1839818792352669,0.3887061396437343,0.2482060670439394,0,-0.02127659574468085,0.0664515478471312,0.022587476051225172,-0.9456264775413802,1.0,유지
11290590,돈암2동,2020,⑦ 일반,0.2161043139546985,,2.6894140825916013,,276448.69,,0.0781990521327014,,0.2628990396358474,0.8504738181212025,0.2039608454890167,0.3406510278694356,0.2521812634781556,0,0.11137440758293837,-0.016587677725118488,0.04739336492890994,6.12808533046508,2.0,상승
11290590,돈암2동,2021,⑦ 일반,0.1735975037935979,-4.250681016110061,2.684768047534701,-0.0046460350569002,273464.22,-1.0795746581400034,0.1394799054373522,6.12808533046508,0.2786100782536897,1.1349933438178936,0.1803502700274533,0.3232750678524314,0.2362054828256074,0,-0.06382978723404256,-0.07786853102976932,-0.07084915913190594,-4.9645390070922,1.0,유지
11290590,돈암2동,2022,⑦ 일반,0.1732012196624238,-0.03962841311740961,2.34986874508509,-0.3348993024496112,277128.67,1.340010769964728,0.0898345153664302,-4.9645390070922,0.2626977528976917,1.0671140933663306,0.181321824435169,0.3301618072769673,0.2371936716944699,0,0.026004728132387703,-0.049550155176856805,-0.011772713522234551,-0.7092198581560294,1.0,유지
11290590,돈암2동,2023,⑦ 일반,0.1678755012993139,-0.532571836310991,2.154714180651365,-0.1951545644337247,323017.32,16.558607956369165,0.0827423167848699,-0.7092198581560294,0.2347210537112521,0.9932034183858538,0.1944297490457799,0.3439406593817711,0.2483721588904672,0,0.061465721040189145,-0.044827624841742006,0.00831904809922357,0.23640661938535007,1.0,유지
11290600,안암동,2020,⑤ 성숙·정체,0.5221193689538476,,22.248485030285334,,1280124.6,,0.8412322274881516,,0.6693996818485227,0.9714260327765376,0.2171815226893027,0.3989190998243288,0.2780484646214544,2,0.1255924170616114,0.1090047393364929,0.11729857819905215,-0.19887286701847362,1.0,유지
11290600,안암동,2021,⑤ 성숙·정체,0.4903314664682054,-3.1787902485642174,21.825161147555015,-0.42332388273031896,1209816.68,-5.4922716116853065,0.8392434988179669,-0.19887286701847362,0.6561077685428695,1.0423621341313212,0.2074158926383625,0.4017478908452145,0.2733077883284352,2,0.1229314420803782,0.10625413151378671,0.11459278679708246,-3.0732860520094607,1.0,유지
11290600,안암동,2022,⑤ 성숙·정체,0.4959572371678332,0.5625770699627775,22.812913558297645,0.9877524107426296,1487796.59,22.97702739558858,0.8085106382978723,-3.0732860520094607,0.6909735939649863,0.982577490480193,0.2061803624760932,0.4102422480212147,0.2715593680772697,2,0.1607565011820331,0.14172632852677225,0.15124141485440268,0.0,1.0,유지
11290600,안암동,2023,⑤ 성숙·정체,0.4710277021474239,-2.492953502040929,21.780877286710332,-1.0320362715873124,1724027.94,15.877933286565726,0.8085106382978723,0.0,0.7113396402282555,0.9439767602754704,0.2027924682196137,0.3996293413792908,0.2649624226160139,2,0.15602836879432624,0.13935666028032678,0.1476925145373265,0.23640661938534313,1.0,유지
11290610,보문동,2020,⑤ 성숙·정체,0.3160581453101083,,11.694739710110614,,721388.95,,0.6872037914691943,,0.3880338848976798,1.0636063339097033,0.2432693489693481,0.4394494923638088,0.3129486286820322,2,0.004739336492891044,0.09478672985781988,0.049763033175355464,-6.545438248574276,0.0,하락
11290610,보문동,2021,⑤ 성숙·정체,0.2719260999823274,-4.413204532778087,12.312599344572767,0.6178596344621532,716747.76,-0.6433686016399265,0.6217494089834515,-6.545438248574276,0.3582795443469478,1.1259226728427536,0.237417483994046,0.4341570277108084,0.3102275190892272,2,-0.044917257683215084,0.16261078059000822,0.05884676145339657,17.966903073286055,2.0,상승
11290610,보문동,2022,⑤ 성숙·정체,0.2793489984255541,0.7422898443226689,13.410683743125896,1.0980843985531283,822920.01,14.813056409133395,0.8014184397163121,17.966903073286055,0.4929048208421427,1.172996105206905,0.2357197017191561,0.4320933297260989,0.3086252404633209,2,-0.14657210401891263,0.025595778293166616,-0.06048816286287301,-1.891252955082745,1.0,유지
11290610,보문동,2023,⑤ 성숙·정체,0.2667175742261277,-1.2631424199426422,13.45392402159083,0.043240278464933724,903185.27,9.753713486685056,0.7825059101654847,-1.891252955082745,0.4698415137276059,1.175144187166688,0.2404403566351395,0.4176341024846101,0.3094287143058429,2,-0.10874704491725773,0.06583532206200349,-0.02145586142762712,-4.964539007092206,1.0,유지
11290620,정릉1동,2020,⑦ 일반,0.2424286295567965,,3.5580717987526542,,381411.64,,0.3554502369668246,,0.3429627930270796,1.066260940214144,0.2060411042518667,0.3745904456520917,0.2677541398338806,0,-0.021327014218009477,-0.2085308056872038,-0.11492890995260664,20.95615833641447,2.0,상승
11290620,정릉1동,2021,⑦ 일반,0.2529812052649191,1.055257570812257,3.9837656634516807,0.4256938646990265,403229.29,5.72023706460556,0.5650118203309693,20.95615833641447,0.3761631214680714,1.1777388588457771,0.2149886385446374,0.3866994037346758,0.2837603324951748,0,-0.08747044917257685,-0.3564810146437655,-0.2219757319081712,-16.78486997635934,0.0,하락
11290620,정릉1동,2022,⑦ 일반,0.2462198079043253,-0.6761397360593779,3.7005311781454364,-0.2832344853062443,484763.92,20.22041355180324,0.3971631205673759,-16.78486997635934,0.3792338209234179,1.102532852157556,0.2138595190819303,0.3881476679495829,0.2804071337040413,0,0.09692671394799052,-0.1838929783872811,-0.043483132219645296,5.437352245862881,2.0,상승
11290620,정릉1동,2023,⑦ 일반,0.2117418197889578,-3.447798811536748,3.604716233197567,-0.09581494494786957,553675.76,14.215546404526158,0.4515366430260047,5.437352245862881,0.3837967293748807,1.1181525246891282,0.2167067345355602,0.380534933401068,0.2812991951231023,0,-0.05673758865248224,-0.21220015013500945,-0.13446886939374586,-15.60283687943263,0.0,하락
11290630,정릉2동,2020,⑦ 일반,0.2601295024164282,,5.864289140424164,,789414.35,,0.428909952606635,,0.349495246192507,1.1209493722104995,0.2063790520481329,0.3615452585580548,0.2627669301606838,0,0.004739336492890989,0.026066350710900466,0.015402843601895727,-10.503288404871542,0.0,하락
11290630,정릉2동,2021,⑦ 일반,0.2402556632770612,-1.9873839139366996,5.787660787755657,-0.0766283526685072,811121.31,2.749754929081294,0.3238770685579196,-10.503288404871542,0.3401507427137937,1.0901922800998154,0.2153767880032685,0.3610193328062258,0.2739546293085081,0,0.07801418439716312,0.12399023002027942,0.10100220720872127,11.583924349881801,2.0,상승
11290630,정릉2동,2022,⑦ 일반,0.2175043222949522,-2.2751340982108985,5.981497647230502,0.1938368594748452,918815.04,13.277142231659521,0.4397163120567376,11.583924349881801,0.3788579867928675,1.142572260150572,0.2265665278323143,0.3616778961088239,0.2882501661900568,0,-0.11111111111111116,0.02710833249302541,-0.042001389309042875,-4.491725768321514,1.0,유지
11290630,정릉2동,2023,⑦ 일반,0.2209124865023845,0.3408164207432285,6.273719533031158,0.29222188580065556,967923.25,5.344732929056106,0.3947990543735225,-4.491725768321514,0.3854395613010878,1.0303207911535206,0.2327181368400408,0.3762896832880193,0.290857092058237,0,0.049645390070921946,0.1383763010767145,0.09401084557381822,1.18203309692671,1.0,유지
11290640,정릉3동,2020,⑤ 성숙·정체,0.3285655410744018,,6.961224858986796,,624255.37,,0.8862559241706162,,0.6173442932969117,1.000807124028055,0.2650108617776894,0.4177730756684925,0.3265009787533122,2,-0.15402843601895744,-0.3293838862559242,-0.2417061611374408,0.026889852441924766,1.0,유지
11290640,정릉3동,2021,⑤ 성숙·정체,0.3100803318770845,-1.8485209197317276,7.181800273712745,0.22057541472594888,635111.09,1.738987043075002,0.8865248226950354,0.026889852441924766,0.5925043090455799,1.103864560005234,0.2688521083076961,0.3896526254149506,0.3320080420436636,2,-0.14893617021276595,-0.3249134482874525,-0.23692480925010923,-3.0732860520094496,1.0,유지
11290640,정릉3동,2022,⑤ 성숙·정체,0.2948581521544284,-1.5222179722656104,8.398722607229724,1.2169223335169788,796397.18,25.394941536920747,0.8557919621749409,-3.0732860520094496,0.6302948699615497,1.0510301532998838,0.2657104123648489,0.3992722351203606,0.3293574884569284,2,-0.14657210401891252,-0.20650286264887452,-0.17653748333389352,-6.619385342789597,0.0,하락
11290640,정릉3동,2023,⑤ 성숙·정체,0.2501304869650644,-4.4727665189364,8.657498299785725,0.25877569255600186,831365.8,4.390851810901686,0.789598108747045,-6.619385342789597,0.5861009587542055,0.9899871665726248,0.2617328496279108,0.392882287819869,0.3212835195641392,2,-0.182033096926714,-0.08343697130628669,-0.13273503411650034,7.801418439716312,2.0,상승
11290650,정릉4동,2020,⑦ 일반,0.2256283192585615,,4.267430270780607,,885540.89,,0.5118483412322274,,0.2780966019813699,1.0723015600642305,0.2752063498104608,0.3933839270481651,0.3363605880730319,0,-0.2748815165876777,-0.2606635071090047,-0.26777251184834117,5.0799412904888435,2.0,상승
11290650,정릉4동,2021,⑦ 일반,0.216955678011109,-0.8672641247452512,4.158028421366736,-0.10940184941387088,918198.63,3.68788616864435,0.5626477541371159,5.0799412904888435,0.3123305774306523,1.1524338254297786,0.2844766075056789,0.3696193081556947,0.34236324613339,0,-0.3002364066193854,-0.3209415929996751,-0.31058899980953025,-0.9456264775413725,1.0,유지
11290650,정릉4동,2022,⑦ 일반,0.2047610455959157,-1.2194632415193278,4.360423620671291,0.20239519930455518,980840.71,6.8222798372068905,0.5531914893617021,-0.9456264775413725,0.328291456238199,1.157300940206413,0.2814951872009771,0.3720342107142086,0.3408042684839454,0,-0.3026004728132388,-0.25698295855601494,-0.2797917156846269,-1.1820330969267157,1.0,유지
11290650,정릉4동,2023,⑦ 일반,0.1937425439531959,-1.1018501642719807,4.450672501070257,0.09024888039896606,1020571.61,4.050698507405959,0.541371158392435,-1.1820330969267157,0.3295123075429163,1.1552800977737003,0.2758519131338793,0.3618319201852884,0.3341316455624453,0,-0.25295508274231676,-0.18829058967205586,-0.2206228362071863,-4.728132387706857,1.0,유지
11290660,길음1동,2020,⑦ 일반,0.2262181477775481,,3.6042974499377163,,904839.86,,0.3175355450236967,,0.2627442294795293,1.0284356746873573,0.2476958117758414,0.3956953784185792,0.3102807564315874,0,-0.07582938388625593,-0.16587677725118483,-0.12085308056872038,2.9982185472757217,1.0,유지
11290660,길음1동,2021,⑦ 일반,0.1988917157477719,-2.732643202977619,3.433016400623428,-0.17128104931428823,888936.33,-1.757607141665929,0.3475177304964539,2.9982185472757217,0.2764564968913455,1.1000313559890602,0.2312280838975628,0.4116112940640671,0.3013945916223083,0,-0.17966903073286053,-0.21244664044906053,-0.19605783559096052,-4.9645390070922,1.0,유지
11290660,길음1동,2022,⑦ 일반,0.2095258976359765,1.0634181888204615,3.2761555922410235,-0.15686080838240457,1066120.0,19.9320990739573,0.2978723404255319,-4.9645390070922,0.3134425243868325,1.030785761177239,0.2395558180450258,0.408415567469454,0.3067853343701609,0,-0.021276595744680826,-0.15095290914591106,-0.08611475244529594,4.491725768321508,1.0,유지
11290660,길음1동,2023,⑦ 일반,0.1704623066286553,-3.9063591007321206,3.138183832901955,-0.13797175933906836,1164556.06,9.23311259520505,0.342789598108747,4.491725768321508,0.2709463915092219,1.083061106301676,0.2358156200335819,0.4247978385410261,0.3037572581711483,0,-0.1938534278959811,-0.1816521573504532,-0.18775279262321715,-14.657210401891248,0.0,하락
11290685,길음2동,2020,⑦ 일반,0.2106119941843037,,5.464048293730361,,1582105.16,,0.3957345971563981,,0.3283061494887305,1.097692411473355,0.2495228399655613,0.3256231792578184,0.2999933758653094,0,-0.22037914691943125,0.0118483412322275,-0.10426540284360188,-3.403246949682359,1.0,유지
11290685,길음2동,2021,⑦ 일반,0.2478168362065287,3.7204842022224986,5.283844096561693,-0.18020419716866787,1626901.9,2.8314641234088445,0.3617021276595745,-3.403246949682359,0.3421163033102812,1.073291707142211,0.2549902525042898,0.3419404896763061,0.3083392976395441,0,0.08747044917257679,0.03403246949682359,0.06075145933470019,-7.8014184397163175,0.0,하락
11290685,길음2동,2022,⑦ 일반,0.2220679761148546,-2.5748860091674097,4.735289382266513,-0.5485547142951797,1935119.96,18.94509189521507,0.2836879432624113,-7.8014184397163175,0.3196863812218868,1.0948136333101215,0.2581443828859665,0.3265099999055923,0.3110954928635677,0,0.07565011820330969,0.07413196195085875,0.07489104007708422,-10.87470449172577,0.0,하락
11290685,길음2동,2023,⑦ 일반,0.1925538166253949,-2.9514159489459706,4.003845697680434,-0.731443684586079,1955598.34,1.058248605941725,0.1749408983451536,-10.87470449172577,0.2995534277857414,1.0772263319909412,0.2302971726863569,0.3199164453274121,0.2822501333130499,0,0.1087470449172577,0.12363730070697901,0.11619217281211836,15.602836879432628,2.0,상승
11290705,종암동,2020,⑦ 일반,0.2576844373343301,,8.094352762963647,,1036619.14,,0.4881516587677725,,0.4284889564101268,0.9715528090583132,0.2294959424501755,0.3726621351975955,0.2852514348684318,0,-0.06872037914691942,0.13507109004739343,0.033175355450237004,-12.408546491434457,0.0,하락
11290705,종암동,2021,⑦ 일반,0.2448128450262444,-1.287159230808571,8.371936422505808,0.27758365954216124,1005757.16,-2.977176361995393,0.3640661938534279,-12.408546491434457,0.3857102042672797,1.0369347909352336,0.2226704714036682,0.3681369496439061,0.2823317875201944,0,0.0685579196217494,0.28522290567263847,0.17689041264719393,14.18439716312056,2.0,상승
11290705,종암동,2022,⑦ 일반,0.2455240906252885,0.07112455990440913,8.441432489559743,0.06949606705393485,1237175.09,23.0093246365753,0.5059101654846335,14.18439716312056,0.397465612672065,1.1183569261839574,0.2291882934772953,0.3803074939462421,0.2934831485435912,0,-0.021276595744680826,0.15048793878076927,0.06460567151804422,-8.510638297872342,0.0,하락
11290705,종암동,2023,⑦ 일반,0.2056819162086763,-3.9842174416612197,8.17739360935284,-0.26403888020690225,1382428.38,11.74072216407136,0.4208037825059101,-8.510638297872342,0.4079815022558376,1.0159279881540462,0.2328925103364838,0.3742074819107773,0.2926028665657971,0,-0.0685579196217494,0.24981233123816565,0.09062720580820813,-25.531914893617024,0.0,하락
11290715,월곡1동,2020,⑦ 일반,0.2419332139516206,,4.652571563897399,,1042899.8099999999,,0.2914691943127962,,0.3474791034232504,1.0774613276262308,0.2302715499160162,0.298017420397082,0.2766547070246353,0,0.037914691943127965,0.016587677725118488,0.027251184834123227,3.7136006632830174,1.0,유지
11290715,월곡1동,2021,⑦ 일반,0.2645089134243898,2.257569947276922,5.416227687516064,0.7636561236186648,1341236.82,28.606488095917882,0.3286052009456264,3.7136006632830174,0.3168312992518953,1.1151002038048894,0.2383286253495372,0.3385113480764541,0.2940568006387071,0,0.20803782505910168,0.07660806919655366,0.14232294712782767,2.8368794326241176,1.0,유지
11290715,월곡1동,2022,⑦ 일반,0.2388613706285028,-2.5647542795887017,4.9416989786810115,-0.47452870883505227,1571069.39,17.135867922265934,0.3569739952718676,2.8368794326241176,0.3369173439345085,1.1490090572362988,0.248741739538939,0.3307539338823381,0.303100963522736,0,0.08983451536643022,0.022172924159411966,0.056003719762921095,-1.6548463356973964,1.0,유지
11290715,월곡1동,2023,⑦ 일반,0.2105246764719622,-2.8336694156540583,5.139243694196324,0.1975447155153125,1825989.69,16.225909665263096,0.3404255319148936,-1.6548463356973964,0.3392029790512819,1.1013131715957534,0.2398212141455178,0.3418965016063686,0.294126619868442,0,0.04728132387706857,0.08374508419885046,0.06551320403795952,-16.07565011820331,0.0,하락
11290725,월곡2동,2020,⑤ 성숙·정체,0.3090728146715171,,6.479842530673874,,1274737.15,,0.7014218009478673,,0.4448077407276234,1.0404283693815464,0.2407256361177035,0.4178460237305306,0.3067381618509165,2,-0.03791469194312802,-0.20142180094786732,-0.11966824644549767,-8.440052435212264,0.0,하락
11290725,월곡2동,2021,⑤ 성숙·정체,0.2890038146970836,-2.006899997443351,6.539653103390379,0.05981057271650503,1089811.17,-14.50698914674292,0.6170212765957447,-8.440052435212264,0.4265461676261196,1.0871224508859647,0.2290109171736794,0.400924410297554,0.2907342297311868,2,0.03782505910165479,-0.1075426036099627,-0.03485877225415396,1.1820330969267157,1.0,유지
11290725,월곡2동,2022,⑤ 성숙·정체,0.2690652528929664,-1.9938561804117183,6.552165921698993,0.012512818308613838,1237131.98,13.518012482841414,0.6288416075650118,1.1820330969267157,0.4784365653776237,1.0613437107594228,0.2259369331133137,0.4053985722217795,0.2911218230414806,2,-0.021276595744680882,-0.10040558860766591,-0.060841092176173395,-0.23640661938534313,1.0,유지
11290725,월곡2동,2023,⑤ 성숙·정체,0.2444189999647231,-2.4646252928243295,5.9457862959478085,-0.6063796257511846,1363421.69,10.208264925784238,0.6264775413711584,-0.23640661938534313,0.4989983893190857,1.039124627350141,0.223851761405346,0.4064496306238152,0.2894433700146943,2,-0.05200945626477538,-0.1193685366318219,-0.08568899644829864,9.219858156028371,2.0,상승
11290760,장위1동,2020,① 레전드,0.2380827228915,,4.818693795059699,,715563.21,,0.6919431279620853,,0.4721324891160997,0.9437973764381892,0.2771409528915904,0.3915918975050557,0.3338170857269501,6,-0.3886255924170616,-0.35071090047393366,-0.3696682464454977,11.656751033578693,2.0,상승
11290760,장위1동,2021,① 레전드,0.2602016774629803,2.2118954571480276,4.589421599203479,-0.22927219585622005,861013.51,20.326687840756954,0.8085106382978723,11.656751033578693,0.4878134239593059,1.060716239665021,0.2630917390311771,0.4479076312976449,0.3325644771697651,6,-0.2907801418439716,-0.5004537662599575,-0.39561695405196456,5.910165484633579,2.0,상승
11290760,장위1동,2022,① 레전드,0.2613763465471074,0.11746690841271112,4.267866623401121,-0.3215549758023579,983631.02,14.24106690265523,0.8676122931442081,5.910165484633579,0.504157583710756,1.1744757279276845,0.2757301698778928,0.443981370706486,0.349377452091979,6,-0.30969267139479906,-0.5856217718171939,-0.44765722160599647,-0.9456264775413725,1.0,유지
11290760,장위1동,2023,① 레전드,0.2643842787476833,0.300793220057588,3.8619130821525545,-0.4059535412485662,1052086.34,6.959451116130921,0.8581560283687943,-0.9456264775413725,0.5024430905925364,1.1243359490693527,0.2752141959043242,0.4583136604733959,0.3478521564656334,6,-0.19148936170212771,-0.5785351752882256,-0.38501226849517667,5.437352245862881,2.0,상승
11290770,장위2동,2020,④ 잠재 후보,0.1853922020461049,,3.349748837440291,,551724.35,,0.424170616113744,,0.3721837274095928,1.0273879834031432,0.2330124838031702,0.3600082519873135,0.2884647609930402,3,-0.33886255924170616,-0.2962085308056872,-0.3175355450236967,-13.102640807591904,0.0,하락
11290770,장위2동,2021,④ 잠재 후보,0.1820814936575583,-0.3310708388546607,3.731158904082969,0.3814100666426783,518722.48,-5.981586638327641,0.293144208037825,-13.102640807591904,0.3273678592186494,1.0653682337637764,0.2299080755462125,0.352736051549063,0.2875804988827344,3,-0.18439716312056736,-0.1201584260473037,-0.15227779458393553,1.1820330969267212,1.0,유지
11290770,장위2동,2022,④ 잠재 후보,0.1826344326456113,0.055293898805300334,3.6217849819322137,-0.10937392215075548,714179.89,37.680535842595454,0.3049645390070922,1.1820330969267212,0.3397114762299643,1.0920112544850027,0.2328616972473817,0.3561578987390798,0.2917559489054994,3,-0.16784869976359337,-0.1153910792914524,-0.14161988952752289,13.475177304964541,2.0,상승
11290770,장위2동,2023,④ 잠재 후보,0.1674687589062615,-1.5165673739349794,3.45163875094347,-0.1701462309887436,885958.3,24.05254088014157,0.4397163120567376,13.475177304964541,0.4108231723214047,1.1025649684985532,0.2206293140832453,0.3552688358173327,0.2793294277139939,3,-0.30023640661938533,-0.21459782864441534,-0.25741711763190034,4.2553191489361595,1.0,유지
11290780,장위3동,2020,⑦ 일반,0.2361927060651215,,3.4018664379273207,,383318.39999999997,,0.1113744075829383,,0.1454046023040412,0.9746210421597974,0.234857763823857,0.4030837489480372,0.2937417847701839,0,0.18246445497630331,0.023696682464454985,0.10308056872037916,2.3377365466707087,1.0,유지
11290780,장위3동,2021,⑦ 일반,0.2498972955194733,1.3704589454351797,2.987149989541747,-0.41471644838557387,384863.5,0.4030852680174002,0.1347517730496454,2.3377365466707087,0.1238246439036599,1.1236560100067228,0.2313787236017533,0.4037821321484385,0.2968679522919326,0,0.3262411347517731,-0.032856038452488995,0.14669254814964205,6.85579196217494,2.0,상승
11290780,장위3동,2022,⑦ 일반,0.2333662487173492,-1.6531046802124083,2.6584551332577044,-0.3286948562840424,446636.84,16.050714084344197,0.2033096926713948,6.85579196217494,0.1887783384919656,1.1911515354099362,0.222699023034596,0.382565317549582,0.2846011000535389,0,0.20567375886524822,-0.13221964527802987,0.03672705679360917,8.747044917257682,2.0,상승
11290780,장위3동,2023,⑦ 일반,0.2222907215922008,-1.1075527125148392,2.300560935543592,-0.35789419771411257,611963.36,37.01587177627352,0.2907801418439716,8.747044917257682,0.2104901844356563,1.2916311938551424,0.2077409332237985,0.3730590929993834,0.275415063032934,0,0.1678486997635934,-0.24101710866861614,-0.03658420445251137,-28.132387706855788,0.0,하락
11290810,석관동,2020,⑤ 성숙·정체,0.2757959954571997,,6.658404951614329,,978077.79,,0.8364928909952607,,0.5084564970599192,1.0334845057938902,0.263628642132703,0.4397020340299215,0.3293164930630178,2,-0.32464454976303325,-0.3199052132701422,-0.32227488151658773,5.476006408748157,2.0,상승
11290810,석관동,2021,⑤ 성숙·정체,0.2684431315810983,-0.7352863876101401,6.687305963599723,0.028901011985394298,981829.3099999999,0.3835604936903714,0.8912529550827423,5.476006408748157,0.4959329271124668,1.1803036765857144,0.2587535609351953,0.4593932976347832,0.3352363105523469,2,-0.33096926713947983,-0.3722956091111783,-0.35163243812532907,-2.127659574468077,1.0,유지
11290810,석관동,2022,⑤ 성숙·정체,0.265676654546398,-0.27664770347002876,6.492225079810606,-0.19508088378911737,1145771.8900000001,16.697666114693632,0.8699763593380615,-2.127659574468077,0.5537197328907195,1.068898732316336,0.2742940210157742,0.4663095521934914,0.3473790923365741,2,-0.28605200945626486,-0.353388681612943,-0.31972034553460393,0.0,1.0,유지
11290810,석관동,2023,⑤ 성숙·정체,0.2472318209953654,-1.8444833551032602,6.188524818976666,-0.3037002608339394,1243052.46,8.490395937362361,0.8699763593380615,0.0,0.5530368315855608,1.0517387979533974,0.2764353715298969,0.4629173744277488,0.3509203004269056,2,-0.2742316784869977,-0.34864934512005197,-0.31144051180352483,3.5460992907801248,1.0,유지
11305534,삼양동,2020,⑦ 일반,0.2260705527150904,,4.068513011734434,,845028.39,,0.2251184834123222,,0.1876017029090076,1.085280043252258,0.247941362731486,0.3795826921808168,0.3076967070998773,0,0.014218009478672994,-0.004739336492890989,0.0047393364928910026,-3.362912171019461,1.0,유지
11305534,삼양동,2021,⑦ 일반,0.2445580987595181,1.8487546044427678,3.850237604341472,-0.21827540739296225,782508.85,-7.398513557633257,0.1914893617021276,-3.362912171019461,0.1819572250088095,1.1295149525049055,0.2429677711953194,0.3763307021695287,0.3028109520144125,0,0.2364066193853428,-0.0019159019864878613,0.11724535869942747,-9.21985815602837,0.0,하락
11305534,삼양동,2022,⑦ 일반,0.2387643630805606,-0.5793735678957496,3.9194440755034337,0.06920647116196177,836854.65,6.945071611650144,0.0992907801418439,-9.21985815602837,0.1899193303177302,1.0122493586328265,0.2373120635411056,0.3681489338244215,0.2951774644025618,0,0.3451536643026004,0.14952438573493326,0.24733902501876684,7.801418439716319,2.0,상승
11305534,삼양동,2023,⑦ 일반,0.1956753107891077,-4.3089052291452905,3.245460987364332,-0.6739830881391016,626000.13,-25.196074372054934,0.1773049645390071,7.801418439716319,0.2178475174925186,1.1233178601445737,0.2296986947667165,0.3692462282617536,0.289560373916538,0,0.1276595744680851,-0.0019495143020402672,0.06285503008302241,4.255319148936171,1.0,유지
11305535,미아동,2020,⑦ 일반,0.2992062048389904,,7.6019361727221195,,1181537.1500000001,,0.6090047393364929,,0.3888070870427916,1.0683296427307187,0.242325612701737,0.3968329522796631,0.3033281440894543,0,0.014218009478673022,-0.007109004739336511,0.0035545023696682554,-0.8531926097722242,1.0,유지
11305535,미아동,2021,⑦ 일반,0.2495881699376014,-4.9618034901389,8.574201886961825,0.9722657142397058,1162455.95,-1.6149471051333575,0.6004728132387707,-0.8531926097722242,0.3893678241365584,1.167821953365456,0.2375204431328963,0.3682918624521429,0.2982858718594304,0,-0.14184397163120566,0.05592529102663213,-0.042959340302286764,-11.111111111111116,0.0,하락
11305535,미아동,2022,⑦ 일반,0.2875479137484856,3.7959743810884183,7.692973527211848,-0.8812283597499775,1649635.08,41.909470204010745,0.4893617021276595,-11.111111111111116,0.3966898511550814,1.1375440586244856,0.2334851023708308,0.3552943933897926,0.2929501056568386,0,0.19858156028368795,0.11964303720883335,0.15911229874626065,-15.602836879432619,0.0,하락
11305535,미아동,2023,⑦ 일반,0.2452434996637674,-4.230441408471819,6.404985904143588,-1.2879876230682594,1674052.24,1.4801552353020941,0.3333333333333333,-15.602836879432619,0.4023301150786911,1.028935045102874,0.222060997158757,0.3471334967459671,0.2773108385787245,0,0.24586288416075647,0.2045813586097946,0.22522212138527553,7.5650118203309695,2.0,상승
11305545,송중동,2020,⑤ 성숙·정체,0.3528525103590494,,11.15676779776892,,2106798.62,,0.8530805687203792,,0.4676712130523462,1.1300332180392474,0.2828467364020624,0.4027480380382059,0.3444283280352581,2,-0.056872037914691975,-0.09478672985782,-0.07582938388625599,-4.693399661636022,1.0,유지
11305545,송중동,2021,⑤ 성숙·정체,0.3268989282059445,-2.5953582153104895,9.663127063497935,-1.4936407342709845,2045546.63,-2.907349065949183,0.806146572104019,-4.693399661636022,0.4131455652556842,1.1890379353031115,0.2870024200986421,0.4029721871043924,0.3523340902295157,2,-0.026004728132387744,-0.09524609817036966,-0.060625413151378704,7.092198581560282,2.0,상승
11305545,송중동,2022,⑤ 성숙·정체,0.3291237770811329,0.22248488751883677,8.427787238022425,-1.23533982547551,2530713.27,23.718190183716324,0.8770685579196218,7.092198581560282,0.5201205029913294,1.173406389539646,0.282676166622972,0.432721469760448,0.3548590810002117,2,-0.08037825059101655,-0.22304012190066447,-0.1517091862458405,1.6548463356973908,1.0,유지
11305545,송중동,2023,⑤ 성숙·정체,0.3115476315398319,-1.7576145541300991,7.215581775705103,-1.2122054623173222,2646087.12,4.558945944911419,0.8936170212765957,1.6548463356973908,0.5491707836307436,1.1809641332015826,0.2878923764083841,0.4350656487983951,0.3591638585289379,2,-0.10165484633569732,-0.2775032772007663,-0.1895790617682318,-2.8368794326241065,1.0,유지
11305555,송천동,2020,⑦ 일반,0.2364990201034133,,5.961576903814023,,1358430.35,,0.3838862559241706,,0.2921453098786819,1.0193313002869937,0.2456782935944473,0.4080602749149217,0.3077674765791744,0,-0.08767772511848343,0.0781990521327014,-0.0047393364928910164,-12.85671069880004,0.0,하락
11305555,송천동,2021,⑦ 일반,0.2417743178310946,0.5275297727681288,5.58142680823097,-0.380150095583053,1336532.8,-1.6119744379975098,0.2553191489361702,-12.85671069880004,0.2835711817667876,1.0657716069786936,0.232126180936516,0.3692187599014889,0.291893742314784,0,0.15602836879432624,0.16174246243823737,0.1588854156162818,4.728132387706852,1.0,유지
11305555,송천동,2022,⑦ 일반,0.2105258813518033,-3.1248436479291293,4.891015689409421,-0.6904111188215483,1742939.41,30.407529841392588,0.3026004728132387,4.728132387706852,0.3140920330147092,1.1166602005599982,0.2305836204598886,0.3677859908293731,0.2913265865086122,0,-0.014184397163120532,0.06706777363225885,0.02644168823456916,8.03782505910166,2.0,상승
11305555,송천동,2023,⑦ 일반,0.1908050202411924,-1.9720861110610914,4.98371154332265,0.09269585391322899,2343401.88,34.451138493678336,0.3829787234042553,8.03782505910166,0.3205229804144637,1.1695560262974127,0.2238745434799228,0.3645681010781285,0.2858562653002182,0,-0.12056737588652483,0.036452556216597765,-0.04205740983496353,-9.692671394799051,0.0,하락
11305575,삼각산동,2020,⑦ 일반,0.2274056672776342,,2.99768592218808,,557500.7,,0.2559241706161137,,0.3104259467829794,1.031252586976942,0.2175825553913044,0.3529984131479165,0.2742449731374565,0,-0.004739336492890989,-0.15876777251184832,-0.08175355450236965,26.417039203164038,2.0,상승
11305575,삼각산동,2021,⑦ 일반,0.2182617606201125,-0.9143906657521711,3.043160936435773,0.04547501424769296,585136.98,4.9571740448038915,0.5200945626477541,26.417039203164038,0.3125948073349376,1.1743210082746145,0.2427296363641861,0.3875514669674291,0.3069467116107725,0,-0.24349881796690304,-0.4110898233112612,-0.32729432063908215,-19.14893617021277,0.0,하락
11305575,삼각산동,2022,⑦ 일반,0.190163939991247,-2.809782062886548,2.8972795664310254,-0.14588137000474743,647190.22,10.604908272931235,0.3286052009456264,-19.14893617021277,0.314872015114726,1.1003605189757146,0.2321976704398058,0.3884885116440999,0.2975731505751194,0,-0.1631205673758865,-0.22433979810202456,-0.19373018273895554,6.382978723404259,2.0,상승
11305575,삼각산동,2023,⑦ 일반,0.1866297234535726,-0.35342165376744117,2.8316280474163467,-0.0656515190146787,667935.89,3.205498068249546,0.392434988179669,6.382978723404259,0.3110610247244151,1.162690189492025,0.2254876758976561,0.3789140445089825,0.2890537588409221,0,-0.1678486997635934,-0.27869091235028515,-0.22326980605693927,-3.546099290780141,1.0,유지
11305595,번1동,2020,④ 잠재 후보,0.4114385484816577,,9.920360726706079,,1429674.02,,0.4028436018957346,,0.2846060104832633,1.0439676607942332,0.2421760191238451,0.411187539217973,0.3051464516362244,3,0.481042654028436,0.3080568720379147,0.39454976303317535,4.160084254870982,1.0,유지
11305595,번1동,2021,④ 잠재 후보,0.343476469416059,-6.796207906559864,9.749787258725858,-0.17057346798022088,1246772.6400000001,-12.793222611683175,0.4444444444444444,4.160084254870982,0.3090755221169357,1.1512296325754905,0.22516979056897,0.3957967101028736,0.2928932368691034,3,0.37825059101654845,0.2735650342285414,0.3259078126225449,5.910165484633567,2.0,상승
11305595,번1동,2022,④ 잠재 후보,0.3209731543905094,-2.250331502554964,9.092352452715435,-0.6574348060104231,1547019.66,24.081938467947104,0.5035460992907801,5.910165484633567,0.3494231128021002,1.1521885868311286,0.2414000536620382,0.3862053095983545,0.307673591589956,3,0.281323877068558,0.1931363651641962,0.2372301211163771,2.8368794326241176,1.0,유지
11305595,번1동,2023,④ 잠재 후보,0.2937876004845764,-2.7185553905932967,8.8777071973941,-0.21464525532133472,1872169.54,21.017824686209874,0.5319148936170213,2.8368794326241176,0.3709729184476035,1.1361465790161096,0.2404559592590792,0.379931230294539,0.3050448216375137,3,0.21985815602836878,0.18372491680951897,0.20179153641894387,-2.6004728132387744,1.0,유지
11305603,번2동,2020,⑦ 일반,0.1457209587557523,,3.3164492599346036,,534235.22,,0.2464454976303317,,0.6615101991710169,0.7940837487230689,0.1334165732662975,0.2886311370161507,0.1835351884007063,0,-0.21800947867298578,-0.12559241706161137,-0.17180094786729858,11.998476241694961,2.0,상승
11305603,번2동,2021,⑦ 일반,0.1851879629391588,3.946700418340648,3.9750172108616075,0.6585679509270039,667441.89,24.934086150291645,0.3664302600472813,11.998476241694961,0.569259430876875,0.9318232329221934,0.2026390319205694,0.2836336370594984,0.2486302515949757,0,-0.24113475177304963,-0.1626387908529685,-0.20188677131300908,27.42316784869977,2.0,상승
11305603,번2동,2022,⑦ 일반,0.1736280765950704,-1.1559886344088388,3.1078646944790904,-0.8671525163825171,645914.22,-3.225399892116454,0.640661938534279,27.42316784869977,0.5430087044624623,1.239532421431833,0.1970616536301976,0.2808356880196295,0.2526541613200135,0,-0.5224586288416075,-0.5079605167333311,-0.5152095727874693,-12.293144208037832,0.0,하락
11305603,번2동,2023,⑦ 일반,0.1728125689113129,-0.08155076837574882,2.6487356231941854,-0.459129071284905,637253.86,-1.3407910418816837,0.5177304964539007,-12.293144208037832,0.5446790400850281,1.0501231698770437,0.1990232229427107,0.3219763763639024,0.2551436816930439,0,-0.359338061465721,-0.41820443010318975,-0.3887712457844554,-29.550827423167846,0.0,하락
11305608,번3동,2020,⑦ 일반,0.1968530937563135,,2.2810629593150997,,633552.0,,0.2014218009478673,,0.2360009262945712,1.1000472214130008,0.2181309270950135,0.3477926346537085,0.2727011222084505,0,-0.08293838862559241,-0.18246445497630331,-0.13270142180094785,1.6072288886647996,1.0,유지
11305608,번3동,2021,⑦ 일반,0.1758523404787389,-2.1000753277574584,2.2370984251877135,-0.04396453412738621,642027.63,1.3377954769300704,0.2174940898345153,1.6072288886647996,0.2512181067160288,1.1485831317148023,0.2148363154234491,0.3493444323909385,0.2720482100090792,0,-0.132387706855792,-0.1937974073700604,-0.1630925571129262,0.9456264775413697,1.0,유지
11305608,번3동,2022,⑦ 일반,0.1658135829896519,-1.0038757489087002,1.9729916040124034,-0.26410682117531015,707073.46,10.13131319597569,0.226950354609929,0.9456264775413697,0.2663976136663581,1.165255823526528,0.2172484739904142,0.3522651944811323,0.2761877338770269,0,-0.13238770685579196,-0.21510201337770157,-0.17374486011674678,34.042553191489375,2.0,상승
11305608,번3동,2023,⑦ 일반,0.1279526245082025,-3.786095848144941,1.9459226123915714,-0.027068991620831984,736440.9,4.153378914830164,0.5673758865248227,34.042553191489375,0.2231369966263025,1.659304947467666,0.1933222869655736,0.3116139974160508,0.2578334614332709,0,-0.5342789598108747,-0.5460488723068132,-0.540163916058844,-35.697399527186775,0.0,하락
11305615,수유1동,2020,⑦ 일반,0.1914884057911545,,4.734821780722744,,666109.76,,0.2843601895734597,,0.2639809167481275,1.11087542418432,0.2665109920848558,0.3029177842827412,0.3140391684560089,0,-0.18009478672985782,0.04028436018957349,-0.06990521327014217,2.2968415627485914,1.0,유지
11305615,수유1동,2021,⑦ 일반,0.1789264706531158,-1.2561935138038716,4.752163638476946,0.01734185775420194,735683.21,10.444742620195191,0.3073286052009456,2.2968415627485914,0.2578050721915427,1.1725903188454023,0.2804608055071573,0.2900849604037305,0.3280050677405572,0,-0.21040189125295508,0.026794617547869548,-0.09180363685254277,3.546099290780136,1.0,유지
11305615,수유1동,2022,⑦ 일반,0.1635320579482861,-1.539441270482969,4.471338240347631,-0.2808253981293154,690608.6799999999,-6.1268939384929055,0.342789598108747,3.546099290780136,0.2686064899859901,1.2417710659383854,0.2823701138766291,0.2860735502879744,0.3323478416275678,0,-0.2553191489361702,-0.027623721331495876,-0.14147143513383303,-10.638297872340418,0.0,하락
11305615,수유1동,2023,⑦ 일반,0.1437035142017226,-1.982854374656351,3.9422302657510095,-0.5291079745966214,728320.47,5.46065971832268,0.2364066193853428,-10.638297872340418,0.2719886954582409,1.106795465310811,0.2804139145497227,0.2901774024068261,0.3268739520526319,0,-0.17021276595744683,0.05506257492745342,-0.057575095514996705,-0.47281323877068904,1.0,유지
11305625,수유2동,2020,⑦ 일반,0.2414944012941016,,5.7042375381484485,,921511.9400000001,,0.7345971563981043,,0.4002423251499433,1.1673433791525798,0.2483290551342596,0.3981520876975541,0.3131648802571768,0,-0.4099526066350711,-0.30094786729857825,-0.35545023696682465,-7.265862211914453,0.0,하락
11305625,수유2동,2021,⑦ 일반,0.21322502307514,-2.826937821896161,5.232897335759908,-0.47134020238854024,923952.39,0.26483107750074897,0.6619385342789598,-7.265862211914453,0.3671846307011663,1.1850811619661918,0.2501787696972582,0.3831622588617036,0.3120507769196307,0,-0.42553191489361697,-0.27568261010834366,-0.3506072625009803,-3.0732860520094496,1.0,유지
11305625,수유2동,2022,⑦ 일반,0.1923017389459404,-2.092328412919958,4.855182326564997,-0.37771500919491086,1168565.59,26.47465417563346,0.6312056737588653,-3.0732860520094496,0.3932865480138205,1.1719645909738714,0.2435633738460037,0.3926086845106691,0.3105538314179956,0,-0.4515366430260047,-0.2686464320527041,-0.3600915375393544,-10.63829787234043,0.0,하락
11305625,수유2동,2023,⑦ 일반,0.1894007000133551,-0.2901038932585309,4.672379757630683,-0.18280256893431446,1152008.03,-1.4169131918388977,0.524822695035461,-10.63829787234043,0.4032356110295231,1.0740845270303514,0.2451775548748874,0.3769452521622927,0.3051236264509627,0,-0.2695035460992908,-0.14330610735773586,-0.20640482672851332,0.9456264775413725,1.0,유지
11305635,수유3동,2020,⑤ 성숙·정체,0.385272484891917,,18.926104929687945,,2220447.85,,0.9289099526066352,,0.5642829439148597,1.1465940955734302,0.2662953406132346,0.4592956429287759,0.3387929000661796,2,-0.08293838862559244,-0.018957345971564066,-0.05094786729857825,2.144465732244283,1.0,유지
11305635,수유3동,2021,⑤ 성숙·정체,0.392772846918554,0.7500362026637009,17.014098032285457,-1.9120068974024882,2164799.27,-2.5061872090353376,0.950354609929078,2.144465732244283,0.5446832688359791,1.2052667670500596,0.2722372760705398,0.5126455971346402,0.3581408158720336,2,-0.06382978723404265,-0.05698968101912549,-0.06040973412658407,1.1820330969267157,1.0,유지
11305635,수유3동,2022,⑤ 성숙·정체,0.3984103888569686,0.5637541938414592,16.828349523462414,-0.1857485088230426,2769715.41,27.9432900954369,0.9621749408983452,1.1820330969267157,0.6127295578061842,1.207701372732989,0.2898135295312554,0.5033931770013039,0.3728539698843653,2,-0.049645390070921946,-0.06644034374194696,-0.058042866906434454,-1.1820330969267157,1.0,유지
11305635,수유3동,2023,⑤ 성숙·정체,0.3829403743991194,-1.5470014457849235,15.214571482833735,-1.613778040628679,3121767.12,12.710753918215723,0.950354609929078,-1.1820330969267157,0.626865770629286,1.1689172978727524,0.2917766543684881,0.4817163793002937,0.3689532450237331,2,-0.044917257683215195,-0.061729017512016426,-0.05332313759761581,-2.6004728132387633,1.0,유지
11305645,우이동,2020,⑤ 성숙·정체,0.2174999909338064,,3.793587490962598,,2007781.03,,0.95260663507109,,0.6533785453212121,1.0075735259864569,0.3448876271639087,0.4146325397859935,0.4009737069298543,2,-0.7606635071090047,-0.7748815165876777,-0.7677725118483412,-10.154280528385595,0.0,하락
11305645,우이동,2021,⑤ 성숙·정체,0.2173020928897642,-0.019789804404218847,3.7396738488785983,-0.053913642083999846,2102006.57,4.693018740195987,0.851063829787234,-10.154280528385595,0.6103069900001606,0.9015997936686698,0.3389472717121593,0.3771735057561526,0.3883121268448832,2,-0.5815602836879432,-0.6757083795502672,-0.6286343316191052,9.456264775413715,2.0,상승
11305645,우이동,2022,⑤ 성숙·정체,0.2096374828998632,-0.7664609989901011,3.4852671855405046,-0.2544066633380937,2488730.86,18.397863047592654,0.9456264775413712,9.456264775413715,0.6549626324745854,1.1067143762048877,0.361447408825058,0.3863724069412078,0.414765159769981,2,-0.6666666666666667,-0.7750103637972954,-0.7208385152319811,0.9456264775413614,1.0,유지
11305645,우이동,2023,⑤ 성숙·정체,0.1870634914256595,-2.257399147420369,3.4017105670333447,-0.0835566185071599,2721960.56,9.371431188023283,0.9550827423167848,0.9456264775413614,0.6645169473437226,1.1789155267272815,0.3582871620589216,0.3755783946730409,0.4111645317309221,2,-0.7281323877068558,-0.7418126001366901,-0.734972493921773,-2.6004728132387633,1.0,유지
11305660,인수동,2020,⑦ 일반,0.2496636195079344,,5.336763249369468,,970216.17,,0.5829383886255924,,0.3614006406888763,1.1003293358151496,0.2391167108154501,0.3941400973039838,0.3008785397617982,0,-0.20379146919431285,-0.18957345971563982,-0.19668246445497634,-7.939228933481235,0.0,하락
11305660,인수동,2021,⑦ 일반,0.2302214229918417,-1.9442196516092691,4.98617294170206,-0.3505903076674075,979962.6,1.0045627254388068,0.5035460992907801,-7.939228933481235,0.3585930734901744,1.1111404841794623,0.2458064581432588,0.3689401458081844,0.3048760444526371,0,-0.15130023640661933,-0.14335652583106445,-0.1473283811188419,2.8368794326241176,1.0,유지
11305660,인수동,2022,⑦ 일반,0.2182833333579235,-1.1938089633918207,4.662768942961274,-0.32340399874078596,1171764.26,19.57234490377491,0.5319148936170213,2.8368794326241176,0.3711159492388969,1.1683529853731702,0.239849156636288,0.3694451489631735,0.3018443609646287,0,-0.19621749408983452,-0.18357366138953313,-0.18989557773968382,-15.602836879432624,0.0,하락
11305660,인수동,2023,⑦ 일반,0.1834466563400417,-3.483667701788179,4.122893995192761,-0.5398749477685136,1205361.09,2.867200438422657,0.375886524822695,-15.602836879432624,0.3681557430633393,1.110164967048692,0.2230150061771369,0.3542164274211198,0.2825465320149036,0,-0.16784869976359337,-0.05598131155255287,-0.11191500565807312,11.347517730496449,2.0,상승
11320511,창1동,2020,⑦ 일반,0.3453403473433402,,6.926574289599259,,851816.75,,0.6398104265402843,,0.4135683822603289,1.0561781085624051,0.2375338226717992,0.4054977896917712,0.3008614309870118,0,0.14218009478672988,-0.08767772511848337,0.027251184834123254,3.867657109564948,1.0,유지
11320511,창1동,2021,⑦ 일반,0.3156328406819042,-2.9707506661435956,6.791971532233752,-0.13460275736550642,955952.77,12.225166973999979,0.6784869976359338,3.867657109564948,0.361906828066503,1.2300935193017415,0.2248027172491996,0.4038911277412442,0.2935147143919906,0,0.07565011820330969,-0.14768131043214228,-0.03601559611441629,2.8368794326241176,1.0,유지
11320511,창1동,2022,⑦ 일반,0.3033393317267175,-1.2293508955186716,6.079148555669316,-0.7128229765644365,1163416.05,21.702252089295172,0.706855791962175,2.8368794326241176,0.390079374786979,1.240993365937525,0.2399317831041076,0.4062927546155205,0.3105896114939226,0,0.03309692671394793,-0.22818280618018444,-0.09754293973311826,-8.747044917257686,0.0,하락
11320511,창1동,2023,⑦ 일반,0.2836378724594805,-1.9701459267236987,5.55311598177428,-0.5260325738950362,1342333.75,15.378651515079223,0.6193853427895981,-8.747044917257686,0.3737204232037754,1.2079676869387328,0.2380004193855397,0.3968801853237103,0.3054631974522874,0,0.1063829787234043,-0.1430820252540531,-0.018349523265324408,-2.127659574468088,1.0,유지
11320512,창2동,2020,④ 잠재 후보,0.2401390779865722,,4.705377055464545,,1119014.68,,0.4454976303317535,,0.3383450125876993,0.9948628106310444,0.2703611453412433,0.3646924471722405,0.3249238600233597,3,-0.1255924170616114,-0.13033175355450238,-0.1279620853080569,6.986879992829376,2.0,상승
11320512,창2동,2021,④ 잠재 후보,0.2277453261122649,-1.2393751874307302,4.51787989216317,-0.18749716330137556,1308054.03,16.893375339812344,0.5153664302600472,6.986879992829376,0.3409773364345578,1.0780425471272923,0.2681757817478348,0.387004952461572,0.3306212219292885,3,-0.18439716312056736,-0.22152756770080556,-0.20296236541068646,7.801418439716312,2.0,상승
11320512,창2동,2022,④ 잠재 후보,0.2016559644585279,-2.6089361653736987,4.508169521562055,-0.009710370601114349,1421179.92,8.648411105770592,0.5933806146572104,7.801418439716312,0.3566501821298862,1.1388314966479618,0.2766206794992673,0.3794142773505796,0.3387973674398006,3,-0.36170212765957444,-0.2711057331406227,-0.31640393040009857,-11.583924349881796,0.0,하락
11320512,창2동,2023,④ 잠재 후보,0.1982209485292324,-0.3435015929295515,4.0069815628135705,-0.5011879587484849,1347165.42,-5.207961283325757,0.4775413711583924,-11.583924349881796,0.3688641594006957,1.048021780415313,0.2638111617666373,0.3803920520659378,0.3230742109014504,3,-0.15839243498817968,-0.17422383561336874,-0.1663081353007742,5.9101654846335725,2.0,상승
11320513,창3동,2020,⑦ 일반,0.2101340100869804,,2.084209420285131,,391156.95,,0.6018957345971564,,0.377847584662677,1.0124590831103693,0.2440262184974649,0.434604773410332,0.3118998475049933,0,-0.42890995260663506,-0.5853080568720379,-0.5071090047393365,3.87662039371226,1.0,유지
11320513,창3동,2021,⑦ 일반,0.1926438850653742,-1.749012502160621,2.4048173785244416,0.32060795823931043,344276.87,-11.984979430890853,0.640661938534279,3.87662039371226,0.3629375104335514,1.080908368655674,0.2567374936728583,0.4382760244049337,0.3263904879226383,0,-0.49172576832151305,-0.607486583084042,-0.5496061757027775,-6.382978723404253,0.0,하락
11320513,창3동,2022,⑦ 일반,0.1627221164127949,-2.992176865257928,2.173428139993124,-0.23138923853131743,394430.8,14.567905767239031,0.5768321513002365,-6.382978723404253,0.3640222936375878,1.093952874334227,0.2555511518769628,0.4213042087056985,0.3250991258194347,0,-0.4964539007092199,-0.5483961323428905,-0.5224250165260552,-12.056737588652489,0.0,하락
11320513,창3동,2023,⑦ 일반,0.154151903405814,-0.8570213006980909,1.9102843749275449,-0.26314376506557924,449848.73,14.05010207113644,0.4562647754137116,-12.056737588652489,0.3437843383031243,1.032972879177829,0.2584768252701074,0.4100111412043896,0.3210414846970763,0,-0.3546099290780142,-0.4373074294421476,-0.3959586792600809,-6.14657210401891,0.0,하락
11320514,창4동,2020,① 레전드,0.3383563329422076,,3.42382515768188,,2310087.88,,0.8293838862559242,,0.3866123595998795,1.1400750035971845,0.25890658972751,0.4873902781690469,0.3372404575496438,6,-0.06398104265402849,-0.6895734597156398,-0.3767772511848341,5.241280405140447,2.0,상승
11320514,창4동,2021,① 레전드,0.245881686834265,-9.247464610794262,3.261697626641223,-0.1621275310406567,2221086.02,-3.8527478010923044,0.8817966903073287,5.241280405140447,0.5042086337598005,1.189866345468238,0.2442641074349779,0.4525392362244172,0.3187875243503857,6,-0.4444444444444445,-0.7656829462314992,-0.6050636953379719,0.0,1.0,유지
11320514,창4동,2022,① 레전드,0.2377372966946071,-0.8144390139657898,3.0205127350992718,-0.24118489154195144,2568499.02,15.64158240030704,0.8817966903073287,0.0,0.5352673809889501,1.196345940774138,0.2520671459722692,0.4643503473155451,0.330138092894744,6,-0.4444444444444445,-0.7609436097386083,-0.6026940270915264,4.728132387706852,1.0,유지
11320514,창4동,2023,① 레전드,0.2168852212058482,-2.085207548875892,2.6314214145293975,-0.3890913205698743,2798246.97,8.944833079983038,0.9290780141843972,4.728132387706852,0.5508337499608178,1.272172592488256,0.2599770461306193,0.4637253765108181,0.3420027609505494,6,-0.5106382978723405,-0.8342912843265773,-0.6724647910994589,0.7092198581560405,1.0,유지
11320515,창5동,2020,⑦ 일반,0.2793062117861573,,6.230275413547169,,952798.81,,0.4597156398104265,,0.3184753294244758,1.154213020454852,0.2284139687607226,0.3531219342765416,0.287716452182033,0,0.06635071090047395,0.028436018957345988,0.04739336492890997,16.439783536687848,2.0,상승
11320515,창5동,2021,⑦ 일반,0.2390999859147677,-4.020622587138958,5.858664411289774,-0.37161100225739485,911232.77,-4.362520142106396,0.624113475177305,16.439783536687848,0.3947841958464439,1.1469210525229123,0.2702266050434469,0.3394653628658682,0.324500230431022,0,-0.23167848699763594,-0.16913717185976945,-0.2004078294287027,-10.401891252955087,0.0,하락
11320515,창5동,2022,⑦ 일반,0.2384807815455957,-0.061920436917198285,5.631977090767308,-0.22668732052246554,1168842.29,28.270440712969535,0.5200945626477541,-10.401891252955087,0.3918259856252177,1.1193158575970272,0.2561106023680317,0.3546337786118828,0.3137613063058476,0,-0.07801418439716307,-0.07222726406955504,-0.07512072423335905,-7.092198581560282,0.0,하락
11320515,창5동,2023,⑦ 일반,0.2284311882692519,-1.0049593276343805,5.257250463582542,-0.37472662718476624,1311212.02,12.180405450593334,0.4491725768321513,-7.092198581560282,0.3770030434081746,1.1150074642272805,0.2472504541573301,0.3464149691028239,0.3036425964725042,0,0.04491725768321514,-0.010783951239734246,0.017066653221740447,0.23640661938534313,1.0,유지
11320521,도봉1동,2020,④ 잠재 후보,0.1504462551714357,,1.8479011174601645,,2175057.4,,0.5450236966824644,,0.3219370697850293,1.0162155820314829,0.3562819048729982,0.3001744215108282,0.3964772628863218,3,-0.5142180094786729,-0.533175355450237,-0.5236966824644549,3.6536587005478793,1.0,유지
11320521,도봉1동,2021,④ 잠재 후보,0.1524176636350587,0.1971408463623009,1.8260954707601504,-0.02180564670001406,2268629.4699999997,4.302050603354179,0.5815602836879432,3.6536587005478793,0.3568757075710349,1.0644877745290169,0.343486965247703,0.3116073766586653,0.3862718373115976,3,-0.541371158392435,-0.5744512789486067,-0.5579112186705208,-2.36406619385342,1.0,유지
11320521,도봉1동,2022,④ 잠재 후보,0.1431913345890178,-0.9226329046040899,1.9130295214604853,0.08693405070033489,2444935.61,7.771482400781826,0.557919621749409,-2.36406619385342,0.3762969788701779,1.056766002975846,0.3421756812251669,0.3082031184752555,0.3843794571107241,3,-0.5130023640661939,-0.548440948763627,-0.5307216564149104,20.330969267139476,2.0,상승
11320521,도봉1동,2023,④ 잠재 후보,0.1362643832285116,-0.6926951360506223,1.7165901937095582,-0.1964393277509271,2545638.45,4.118834033424723,0.7612293144208038,20.330969267139476,0.4105841080032947,1.1864860628232394,0.3391757074724432,0.3173400175314108,0.3848891502928087,3,-0.7139479905437353,-0.7541203096814673,-0.7340341501126013,-17.021276595744684,0.0,하락
11320522,도봉2동,2020,④ 잠재 후보,0.2070304588647884,,2.773092055464498,,790261.18,,0.4004739336492891,,0.4223389040162202,0.9591558663872788,0.2177392736235153,0.3693339341198156,0.2743179041078303,3,-0.24170616113744078,-0.3246445497630332,-0.283175355450237,-2.6951475020447537,1.0,유지
11320522,도봉2동,2021,④ 잠재 후보,0.1833798887396462,-2.365057012514221,2.7097317711205164,-0.06336028434398155,885035.2,11.992746499328222,0.3735224586288416,-2.6951475020447537,0.4579150037506703,1.006660960325216,0.1956886296141895,0.3565215942582466,0.252405803198515,3,-0.26004728132387706,-0.30717174772836764,-0.2836095145261224,8.274231678486998,2.0,상승
11320522,도봉2동,2022,④ 잠재 후보,0.192770528164355,0.9390639424708802,2.357729577187823,-0.3520021939326936,872635.7,-1.4010177222329667,0.4562647754137116,8.274231678486998,0.4531749926311024,1.0998739257957493,0.2020577671926875,0.35642196445786,0.263104014940909,3,-0.2695035460992908,-0.4112410787312471,-0.34037231241526894,-10.874704491725767,0.0,하락
11320522,도봉2동,2023,④ 잠재 후보,0.1822666162293248,-1.0503911935030197,2.156675449299117,-0.2010541278887059,972551.99,11.449942971620342,0.3475177304964539,-10.874704491725767,0.4647005532334485,0.9844285388105803,0.2100539355172178,0.340308013786149,0.266897960954675,3,-0.15130023640661938,-0.30723337030688047,-0.22926680335674993,13.947990543735218,2.0,상승
11320660,쌍문1동,2020,⑦ 일반,0.2688483119331445,,4.170981416999671,,631863.52,,0.4834123222748815,,0.319623808896645,1.07300049757243,0.2513945500022443,0.3779199995495612,0.3100773852533698,0,-0.007109004739336511,-0.24170616113744076,-0.12440758293838863,0.5949379852777992,1.0,유지
11320660,쌍문1동,2021,⑦ 일반,0.2500122271753365,-1.8836084757808014,3.9203494351739607,-0.2506319818257099,601040.81,-4.878064490888789,0.4893617021276595,0.5949379852777992,0.3479877653337425,1.061680144755533,0.2586221231353982,0.3833616475207006,0.3176191243906484,0,-0.02600472813238769,-0.2926792376726832,-0.15934198290253546,8.27423167848701,2.0,상승
11320660,쌍문1동,2022,⑦ 일반,0.2466660958388395,-0.3346131336496999,3.29541339557567,-0.6249360395982908,709407.8099999999,18.029890516086567,0.5721040189125296,8.27423167848701,0.3941831448092582,1.1255007284833138,0.2484656958095577,0.3796047471713217,0.3113286921163685,0,-0.07092198581560294,-0.42044525114001774,-0.24568361847781034,-20.330969267139494,0.0,하락
11320660,쌍문1동,2023,⑦ 일반,0.2309717355118681,-1.5694360326971413,3.0643600435849185,-0.2310533519907514,802341.75,13.100213824823847,0.3687943262411347,-20.330969267139494,0.3717039771472809,1.0119400915431964,0.2431116028162672,0.3759415768830449,0.3003275437560645,0,0.1371158392434988,-0.21239622197573188,-0.03764019136611654,3.0732860520094607,1.0,유지
11320670,쌍문2동,2020,⑦ 일반,0.2484708900575332,,6.414925178403131,,968039.35,,0.5379146919431279,,0.2839871267178481,1.1550962555820967,0.2441993784726145,0.3971741531213487,0.3076383238507634,0,-0.1635071090047393,-0.04028436018957343,-0.10189573459715637,-7.219365175400261,0.0,하락
11320670,쌍문2동,2021,⑦ 일반,0.2293902803064307,-1.908060975110251,5.864232296346965,-0.5506928820561656,1020772.66,5.447434549019103,0.4657210401891253,-7.219365175400261,0.2588245790726415,1.1830876535240495,0.2621973239715153,0.3803653464052813,0.3243580565014886,0,-0.11583924349881797,-0.008375068625144255,-0.06210715606198111,-4.491725768321519,1.0,유지
11320670,쌍문2동,2022,⑦ 일반,0.2054401007174106,-2.39501795890201,5.491637892487895,-0.37259440385907006,1199869.17,17.545190718568016,0.4208037825059101,-4.491725768321519,0.3005109764012163,1.1839093626588213,0.2470840408113521,0.3745224186618512,0.3097072137242354,0,-0.1678486997635934,0.010475838347170419,-0.07868643070821149,1.4184397163120588,1.0,유지
11320670,쌍문2동,2023,⑦ 일반,0.1791030471249338,-2.6337053592476787,4.598549829784913,-0.893088062702982,1286066.96,7.183932394896031,0.4349881796690307,1.4184397163120588,0.315806165644601,1.1219245416470165,0.2621131663159247,0.367909314332185,0.319768936384583,0,-0.25531914893617025,-0.060580596730642144,-0.1579498728334062,8.037825059101655,2.0,상승
11320680,쌍문3동,2020,④ 잠재 후보,0.2592721593067972,,6.010591234047689,,620524.48,,0.466824644549763,,0.3226264646298641,1.0286323397011832,0.2399539102580559,0.4126529605344798,0.3050434514683247,3,-0.042654028436018954,-0.0023696682464454666,-0.02251184834123221,5.563398429184452,2.0,상승
11320680,쌍문3동,2021,④ 잠재 후보,0.2171956804486409,-4.207647885815629,5.953662273182968,-0.056928960864720324,663600.96,6.941946915615649,0.5224586288416075,5.563398429184452,0.4172732618513458,1.090162078275022,0.2240734770128686,0.368882728290851,0.2822825568750546,3,-0.2553191489361702,-0.05563398429184452,-0.15547656661400736,-10.401891252955087,0.0,하락
11320680,쌍문3동,2022,④ 잠재 후보,0.2102355074658881,-0.696017298275281,5.240494121251118,-0.7131681519318507,841665.48,26.83307148922751,0.4184397163120567,-10.401891252955087,0.4360595887058148,1.0188460772485768,0.2390531807925756,0.3614469930205276,0.2966860859071543,3,-0.13238770685579193,-0.010856777923431149,-0.07162224238961154,13.475177304964546,2.0,상승
11320680,쌍문3동,2023,④ 잠재 후보,0.2183909328960286,0.81554254301405,4.633751382790252,-0.6067427384608655,936584.56,11.277530355646759,0.5531914893617021,13.475177304964546,0.4558324827695427,1.0371993248158795,0.232155234121333,0.3786990157451653,0.2931709600557379,3,-0.1252955082742317,-0.17641423817686802,-0.15085487322554986,0.9456264775413725,1.0,유지
11320681,쌍문4동,2020,⑦ 일반,0.1856386966959717,,2.4196034527304593,,379847.78,,0.1824644549763033,,0.2450539459891174,0.9675032289274976,0.2325363750292965,0.387866269574083,0.2912116252362745,0,-0.0924170616113744,-0.14454976303317535,-0.11848341232227488,2.5573370082798306,1.0,유지
11320681,쌍문4동,2021,⑦ 일반,0.1797594548180115,-0.5879241877960184,2.236297852968578,-0.18330559976188132,377824.0,-0.5327871075092361,0.2080378250591016,2.5573370082798306,0.2122436020361006,1.1536412354112968,0.2207153650444371,0.3697625945848234,0.2837729158254338,0,-0.10401891252955082,-0.18671081084109217,-0.1453648616853215,-7.09219858156028,0.0,하락
11320681,쌍문4동,2022,⑦ 일반,0.1619203846555361,-1.7839070162475408,2.060782088334699,-0.1755157646338792,443173.98,17.296407851274665,0.1371158392434988,-7.09219858156028,0.2202466056689486,1.1218348868655594,0.2099873858717346,0.3399178948288996,0.2672062775087372,0,-0.06382978723404256,-0.12052816151838033,-0.09217897437621145,-5.67375886524823,0.0,하락
11320681,쌍문4동,2023,⑦ 일반,0.1418384014330807,-2.0081983222455384,1.8489865529536438,-0.211795535381055,523221.22000000003,18.062260785256413,0.0803782505910165,-5.67375886524823,0.1942946483965507,1.0502350714777384,0.2059409955073322,0.3273095869259406,0.2597857912173562,0,-0.01891252955082743,-0.06616024111234357,-0.042536385331585505,0.7092198581560307,1.0,유지
11320690,방학1동,2020,③ 급성장 신흥,0.2428685695830717,,5.744682559358345,,1850794.52,,0.2985781990521327,,0.3056191827544051,1.0657509913236858,0.2259168283434564,0.3539981070499818,0.2830254484983063,4,0.04028436018957349,0.1492890995260664,0.09478672985781994,10.09489877090966,2.0,상승
11320690,방학1동,2021,③ 급성장 신흥,0.2239963231535474,-1.8872246429524315,5.833240183511233,0.08855762415288826,1605120.26,-13.273988946109483,0.3995271867612293,10.09489877090966,0.3593312813661545,1.09159911481559,0.2255628709220195,0.3658868584718488,0.2858763407095931,4,-0.08037825059101655,0.05307944830986072,-0.013649401140577916,17.494089834515375,2.0,상승
11320690,방학1동,2022,③ 급성장 신흥,0.2278687039769097,0.38723808233623036,5.628644135584506,-0.20459604792672703,1942449.68,21.015834664002053,0.574468085106383,17.494089834515375,0.43246508854578,1.1018681699905857,0.2395182641730232,0.3707330001865184,0.3005970506624268,4,-0.18912529550827428,-0.12897045477462948,-0.15904787514145188,-7.328605200945637,0.0,하락
11320690,방학1동,2023,③ 급성장 신흥,0.2082603302780544,-1.960837369885529,4.680986096919033,-0.9476580386654732,2070256.95,6.579695284564591,0.5011820330969267,-7.328605200945637,0.4253264604639936,1.0719036118825722,0.2359071263568936,0.3641013354395446,0.2937959272823123,4,-0.1300236406619385,-0.11729577717275602,-0.12365970891734726,9.219858156028371,2.0,상승
11320700,방학2동,2020,⑦ 일반,0.1574855298173767,,2.4217695797857153,,362477.92,,0.0687203791469194,,0.1580389089047755,1.1181952289180872,0.1603955818696421,0.3187545177348827,0.2151003321970069,0,-0.030805687203791468,-0.028436018957345974,-0.02962085308056872,-3.3259386239118003,1.0,유지
11320700,방학2동,2021,⑦ 일반,0.143943755209256,-1.3541774608120698,2.5064293875609716,0.08465980777525628,485092.86,33.82687144088668,0.0354609929078014,-3.3259386239118003,0.1319048758430398,1.1199959362617669,0.1674154981756711,0.2489214653704609,0.2084640378093923,0,-0.009456264775413715,0.0071930355282175396,-0.0011316146235980876,0.0,1.0,유지
11320700,방학2동,2022,⑦ 일반,0.1707196195812971,2.67758643720411,2.5863111566023465,0.0798817690413749,568373.22,17.167921209972036,0.0354609929078014,0.0,0.133945403960922,1.163550611074083,0.1656590135739681,0.2321715746028296,0.2054570956769759,0,0.07328605200945626,0.02852004974622701,0.05090305087784164,-1.18203309692672,1.0,유지
11320700,방학2동,2023,⑦ 일반,0.1309787239748527,-3.974089560644442,2.3364053866831864,-0.24990576991916003,602449.39,5.995386271013969,0.0236406619385342,-1.18203309692672,0.1216645972367503,1.2142082757249104,0.1402144665108963,0.1911918184088057,0.1760904322651027,0,0.014184397163120567,0.030861707729712168,0.022523052446416367,-0.94562647754137,1.0,유지
11320710,방학3동,2020,⑦ 일반,0.2305727656533997,,3.5200084927486137,,871896.76,,0.6421800947867299,,0.4221827091520356,1.0069009700660907,0.2597697664864785,0.3979479564692049,0.3191030488843039,0,-0.3767772511848341,-0.49763033175355453,-0.4372037914691943,-5.58916787110798,0.0,하락
11320710,방학3동,2021,⑦ 일반,0.1950106614411421,-3.556210421225761,2.95594917444686,-0.5640593183017537,805167.43,-7.653352215691223,0.5862884160756501,-5.58916787110798,0.4242568447117672,1.1015405893123713,0.2496653384304392,0.3531246819368484,0.3060596419259668,0,-0.43026004728132383,-0.4915016862178302,-0.460880866749577,7.801418439716312,2.0,상승
11320710,방학3동,2022,⑦ 일반,0.185371742290359,-0.9638919150783104,2.9920633029496515,0.0361141285027915,871651.01,8.257112436850544,0.6643026004728132,7.801418439716312,0.4749073524755651,1.12912150019197,0.258497073228048,0.3473107000183296,0.3138213515172693,0,-0.5153664302600472,-0.5481888563969838,-0.5317776433285155,-10.165484633569733,0.0,하락
11320710,방학3동,2023,⑦ 일반,0.1711239315994636,-1.4247810690895397,2.5976287004779337,-0.3944346024717178,943599.06,8.254226654312035,0.5626477541371159,-10.165484633569733,0.4378526739709553,1.1094232599535063,0.2585757816047808,0.3327925129638459,0.3092884940952339,0,-0.40898345153664306,-0.47497002901863244,-0.4419767402776378,1.891252955082734,1.0,유지
11350560,월계1동,2020,⑤ 성숙·정체,0.3877130202849083,,8.534319507752288,,1197543.4000000001,,0.8791469194312796,,0.5107586996230421,1.036551093590149,0.2675680892782074,0.4854295900371922,0.3430888105076394,2,-0.028436018957346043,-0.23222748815165883,-0.13033175355450244,1.4470101845316052,1.0,유지
11350560,월계1동,2021,⑤ 성숙·정체,0.3263996114594517,-6.13134088254566,7.525854033162392,-1.0084654745898964,1167994.75,-2.4674387583782043,0.8936170212765957,1.4470101845316052,0.5645314715652948,1.0702391608065078,0.251430763551334,0.4740939921003583,0.3258339823169501,2,-0.11583924349881791,-0.2917212866794393,-0.2037802650891286,-1.4184397163120477,1.0,유지
11350560,월계1동,2022,⑤ 성숙·정체,0.3227155448015175,-0.3684066657934193,7.939818149768302,0.4139641166059098,1483029.18,26.972247092720238,0.8794326241134752,-1.4184397163120477,0.5998517597466761,1.0765396078197906,0.2533023161843422,0.4696121579244671,0.3301076276434243,2,-0.09219858156028371,-0.2491008705589729,-0.1706497260596283,4.018912529550822,1.0,유지
11350560,월계1동,2023,⑤ 성숙·정체,0.3093622642297993,-1.3353280571718196,7.489649703765321,-0.4501684460029809,1691775.25,14.07565493755154,0.9196217494089834,4.018912529550822,0.6229025436171798,1.120205394844343,0.2596279326805034,0.4682052560447051,0.3348483491035436,2,-0.1371158392434988,-0.2892899958544811,-0.21320291754898996,-3.782505910165479,1.0,유지
11350570,월계2동,2020,⑦ 일반,0.2244650525782753,,2.829028574688436,,514657.58,,0.2037914691943128,,0.3298583586710911,0.9365488128546452,0.2404033238903643,0.3311888722831151,0.2899745726819733,0,0.026066350710900466,-0.11374407582938388,-0.04383886255924171,-11.632102002173598,0.0,하락
11350570,월계2동,2021,⑦ 일반,0.1924882984935337,-3.1976754084741597,2.9583435588726608,0.1293149841842247,570426.31,10.83608445055837,0.0874704491725768,-11.632102002173598,0.2453868770024431,0.9569073584088112,0.20910825939804,0.3338053478441122,0.2694241509642823,0,0.05673758865248228,0.009685948931688573,0.03321176879208543,-1.4184397163120601,1.0,유지
11350570,월계2동,2022,⑦ 일반,0.1854260989894519,-0.7062199504081795,3.222986040280068,0.2646424814074071,652432.86,14.376361777562451,0.0732860520094562,-1.4184397163120601,0.2651290939213421,0.9274763977623518,0.1987407762985404,0.3661592824279683,0.264662679940273,0,0.07801418439716312,0.0688940427772736,0.07345411358721836,13.002364066193858,2.0,상승
11350570,월계2동,2023,⑦ 일반,0.1721896986700773,-1.323640031937459,3.113937753435481,-0.10904828684458678,700826.79,7.417457483671197,0.2033096926713948,13.002364066193858,0.2521621911527161,1.2418667015089375,0.1860061006428433,0.3433035415581177,0.2541113949165042,0,-0.04728132387706854,-0.044541920159546444,-0.045911622018307494,-13.947990543735228,0.0,하락
11350580,월계3동,2020,⑦ 일반,0.2201870966120119,,3.9561830014870876,,920262.03,,0.8672985781990521,,0.4839902702875793,1.1666845248758644,0.2500760186472487,0.4264539877130864,0.3169167435648567,0,-0.6635071090047393,-0.6563981042654028,-0.659952606635071,-15.80787200430237,0.0,하락
11350580,월계3동,2021,⑦ 일반,0.197581939901407,-2.2605156710604923,3.361408341267025,-0.5947746602200628,878090.58,-4.582548081441551,0.7092198581560284,-15.80787200430237,0.413348880237965,1.1113164253015544,0.2576050790704974,0.4017016463905614,0.3210484460369892,0,-0.5484633569739953,-0.5859971093408625,-0.5672302331574288,-20.094562647754145,0.0,하락
11350580,월계3동,2022,⑦ 일반,0.1576309566833854,-3.9950983218021596,3.083329891639436,-0.27807844962758876,1080620.99,23.06486535819574,0.508274231678487,-20.094562647754145,0.3911783592110838,1.1197019345221295,0.2396257268513789,0.3713430649862803,0.2994805104351357,0,-0.442080378250591,-0.3803121463704301,-0.41119626231051054,0.0,1.0,유지
11350580,월계3동,2023,⑦ 일반,0.1423786223922723,-1.5252334291113083,2.6562793747042455,-0.4270505169351906,1464748.79,35.546949721937196,0.508274231678487,0.0,0.3937464377098129,1.1437300849869658,0.2339591439569611,0.3568499045936424,0.2912258823219361,0,-0.4444444444444444,-0.40637849708133056,-0.4254114707628875,11.34751773049646,2.0,상승
11350595,공릉1동,2020,② 라이징스타,0.2706130167747249,,9.747824340172052,,2460869.54,,0.5023696682464455,,0.3823737461361683,0.9662849614940776,0.2506039570056493,0.3917097824425156,0.3093721878363563,5,-0.016587677725118433,0.2037914691943128,0.09360189573459718,16.9025130807928,2.0,상승
11350595,공릉1동,2021,② 라이징스타,0.2599985740601624,-1.0614442714562466,10.04589650796286,0.29807216779080825,2415046.48,-1.8620678282685432,0.6713947990543735,16.9025130807928,0.4180599369090693,1.096289784269428,0.2503757959328384,0.3947455925708986,0.3143294545290411,5,-0.15602836879432624,0.05372368435794883,-0.05115234221818871,0.9456264775413725,1.0,유지
11350595,공릉1동,2022,② 라이징스타,0.26286378899413,0.2865214933967575,10.291916788880858,0.24602028091799788,2750785.26,13.901959352765747,0.6808510638297872,0.9456264775413725,0.4512459242277955,1.1023401300295872,0.2526023216206142,0.4022814740752855,0.3173794012748565,5,-0.11820330969267134,0.051376424321871506,-0.03341344268539992,9.456264775413715,2.0,상승
11350595,공릉1동,2023,② 라이징스타,0.2499213727339623,-1.2942416260167677,9.969244973978206,-0.32267181490265173,2968974.89,7.931903415826813,0.7754137115839244,9.456264775413715,0.475993566727773,1.1380526679254093,0.25659324488537,0.4062677449788966,0.3209403999857666,5,-0.17021276595744683,-0.021859209214256103,-0.09603598758585147,-3.309692671394804,1.0,유지
11350600,공릉2동,2020,⑤ 성숙·정체,0.3275074889692011,,11.262819351226728,,1699201.63,,0.7322274881516587,,0.4487755021135612,1.0997756430661907,0.2259015608185656,0.4223928659356992,0.2942885125981709,2,-0.0071090047393364,0.033175355450236976,0.013033175355450288,-1.1187299026363173,1.0,유지
11350600,공릉2동,2021,⑤ 성숙·정체,0.3205163871586731,-0.6991101810528033,11.10437469034924,-0.1584446608774872,1686355.47,-0.7560115158317005,0.7210401891252955,-1.1187299026363173,0.4524171297557416,1.1327569748450983,0.2186335382880175,0.4125215204095477,0.2884417670910008,2,0.03782505910165479,0.03725364973726364,0.037539354419459214,1.1820330969267046,1.0,유지
11350600,공릉2동,2022,⑤ 성숙·정체,0.3104129688691042,-1.01034182895689,10.672096203669474,-0.43227848667976687,2197125.34,30.288386943708833,0.7328605200945626,1.1820330969267046,0.5059237503552008,1.0886489042486425,0.2298652388781223,0.4290731933072962,0.300153805633254,2,0.03309692671394804,0.01358497753576915,0.023340952124858594,-1.891252955082734,1.0,유지
11350600,공릉2동,2023,⑤ 성숙·정체,0.2985827550572474,-1.1830213811856782,9.91178864203987,-0.7603075616296042,2566053.91,16.791421194022572,0.7139479905437353,-1.891252955082734,0.4931056927146006,1.1094519907760574,0.2211368825147265,0.4143670824822019,0.2892946095210535,2,0.047281323877068515,0.034867175333041955,0.041074249605055235,-0.9456264775413725,1.0,유지
11350611,하계1동,2020,① 레전드,0.185577552428886,,5.382221227368788,,1560520.21,,0.9454976303317536,,0.7964139831698295,0.9781076414222066,0.2825504412453076,0.3739170081969624,0.3318776785034315,6,-0.8578199052132702,-0.54739336492891,-0.7026066350710901,-2.3511814728916836,1.0,유지
11350611,하계1동,2021,① 레전드,0.1824032457048561,-0.31743067240298795,5.162500901093884,-0.21972032627490456,1720547.69,10.254752163703152,0.9219858156028368,-2.3511814728916836,0.744718704045744,0.9813320363830068,0.2796604223620841,0.360674356735655,0.3299310951646819,6,-0.8108747044917257,-0.5404692279251118,-0.6756719662084187,-3.3096926713947927,1.0,유지
11350611,하계1동,2022,① 레전드,0.1633932983099769,-1.9009947394879212,4.7031388214948375,-0.45936207959904607,2235727.33,29.942770141988916,0.8888888888888888,-3.3096926713947927,0.7505323763236508,0.9951302224976132,0.2822630592295165,0.3521141198346397,0.3307924426196429,6,-0.8061465721040189,-0.5358083201685098,-0.6709774461362643,-0.9456264775413614,1.0,유지
11350611,하계1동,2023,① 레전드,0.1440822158526573,-1.9311082457319606,4.4922133560717965,-0.21092546542304103,2778376.05,24.271686118360414,0.8794326241134752,-0.9456264775413614,0.7700342723212376,0.9586473979243124,0.2844178792885274,0.3385838640987253,0.3286599792801526,6,-0.8108747044917258,-0.5239823871466506,-0.6674285458191882,2.36406619385342,1.0,유지
11350612,하계2동,2020,⑦ 일반,0.1987742903234899,,2.4935698330425216,,305030.96,,0.0497630331753554,,0.0384122434938814,1.16179052245625,0.1808287027204999,0.3343614356312265,0.2381946829967784,0,0.08056872037914693,-0.0023696682464455013,0.03909952606635071,1.6430820252540494,1.0,유지
11350612,하계2동,2021,⑦ 일반,0.2027303572031524,0.39560668796625176,2.3720378469772307,-0.12153198606529081,285908.17,-6.26913084494769,0.0661938534278959,1.6430820252540494,0.0321825830808548,1.171660970244392,0.2149071609480274,0.3388617271953425,0.2728647919586963,0,0.11820330969267138,-0.037757834470550006,0.04022273761106069,-2.3640661938534193,1.0,유지
11350612,하계2동,2022,⑦ 일반,0.271037444867975,6.830708766482258,2.2456737191747465,-0.1263641278024843,395685.71,38.39608360964293,0.0425531914893617,-2.3640661938534193,0.0549307565407848,1.208065282375249,0.2057479839388167,0.281576909694015,0.2542329157851885,0,0.5791962174940899,-0.011747504285570233,0.2837243566042598,1.18203309692671,1.0,유지
11350612,하계2동,2023,⑦ 일반,0.2150454835102799,-5.599196135769508,2.1379161316078146,-0.10775758756693188,451289.92,14.052620196973997,0.0543735224586288,1.18203309692671,0.0422196595877203,1.1626087865630557,0.2301248713103302,0.3015183201219264,0.2802688977203919,0,0.3498817966903073,-0.021198167008391874,0.1643418148409577,0.4728132387706897,1.0,유지
11350619,중계본동,2020,⑦ 일반,0.1386960781129546,,3.2772335577431284,,1172242.36,,0.2938388625592417,,0.2487161231964839,1.0094219341177606,0.2512133414377263,0.4022837806910505,0.30931532406497,0,-0.2725118483412322,-0.1800947867298578,-0.226303317535545,-0.305872071527008,1.0,유지
11350619,중계본동,2021,⑦ 일반,0.1348087043982882,-0.3887373714666381,3.1812933275269595,-0.09594023021616893,1187706.26,1.3191725984036173,0.2907801418439716,-0.305872071527008,0.2258572253477312,1.110072740493007,0.2412798824351844,0.4069696559035378,0.3063779016762969,0,-0.27186761229314416,-0.17940573426103323,-0.2256366732770887,-1.4184397163120532,1.0,유지
11350619,중계본동,2022,⑦ 일반,0.1258989613375019,-0.8909743060786318,2.7834181867878427,-0.3978751407391168,1265570.1600000001,6.55582130214587,0.2765957446808511,-1.4184397163120532,0.2227114625430687,1.147103531978841,0.2408817684832031,0.3981489607359155,0.3072913280339809,0,-0.2505910165484634,-0.19128768780881317,-0.22093935217863828,3.3096926713947927,1.0,유지
11350619,중계본동,2023,⑦ 일반,0.1194756672345927,-0.6423294102909192,2.5291639313425582,-0.25425425544528446,1333464.77,5.364744851443071,0.309692671394799,3.3096926713947927,0.2281657279628719,1.1491684775884896,0.2350398771810329,0.4083225409563341,0.3010454710645983,0,-0.2860520094562648,-0.23623295575498865,-0.2611424826056267,-5.9101654846335725,0.0,하락
11350621,중계1동,2020,⑦ 일반,0.1608125759183251,,3.386096201129131,,845136.65,,0.5308056872037915,,0.2546850356486777,1.070688731584089,0.2670231029725619,0.4384325890189992,0.3317324790576237,0,-0.48104265402843605,-0.4004739336492891,-0.44075829383886256,-15.49191623810965,0.0,하락
11350621,중계1동,2021,⑦ 일반,0.1692304643838762,0.841788846555111,3.2130304867835537,-0.17306571434557716,869924.83,2.9330381069144096,0.375886524822695,-15.49191623810965,0.2439341821728942,1.0979381441536304,0.2590486455232271,0.4228571741167526,0.3258828489364591,0,-0.3073286052009456,-0.26214244899331113,-0.28473552709712835,-11.82033096926714,0.0,하락
11350621,중계1동,2022,⑦ 일반,0.1386263796759167,-3.06040847079595,3.0639636472354486,-0.14906683954810518,1000117.61,14.9659804514374,0.2576832151300236,-11.82033096926714,0.1966729601796721,1.0766221718866538,0.2634323482202283,0.4307691869763466,0.3307177590043954,0,-0.2222222222222222,-0.13446046631485775,-0.17834134426853998,-3.7825059101654817,1.0,유지
11350621,중계1동,2023,⑦ 일반,0.1276395795489348,-1.0986800126981917,2.888722883270355,-0.17524076396509347,1100150.18,10.002080655294133,0.2198581560283688,-3.7825059101654817,0.1981529607063384,1.0403476820001394,0.245348894655553,0.4333232730756189,0.3122533080332133,0,-0.18912529550827425,-0.08952640247386642,-0.13932584899107034,-3.78250591016549,1.0,유지
11350624,중계4동,2020,⑤ 성숙·정체,0.2358061671321319,,4.478156343456879,,761781.8,,0.8720379146919431,,0.4795643613353706,1.0734909081087591,0.2681571821412173,0.4714253633815238,0.3423626906508437,2,-0.5853080568720379,-0.5853080568720379,-0.5853080568720379,2.8671305166212857,1.0,유지
11350624,중계4동,2021,⑤ 성숙·정체,0.2188339138176189,-1.6972253314512993,3.9805840804897805,-0.49757226296709867,737411.38,-3.1991339252263606,0.900709219858156,2.8671305166212857,0.4729467026255288,1.213772894228348,0.2775240548073105,0.4570877576462843,0.3523953271069813,2,-0.6146572104018913,-0.6945480824173977,-0.6546026464096445,-0.7092198581560294,1.0,유지
11350624,중계4동,2022,⑤ 성숙·정체,0.219897922222203,0.10640084045840936,3.8182137113883963,-0.16237036910138425,918405.9,24.54457917370356,0.8936170212765957,-0.7092198581560294,0.5275484383306289,1.132813989257066,0.2849325967098659,0.4737070170465152,0.3611911860266663,2,-0.553191489361702,-0.6637592013713824,-0.6084753453665422,-13.00236406619385,0.0,하락
11350624,중계4동,2023,⑤ 성숙·정체,0.1823700682065337,-3.7527854015669297,3.746701915901509,-0.07151179548688713,1071701.75,16.69151406801721,0.7635933806146572,-13.00236406619385,0.4230433255548852,1.142097136053726,0.2723465765479353,0.4226200000619611,0.339884952596701,2,-0.5650118203309693,-0.495820868766316,-0.5304163445486426,-3.3096926713947927,1.0,유지
11350625,중계2·3동,2020,⑦ 일반,0.2183117802403089,,5.709999568461907,,1694636.03,,0.990521327014218,,0.8217887480786789,1.0864847020816175,0.3796482511273151,0.360556353320637,0.4288440649508652,0,-0.7914691943127963,-0.5545023696682465,-0.6729857819905214,-90.06868116477878,0.0,하락
11350625,중계2·3동,2021,⑦ 일반,0.2013599582200499,-1.6951822020258995,5.131060997446183,-0.5789385710157235,1679599.99,-0.88727253131754,0.0898345153664302,-90.06868116477878,0.2671592901396823,0.95362666417509,0.226463571477457,0.3022503266121862,0.2722223903188276,0,0.0851063829787234,0.2845730675719583,0.18483972527534087,24.349881796690312,2.0,상승
11350625,중계2·3동,2022,⑦ 일반,0.2239238292076594,2.2563870987609507,5.056782622722424,-0.0742783747237592,2088552.7,24.348220554585744,0.3333333333333333,24.349881796690312,0.3887628139071085,1.0045831745956764,0.2706730295778537,0.3321714547519688,0.3203494443888245,0,0.03309692671394798,0.05766192733017378,0.04537942702206088,30.496453900709223,2.0,상승
11350625,중계2·3동,2023,⑦ 일반,0.1940227778085499,-2.9901051399109506,4.5531002819279225,-0.5036823407945015,1922253.73,-7.962402385154077,0.6382978723404256,30.496453900709223,0.4576888455857594,1.112861705274538,0.2905966317449823,0.3187339257189989,0.3412984387372327,0,-0.34751773049645396,-0.27336896238781894,-0.31044334644213645,-2.127659574468088,1.0,유지
11350630,상계1동,2020,⑤ 성숙·정체,0.2855390351990977,,3.8626400018694773,,1923532.35,,0.8483412322274881,,0.4751774488131723,1.026691534541536,0.2866982807619936,0.4495398059144498,0.3528851375525608,2,-0.29383886255924174,-0.6540284360189573,-0.47393364928909953,-3.7466527735762423,1.0,유지
11350630,상계1동,2021,⑤ 성숙·정체,0.2642539238415942,-2.1285111357503492,3.742173548872036,-0.1204664529974413,1867383.73,-2.9190369478319433,0.8108747044917257,-3.7466527735762423,0.4449400617343562,1.1150305431272924,0.2875447132878606,0.4242836386914582,0.3530053904545721,2,-0.276595744680851,-0.6331495860083134,-0.4548726653445822,1.4184397163120588,1.0,유지
11350630,상계1동,2022,⑤ 성숙·정체,0.2365445959282857,-2.770932791330849,3.097658014254355,-0.644515534617681,2048515.03,9.699736432854111,0.8250591016548463,1.4184397163120588,0.4738923650575002,1.1141422820053195,0.2946982106192413,0.4299237904753082,0.3611105802951586,2,-0.3947990543735224,-0.694727348100344,-0.5447632012369332,0.9456264775413725,1.0,유지
11350630,상계1동,2023,⑤ 성숙·정체,0.2178064866074295,-1.8738109320856204,2.656985134391572,-0.44067287986278325,2152835.5300000003,5.092493756318706,0.83451536643026,0.9456264775413725,0.491314451557008,1.098667850999207,0.2946236879477121,0.4259983585020988,0.3595441341017257,2,-0.41371158392434987,-0.7302499635866582,-0.571980773755504,1.891252955082745,1.0,유지
11350640,상계2동,2020,⑤ 성숙·정체,0.4135900581697988,,17.39106521594176,,3581796.47,,0.8838862559241706,,0.496545432323449,1.139979706916701,0.2717387852531151,0.4344133487936802,0.3403285639030303,2,0.0023696682464455776,0.011848341232227555,0.007109004739336566,6.17402216172006,2.0,상승
11350640,상계2동,2021,⑤ 성숙·정체,0.3980347092709739,-1.5555348898824928,15.660593574119194,-1.730471641822568,3598207.42,0.4581765082815936,0.9456264775413712,6.17402216172006,0.5415886556313371,1.2521051978321078,0.2830572194836627,0.4506665602035088,0.3594973650715916,2,-0.042553191489361764,-0.07121889460298259,-0.056886043046172174,-1.1820330969267157,1.0,유지
11350640,상계2동,2022,⑤ 성숙·정체,0.390240513869184,-0.7794195401789883,14.25030613479666,-1.4102874393225342,4492375.63,24.850379803841328,0.933806146572104,-1.1820330969267157,0.5773894951747982,1.1950106891074057,0.2932350707356319,0.464687098597104,0.3685717721839627,2,-0.03309692671394804,-0.07361657311238834,-0.05335674991316819,0.9456264775413725,1.0,유지
11350640,상계2동,2023,⑤ 성숙·정체,0.3656214878951975,-2.4619025973986517,12.635682708040727,-1.6146234267559318,4837396.08,7.68013359559605,0.9432624113475178,0.9456264775413725,0.5722726496358103,1.243738921454939,0.2890176288785898,0.4570451253004179,0.3651904369221623,2,-0.05910165484633567,-0.12335719807737555,-0.09122942646185561,-1.654846335697413,1.0,유지
11350665,상계3·4동,2020,④ 잠재 후보,0.1955140647846445,,2.466673722646791,,1018615.87,,0.485781990521327,,0.3855594582687366,0.8651342626722139,0.2622897709595778,0.4307476154686083,0.3265639289547346,3,-0.37203791469194314,-0.4431279620853081,-0.4075829383886256,28.726765486874395,2.0,상승
11350665,상계3·4동,2021,④ 잠재 후보,0.1983105658063223,0.2796501021677805,2.520466291603014,0.053792568956223086,1132220.26,11.152819560920445,0.7730496453900709,28.726765486874395,0.395889419478191,1.075851010543413,0.2857498660912797,0.45708493298079,0.3552458616181175,3,-0.6099290780141844,-0.7280259487076065,-0.6689775133608955,-5.200945626477537,0.0,하락
11350665,상계3·4동,2022,④ 잠재 후보,0.1746470388235779,-2.3663526982744405,2.3285892000932353,-0.19187709150977872,1203659.28,6.309639786873267,0.7210401891252955,-5.200945626477537,0.4075910733521605,1.087866004631429,0.2867611681638435,0.4382415072227544,0.354566827767646,3,-0.5981087470449173,-0.6831254971821676,-0.6406171221135425,-9.9290780141844,0.0,하락
11350665,상계3·4동,2023,④ 잠재 후보,0.1562427881813626,-1.8404250642215292,2.1879087094115706,-0.14068049068166477,1235787.85,2.6692412490684214,0.6217494089834515,-9.9290780141844,0.3769677418043913,1.1619441390592025,0.2547151554216621,0.4019727853817961,0.3203209416060775,3,-0.5130023640661938,-0.5767257123009871,-0.5448640381835905,-1.1820330969267157,1.0,유지
11350670,상계5동,2020,④ 잠재 후보,0.2098092549239462,,5.1309160820138064,,633469.92,,0.3649289099526066,,0.3649024805469621,0.894023500482879,0.2455887370029087,0.4087257362199517,0.3034051289310637,3,-0.19431279620853079,0.002369668246445522,-0.09597156398104263,8.897179926725151,2.0,상승
11350670,상계5동,2021,④ 잠재 후보,0.2143729876886759,0.4563732764729711,4.71432900783704,-0.41658707417676677,708947.55,11.914950910376287,0.4539007092198581,8.897179926725151,0.2563046911240539,1.162377996169467,0.2502172629227898,0.4112644548203517,0.3218774916653443,3,-0.21040189125295508,-0.12688649121037948,-0.1686441912316673,-8.510638297872342,0.0,하락
11350670,상계5동,2022,④ 잠재 후보,0.1921310857053569,-2.2241901983319017,4.2605908395144105,-0.45373816832262914,875818.2,23.537799093882185,0.3687943262411347,-8.510638297872342,0.2832062575194302,1.1168243221553582,0.2518563521374284,0.4008991355322336,0.3174115148681571,3,-0.19148936170212763,-0.08917347316056601,-0.1403314174313468,5.673758865248235,2.0,상승
11350670,상계5동,2023,④ 잠재 후보,0.1817442600640008,-1.0386825641356094,3.686532056854639,-0.5740587826597716,899365.84,2.6886447438520866,0.425531914893617,5.673758865248235,0.3180858273317032,1.0812826200773775,0.2467415228714143,0.4027196638448889,0.3120928757703531,3,-0.23167848699763594,-0.16486840778461226,-0.1982734473911241,12.056737588652483,2.0,상승
11350695,상계6·7동,2020,⑦ 일반,0.3582116399040843,,10.06111074144067,,3256353.88,,0.2227488151658767,,0.2791893195296542,1.0934585142303783,0.2180613349825096,0.3308283336676744,0.2718580282072665,0,0.5829383886255924,0.4928909952606635,0.5379146919431279,-4.544385062686959,1.0,유지
11350695,상계6·7동,2021,⑦ 일반,0.3257520229508986,-3.2459616953185666,9.157337995847328,-0.9037727455933418,3668853.33,12.667525250664724,0.1773049645390071,-4.544385062686959,0.2571855615260626,1.1146387785561935,0.2291650720576502,0.3220772472501279,0.2821973275391929,0,0.5981087470449172,0.5122684951766326,0.5551886211107749,-1.1820330969267212,1.0,유지
11350695,상계6·7동,2022,⑦ 일반,0.3112285724548207,-1.4523450496077894,8.869737670317178,-0.2876003255301498,3937588.72,7.3247787749531,0.1654846335697399,-1.1820330969267212,0.2605650967384709,1.1109836655387408,0.2275210770157236,0.3252796153260122,0.2816350414673711,0,0.607565011820331,0.5122404849136724,0.5599027483670016,1.8912529550827424,1.0,유지
11350695,상계6·7동,2023,⑦ 일반,0.3098029200466316,-0.1425652408189093,8.633262399147828,-0.23647527116935052,4111022.04,4.404556502284973,0.1843971631205673,1.8912529550827424,0.2675534204133619,1.1312841659385104,0.2302414338916518,0.3223424860284818,0.2846341079555088,0,0.6004728132387707,0.5193943060737454,0.559933559656258,-2.8368794326241122,1.0,유지
11350700,상계8동,2020,④ 잠재 후보,0.2600650259935393,,3.8195124270870044,,708054.51,,0.4075829383886256,,0.2497295986777833,1.2975325990901156,0.2051335877217164,0.341836382172302,0.263704707108966,3,0.023696682464455,-0.22748815165876776,-0.10189573459715638,24.489933111492057,2.0,상승
11350700,상계8동,2021,④ 잠재 후보,0.2408542129485588,-1.9210813044980513,3.5835567370294434,-0.235955690057561,799002.0,12.844701744785159,0.6524822695035462,24.489933111492057,0.2739672299831764,1.4863998588670535,0.2017510210363254,0.3402111168742263,0.2664811093772851,3,-0.24586288416075658,-0.4984538334845888,-0.3721583588226727,-1.4184397163120588,1.0,유지
11350700,상계8동,2022,④ 잠재 후보,0.2406432006714484,-0.02110122771104006,3.1191937830961893,-0.4643629539332541,1004386.78,25.705164692954476,0.6382978723404256,-1.4184397163120588,0.3005038658856237,1.4320433631908571,0.2113090512259591,0.3620469579327806,0.2791001855391045,3,-0.17730496453900713,-0.5032267822930322,-0.34026587341601966,-5.910165484633579,0.0,하락
11350700,상계8동,2023,④ 잠재 후보,0.2305553886474843,-1.0087812023964111,2.949034320491057,-0.17015946260513237,1071240.5,6.656172834134666,0.5791962174940898,-5.910165484633579,0.2980101668299696,1.399897929994336,0.2132098984271772,0.3697582468242398,0.2798098202457325,3,-0.07565011820330969,-0.44175545920025094,-0.2587027887017803,-8.747044917257679,0.0,하락
11350710,상계9동,2020,⑦ 일반,0.209543528406342,,3.4208772608159146,,398344.02,,0.1706161137440758,,0.1695443326522955,1.1465449970684838,0.2254374090182374,0.353038457520731,0.2819994313164781,0,-0.002369668246445522,-0.033175355450236976,-0.01777251184834125,-0.5131480174335901,1.0,유지
11350710,상계9동,2021,⑦ 일반,0.2106852747108324,0.11417463044904042,3.621650444369192,0.20077318355327733,513502.07,28.909195122346752,0.1654846335697399,-0.5131480174335901,0.175517962178461,1.1742427454084583,0.2298205051932395,0.3554601227424543,0.2884049918368436,0,0.06146572104018913,-0.006716861057891599,0.027374429991148766,6.855791962174942,2.0,상승
11350710,상계9동,2022,⑦ 일반,0.2175950559511628,0.6909781240330398,3.1689070657848943,-0.4527433785842976,574600.0,11.898283097476114,0.2340425531914893,6.855791962174942,0.2278703628179489,1.227536397863128,0.2093960695322882,0.3660964479861154,0.2742812559263297,0,0.09692671394799052,-0.0966017948976505,0.0001624595251700084,-4.728132387706852,1.0,유지
11350710,상계9동,2023,⑦ 일반,0.190196594768234,-2.7398461182928795,2.8428872685047635,-0.32601979728013086,611699.95,6.456656804733729,0.1867612293144208,-4.728132387706852,0.2013720464895535,1.2066915540247949,0.2150038729788469,0.3614766910637391,0.2769626314730626,0,0.07092198581560283,-0.06827781699214591,0.001322084411728458,-1.4184397163120588,1.0,유지
11350720,상계10동,2020,⑦ 일반,0.4072346555320064,,13.72030410557255,,545743.37,,0.3056872037914692,,0.2416492695511144,1.0335380110139536,0.2125526338964174,0.4534701311178497,0.2815704932425917,0,0.5734597156398105,0.5308056872037915,0.5521327014218009,-18.984796029265127,0.0,하락
11350720,상계10동,2021,⑦ 일반,0.3144817599141183,-9.275289561788808,12.414020767071031,-1.306283338501519,586648.93,7.495383773512465,0.1158392434988179,-18.984796029265127,0.169519618797305,1.0792460252034388,0.225447504983921,0.3537651792971163,0.2824746342459009,0,0.635933806146572,0.6708906143210873,0.6534122102338297,9.21985815602837,2.0,상승
11350720,상계10동,2022,⑦ 일반,0.2702443504547209,-4.423740945939741,10.805399038788693,-1.6086217282823387,694806.64,18.43653068624875,0.2080378250591016,9.21985815602837,0.2268106587991681,1.1522906582665513,0.2212211478403784,0.3748831140996526,0.2827574246305766,0,0.4042553191489362,0.5407773408176756,0.4725163299833059,1.654846335697402,1.0,유지
11350720,상계10동,2023,⑦ 일반,0.2780630127091935,0.7818662254472586,9.286619683146325,-1.5187793556423674,748014.05,7.657872987512038,0.2245862884160756,1.654846335697402,0.2745158281385209,1.0774950078640162,0.2343543532987329,0.3645305061326817,0.2953924412598894,0,0.4822695035460993,0.5005321949962467,0.491400849271173,-4.9645390070922,1.0,유지
11380510,녹번동,2020,⑦ 일반,0.2435089487203892,,5.699108483065986,,1628510.85,,0.6658767772511849,,0.4431350959173802,1.1755960248032948,0.2222435352553634,0.3459480601355874,0.2822071631213358,0,-0.3151658767772512,-0.2345971563981043,-0.2748815165876778,-42.474202547813526,0.0,하락
11380510,녹번동,2021,⑦ 일반,0.2225250812115302,-2.0983867508858998,5.782247530959981,0.08313904789399462,1671547.43,2.6426953188552593,0.2411347517730496,-42.474202547813526,0.3427641411321036,1.0680400435995772,0.2223067686421695,0.311184024463611,0.2710135758208727,0,0.06855791962174942,0.20436287855870391,0.13646039909022667,24.586288416075647,2.0,상승
11380510,녹번동,2022,⑦ 일반,0.2296288378165371,0.7103756605006895,5.500962555783216,-0.28128497517676454,1946494.98,16.448683720569022,0.4869976359338061,24.586288416075647,0.3699886750952245,1.2490726397083116,0.2218475970930141,0.3252985434962376,0.2757045343964382,0,-0.08983451536643022,-0.05334834683428008,-0.07159143110035515,-23.64066193853428,0.0,하락
11380510,녹번동,2023,⑦ 일반,0.1652943126305963,-6.43345251859408,5.599569237506213,0.09860668172299647,2045563.42,5.089581068428961,0.2505910165484633,-23.64066193853428,0.3890818408541171,1.0356945741663204,0.2219928372992128,0.3134495605184895,0.2747554048285011,0,-0.11820330969267137,0.23045163747997272,0.05612416389365067,0.7092198581560349,1.0,유지
11380520,불광1동,2020,④ 잠재 후보,0.2558618942876828,,4.660629859693179,,1203483.9,,0.3412322274881517,,0.3127884981805494,1.0104950371754255,0.238236489634706,0.3860278371098963,0.297163876952755,3,0.06872037914691942,-0.03080568720379151,0.018957345971563955,5.356682688537079,2.0,상승
11380520,불광1동,2021,④ 잠재 후보,0.2398561826142834,-1.6005711673399396,4.811015159722513,0.1503853000293338,1189877.98,-1.1305444135978782,0.3947990543735225,5.356682688537079,0.3565753294561448,1.08341004881493,0.2312765208505455,0.3642726961943572,0.2914720124942084,3,0.004728132387706863,-0.05356682688537079,-0.024419347248831963,-4.728132387706857,1.0,유지
11380520,불광1동,2022,④ 잠재 후보,0.2399391208377329,0.008293822344948576,4.366850959895247,-0.4441641998272656,1330354.54,11.805963498879102,0.3475177304964539,-4.728132387706857,0.395832453441151,1.0411629998969008,0.2287955183982353,0.3665554557897298,0.2885164481461303,3,0.10638297872340424,-0.04893953144432123,0.028721723639541508,11.82033096926714,2.0,상승
11380520,불광1동,2023,④ 잠재 후보,0.2239338244529271,-1.60052963848058,3.361377140815325,-1.0054738190799224,1303432.14,-2.0237011405997207,0.4657210401891253,11.82033096926714,0.3983084104099103,1.0775889893285788,0.2324677036719322,0.3733057667003038,0.292305926362662,3,0.007092198581560294,-0.269038575734149,-0.13097318857629436,0.23640661938533758,1.0,유지
11380530,불광2동,2020,⑦ 일반,0.2392175486241118,,5.170085815556731,,760338.83,,0.6753554502369669,,0.3781923917514215,1.1495257228632982,0.2476124474251631,0.3880546176940248,0.3106388789000615,0,-0.3649289099526067,-0.30094786729857825,-0.33293838862559244,-29.710485922041848,0.0,하락
11380530,불광2동,2021,⑦ 일반,0.2174074541943908,-2.1810094429720985,6.13214014633557,0.9620543307788392,839470.54,10.407427172961835,0.3782505910165484,-29.710485922041848,0.2789354926397375,1.1476883192542324,0.2509777287017324,0.3669119173959465,0.312053140280324,0,-0.10638297872340424,0.09805272651899655,-0.004165126102203848,4.491725768321519,1.0,유지
11380530,불광2동,2022,⑦ 일반,0.1971309945713679,-2.027645962302291,5.26338277054582,-0.86875737578975,1034957.22,23.2869017654866,0.4231678486997636,4.491725768321519,0.3285336831385381,1.14843448840977,0.2602284063386327,0.3549323897387614,0.3190005028885518,0,-0.2127659574468085,-0.006106237325356034,-0.10943609738608227,0.9456264775413725,1.0,유지
11380530,불광2동,2023,⑦ 일반,0.1877114313694318,-0.9419563201936099,4.580532391102543,-0.682850379443277,1194996.68,15.463388911862452,0.4326241134751773,0.9456264775413725,0.3306606995695092,1.163593479147388,0.2481960547891583,0.3498017484349237,0.306112403793809,0,-0.20094562647754138,-0.06058619878323418,-0.13076591263038778,0.23640661938533758,1.0,유지
11380551,갈현1동,2020,⑤ 성숙·정체,0.3749537719483088,,14.675526590312183,,1813827.52,,0.8246445497630331,,0.4229810985285914,1.1596293557717232,0.2688660302786874,0.4228596241904009,0.3371638317544656,2,0.004739336492891044,0.04028436018957349,0.022511848341232266,0.5142684279520027,1.0,유지
11380551,갈현1동,2021,⑤ 성숙·정체,0.3396516701655435,-3.5302101782765325,13.146348420401377,-1.5291781699108054,1664689.03,-8.222308260048894,0.8297872340425532,0.5142684279520027,0.4042639004667637,1.2009803052069163,0.2678957876622438,0.4575790918206657,0.3450429277374019,2,-0.011820330969267157,-0.012251689018856537,-0.012036009994061847,-1.654846335697402,1.0,유지
11380551,갈현1동,2022,⑤ 성숙·정체,0.3565587424482461,1.6907072282702607,12.632388840488368,-0.5139595799130099,1979650.43,18.920134290787026,0.8132387706855791,-1.654846335697402,0.4267714295980535,1.1682478450810163,0.2771293506143047,0.4476658744494652,0.3513642991026789,2,0.0378250591016549,-0.019399908126337406,0.009212575487658747,4.255319148936176,1.0,유지
11380551,갈현1동,2023,⑤ 성숙·정체,0.3521104044345927,-0.4448338013653408,11.586705609564675,-1.045683230923693,1917686.42,-3.1300480661123564,0.8557919621749409,4.255319148936176,0.4599573375425075,1.203501082101463,0.2821503029985453,0.4366737553042718,0.3532291100088883,2,0.011820330969267157,-0.07143177260148115,-0.029805720816106995,1.654846335697402,1.0,유지
11380552,갈현2동,2020,⑦ 일반,0.2948222724356976,,7.353867562473473,,829917.0399999999,,0.495260663507109,,0.3250164385657655,1.0237091072208282,0.2539984582792823,0.4037118318197781,0.3152162759906629,0,0.10426540284360192,0.08530805687203796,0.09478672985781994,1.7741700559084805,1.0,유지
11380552,갈현2동,2021,⑦ 일반,0.2646684123580626,-3.0153860077634986,7.390825474500291,0.03695791202681775,840569.03,1.2835005773589314,0.5130023640661938,1.7741700559084805,0.3366799065344715,1.103442961159555,0.2501943538247493,0.3991066200315007,0.3137820666049509,0,0.026004728132387744,0.06993602455939862,0.047970376345893184,1.654846335697402,1.0,유지
11380552,갈현2동,2022,⑦ 일반,0.2746414533977872,0.9973041039724628,7.2665815989381155,-0.12424387556217553,1024117.31,21.836193512863545,0.5295508274231678,1.654846335697402,0.3761416851224844,1.0760376278628914,0.2538419302315883,0.4021472961194265,0.3186780668440932,0,0.1063829787234043,0.053387561202424605,0.07988526996291445,-1.4184397163120588,1.0,유지
11380552,갈현2동,2023,⑦ 일반,0.2501412527260775,-2.4500200671709713,6.605644880033415,-0.6609367189047006,1105263.17,7.923492670971433,0.5153664302600472,-1.4184397163120588,0.3877574732495842,1.068053827167481,0.2471248652401698,0.3883372655528246,0.3094242035881733,0,0.09456264775413714,0.04150560765464473,0.06803412770439093,-4.255319148936165,1.0,유지
11380560,구산동,2020,⑦ 일반,0.2875961499528244,,4.112075554985559,,662538.41,,0.1208530805687203,,0.3315037467464473,0.8536038013268351,0.216764625355383,0.3377089422098793,0.2655077591877736,0,0.4454976303317536,0.10900473933649288,0.27725118483412325,2.0990891062485306,1.0,유지
11380560,구산동,2021,⑦ 일반,0.2798302138141526,-0.7765936138671825,4.161093840591961,0.04901828560640187,692631.82,4.542138168261056,0.1418439716312056,2.0990891062485306,0.3037139155736109,0.9526592147410484,0.2223312228411406,0.3613245808838577,0.2781019340320158,0,0.48463356973995275,0.10223185775268057,0.29343271374631663,4.9645390070922,1.0,유지
11380560,구산동,2022,⑦ 일반,0.2494832159421458,-3.0346997872006787,3.845820534489054,-0.3152733061029065,819976.38,18.385606367319383,0.1914893617021276,4.9645390070922,0.3369979417896173,0.9992844246221548,0.2229261555317424,0.3559881055572232,0.278193852670028,0,0.326241134751773,0.04547746294242211,0.18585929884709756,1.6548463356973993,1.0,유지
11380560,구산동,2023,⑦ 일반,0.2262373830325636,-2.324583290958218,3.641543063992484,-0.20427747049656997,942901.66,14.991319628011723,0.2080378250591016,1.6548463356973993,0.3504745779050924,1.040694888093209,0.2195599261458631,0.3234266641219823,0.2702903570592656,0,0.2742316784869976,0.04788634555701207,0.16105901202200484,18.43971631205674,2.0,상승
11380570,대조동,2020,④ 잠재 후보,0.2842822525709214,,7.410324076119385,,2633623.55,,0.5284360189573459,,0.3157077005517291,1.1246994153656775,0.2617206895835814,0.3521805273384317,0.3174524749473619,3,0.016587677725118488,0.056872037914691975,0.03672985781990523,-3.6710250635832944,1.0,유지
11380570,대조동,2021,④ 잠재 후보,0.2743550526802941,-0.9927199890627292,7.029209674170571,-0.38111440194881396,2526404.08,-4.071176763284933,0.491725768321513,-3.6710250635832944,0.3580901303190909,1.0757237128396275,0.2642056280056573,0.3574669258048116,0.3214957962387899,3,0.10874704491725767,0.05092826011450596,0.07983765251588182,6.382978723404259,2.0,상승
11380570,대조동,2022,④ 잠재 후보,0.2654083559327701,-0.8946696747523963,6.174700840756572,-0.8545088334139983,3064945.41,21.316516002459917,0.5555555555555556,6.382978723404259,0.3921974824116789,1.1097184619196707,0.2666221433880897,0.3627218548580485,0.3255294039437082,3,0.023640661938534202,-0.07214323328067407,-0.024251285671069933,-5.200945626477549,0.0,하락
11380570,대조동,2023,④ 잠재 후보,0.2521921373921399,-1.321621854063021,6.151290762756738,-0.0234100779998343,3720050.78,21.374128487332488,0.5035460992907801,-5.200945626477549,0.3874248724290091,1.0967161368881235,0.2581496089969206,0.3545604845035089,0.3150081078761721,3,0.11111111111111116,0.013041578434338397,0.06207634477272478,5.673758865248235,2.0,상승
11380580,응암1동,2020,② 라이징스타,0.2948645313805772,,6.587098705836972,,1957550.9,,0.4928909952606635,,0.3261293074932588,1.0466035934061115,0.2468000625931239,0.3986645662647278,0.3100695888900462,5,0.1090047393364929,0.018957345971563955,0.06398104265402843,17.14116052121497,2.0,상승
11380580,응암1동,2021,② 라이징스타,0.2680795851303714,-2.6784946250205834,6.50198561423279,-0.08511309160418179,1995148.37,1.9206381811068152,0.6643026004728132,17.14116052121497,0.3394986074424618,1.2762235531645103,0.2350759231310508,0.3721255849546006,0.3005163743910811,5,-0.11111111111111105,-0.1571935957334767,-0.13415235342229387,-10.401891252955075,0.0,하락
11380580,응암1동,2022,② 라이징스타,0.2639771276109451,-0.41024575194262836,5.577752902853182,-0.9242327113796085,2222282.56,11.384325768213422,0.5602836879432624,-10.401891252955075,0.3944203938472492,1.1183207876526255,0.2406877903960007,0.3912106106959297,0.3045659442042178,5,0.007092198581560294,-0.12426473059729087,-0.05858626600786529,8.747044917257686,2.0,상승
11380580,응암1동,2023,② 라이징스타,0.2491676976975218,-1.4809429913423293,5.346090042323294,-0.23166286052988738,2448623.18,10.185051355485598,0.6477541371158393,8.747044917257686,0.4356171756518093,1.150726179023566,0.2362461025414655,0.3958844147149559,0.3007412780900329,5,-0.047281323877068626,-0.19277783379830377,-0.1200295788376862,11.111111111111105,2.0,상승
11380590,응암2동,2020,⑦ 일반,0.2646261623300216,,2.8000707591212417,,365747.9,,0.4146919431279621,,0.3721997038928978,1.0333344734897167,0.2345252896277942,0.3511715649688885,0.2882894252608771,0,0.04028436018957343,-0.33175355450236965,-0.1457345971563981,-25.157137575207557,0.0,하락
11380590,응암2동,2021,⑦ 일반,0.2096100067176104,-5.501615561241121,2.8385541029843755,0.03848334386313379,374512.15,2.396254359902006,0.1631205673758865,-25.157137575207557,0.1653991278182611,1.1358606349545652,0.2516529379506983,0.3603832510885749,0.3106812399060391,0,0.05910165484633567,-0.08255184699673962,-0.011725096075201974,0.7092198581560294,1.0,유지
11380590,응암2동,2022,⑦ 일반,0.1858506152803374,-2.3759391437273014,2.8107315799792842,-0.02782252300509125,460767.94,23.03150645446348,0.1702127659574468,0.7092198581560294,0.2162415718274364,1.099149651009024,0.248120300241158,0.3529834435534174,0.3057469153948237,0,-0.01654846335697399,-0.0777957043460724,-0.047172083851523196,4.491725768321508,1.0,유지
11380590,응암2동,2023,⑦ 일반,0.1674684831519282,-1.8382132128409197,2.5348171092141802,-0.275914470765104,555342.63,20.525449318370548,0.2151300236406619,4.491725768321508,0.2209109454703123,1.0975456495288844,0.2490808822926885,0.3728158529097664,0.3087832911540355,0,-0.07801418439716312,-0.139300639754406,-0.10865741207578457,3.7825059101654817,1.0,유지
11380600,응암3동,2020,② 라이징스타,0.2771482095992084,,6.722896362640944,,1363027.11,,0.7393364928909952,,0.4331334881553651,1.0485966764333472,0.2731131953529467,0.410415207054055,0.334892774234637,5,-0.22037914691943128,-0.2109004739336493,-0.2156398104265403,8.099447637614421,2.0,상승
11380600,응암3동,2021,② 라이징스타,0.2566342676253321,-2.051394197387629,6.38941985586242,-0.33347650677852414,1340635.8,-1.642763363672206,0.8203309692671394,8.099447637614421,0.443515517596475,1.1619368756715631,0.2746892940923544,0.4213271059223126,0.3436623482902873,5,-0.32860520094562645,-0.32270063751358496,-0.3256529192296057,0.0,1.0,유지
11380600,응암3동,2022,② 라이징스타,0.2583818907751368,0.17476231498047,6.070712500781143,-0.3187073550812771,1593817.2,18.88517373622276,0.8203309692671394,0.0,0.4950745629559807,1.146396868460135,0.2778356146960828,0.4077703550573632,0.3448827818204216,5,-0.2671394799054373,-0.34402765173159444,-0.30558356581851587,-1.4184397163120477,1.0,유지
11380600,응암3동,2023,② 라이징스타,0.2446121049001637,-1.3769785874973102,5.278131690702752,-0.7925808100783911,1716500.37,7.697442968992951,0.806146572104019,-1.4184397163120477,0.4863979928699817,1.1669152338590647,0.2713755921651825,0.3829439208840407,0.3354421620541343,5,-0.2293144208037825,-0.3630186100187109,-0.2961665154112467,4.491725768321508,1.0,유지
11380625,역촌동,2020,② 라이징스타,0.277483461169423,,6.667651810905744,,1064412.66,,0.5355450236966824,,0.394506440590035,0.988276896110552,0.2347321865694234,0.4087177728658013,0.2965083076093957,5,-0.01421800947867291,-0.016587677725118488,-0.0154028436018957,20.677176117329388,2.0,상승
11380625,역촌동,2021,② 라이징스타,0.2473315364884526,-3.0151924680970414,6.295986951583023,-0.37166485932272053,1165713.82,9.517094620050859,0.7423167848699763,20.677176117329388,0.4602499737734709,1.1224111002078991,0.2267563305097729,0.4132746425631526,0.2908331509035589,5,-0.29550827423167847,-0.2541651261022038,-0.2748367001669412,-4.728132387706852,1.0,유지
11380625,역촌동,2022,② 라이징스타,0.2394719772050965,-0.7859559283356105,6.2256304280857355,-0.0703565234972876,1510633.84,29.58873902687369,0.6950354609929078,-4.728132387706852,0.5173166025388988,1.0593021250581185,0.230370364607434,0.4067547064530596,0.2965306133049128,5,-0.2434988179669031,-0.2068838022251353,-0.2251913100960192,10.401891252955087,2.0,상승
11380625,역촌동,2023,② 라이징스타,0.2332195126949328,-0.6252464510163702,5.563525227164888,-0.6621052009208475,1612641.3800000001,6.7526317297380345,0.7990543735224587,10.401891252955087,0.522555508910381,1.1497184442878707,0.2281448648262015,0.4119039799731669,0.2939423142780192,5,-0.281323877068558,-0.32038138774046815,-0.3008526324045131,-1.1820330969267157,1.0,유지
11380631,신사1동,2020,⑦ 일반,0.2935521504602088,,5.552354666190334,,739707.61,,0.6800947867298578,,0.3454437018919731,1.2320817525501264,0.2331200269751579,0.3890649801781972,0.3010562216464778,0,-0.09004739336492884,-0.2677725118483412,-0.17890995260663503,-7.489384110338026,0.0,하락
11380631,신사1동,2021,⑦ 일반,0.2868133636825508,-0.6738786777658046,5.648733172745024,0.09637850655468938,769030.66,3.9641406420031444,0.6052009456264775,-7.489384110338026,0.382461671814904,1.1451787308340602,0.2354157076737705,0.3948497033039849,0.3025718913900327,0,0.044917257683215195,-0.17866066126628793,-0.06687170179153637,-1.654846335697402,1.0,유지
11380631,신사1동,2022,⑦ 일반,0.2724375681023823,-1.4375795580168493,5.602817438751604,-0.04591573399341975,975325.55,26.82531409085822,0.5886524822695035,-1.654846335697402,0.4039067400290001,1.1420654701296942,0.2356227694518317,0.3843196437116598,0.3020527844877179,0,0.04018912529550833,-0.14552452018419543,-0.05266769744434355,-1.1820330969267046,1.0,유지
11380631,신사1동,2023,⑦ 일반,0.2453149875438795,-2.712258055850278,5.141025110181545,-0.46179232857005914,1056855.76,8.35928167779465,0.5768321513002365,-1.1820330969267046,0.4030014053232437,1.1699985540041136,0.2243667205817096,0.3883844463717798,0.2896344033122903,0,0.004728132387706752,-0.15029186694004687,-0.07278186727617006,6.619385342789597,2.0,상승
11380632,신사2동,2020,⑦ 일반,0.2137048009482671,,3.8494765258719634,,429704.14,,0.1682464454976303,,0.1638926854672167,0.9933689552847672,0.2455718839279346,0.4219978692247904,0.3116816121456526,0,0.014218009478672994,0.023696682464455,0.018957345971563996,12.726182873404813,2.0,상승
11380632,신사2동,2021,⑦ 일반,0.2238563933124043,1.0151592364137207,4.013683254824293,0.16420672895232924,446659.81,3.945894028388919,0.2955082742316784,12.726182873404813,0.2402153652863669,1.0510041184276446,0.2577124895547515,0.4119569369520799,0.3262392383609119,0,0.01891252955082745,-0.0727594590658017,-0.026923464757487123,-8.037825059101653,0.0,하락
11380632,신사2동,2022,⑦ 일반,0.1923903290459608,-3.146606426644352,3.628107496182932,-0.3855757586413606,467112.4,4.579008350896863,0.2151300236406619,-8.037825059101653,0.2322339417916605,1.0255594308952696,0.26194055905555,0.4060573964991298,0.3234963605404042,0,-0.03309692671394798,-0.02081722743213113,-0.026957077073039556,-18.43971631205674,0.0,하락
11380632,신사2동,2023,⑦ 일반,0.1499158683637392,-4.247446068222158,3.2535658008715225,-0.3745416953114096,476660.10000000003,2.0439834181237737,0.0307328605200945,-18.43971631205674,0.1984966133375055,0.7303804112745688,0.2224641436482744,0.3120208865484077,0.2662292596220028,0,0.0591016548463357,0.14936192620976327,0.10423179052804948,1.89125295508274,1.0,유지
11380640,증산동,2020,⑦ 일반,0.1972636208362115,,3.663508127615236,,440615.10000000003,,0.1398104265402843,,0.2944815084091175,0.9266414351520166,0.2099965213135678,0.3486880061334437,0.2626850057408415,0,-0.016587677725118488,0.026066350710900466,0.004739336492890989,3.9858604192576195,1.0,유지
11380640,증산동,2021,⑦ 일반,0.1903715817210274,-0.6892039115184101,2.6809312930970433,-0.9825768345181927,384552.19,-12.723783184007997,0.1796690307328605,3.9858604192576195,0.2927947144152636,0.9712354808344448,0.2369185860446192,0.3720727916947512,0.2962571530148211,0,-0.04018912529550828,-0.12042732457172309,-0.08030822493361568,-10.40189125295509,0.0,하락
11380640,증산동,2022,⑦ 일반,0.2083763251707471,1.8004743449719722,2.8247815342798543,0.1438502411828111,502837.47000000003,30.759226725506373,0.0756501182033096,-10.40189125295509,0.2899177180816864,0.911887069367358,0.2080333298687739,0.3445729167730402,0.2609339446609702,0,0.19621749408983452,0.019136611654510208,0.10767705287217236,0.9456264775413808,1.0,유지
11380640,증산동,2023,⑦ 일반,0.181186540247555,-2.71897849231921,2.9032347969125047,0.0784532626326504,583414.06,16.024380601549048,0.0851063829787234,0.9456264775413808,0.2921395738451779,0.8977548948723901,0.2089245640090606,0.3334376307688753,0.2608488477009129,0,0.10401891252955082,0.047595038822224475,0.07580697567588765,4.72813238770685,1.0,유지
11380650,수색동,2020,④ 잠재 후보,0.1978438045028046,,4.04089709041712,,554556.81,,0.1516587677725118,,0.3448625861070374,0.9109694296943728,0.1933603726843654,0.3475205851263179,0.248267944219824,3,-0.026066350710900493,0.06635071090047392,0.020142180094786716,0.6733667215667788,1.0,유지
11380650,수색동,2021,④ 잠재 후보,0.1569821571437448,-4.086164735905978,4.038611900929958,-0.002285189487162498,586224.4400000001,5.7104392965618755,0.1583924349881796,0.6733667215667788,0.3186701370092115,1.1208832226104732,0.198067275673212,0.2877180511183798,0.2468501214467427,3,-0.11583924349881797,0.06909571667058809,-0.02337176341411494,-2.836879432624109,1.0,유지
11380650,수색동,2022,④ 잠재 후보,0.148568862577774,-0.8413294565970814,3.861882705456158,-0.17672919547379973,640987.36,9.341630314832994,0.1300236406619385,-2.836879432624109,0.3161145441532547,1.0911677060475802,0.1922542276792852,0.2893358419268627,0.2441380505872513,3,-0.08037825059101654,0.11168252047550223,0.015652134942242844,-1.8912529550827395,1.0,유지
11380650,수색동,2023,④ 잠재 후보,0.1269689022930495,-2.1599960284724498,3.3053619531307525,-0.5565207523254054,762523.4500000001,18.960762346390126,0.1111111111111111,-1.8912529550827395,0.3285055570607652,1.0173498690879323,0.1903913124526759,0.307719057577171,0.2415741004750844,3,-0.08274231678486997,0.0737230121116377,-0.004509652336616134,29.314420803782497,2.0,상승
11380690,진관동,2020,⑤ 성숙·정체,0.2484819500790422,,6.192647973536147,,3271792.63,,0.7843601895734598,,0.4082595291506086,0.9850235933376978,0.3463976346216937,0.3953659669935025,0.4020677261897032,2,-0.40758293838862564,-0.30094786729857825,-0.354265402843602,13.053342744781682,2.0,상승
11380690,진관동,2021,⑤ 성숙·정체,0.2285771828835034,-1.9904767195538797,5.9258029156533745,-0.26684505788277235,3605299.6199999996,10.193402446780375,0.9148936170212766,13.053342744781682,0.5571875428959489,1.0714751774352982,0.3637538127149019,0.3663585077629497,0.4162416544116362,2,-0.5721040189125295,-0.45280830896440455,-0.512456163938467,0.47281323877068626,1.0,유지
11380690,진관동,2022,⑤ 성숙·정체,0.2133387973449801,-1.5238385538523302,5.337088883188592,-0.5887140324647824,4351508.38,20.697551899999933,0.9196217494089834,0.47281323877068626,0.6006142091982724,1.136398496403154,0.3640410044535198,0.3496535689274708,0.4138499290214166,2,-0.607565011820331,-0.4954511332952394,-0.5515080725577852,-4.491725768321508,1.0,유지
11380690,진관동,2023,⑤ 성숙·정체,0.2073234436315087,-0.6015353713471394,4.913750950933061,-0.4233379322555315,4819240.38,10.748732603842527,0.8747044917257684,-4.491725768321508,0.5722418076100463,1.1116368115892412,0.342084584960393,0.3320982892916991,0.3901965925496816,2,-0.5106382978723405,-0.4623822168442518,-0.4865102573582961,1.6548463356973908,1.0,유지
11410520,천연동,2020,④ 잠재 후보,0.2204840566270784,,3.822767938927579,,422876.31,,0.4549763033175355,,0.3607239943415851,1.097122830431331,0.2116464509097015,0.370868519246779,0.2731503359476465,3,-0.24881516587677724,-0.2725118483412322,-0.2606635071090047,25.897168722619973,2.0,상승
11410520,천연동,2021,④ 잠재 후보,0.1949234612498256,-2.5560595377252806,3.766765676844426,-0.05600226208315284,455515.46,7.7183680495131135,0.7139479905437353,25.897168722619973,0.4201136000680425,1.1441661628044248,0.22724482047488,0.417064976562625,0.2981044592455169,3,-0.5602836879432624,-0.5338532038138775,-0.54706844587857,-2.6004728132387744,1.0,유지
11410520,천연동,2022,④ 잠재 후보,0.1932991682312656,-0.16242930185599858,3.7333479671648497,-0.03341770967957647,590959.38,29.734209240669895,0.6879432624113475,-2.6004728132387744,0.4679686736682591,1.0953304193957485,0.235007526059343,0.4200698892558454,0.3055723292533298,3,-0.49645390070921985,-0.46519444724547077,-0.48082417397734534,4.728132387706852,1.0,유지
11410520,천연동,2023,④ 잠재 후보,0.1785541735594364,-1.4744994671829215,3.1652163808113745,-0.5681315863534753,723882.5800000001,22.49278114512712,0.735224586288416,4.728132387706852,0.4757232476142351,1.1198661665897889,0.2336417603478959,0.4174886102538712,0.3033385351664427,3,-0.5579196217494089,-0.5717174772836767,-0.5648185495165428,-10.401891252955075,0.0,하락
11410555,북아현동,2020,⑦ 일반,0.2227472189712138,,6.8721454134662725,,560372.3099999999,,0.6895734597156398,,0.3009405145198873,1.0921943056583705,0.3198044361166783,0.3973142173826205,0.3752509058159401,0,-0.4739336492890995,-0.14691943127962082,-0.3104265402843601,-23.094461810807477,0.0,하락
11410555,북아현동,2021,⑦ 일반,0.2081756241628373,-1.4571594808376498,5.993902322283103,-0.8782430911831698,562532.1900000001,0.3854366037465473,0.458628841607565,-23.094461810807477,0.2738646138821088,1.0915120106741203,0.292495991484702,0.3823183982648656,0.3499540477428677,0,-0.24349881796690306,0.012935139435089005,-0.11528183926590703,-6.85579196217494,0.0,하락
11410555,북아현동,2022,⑦ 일반,0.1956278128268456,-1.2547811335991699,5.886538616465358,-0.10736370581774501,781882.41,38.993363206468224,0.3900709219858156,-6.85579196217494,0.2930392455676722,1.1694511521467748,0.273934499428397,0.3426905819858374,0.3300669068000763,0,-0.19148936170212766,0.06490538133171991,-0.06329199018520387,10.165484633569738,2.0,상승
11410555,북아현동,2023,⑦ 일반,0.2088434883679284,1.32156755410828,6.970819684913182,1.0842810684478241,995762.38,27.354493113612822,0.491725768321513,10.165484633569738,0.3117174934491798,1.1394287898753035,0.2687360711514978,0.3826935128231303,0.3308944060917401,0,-0.1111111111111111,0.10780029802919794,-0.0016554065409565832,13.711583924349885,2.0,상승
11410565,충현동,2020,⑤ 성숙·정체,0.3188219647212886,,12.227351049904057,,2074966.27,,0.8649289099526066,,0.7597879183567802,1.0751766823496274,0.1192743871903841,0.402967705969411,0.1923406626315347,2,-0.1635071090047393,-0.06872037914691942,-0.11611374407582936,-8.715113217482884,0.0,하락
11410565,충현동,2021,⑤ 성숙·정체,0.2925113732129312,-2.631059150835741,14.707298784375153,2.4799477344710965,2119036.98,2.123924163837132,0.7777777777777778,-8.715113217482884,0.7228662953628963,1.016910542280172,0.1188876680918955,0.4064497039489603,0.1903921102872262,2,-0.10165484633569744,0.0824117956819379,-0.009621525326879765,-4.964539007092195,1.0,유지
11410565,충현동,2022,⑤ 성숙·정체,0.2995828765231574,0.7071503310226213,14.211003928654506,-0.496294855720647,2595209.12,22.47115762934917,0.7281323877068558,-4.964539007092195,0.7433442315109308,1.002957589358295,0.1189391307663105,0.408547437492954,0.1932197384987178,2,0.0023640661938534313,0.12494818101352334,0.06365612360368839,-6.619385342789608,0.0,하락
11410565,충현동,2023,⑤ 성숙·정체,0.2721963617572359,-2.7386514765921524,12.641594663820927,-1.5694092648335793,2800949.48,7.927698712772702,0.6619385342789598,-6.619385342789608,0.7568862803509627,0.92793909540716,0.1119795640965253,0.404788323186246,0.1837156149572814,2,0.026004728132387744,0.1603363472376279,0.09317053768500783,8.274231678486998,2.0,상승
11410585,신촌동,2020,⑤ 성숙·정체,0.5707952567987256,,30.982867447289316,,5020108.88,,0.7725118483412322,,0.4727261473959551,1.0051348798110178,0.2404610890054957,0.455366252320775,0.3112438465194427,2,0.2109004739336493,0.21563981042654035,0.21327014218009482,8.564418002756213,2.0,상승
11410585,신촌동,2021,⑤ 성숙·정체,0.510369884348241,-6.042537245048452,29.174536409125363,-1.8083310381639528,4826603.31,-3.8546090259301335,0.8581560283687943,8.564418002756213,0.5877770975576123,1.103483977308302,0.2401037511090526,0.4107292874044973,0.308390874424124,2,0.11347517730496448,0.12762596215253263,0.12055056972874856,0.0,1.0,유지
11410585,신촌동,2022,⑤ 성숙·정체,0.5043338287247142,-0.6036055623526826,30.384966312017582,1.2104299028922192,6384621.0,32.279795747291296,0.8581560283687943,0.0,0.6495244384236166,1.0352963594957352,0.2449473597910068,0.4203255151631232,0.3129661013270175,2,0.11820330969267134,0.12762596215253263,0.12291463592260199,0.23640661938534313,1.0,유지
11410585,신촌동,2023,⑤ 성숙·정체,0.4966156130305103,-0.7718215694203945,29.559650681779697,-0.8253156302378848,7233362.17,13.293524705695138,0.8605200945626478,0.23640661938534313,0.6481315869469122,1.0210694384494452,0.2461561448389753,0.4243236594119132,0.312350712870223,2,0.11583924349881791,0.12289222771223374,0.11936573560552582,-1.4184397163120588,1.0,유지
11410615,연희동,2020,③ 급성장 신흥,0.3302130044333967,,15.368132235615976,,2300615.29,,0.3909952606635071,,0.3826258209322097,1.0268628289713178,0.2116159608449572,0.370127639621706,0.2698372624139486,4,0.3436018957345972,0.4834123222748815,0.41350710900473936,23.54822807076513,2.0,상승
11410615,연희동,2021,③ 급성장 신흥,0.3332277771353066,0.3014772701909918,16.23465488729426,0.8665226516782827,2339121.79,1.6737478955032081,0.6264775413711584,23.54822807076513,0.4562242314681353,1.1124043045970649,0.2251290677245675,0.3661895855427589,0.2876850590397782,4,0.17257683215130026,0.25266937806012124,0.21262310510571075,-6.14657210401891,0.0,하락
11410615,연희동,2022,③ 급성장 신흥,0.3435071826094444,1.0279405474137804,15.357426962107557,-0.8772279251867019,2759706.89,17.980470354217857,0.5650118203309693,-6.14657210401891,0.5046354681354277,1.013982173155776,0.2368237881337075,0.3591045526153102,0.2947533368201043,4,0.25768321513002357,0.30465642611452837,0.28116982062227597,4.491725768321508,1.0,유지
11410615,연희동,2023,③ 급성장 신흥,0.3115314727122242,-3.1975709897220206,13.669420880855734,-1.6880060812518227,2953288.83,7.014583349465786,0.6099290780141844,4.491725768321508,0.5035038548581091,1.0210541245649662,0.2399434290821721,0.3758222213016589,0.2981944997479554,4,0.17966903073286056,0.2431514907061948,0.21141026071952768,6.85579196217494,2.0,상승
11410620,홍제1동,2020,⑥ 쇠퇴 주의,0.2798732349235302,,4.660710658418955,,946937.35,,0.7985781990521327,,0.4441330148197441,1.089088939330414,0.2497094376139976,0.4396972595567871,0.3185712810982736,1,-0.26303317535545023,-0.485781990521327,-0.3744075829383886,2.884496879656706,1.0,유지
11410620,홍제1동,2021,⑥ 쇠퇴 주의,0.2514763284542579,-2.8396906469272345,4.414454369992462,-0.24625628842649316,993558.35,4.923345773614263,0.8274231678486997,2.884496879656706,0.3735834588329091,1.3290901556661423,0.2560275485212951,0.4172902424139134,0.330592351348993,1,-0.359338061465721,-0.5501719830145766,-0.4547550222401488,-48.93617021276596,0.0,하락
11410620,홍제1동,2022,⑥ 쇠퇴 주의,0.2202592857977081,-3.1217042656549787,4.516554522844662,0.10210015285220031,1118814.79,12.606852934203626,0.3380614657210402,-48.93617021276596,0.360722176607084,1.0437514240016037,0.2334183624237519,0.3896503777851328,0.2993095743441193,1,0.007092198581560294,-0.01341691595800698,-0.0031623586882233434,6.14657210401891,2.0,상승
11410620,홍제1동,2023,⑥ 쇠퇴 주의,0.2210453926038974,0.07861068061893184,4.775993770611951,0.2594392477672889,1286007.54,14.943737917515376,0.3995271867612293,6.14657210401891,0.3800948773072817,1.053624205047382,0.2207481904501864,0.3897361207359024,0.2813994165119676,1,0.047281323877068515,-0.0037925896048312535,0.02174436713611863,-3.3096926713947985,1.0,유지
11410640,홍제3동,2020,⑦ 일반,0.169779086688459,,5.717033149239606,,888527.47,,0.1018957345971564,,0.1699909508632553,1.053084951303157,0.2320570549704564,0.320673010316318,0.2817732966038762,0,-0.042654028436018954,0.33649289099526064,0.14691943127962084,-2.38815501999933,1.0,유지
11410640,홍제3동,2021,⑦ 일반,0.146365758094358,-2.3413328594101,5.264621542975707,-0.4524116062638992,900849.18,1.3867562248807142,0.0780141843971631,-2.38815501999933,0.1432472911637413,1.09951148498432,0.234313603404533,0.300762124657718,0.2837303561247872,0,-0.0425531914893617,0.3153507445127895,0.1363987765117139,2.36406619385343,1.0,유지
11410640,홍제3동,2022,⑦ 일반,0.1623869535222158,1.6021195427857793,5.214281645757026,-0.05033989721868082,1087967.8900000001,20.771369298465704,0.1016548463356974,2.36406619385343,0.1747033126662082,1.131972195047181,0.2365516415119236,0.3098160593365022,0.2889964183366446,0,-0.02364066193853427,0.30355842380648274,0.13995888093397424,-1.4184397163120588,1.0,유지
11410640,홍제3동,2023,⑦ 일반,0.141568445222123,-2.0818508300092797,4.8723646325032375,-0.34191701325378876,1189019.18,9.288076507478515,0.0874704491725768,-1.4184397163120588,0.1793236580614641,1.1285210423363323,0.2197168521865272,0.294190038859324,0.2690959076400311,0,-0.028368794326241134,0.31774282096960327,0.14468701332168107,-0.9456264775413712,1.0,유지
11410655,홍제2동,2020,⑦ 일반,0.2875607126324372,,2.6815263454753904,,223196.38999999998,,0.7132701421800948,,0.4450833821622797,1.1078896547858357,0.2254159383481858,0.4057526122780925,0.2910394433522099,0,-0.15165876777251186,-0.6540284360189573,-0.4028436018957346,-0.6414350217919806,1.0,유지
11410655,홍제2동,2021,⑦ 일반,0.3330961240580452,4.553541142560796,2.7036842745768905,0.022157929101500162,241256.72,8.091676572367511,0.706855791962175,-0.6414350217919806,0.3699611786941088,1.1263442874419554,0.2537420325553877,0.4391734947906356,0.3233697092282112,0,0.08983451536643028,-0.6428747493081466,-0.27652011697085815,-4.728132387706863,1.0,유지
11410655,홍제2동,2022,⑦ 일반,0.3201129139138333,-1.2983210144211887,2.595008276011492,-0.10867599856539867,381053.12,57.94508024481142,0.6595744680851063,-4.728132387706863,0.3989466346885317,1.079533142600232,0.2513158775378296,0.4558478250664761,0.3239310580682051,0,0.12056737588652489,-0.5932237571846324,-0.23632819064905375,6.382978723404264,2.0,상승
11410655,홍제2동,2023,⑦ 일반,0.2781978906221817,-4.191502329165159,2.3909740006678195,-0.20403427534367236,486688.27,27.72189609679616,0.723404255319149,6.382978723404264,0.3454427291185011,1.2225722130994172,0.2460152468155062,0.4589697868923399,0.3219995571681017,0,-0.014184397163120588,-0.6641625491580115,-0.33917347316056606,-19.385342789598113,0.0,하락
11410660,홍은1동,2020,⑦ 일반,0.1850768598206109,,2.793441300101449,,386646.75,,0.1540284360189573,,0.2473007279697236,0.9723597466659551,0.255115827265468,0.3216847009498458,0.3019860889696679,0,-0.07345971563981044,-0.07345971563981044,-0.07345971563981044,20.05814930590569,2.0,상승
11410660,홍은1동,2021,⑦ 일반,0.1896873198031863,0.46104599825753934,2.5888619857215245,-0.2045793143799246,388388.8,0.4505533797969363,0.3546099290780142,20.05814930590569,0.2448296812733029,1.2135074738220128,0.2695432643566032,0.3222247341437311,0.3236053440131827,0,-0.21749408983451538,-0.30721656414910425,-0.2623553269918098,-15.36643026004729,0.0,하락
11410660,홍은1동,2022,⑦ 일반,0.1611658854195836,-2.852143438360269,2.797550759714482,0.2086887739929577,456584.03,17.55849550759445,0.2009456264775413,-15.36643026004729,0.2853103209213688,1.039766625733977,0.2658935912909109,0.3255001436741063,0.3189676824425904,0,-0.13002364066193856,-0.11326790135905797,-0.12164577101049825,10.16548463356974,2.0,상승
11410660,홍은1동,2023,⑦ 일반,0.1442873502583397,-1.6878535161243908,2.8331498293928656,0.035599069678383444,558898.08,22.408591470008243,0.3026004728132387,10.16548463356974,0.2557163498795699,1.2331188227597538,0.2488907295154247,0.3143693181515387,0.3038652809827278,0,-0.23167848699763594,-0.18648672873740937,-0.20908260786752264,-18.20330969267139,0.0,하락
11410685,홍은2동,2020,⑦ 일반,0.2352374537978556,,5.6560398214858765,,1058130.28,,0.6990521327014217,,0.4518814716763511,1.0522211611643366,0.2367269271197732,0.4084530905220257,0.296586631612615,0,-0.419431279620853,-0.2748815165876777,-0.34715639810426535,-8.43949222995305,0.0,하락
11410685,홍은2동,2021,⑦ 일반,0.2210319944512997,-1.42054593465559,5.353315536530774,-0.3027242849551026,1089124.48,2.9291478172233987,0.6146572104018913,-8.43949222995305,0.3942287372351251,1.148096932153332,0.2281793898115213,0.3940873459519571,0.2937266711949426,0,-0.3215130023640662,-0.21418327675260213,-0.2678481395583342,-13.002364066193856,0.0,하락
11410685,홍은2동,2022,⑦ 일반,0.2045022883376102,-1.6529706113689508,5.813955993777,0.4606404572462264,1280951.56,17.61296192699664,0.4846335697399527,-13.002364066193856,0.4091573153826501,1.095991251695506,0.2304898112672219,0.3733551988253651,0.2925852041519061,0,-0.23640661938534277,-0.03439660291530816,-0.13540161115032545,-2.6004728132387687,1.0,유지
11410685,홍은2동,2023,⑦ 일반,0.1946972581990474,-0.9805030138562792,5.187165433936313,-0.6267905598406873,1376579.77,7.465404078199489,0.458628841607565,-2.6004728132387687,0.4324172106578088,1.0777775797895424,0.2139476753747786,0.3649340831859356,0.2760594189737937,0,-0.1607565011820331,-0.027349220754484427,-0.09405286096825877,-9.45626477541371,0.0,하락
11410690,남가좌1동,2020,⑦ 일반,0.1239814089015488,,4.445677793101368,,702874.15,,0.1658767772511848,,0.3238951638176142,0.9984953986825006,0.2302973350696909,0.2850674675132162,0.2741139172439196,0,-0.15402843601895733,0.11611374407582942,-0.018957345971563955,9.889863646039911,2.0,상승
11410690,남가좌1동,2021,⑦ 일반,0.1420215487815588,1.804013988000999,4.213272464325675,-0.23240532877569287,641096.92,-8.789230618311972,0.2647754137115839,9.889863646039911,0.3195809070185846,1.0962399358880368,0.2523650428641873,0.2906187051671671,0.2988070241664156,0,-0.24113475177304963,-0.008851243095470196,-0.12499299743425991,-14.8936170212766,0.0,하락
11410690,남가좌1동,2022,⑦ 일반,0.1211962782302138,-2.082527055134499,3.6445464340164024,-0.5687260303092723,641181.02,0.013118141325652033,0.1158392434988179,-14.8936170212766,0.2354779750414033,1.1293032740292486,0.2356052291113638,0.2693504143903326,0.2820137429720585,0,-0.09219858156028368,0.08558255744904933,-0.0033080120556171766,2.36406619385343,1.0,유지
11410690,남가좌1동,2023,⑦ 일반,0.1311303451497369,0.9934066919523101,3.479194768970484,-0.16535166504591858,787302.0,22.789348942362643,0.1394799054373522,2.36406619385343,0.2471530833633706,1.1154460887475115,0.2260846728530288,0.3148343275879336,0.2799807848556681,0,-0.09929078014184398,0.090377914467861,-0.004456432836991486,-1.18203309692671,1.0,유지
11410700,남가좌2동,2020,⑦ 일반,0.3114489641370727,,9.540729663163617,,823712.68,,0.6255924170616114,,0.4269046556052202,1.0119285188119231,0.2461042913613989,0.4048077675062673,0.3091079019941852,0,0.04739336492890989,0.07345971563981035,0.06042654028436012,1.7433587666521033,1.0,유지
11410700,남가좌2동,2021,⑦ 일반,0.2911210239102389,-2.032794022683376,9.88200117798541,0.3412715148217931,819348.01,-0.5298777238684771,0.6430260047281324,1.7433587666521033,0.3823234788578278,1.1265863231583708,0.2403717977158546,0.4126589989301389,0.3088805927857621,0,0.026004728132387633,0.07735314219129885,0.05167893516184324,-20.567375886524825,0.0,하락
11410700,남가좌2동,2022,⑦ 일반,0.2576805989555809,-3.3440424954658043,10.440424222371353,0.5584230443859433,972549.37,18.697959613034264,0.4373522458628842,-20.567375886524825,0.3959798128666993,1.0800044278455123,0.2311749719031397,0.3767794304727435,0.2926696982610275,0,0.11347517730496454,0.2972449105352201,0.20536004392009233,-3.309692671394809,1.0,유지
11410700,남가좌2동,2023,⑦ 일반,0.2623037105247799,0.46231115691990343,9.593356423512473,-0.8470677988588804,1106346.26,13.757336555572497,0.4042553191489361,-3.309692671394809,0.4009528897298503,1.0528829663168036,0.2283301948732677,0.3635154518634979,0.2865071740211706,0,0.2553191489361702,0.3279721690027226,0.2916456589694464,5.67375886524823,2.0,상승
11410710,북가좌1동,2020,⑦ 일반,0.224058049522633,,2.5314134134400033,,331291.6,,0.5971563981042654,,0.4079801581564655,0.8494424596047919,0.2061746784304252,0.5565524903768186,0.2833735048384271,0,-0.3744075829383886,-0.5473933649289099,-0.46090047393364925,-34.420131536194866,0.0,하락
11410710,북가좌1동,2021,⑦ 일반,0.1798804794798699,-4.41775700427631,2.733891582176027,0.20247816873602353,375629.38,13.383309447024928,0.2529550827423167,-34.420131536194866,0.327953908467832,0.863534155512554,0.206047578390218,0.4929384426607164,0.2773612216882429,0,-0.14657210401891252,-0.18423470359539734,-0.16540340380715493,53.66430260047282,2.0,상승
11410710,북가좌1동,2022,⑦ 일반,0.1745964326202446,-0.5284046859625302,2.90643330704556,0.17254172486953312,469609.95,25.019493949062245,0.789598108747045,53.66430260047282,0.3414257347082477,1.2800248079455558,0.2367319624904115,0.4924966952993715,0.3187975626295475,0,-0.6690307328605202,-0.6829630376569975,-0.6759968852587588,-67.61229314420805,0.0,하락
11410710,북가좌1동,2023,⑦ 일반,0.1413913615444705,-3.320507107577411,2.5350622572779637,-0.37137104976759616,552074.41,17.560202887524,0.1134751773049645,-67.61229314420805,0.2704862874418782,0.8114939810681122,0.2066397978417445,0.4563116565846699,0.2648048593549302,0,-0.05910165484633569,-0.03527612517226311,-0.047188890009299406,2.8368794326241105,1.0,유지
11410720,북가좌2동,2020,⑦ 일반,0.284404094846819,,5.619768878330868,,1313377.5,,0.5734597156398105,,0.3480404391145408,1.054694312261294,0.2608342139507031,0.3971678447308637,0.3216735892441432,0,-0.026066350710900466,-0.15165876777251186,-0.08886255924170616,-3.4452623441228902,1.0,유지
11410720,북가좌2동,2021,⑦ 일반,0.2451130501667411,-3.929104468007791,5.999418858678171,0.3796499803473026,1345214.96,2.424090560406289,0.5390070921985816,-3.4452623441228902,0.3215014134098715,1.1543652853823756,0.2452229212712003,0.4027030544596408,0.31145526700486,0,-0.10401891252955081,-0.06507344290948203,-0.08454617771951642,8.274231678486998,2.0,상승
11410720,북가좌2동,2022,⑦ 일반,0.2523548073776521,0.7241757210910998,6.01142281377107,0.012003955092898977,1630186.78,21.184110233207633,0.6217494089834515,8.274231678486998,0.3275171911204179,1.2162540491434632,0.2608215062994255,0.3950439500072494,0.3247235871478068,0,-0.09219858156028371,-0.152555096187243,-0.12237683887376336,15.839243498817968,2.0,상승
11410720,북가좌2동,2023,⑦ 일반,0.2607083474374695,0.8353540059817421,5.6750416236096575,-0.3363811901614122,1703990.85,4.527338272243875,0.7801418439716312,15.839243498817968,0.3023744038392745,1.4647707311452962,0.2496711148080126,0.3940042404850949,0.320018949167952,0,-0.12765957446808507,-0.2943598534503042,-0.21100971395919463,-35.224586288416084,0.0,하락
11440555,아현동,2020,⑦ 일반,0.2875687524910706,,7.209675243612468,,914185.5599999999,,0.1872037914691943,,0.2557161136043639,1.1644291975749637,0.182350771901181,0.3301202492662973,0.2387903156325346,0,0.3767772511848342,0.3838862559241706,0.3803317535545024,-0.2806628348626994,1.0,유지
11440555,아현동,2021,⑦ 일반,0.2874737262218099,-0.009502626926072288,7.6659350372140524,0.45625979360158464,1003139.86,9.730442471657508,0.1843971631205673,-0.2806628348626994,0.236563204776403,1.2099884892717072,0.1983731299568262,0.3256968326225937,0.2551486835327782,0,0.4680851063829788,0.4293469127088165,0.44871600954589763,-5.91016548463357,0.0,하락
11440555,아현동,2022,⑦ 일반,0.2973330884189746,0.9859362197164712,6.862962559697186,-0.8029724775168665,1208191.35,20.44096722465003,0.1252955082742316,-5.91016548463357,0.2293716875137489,1.235450924858081,0.1743451324026993,0.3023327131852097,0.2309357201493924,0,0.5933806146572105,0.43157652964046034,0.5124785721488354,-2.8368794326241105,1.0,유지
11440555,아현동,2023,⑦ 일반,0.2882847563427094,-0.9048332076265209,6.3743420300995295,-0.48862052959765645,1413757.68,17.01438517996341,0.0969267139479905,-2.8368794326241105,0.2124062105349919,1.2307088803863109,0.1774749955840097,0.2851529697802495,0.2308015784990434,0,0.6453900709219857,0.43861830974869187,0.5420041903353388,-0.23640661938534036,1.0,유지
11440565,공덕동,2020,⑦ 일반,0.289179670200203,,9.496538769419093,,1520931.61,,0.5616113744075829,,0.4245678197577402,1.027029033943733,0.2255288140671281,0.3886038469651979,0.2864639595099892,0,0.011848341232227555,0.13507109004739337,0.07345971563981046,-6.7521539892216484,0.0,하락
11440565,공덕동,2021,⑦ 일반,0.2604952136264765,-2.8684456573726536,9.58084933096681,0.0843105615477171,1751645.54,15.169250772557753,0.4940898345153664,-6.7521539892216484,0.3869359950762239,1.0984806807483314,0.2109869064989986,0.389744233454509,0.2763755271733452,0,0.02600472813238769,0.2144409711718374,0.12022284965211255,19.858156028368796,2.0,상승
11440565,공덕동,2022,⑦ 일반,0.2667874415354246,0.6292227908948123,8.671895886213262,-0.9089534447535481,2305348.48,31.610444428157525,0.6926713947990544,19.858156028368796,0.4793855898248916,1.1481820998990984,0.2106700744542771,0.412572928963284,0.2838124880396521,0,-0.099290780141844,-0.019685612808533093,-0.05948819647518855,4.728132387706852,1.0,유지
11440565,공덕동,2023,⑦ 일반,0.2597070957446715,-0.7080345790753118,7.271641729111216,-1.4002541571020464,2448459.05,6.207763001626532,0.7399527186761229,4.728132387706852,0.5264062638388431,1.1050924869826635,0.2076706573962011,0.4174435525413378,0.2797297497967048,0,-0.09456264775413703,-0.11672996986095696,-0.105646308807547,-4.018912529550822,1.0,유지
11440585,도화동,2020,⑤ 성숙·정체,0.3153372538442117,,12.462617630711254,,1300787.0,,0.7914691943127962,,0.5573350792961331,1.026555131858618,0.1788684493380984,0.4652725434473281,0.2605515520260453,2,-0.10426540284360186,0.009478672985782088,-0.04739336492890989,-2.31476813104321,1.0,유지
11440585,도화동,2021,⑤ 성숙·정체,0.2979104945450559,-1.742675929915577,11.967912001034959,-0.49470562967629483,1226792.61,-5.688432464346571,0.7683215130023641,-2.31476813104321,0.5523681624052278,1.0481883257125837,0.1729141031445235,0.4700668811471358,0.2549797758615923,2,-0.07092198581560283,0.006560003585313612,-0.03218099111514461,-16.07565011820331,0.0,하락
11440585,도화동,2022,⑤ 성숙·정체,0.2624348072257796,-3.5475687319276306,11.262825461676965,-0.7050865393579944,1583660.34,29.08949133627403,0.607565011820331,-16.07565011820331,0.5649996250704687,0.8563739323786478,0.1669012065662417,0.519114517049848,0.2512401531479896,2,-0.047281323877068515,0.15546816353511927,0.05409341982902538,4.255319148936176,1.0,유지
11440585,도화동,2023,⑤ 성숙·정체,0.258664878991469,-0.37699282343106044,10.209463749295209,-1.053361712381756,1829103.6099999999,15.498479301439083,0.6501182033096927,4.255319148936176,0.6036333134292208,0.7934598316198762,0.1757461009101001,0.5271364892011302,0.2600478390027364,2,-0.011820330969267157,0.11291497204575751,0.05054732053824518,18.43971631205673,2.0,상승
11440590,용강동,2020,④ 잠재 후보,0.2254881600007178,,6.8613334492378275,,1301301.28,,0.462085308056872,,0.5069373898306513,0.920989940490162,0.1886167624463001,0.3775524779605086,0.2508390108783746,3,-0.22748815165876776,0.07819905213270145,-0.07464454976303316,15.730003473272614,2.0,상승
11440590,용강동,2021,④ 잠재 후보,0.2170674326886566,-0.8420727312061199,7.18936933311169,0.32803588387386284,1393777.47,7.106439640173101,0.6193853427895981,15.730003473272614,0.5105583219218891,1.1055932022583053,0.1854303498172685,0.3659798831868153,0.2508189172994583,3,-0.3546099290780142,-0.05303463188912416,-0.20382228048356918,15.36643026004728,2.0,상승
11440590,용강동,2022,④ 잠재 후보,0.2146924427958881,-0.23749898927685198,6.529485598603624,-0.6598837345080666,1626289.52,16.6821501283128,0.7730496453900709,15.36643026004728,0.5755364617305515,1.1531772806844416,0.1945586431093977,0.3925743685590668,0.26690817752898,3,-0.458628841607565,-0.24935296292561593,-0.35399090226659047,-12.056737588652478,0.0,하락
11440590,용강동,2023,④ 잠재 후보,0.1944994784872865,-2.0192964308601598,5.470419461772224,-1.0590661368314,1506721.57,-7.352193353616398,0.6524822695035462,-12.056737588652478,0.547418835344358,1.0853108133595406,0.1868752310029555,0.3989442401348302,0.2578863876900426,3,-0.3593380614657211,-0.1880272932002286,-0.27368267733297486,0.7092198581560183,1.0,유지
11440600,대흥동,2020,⑦ 일반,0.3463114761830165,,21.57892102453589,,1456844.62,,0.0734597156398104,,0.2403758663796604,1.0269807374840312,0.1753150682673853,0.2860982866831204,0.2229829614338247,0,0.7109004739336493,0.8696682464454976,0.7902843601895735,0.9282601145059508,1.0,유지
11440600,대흥동,2021,⑦ 일반,0.3234397133681317,-2.287176281488479,20.78953433614205,-0.7893866883938401,1434284.17,-1.5485831289269725,0.0827423167848699,0.9282601145059508,0.2367968663398077,1.134139161258287,0.162837989963316,0.2851971100458195,0.2126587538382745,0,0.6832151300236406,0.8414282993288741,0.7623217146762573,1.4184397163120601,1.0,유지
11440600,대흥동,2022,⑦ 일반,0.3521570971900958,2.8717383821964093,20.121692137023516,-0.6678421991185353,1864294.6500000001,29.98084263873597,0.0969267139479905,1.4184397163120601,0.2723714345675089,1.1311952298292591,0.172585342488362,0.2976173574530115,0.2257539872635466,0,0.7375886524822695,0.8272439021657535,0.7824162773240115,0.23640661938534036,1.0,유지
11440600,대흥동,2023,⑦ 일반,0.3369502987603545,-1.520679842974132,19.06631611235156,-1.0553760246719541,2078380.73,11.48348947951976,0.0992907801418439,0.23640661938534036,0.291565210652582,1.1033273641119603,0.1671073746108941,0.3017640018975075,0.218884139881999,0,0.7375886524822695,0.8225101677254546,0.780049410103862,1.1820330969267199,1.0,유지
11440610,염리동,2020,⑤ 성숙·정체,0.341275779467749,,8.902765924795169,,493605.25,,0.9597156398104264,,0.6561560129580122,1.1070815544245245,0.248216585941817,0.5120400582517892,0.3335584124939726,2,-0.18957345971563977,-0.2890995260663507,-0.23933649289099523,-5.427828756456366,0.0,하락
11440610,염리동,2021,⑤ 성숙·정체,0.2944180767990413,-4.685770266870771,8.984826544877908,0.08206062008273918,609963.25,23.57308800909228,0.9054373522458627,-5.427828756456366,0.55342565616846,1.1331024858509335,0.2531566098677508,0.4705413560231975,0.3318373046753361,2,-0.21985815602836878,-0.22060322902311402,-0.2202306925257414,-0.23640661938533203,1.0,유지
11440610,염리동,2022,⑤ 성숙·정체,0.3109918581826652,1.657378138362392,8.970273972186474,-0.014552572691433951,947763.36,55.380403655466125,0.9030732860520094,-0.23640661938533203,0.6049985275478172,1.1008791327595857,0.2510347381420273,0.487356476434391,0.3311519534846008,2,-0.13238770685579193,-0.21113015808992408,-0.171758932472858,1.891252955082734,1.0,유지
11440610,염리동,2023,⑤ 성숙·정체,0.2987875363295038,-1.2204321853161448,8.534436514674594,-0.4358374575118802,1356692.03,43.14670594566983,0.9219858156028368,1.891252955082734,0.6143250897052474,1.1202741258335691,0.2509880284333259,0.4954798954792756,0.334113082012832,2,-0.15839243498817968,-0.2253033511478606,-0.19184789306802014,-3.782505910165468,1.0,유지
11440630,신수동,2020,⑦ 일반,0.256308497509744,,8.597074943767643,,773384.79,,0.0947867298578199,,0.3640835883372421,0.8832842601605154,0.1714631178553968,0.3017054760097676,0.2176029811176517,0,0.3175355450236967,0.556872037914692,0.4372037914691943,3.7600976997972007,1.0,유지
11440630,신수동,2021,⑦ 일반,0.1860226267021267,-7.0285870807617306,7.885951536852617,-0.7111234069150258,756565.39,-2.17477770670923,0.1323877068557919,3.7600976997972007,0.2871254153354988,1.1484828737618282,0.1597183717614409,0.3229345870095973,0.2084065843566139,0,-0.004728132387706863,0.48609570546648295,0.24068378653938804,-4.72813238770685,1.0,유지
11440630,신수동,2022,⑦ 일반,0.2037395464414002,1.77169197392735,7.529766118840387,-0.35618541801223014,910355.5,20.327404879041588,0.0851063829787234,-4.72813238770685,0.3519572971912307,0.8652622123154525,0.1686801796327922,0.3865828442497318,0.2270100742256915,0,0.15839243498817968,0.5120500151255419,0.3352212250568608,8.74704491725768,2.0,상승
11440630,신수동,2023,⑦ 일반,0.2012857819654588,-0.24537644759413946,6.84509556260008,-0.6846705562403068,949698.94,4.321766606561939,0.1725768321513002,8.74704491725768,0.4169716313776256,0.9482718452807716,0.1692651225954801,0.366160025213217,0.225807447962112,0,0.15839243498817965,0.4151008929671831,0.2867466639776814,-2.6004728132387718,1.0,유지
11440655,서강동,2020,⑤ 성숙·정체,0.5344969515790007,,30.776997346193447,,1538416.58,,0.9549763033175356,,0.5673202270970228,1.1196078922254251,0.3057657497625864,0.4866578462973691,0.3826589638714316,2,0.02132701421800942,0.0308056872037914,0.02606635071090041,0.719863758080963,1.0,유지
11440655,서강동,2021,⑤ 성숙·정체,0.511143053503458,-2.3353898075542667,30.613946204110437,-0.16305114208300964,1638728.92,6.520492648356657,0.9621749408983452,0.719863758080963,0.6018903845812313,1.147156583733935,0.2919184160661466,0.4861729156562124,0.3732058314883084,2,0.011820330969267157,0.025976717869427457,0.018898524419347307,-0.23640661938534313,1.0,유지
11440655,서강동,2022,⑤ 성숙·정체,0.5360828889097661,2.4939835406308064,34.216415372724896,3.6024691686144585,2423138.4,47.866945559244776,0.9598108747044918,-0.23640661938534313,0.6396636125534497,1.152438130085454,0.3089099856523863,0.4860236928213906,0.388049785518386,2,0.02127659574468077,0.028340784063280777,0.024808689903980774,-0.23640661938534313,1.0,유지
11440655,서강동,2023,⑤ 성숙·정체,0.5293762190657818,-0.670666984398427,33.3466723722315,-0.8697430004933935,2680727.87,10.630406831074946,0.9574468085106383,-0.23640661938534313,0.6536960190626344,1.1661613513460551,0.3039326180702789,0.4804785544984398,0.3807935734064734,2,0.028368794326241065,0.03070485025713421,0.029536822291687637,0.23640661938534313,1.0,유지
11440660,서교동,2020,① 레전드,0.621093545492089,,40.49941025416919,,10547408.18,,0.9502369668246444,,0.5477164372137691,1.145168044246737,0.3037464308383278,0.4823571777409791,0.379849671632611,6,0.04502369668246442,0.04739336492891,0.04620853080568721,1.9030172655260968,1.0,유지
11440660,서교동,2021,① 레전드,0.6019499633385913,-1.9143582153497651,39.14661385017541,-1.3527964039937785,10977611.72,4.07876070270754,0.9692671394799054,1.9030172655260968,0.6006797958852812,1.1508501746299558,0.3103363732267543,0.5012562575706772,0.3898818031509152,6,0.023640661938534313,0.02836319227364914,0.026001927106091727,0.9456264775413836,1.0,유지
11440660,서교동,2022,① 레전드,0.6049679410820534,0.301797774346213,39.89069495265657,0.7440811024811538,16023862.05,45.96856273214953,0.9787234042553192,0.9456264775413836,0.6678710496307416,1.198662816077143,0.3338102000701339,0.5046301820050307,0.4138632317317984,6,0.011820330969267157,0.018906927498235415,0.015363629233751286,0.23640661938532093,1.0,유지
11440660,서교동,2023,① 레전드,0.5850837689788155,-1.9884172103237896,39.18320965933095,-0.7074852933256182,17830883.0,11.277062573064267,0.9810874704491724,0.23640661938532093,0.6704637320576021,1.2110687211204805,0.3328754772556686,0.4871210222495308,0.410007804674267,6,0.011820330969267157,0.016542861304381984,0.01418159613682457,-0.9456264775413614,1.0,유지
11440680,합정동,2020,⑤ 성숙·정체,0.586942450738731,,27.445515824987794,,1948983.81,,0.8601895734597157,,0.4504230307665823,1.0880715761815267,0.2649619101316109,0.4762209201714582,0.3397884890430837,2,0.12559241706161128,0.11374407582938384,0.11966824644549756,9.25291026632159,2.0,상승
11440680,합정동,2021,⑤ 성숙·정체,0.4954014410985074,-9.154100964022355,27.609594762319446,0.16407893733165224,1862687.1,-4.427779725886993,0.9527186761229316,9.25291026632159,0.5579670538511283,1.2766891496290402,0.2676489269996611,0.4681774749613888,0.3507327417468832,2,0.011820330969267046,0.02832397790550456,0.020072154437385803,-3.782505910165501,1.0,유지
11440680,합정동,2022,⑤ 성숙·정체,0.4991429103932921,0.3741469294784694,27.102077151896818,-0.507517610422628,2399223.19,28.804413258673446,0.9148936170212766,-3.782505910165501,0.5723078867938852,1.1459395485304855,0.2814734642336867,0.4747601402569623,0.3577773824089975,2,0.05673758865248224,0.05904003226782295,0.057888810460152595,1.891252955082745,1.0,유지
11440680,합정동,2023,⑤ 성숙·정체,0.4829874621159728,-1.6155448277319295,24.78254471166058,-2.3195324402362374,2614240.86,8.961970311732447,0.933806146572104,1.891252955082745,0.5919802290800833,1.1427249104177768,0.2819531067638003,0.4740699982334972,0.3594385033916948,2,0.03546099290780136,0.03301849797765899,0.034239745442730174,2.3640661938534313,1.0,유지
11440690,망원1동,2020,⑤ 성숙·정체,0.39157723406036,,19.381638851830445,,1445059.74,,0.7488151658767772,,0.3974708042186426,1.07217000254093,0.2855830075867644,0.4158902317447076,0.3509446489898014,2,0.1090047393364929,0.16824644549763035,0.13862559241706163,0.5321949962466266,1.0,유지
11440690,망원1동,2021,⑤ 성숙·정체,0.3862195424039189,-0.5357691656441066,19.686914570332906,0.30527571850246105,1685909.18,16.667092254608097,0.7541371158392435,0.5321949962466266,0.386706602135484,1.1260744484965115,0.2885774563748668,0.4161448393330001,0.3560084655830921,2,0.12529550827423175,0.16055482728871862,0.14292516778147518,6.382978723404253,2.0,상승
11440690,망원1동,2022,⑤ 성숙·정체,0.3807420829477583,-0.5477459456160627,20.64804650543869,0.961131935105783,1961700.8800000001,16.358633268726862,0.817966903073286,6.382978723404253,0.4264307542837581,1.1755087572474312,0.3032879830989652,0.4127986567280611,0.3710310944382481,2,0.06382978723404265,0.1109430495333491,0.08738641838369587,-1.4184397163120477,1.0,유지
11440690,망원1동,2023,⑤ 성숙·정체,0.3721946166047014,-0.854746634305692,19.678119571156643,-0.9699269342820465,2108431.39,7.479759605348191,0.8037825059101655,-1.4184397163120477,0.4319481579855366,1.1280871180656735,0.2946543228373994,0.4176669070696085,0.3614027512335717,2,0.09456264775413703,0.12512744669646958,0.1098450472253033,-0.23640661938534313,1.0,유지
11440700,망원2동,2020,⑦ 일반,0.3144047972503051,,13.232690972534389,,1125651.92,,0.3981042654028436,,0.3133282953906087,1.0256820857060611,0.24688369190758,0.3873776801744278,0.3080622067036335,0,0.2819905213270142,0.419431279620853,0.3507109004739336,15.035909157115167,2.0,상승
11440700,망원2동,2021,⑦ 일반,0.3018013481539753,-1.2603449096329822,14.17467210193151,0.9419811293971208,1085974.68,-3.5248231975653743,0.5484633569739953,15.035909157115167,0.3191785048480917,1.1709624939332866,0.2594710761676974,0.3770422994999217,0.3229291834015567,0,0.1678486997635934,0.29276887051415634,0.23030878513887487,-4.9645390070922,1.0,유지
11440700,망원2동,2022,⑦ 일반,0.2959033714190254,-0.5897976734949906,14.178340017780105,0.003667915848595271,1364401.12,25.638391495462876,0.4988179669030733,-4.9645390070922,0.3545846674173439,1.1034215474924711,0.2623784682348781,0.3817163500299311,0.3254421766478245,0,0.21513002364066197,0.34952326532441486,0.2823266444825384,-16.31205673758866,0.0,하락
11440700,망원2동,2023,⑦ 일반,0.2846348876412106,-1.1268483777814808,13.8006666336947,-0.37767338408540496,1453355.8800000001,6.51969268392274,0.3356973995271867,-16.31205673758866,0.3320435391351817,1.0312171899860487,0.2532127196756382,0.3677029389787591,0.311454641474475,0,0.39479905437352253,0.5221225056860834,0.45846078002980295,-3.3096926713947985,1.0,유지
11440710,연남동,2020,⑤ 성숙·정체,0.5958268796683199,,41.360021745376876,,1760410.97,,0.9976303317535544,,0.7181241268996702,1.2244784579370431,0.3421305728478525,0.5269521177663827,0.4271877687300692,2,-0.009478672985781977,0.0023696682464454666,-0.0035545023696682554,0.23696682464455776,1.0,유지
11440710,연남동,2021,⑤ 성숙·정체,0.628668312583066,3.284143291474606,42.23301972269661,0.8729979773197343,2078651.8599999999,18.077647516590957,1.0,0.23696682464455776,0.8338006625846102,1.3358134308846097,0.366178743156497,0.5449471142530612,0.4543421672725456,2,-0.0023640661938534313,0.0,-0.0011820330969267157,0.0,1.0,유지
11440710,연남동,2022,⑤ 성숙·정체,0.6172187167715715,-1.1449595811494517,41.07007636416106,-1.16294335853555,2335321.93,12.347910438451205,1.0,0.0,0.8556621004812033,1.3461374466850615,0.3811774271003329,0.5506277284520056,0.4699729027155575,2,-0.004728132387706863,0.0,-0.0023640661938534313,0.0,1.0,유지
11440710,연남동,2023,⑤ 성숙·정체,0.6417190018791561,2.450028510758462,39.24125286232243,-1.8288235018386274,2311850.83,-1.0050477280449388,1.0,0.0,0.8667290790088142,1.349563077779415,0.3778538735202386,0.5587858514131809,0.4670829879447207,2,0.0,0.0,0.0,-0.23640661938534313,1.0,유지
11440720,성산1동,2020,⑦ 일반,0.2602851221630786,,11.86856173753193,,952172.66,,0.3341232227488152,,0.3094369987795868,1.1530346903945885,0.2147861259240329,0.3313232528803445,0.2691366973481139,0,0.1018957345971564,0.4502369668246446,0.27606635071090047,-11.426506672044637,0.0,하락
11440720,성산1동,2021,⑦ 일반,0.2495157755678674,-1.07693465952112,12.282367784922485,0.4138060473905547,967569.3,1.6170008494047705,0.2198581560283688,-11.426506672044637,0.3191034075697276,1.056901896935824,0.2198038696986561,0.3352118275672318,0.2731429357524371,0,0.23640661938534277,0.5621323652986454,0.3992694923419941,12.529550827423162,2.0,상승
11440720,성산1동,2022,⑦ 일반,0.2916085851345744,4.2092809566707,11.371335612821923,-0.9110321721005619,1182388.02,22.201894996048345,0.3451536643026004,12.529550827423162,0.2746576514418651,1.303509770425857,0.2280283066426624,0.3155724694435311,0.2841966955928217,0,0.35933806146572106,0.4226188475457408,0.39097845450573093,55.7919621749409,2.0,상승
11440720,성산1동,2023,⑦ 일반,0.3217576363392124,3.0149051204638013,10.797183231727416,-0.5741523810945068,1328728.4,12.376679865210406,0.9030732860520094,55.7919621749409,0.2612318521822251,1.9725984359518105,0.2636613710698287,0.2920368049396473,0.3254726903196531,0,-0.09456264775413714,-0.13293110595722268,-0.11374687685567991,-52.00945626477541,0.0,하락
11440730,성산2동,2020,⑦ 일반,0.3095483228760666,,6.123936124849873,,2189553.21,,0.4052132701421801,,0.3476080854466987,0.9420511334383502,0.2522789306821027,0.401380375667438,0.3092055530198299,0,0.26303317535545023,0.07582938388625593,0.16943127962085308,16.925481496420293,2.0,상승
11440730,성산2동,2021,⑦ 일반,0.278116716493879,-3.1431606382187613,6.20347476459525,0.079538639745377,2268790.24,3.6188675222923905,0.574468085106383,16.925481496420293,0.4130196958005362,1.0397716958068708,0.2526235109584608,0.3938606318034777,0.3129909005279501,0,0.04018912529550822,-0.09579509932439251,-0.027802987014442143,-3.309692671394804,1.0,유지
11440730,성산2동,2022,⑦ 일반,0.2806226622257071,0.25059457318281075,6.305056706363459,0.10158194176820867,2777205.95,22.409110416483458,0.541371158392435,-3.309692671394804,0.4744821296189616,0.968425837172624,0.2535136738289704,0.3869137043375837,0.3137917248977793,0,0.11583924349881791,-0.043740826638880514,0.0360492084299687,6.382978723404253,2.0,상승
11440730,성산2동,2023,⑦ 일반,0.2563001726176369,-2.432248960807021,6.767130138314012,0.46207343195055284,3246810.62,16.909249024185623,0.6052009456264775,6.382978723404253,0.4294358893635792,1.1103030305089072,0.2555809571049817,0.3694285380915777,0.3144959269406266,0,0.01891252955082745,-0.03411089823311264,-0.007599184341142595,-22.695035460992912,0.0,하락
11440740,상암동,2020,④ 잠재 후보,0.3736524379588908,,7.174891235986082,,2520033.88,,0.4360189573459715,,0.5335203741962963,0.971267449557736,0.1449899728635801,0.3714600986521608,0.2078834350074113,3,0.38862559241706157,0.13270142180094785,0.2606635071090047,15.2633524923532,2.0,상승
11440740,상암동,2021,④ 잠재 후보,0.3525622546052836,-2.1090183353607186,7.0605623326158105,-0.11432890337027146,2632222.92,4.451886178609632,0.5886524822695035,15.2633524923532,0.6268902329036142,0.9866575394387412,0.1407768103385027,0.3781439122764138,0.2068039065096071,3,0.2434988179669031,-0.04125911734059351,0.10111985031315479,3.78250591016549,1.0,유지
11440740,상암동,2022,④ 잠재 후보,0.3410676060188968,-1.1494648586386824,8.959764631019253,1.8992022984034422,3113667.73,18.290426936940428,0.6264775413711584,3.78250591016549,0.6567347552878794,0.9821311683312932,0.1444785171398253,0.3921670201857629,0.2129765715943268,3,0.18676122931442074,0.06309591834448136,0.12492857382945105,-2.6004728132387744,1.0,유지
11440740,상암동,2023,④ 잠재 후보,0.3317481827571538,-0.931942326174301,9.283736003025803,0.32397137200655024,3465711.54,11.306402626332911,0.6004728132387707,-2.6004728132387744,0.6569563867327484,0.9569935334590854,0.1496416886039356,0.3887589780902784,0.2159748535812495,3,0.22695035460992907,0.12227600192710608,0.17461317826851758,-2.6004728132387633,1.0,유지
11470510,목1동,2020,⑤ 성숙·정체,0.3146986661737848,,9.361351498916987,,4615829.67,,0.7156398104265402,,0.3475468884374431,1.149514699725816,0.2553932246224016,0.4289553237492672,0.3253202709797352,2,-0.033175355450236865,-0.02132701421800942,-0.027251184834123143,10.232709264674577,2.0,상승
11470510,목1동,2021,⑤ 성숙·정체,0.2984906966362764,-1.620796953750836,8.291912755212037,-1.06943874370495,4910524.17,6.3844318588125,0.817966903073286,10.232709264674577,0.3939394064904765,1.2082179276492575,0.2664806722122106,0.4503087334183863,0.3419145552222097,2,-0.11820330969267134,-0.1781564765330017,-0.14817989311283652,-5.910165484633567,0.0,하락
11470510,목1동,2022,⑤ 성숙·정체,0.271550008043521,-2.6940688592755446,7.658380768594402,-0.6335319866176352,5379154.19,9.54338078331871,0.7588652482269503,-5.910165484633567,0.3954481910587091,1.1345835451497903,0.2753564643721092,0.4528180665552435,0.3480477126902661,2,-0.13475177304964536,-0.1522301771369029,-0.14349097509327413,-1.1820330969267157,1.0,유지
11470510,목1동,2023,⑤ 성숙·정체,0.2456094839259902,-2.5940524117530783,6.917952051425341,-0.7404287171690607,4798655.26,-10.791639530972441,0.7470449172576832,-1.1820330969267157,0.3923817044162137,1.1413514182567073,0.2657887689808919,0.4441794230316107,0.3384066857468405,2,-0.1607565011820331,-0.15699752389275423,-0.15887701253739367,1.4184397163120588,1.0,유지
11470520,목2동,2020,② 라이징스타,0.3733430239706895,,6.406517336462492,,808975.88,,0.6587677725118484,,0.357384221045403,1.0943681508509375,0.2366317349111205,0.4444412467877477,0.3088041030207948,5,0.1635071090047393,-0.16350710900473936,-2.7755575615628914e-17,0.7898894154818259,1.0,유지
11470520,목2동,2021,② 라이징스타,0.3665835904358313,-0.675943353485825,6.427042338595834,0.020525002133342518,833600.39,3.043911519339737,0.6666666666666666,0.7898894154818259,0.3561034222173829,1.0661215631133083,0.2550338814205612,0.4661290239429138,0.3294854493139435,5,0.19148936170212771,-0.16429699842022116,0.013596181640953275,11.111111111111116,2.0,상승
11470520,목2동,2022,② 라이징스타,0.3647266501710247,-0.18569402648065947,6.018487166421156,-0.40855517217467785,984487.27,18.100624928930277,0.7777777777777778,11.111111111111116,0.3873149790694442,1.1866917311305,0.2614442236433142,0.4607235290548229,0.3380151980510162,5,0.09219858156028371,-0.30384412848867826,-0.10582277346419727,-1.891252955082745,1.0,유지
11470520,목2동,2023,② 라이징스타,0.3380087369578614,-2.6717913213163302,5.469630146168849,-0.5488570202523073,1071404.07,8.828636250421006,0.7588652482269503,-1.891252955082745,0.4245858174332416,1.069955948503465,0.2631533834736569,0.4678566576363057,0.3392536864686307,5,0.08274231678486998,-0.2967799401700783,-0.10701881169260416,6.14657210401891,2.0,상승
11470530,목3동,2020,⑦ 일반,0.2821785568009811,,4.638766266894756,,411914.05,,0.3507109004739336,,0.229030698423792,1.068529040449253,0.2883626974113237,0.3630149019757914,0.3408020746081088,0,0.18720379146919425,-0.045023696682464476,0.07109004739336489,4.172408770573538,1.0,유지
11470530,목3동,2021,⑦ 일반,0.279744402817768,-0.2434153983213061,4.663099373346936,0.024333106452180786,494937.34,20.155488748198813,0.392434988179669,4.172408770573538,0.2858942511053276,1.1187886915382317,0.2651755244239734,0.3644713798714294,0.3230516372646126,0,0.23167848699763594,-0.07726911140241788,0.07720468779760903,-13.2387706855792,0.0,하락
11470530,목3동,2022,⑦ 일반,0.2640557792334686,-1.56886235842994,4.345530353977236,-0.3175690193697003,565472.52,14.251335330650129,0.260047281323877,-13.2387706855792,0.272874533906747,1.116570738161667,0.2561020012130571,0.3442052236179001,0.3118809599616953,0,0.31205673758865254,0.031421912988919165,0.17173932528878585,0.0,1.0,유지
11470530,목3동,2023,⑦ 일반,0.2328456628791203,-3.121011635434831,4.2182106772364225,-0.12731967674081357,688134.43,21.691931201183756,0.260047281323877,0.0,0.2722232943760486,1.1103104995021704,0.2513354793262675,0.3439420208329777,0.3065234236244081,0,0.2553191489361702,0.06933660493204713,0.16232787693410866,11.11111111111111,2.0,상승
11470540,목4동,2020,⑦ 일반,0.1992687297272076,,5.557487247594425,,864699.6,,0.6374407582938388,,0.2902759149022689,1.1484044855884326,0.2619585336009257,0.4285161895025937,0.3303468721337834,0,-0.5047393364928909,-0.22274881516587675,-0.36374407582938384,-21.427290959407525,0.0,하락
11470540,목4동,2021,⑦ 일반,0.1917796484563931,-0.7489081270814518,5.105019908330571,-0.45246733926385385,866991.3300000001,0.26503192553808397,0.4231678486997636,-21.427290959407525,0.2352734990025949,1.1271019691761757,0.2703319432551733,0.4127348692109215,0.3356911332822785,0,-0.2813238770685579,-0.051129934007820455,-0.16622690553818917,-4.9645390070922,1.0,유지
11470540,목4동,2022,⑦ 일반,0.1924662512834322,0.06866028270391122,4.99907016860392,-0.10594973972665134,980500.34,13.092288939037022,0.3735224586288416,-4.9645390070922,0.2588120984063461,1.1007150105641434,0.2664318383155819,0.4153437595957822,0.3325045055168453,0,-0.18912529550827423,0.010363797295329047,-0.08938074910647259,-0.945626477541367,1.0,유지
11470540,목4동,2023,⑦ 일반,0.1793189624130942,-1.3147288870338003,4.14618358946625,-0.8528865791376701,1022350.05,4.268199437850284,0.3640661938534279,-0.945626477541367,0.2629303271119377,1.0706825812911411,0.2645991552384841,0.4114517631666283,0.3296024033643605,0,-0.18203309692671396,-0.039421644090394725,-0.11072737050855434,2.127659574468077,1.0,유지
11470550,목5동,2020,⑦ 일반,0.1236519323123705,,4.316339157036573,,1654458.73,,0.3578199052132701,,0.1745555306769292,1.0618676761111576,0.2660851968160438,0.4495529058995139,0.3357097016140969,0,-0.34834123222748814,-0.09715639810426535,-0.22274881516587675,-1.975843949222994,1.0,유지
11470550,목5동,2021,⑦ 일반,0.107277050632263,-1.6374881680107491,3.9844827047814744,-0.33185645225509885,1744017.86,5.41319818838879,0.3380614657210402,-1.975843949222994,0.1519909396283647,1.1417590411787524,0.2680164532551365,0.4495080374694092,0.3390529223995173,0,-0.3238770685579196,-0.12716099178739088,-0.22551903017265523,-10.638297872340427,0.0,하락
11470550,목5동,2022,⑦ 일반,0.0965937596341753,-1.0683290998087709,3.632219878583473,-0.3522628261980012,2105695.21,20.73816778458908,0.2316784869976359,-10.638297872340427,0.1536148944758919,1.1349582861682002,0.2570096638726198,0.4289585476636836,0.3271890049165094,0,-0.2222222222222222,-0.03499602254265963,-0.12860912238244093,-2.127659574468091,1.0,유지
11470550,목5동,2023,⑦ 일반,0.0917025800144312,-0.4891179619744099,3.3278325915060103,-0.3043872870774629,2409347.76,14.420536673966211,0.210401891252955,-2.127659574468091,0.1554914707202284,1.0882861589582973,0.2502841000672057,0.4329340293303123,0.3196961097483872,0,-0.19858156028368795,-0.02319809978376078,-0.11088983003372437,-1.8912529550827395,1.0,유지
11470560,신월1동,2020,⑦ 일반,0.2555017494693859,,4.072318443846909,,707788.46,,0.5758293838862559,,0.2899240247804533,1.1302803523515834,0.2659145178641913,0.4003825062824142,0.3301443906581121,0,-0.1753554502369668,-0.3530805687203792,-0.264218009478673,-16.448186615575956,0.0,하락
11470560,신월1동,2021,⑦ 일반,0.201785540541169,-5.37162089282169,3.657175753079172,-0.4151426907677367,745589.27,5.3406931782979505,0.4113475177304964,-16.448186615575956,0.2567711440216248,1.1218547769222866,0.2698819673104906,0.3899592913277992,0.3319136087363728,0,-0.2316784869976359,-0.2478404087257571,-0.2397594478616965,6.146572104018921,2.0,상승
11470560,신월1동,2022,⑦ 일반,0.1963287627074141,-0.5456777833754922,3.6409741638095863,-0.016201589269585703,803781.04,7.804802502053176,0.4728132387706856,6.146572104018921,0.2888145230966197,1.1258918410727456,0.2837385241808212,0.391423975597007,0.3469491288465484,0,-0.2671394799054374,-0.2737611060692638,-0.27045029298735057,-11.82033096926714,0.0,하락
11470560,신월1동,2023,⑦ 일반,0.1739099764527708,-2.2418786254643304,3.8126737340096257,0.17169957020003945,845138.93,5.145417463442525,0.3546099290780142,-11.82033096926714,0.2902975791363626,1.0798899731705045,0.2687598041625382,0.3677853914230969,0.3281658062712397,0,-0.18912529550827425,-0.077358744243891,-0.13324201987608264,8.983451536643022,2.0,상승
11470570,신월2동,2020,⑦ 일반,0.1945159309104933,,2.7443478368321625,,388444.2,,0.2156398104265403,,0.1666169177217195,1.0806160372156182,0.2511395860368613,0.3916989780352664,0.3125927620723054,0,-0.1042654028436019,-0.14454976303317535,-0.12440758293838863,21.93483692424904,2.0,상승
11470570,신월2동,2021,⑦ 일반,0.1986619287518146,0.4145997841321303,2.5918734792311944,-0.15247435760096817,372439.08999999997,-4.120311231317153,0.4349881796690307,21.93483692424904,0.2458805725475613,1.2025569080526282,0.2541920842835646,0.3797628572936862,0.3163829063798468,0,-0.26950354609929084,-0.3828554782472298,-0.32617951217326036,-13.475177304964541,0.0,하락
11470570,신월2동,2022,⑦ 일반,0.1817434563671969,-1.6918472384617689,2.3501772749704544,-0.24169620426074,428571.5,15.071567809920294,0.3002364066193853,-13.475177304964541,0.2633028567612993,1.1307001763812607,0.2515662622766248,0.3765206449323243,0.3142480926910512,0,-0.16548463356973994,-0.2575823781833664,-0.21153350587655317,0.7092198581560349,1.0,유지
11470570,신월2동,2023,⑦ 일반,0.1483233817837147,-3.34200745834822,2.0180976264688,-0.3320796485016544,463172.34,8.073527987745344,0.3073286052009456,0.7092198581560349,0.2798000390814977,1.1001689226723996,0.2446272087318101,0.3750452378643048,0.3054196082977817,0,-0.2293144208037825,-0.27889258624359964,-0.25410350352369104,-6.619385342789602,0.0,하락
11470580,신월3동,2020,⑦ 일반,0.2964049378452982,,2.7439799306777894,,529325.3,,0.5853080568720379,,0.4218186237540181,1.0240045628836745,0.2458156909246988,0.3759980814063264,0.3012215412405871,0,0.028436018957345932,-0.5165876777251185,-0.24407582938388628,-18.10527377231018,0.0,하락
11470580,신월3동,2021,⑦ 일반,0.2751437689425411,-2.126116890275709,2.8641316679237074,0.12015173724591799,504279.54,-4.731638559502082,0.4042553191489361,-18.10527377231018,0.3876234449711193,0.9951027209346984,0.2422016594286183,0.3791247586597342,0.3016288178178387,0,0.20094562647754138,-0.32131693052334376,-0.06018565202290119,16.312056737588666,2.0,상승
11470580,신월3동,2022,⑦ 일반,0.2644900290382554,-1.0653739904285697,2.7559931523467687,-0.10813851557693877,556406.68,10.336953190684683,0.5673758865248227,16.312056737588666,0.4157750863423268,1.126672460998531,0.2380280505165645,0.3707580299252341,0.3011528522481784,0,0.009456264775413725,-0.4868071661456758,-0.23867545068513105,-16.075650118203317,0.0,하락
11470580,신월3동,2023,⑦ 일반,0.2215362404987997,-4.295378853945572,2.9570090341779047,0.20101588183113606,541523.54,-2.6748672391927464,0.4066193853427896,-16.075650118203317,0.3950850871967975,1.0647312814813612,0.2318763021961105,0.3576790765178864,0.2867330322552243,0,0.04728132387706857,-0.2668089588025052,-0.10976381746271832,-13.947990543735228,0.0,하락
11470590,신월4동,2020,⑤ 성숙·정체,0.2556906060295901,,2.618620524876847,,322188.33999999997,,0.8767772511848341,,0.5202530386090809,1.1173818309339838,0.2577025079409568,0.4332753004013243,0.3268763001618837,2,-0.4691943127962085,-0.8246445497630331,-0.6469194312796208,-3.2805619979160316,1.0,유지
11470590,신월4동,2021,⑤ 성숙·정체,0.2333563939699154,-2.23342120596747,2.590408692649167,-0.028211832227679867,326687.06,1.396301306248393,0.8439716312056738,-3.2805619979160316,0.4749745148466157,1.160117472022469,0.2576826145698922,0.4435695716243256,0.3311312405900948,2,-0.48226950354609927,-0.7942085980303183,-0.6382390507882088,-1.654846335697402,1.0,유지
11470590,신월4동,2022,⑤ 성숙·정체,0.2280188024140468,-0.5337591555868604,2.3281418266727427,-0.26226686597642423,398697.36,22.042593300144798,0.8274231678486997,-1.654846335697402,0.4918756127282988,1.1425962224877575,0.2657030400069036,0.4353926943603273,0.3345246941357902,2,-0.4373522458628841,-0.7918781441520173,-0.6146151950074508,2.127659574468088,1.0,유지
11470590,신월4동,2023,⑤ 성숙·정체,0.2038088430053318,-2.420995940871498,2.103493971338807,-0.22464785533393572,462680.67,16.048089708946158,0.8486997635933806,2.127659574468088,0.4767903875887627,1.2992562974647344,0.2470749502459107,0.4097812937100853,0.3178431350890381,2,-0.5059101654846336,-0.8178940763895891,-0.6619021209371114,-7.801418439716312,0.0,하락
11470600,신월5동,2020,⑥ 쇠퇴 주의,0.272621212988048,,2.945581408309697,,316516.46,,0.9218009478672986,,0.53389880946833,1.3672498244531754,0.2269418279142845,0.3924051103774146,0.2987180590350087,1,-0.4241706161137441,-0.8293838862559242,-0.6267772511848342,-43.71673781273459,0.0,하락
11470600,신월5동,2021,⑥ 쇠퇴 주의,0.2144777611618637,-5.814345182618427,2.9439934510979286,-0.0015879572117682983,337595.52,6.659704206220418,0.4846335697399527,-43.71673781273459,0.3799011565387028,1.1471770366135494,0.2096474973097067,0.3619618646609433,0.2711833101416341,1,-0.23640661938534277,-0.3922165081285783,-0.3143115637569605,-11.82033096926714,0.0,하락
11470600,신월5동,2022,⑥ 쇠퇴 주의,0.2064782549328986,-0.7999506228965114,2.5855172991050615,-0.3584761519928672,431648.63,27.85970323302869,0.3664302600472813,-11.82033096926714,0.3668169128197953,1.1007238101795949,0.221907425560676,0.3729121323834468,0.2851914196646511,1,-0.10874704491725767,-0.3048188856396984,-0.20678296527847803,-16.548463356974,0.0,하락
11470600,신월5동,2023,⑥ 쇠퇴 주의,0.1730470484746897,-3.3431206458208877,2.488319336864483,-0.0971979622405783,573295.79,32.81538505056765,0.2009456264775413,-16.548463356974,0.3539358959925232,1.0042142080771777,0.2291894237355235,0.3242833147092245,0.2746999099832814,1,-0.04018912529550828,-0.13222524733062196,-0.08620718631306512,15.13002364066194,2.0,상승
11470610,신월6동,2020,⑦ 일반,0.1941870491966845,,2.716692054585639,,256237.36000000002,,0.1611374407582938,,0.2511428493347518,0.9765294020169492,0.2511484042015915,0.3324940517421512,0.3008417754732663,0,-0.052132701421800945,-0.0971563981042654,-0.07464454976303317,2.08956561684201,1.0,유지
11470610,신월6동,2021,⑦ 일반,0.207017075112426,1.2830025915741505,3.3624636513160255,0.6457715967303868,271230.59,5.851305211699032,0.1820330969267139,2.08956561684201,0.2296789546948325,1.141341942696673,0.2415734324820202,0.317580165051615,0.2947849329826391,0,0.023640661938534258,-0.056440679865102594,-0.01640000896328417,-7.09219858156028,0.0,하락
11470610,신월6동,2022,⑦ 일반,0.1915726350222424,-1.5444440090183615,2.990999126543344,-0.3714645247726813,320382.24,18.12172071004232,0.1111111111111111,-7.09219858156028,0.2211374643044716,1.0967672154064496,0.2382230797175359,0.295695532075258,0.2877470702180852,0,0.06382978723404256,0.002632964718272776,0.03323137597615767,-0.7092198581560307,1.0,유지
11470610,신월6동,2023,⑦ 일반,0.1883454393311051,-0.32271956911373023,2.637501924365893,-0.3534972021774512,423191.35,32.08951594819987,0.1040189125295508,-0.7092198581560307,0.2252186895075607,1.0626060133865065,0.2262288047044255,0.3115183539656876,0.2764983163001463,0,0.1371158392434988,-0.006862514425285418,0.0651266624091067,3.54609929078014,1.0,유지
11470611,신월7동,2020,⑦ 일반,0.2723169649530833,,3.6386996346108575,,789703.27,,0.3459715639810427,,0.3224748462684583,1.0147747189503225,0.2324529799448714,0.3841188425454497,0.2912260080107155,0,0.14928909952606634,-0.18483412322274884,-0.01777251184834125,12.684167478964293,2.0,상승
11470611,신월7동,2021,⑦ 일반,0.2269275672285003,-4.538939772458297,3.4839185947173714,-0.15478103989348613,851509.85,7.826557435934123,0.4728132387706856,12.684167478964293,0.3127324346273796,1.177432648496988,0.223573727083969,0.3842375442408754,0.2901472177837864,0,-0.14657210401891252,-0.33300281223040124,-0.23978745812465688,-5.910165484633579,0.0,하락
11470611,신월7동,2022,⑦ 일반,0.2176700419460974,-0.9257525282402895,3.364571692275665,-0.11934690244170643,921898.62,8.266348298848225,0.4137115839243498,-5.910165484633579,0.3272065794290442,1.1711087830460931,0.2420683437204868,0.3618287705115474,0.3033122347719604,0,-0.08037825059101655,-0.25257414316605603,-0.1664761968785363,-15.602836879432619,0.0,하락
11470611,신월7동,2023,⑦ 일반,0.1915812640382063,-2.6088777907891103,2.9461138564796387,-0.41845783579602625,909280.88,-1.3686689323821777,0.2576832151300236,-15.602836879432619,0.3182253079031127,1.0867952466141857,0.2271285462484631,0.3461115773811117,0.283206554818446,0,0.01654846335697402,-0.12261212508263025,-0.05303183086282812,-5.6737588652482325,0.0,하락
11470620,신정1동,2020,② 라이징스타,0.2113081349924949,,4.218423262291777,,805625.18,,0.590047393364929,,0.3503559392723555,1.0423525482904932,0.2392898307735024,0.4408679591471816,0.3089338055241369,5,-0.4123222748815166,-0.34123222748815174,-0.3767772511848342,10.262400143412542,2.0,상승
11470620,신정1동,2021,② 라이징스타,0.1925669940086143,-1.8741140983880604,4.210668876650135,-0.007754385641642436,845363.79,4.93264249759422,0.6926713947990544,10.262400143412542,0.3707488798848959,1.1391905226142434,0.246476180442942,0.4307058314084468,0.3172102794049457,5,-0.5460992907801419,-0.4391168924293861,-0.492608091604764,-1.4184397163120588,1.0,유지
11470620,신정1동,2022,② 라이징스타,0.1978909411451767,0.5323947136562396,3.9330031712815896,-0.2776657053685452,943974.83,11.664923570951613,0.6784869976359338,-1.4184397163120588,0.3855882578512758,1.1621375358963155,0.2454650918598937,0.4358154356513165,0.3197234629224627,5,-0.4657210401891253,-0.42493249526626553,-0.4453267677276954,-4.255319148936165,1.0,유지
11470620,신정1동,2023,② 라이징스타,0.1843233758330356,-1.3567565312141094,3.6652307708291114,-0.2677724004524782,1047239.38,10.939332990478157,0.6359338061465721,-4.255319148936165,0.3861070267372967,1.1566441162537089,0.238949074780979,0.4285671675435766,0.3108521758816899,5,-0.4208037825059102,-0.3776399672840129,-0.3992218748949615,6.619385342789597,2.0,상승
11470630,신정2동,2020,⑦ 일반,0.1595701896823939,,3.6155138951053765,,669478.5499999999,,0.3815165876777251,,0.2714339893241883,1.0549918963820253,0.2381451244945893,0.4155236858144692,0.3027570411202669,0,-0.33649289099526064,-0.22748815165876776,-0.2819905213270142,-6.00035853136589,0.0,하락
11470630,신정2동,2021,⑦ 일반,0.1678154555981615,0.8245265915767602,3.8035496888589995,0.188035793753623,672510.21,0.4528390043265773,0.3215130023640662,-6.00035853136589,0.2623026239876039,1.1047865206161136,0.2314916614471417,0.4042631711923176,0.2982464987993544,0,-0.2576832151300237,-0.1366788791413174,-0.19718104713567053,3.3096926713947985,1.0,유지
11470630,신정2동,2022,⑦ 일반,0.1610101523062253,-0.6805303291936182,3.6610973292956857,-0.1424523595633138,740371.74,10.090780629189267,0.3546099290780142,3.3096926713947985,0.2913341124010103,1.1224436732539296,0.2408666865603004,0.4014755401426651,0.3068179686993121,0,-0.2860520094562648,-0.1508184598837014,-0.2184352346699831,-4.255319148936171,1.0,유지
11470630,신정2동,2023,⑦ 일반,0.1543887024238563,-0.6621449882369013,3.4033256498519826,-0.25777167944370305,789550.95,6.642502319172783,0.3120567375886525,-4.255319148936171,0.2821648172684369,1.1271152440093533,0.2188509905167087,0.3943112357317211,0.2829662642307309,0,-0.20803782505910168,-0.0964169271621122,-0.15222737611060694,0.0,1.0,유지
11470640,신정3동,2020,⑦ 일반,0.2465982208440683,,4.118959937740117,,1579559.67,,0.1255924170616113,,0.1705326308378144,1.023533370631676,0.2289358182920972,0.3672617319738844,0.2855134977455553,0,0.2369668246445498,0.1090047393364929,0.17298578199052134,7.298914322207659,2.0,상승
11470640,신정3동,2021,⑦ 일반,0.2724813163977525,2.588309555368423,4.240521889030631,0.12156195129051373,1688613.38,6.9040576352522365,0.1985815602836879,7.298914322207659,0.2016330799975969,1.1137252190760123,0.2312912486522089,0.3839091036849391,0.2944179622880754,0,0.3877068557919621,0.062081946825316814,0.22489440130863947,-0.4728132387706807,1.0,유지
11470640,신정3동,2022,⑦ 일반,0.2637877680369374,-0.8693548360815151,4.425867024895294,0.1853451358646634,2007142.77,18.863370015462056,0.1938534278959811,-0.4728132387706807,0.2133219978940566,1.1464214164960296,0.2245174004745141,0.3784447177200475,0.2889516415690391,0,0.3711583924349882,0.11420344414193362,0.24268091828846092,-2.8368794326241202,1.0,유지
11470640,신정3동,2023,⑦ 일반,0.2291182189048107,-3.4669549132126667,4.0725298515074995,-0.3533371733877946,2203031.12,9.75956234543296,0.1654846335697399,-2.8368794326241202,0.2210035139076022,1.1004871784823094,0.2228549519742892,0.3810587234302387,0.2854613340559762,0,0.33333333333333337,0.14494190671462023,0.23913762002397682,1.1820330969267212,1.0,유지
11470650,신정4동,2020,② 라이징스타,0.2597058690025278,,8.813455873608758,,1635204.42,,0.490521327014218,,0.3654987631331621,1.0483046078775362,0.2367898107835686,0.3741443673057564,0.2944830921307873,5,-0.061611374407582964,0.16824644549763035,0.05331753554502369,22.579072972337066,2.0,상승
11470650,신정4동,2021,② 라이징스타,0.2683260200375236,0.8620151034995804,8.175014095090287,-0.6384417785184713,1627233.28,-0.48747055123541383,0.7163120567375887,22.579072972337066,0.4185542871672873,1.1375512963582364,0.2359755432884139,0.4130019674591632,0.3057536440918117,5,-0.15839243498817968,-0.07887129844374985,-0.11863186671596476,-6.85579196217494,0.0,하락
11470650,신정4동,2022,② 라이징스타,0.2565656742027066,-1.1760345834816999,7.735907686784676,-0.43910640830561043,1925146.68,18.30797118407017,0.6477541371158393,-6.85579196217494,0.4451155668049932,1.0920518785215092,0.2479845940128582,0.4025794496981694,0.3134285518943361,5,-0.10401891252955087,-0.03164039304000987,-0.06782965278478037,4.255319148936165,1.0,유지
11470650,신정4동,2023,② 라이징스타,0.2430388515405469,-1.352682266215968,6.780460343779781,-0.9554473430048951,2132027.07,10.746214413127198,0.6903073286052009,4.255319148936165,0.4352418463488013,1.176073537528595,0.2374410887600132,0.3957076853890806,0.3023361919314867,5,-0.12056737588652477,-0.11684761296539048,-0.11870749442595763,5.910165484633567,2.0,상승
11470670,신정6동,2020,⑦ 일반,0.2007349402645836,,3.0203876302516726,,709221.22,,0.0710900473933649,,0.0870120152493979,0.9624233492089392,0.1775503311270768,0.4573148248722866,0.2468276161137862,0,0.07109004739336493,0.030805687203791468,0.0509478672985782,1.4016335585358504,1.0,유지
11470670,신정6동,2021,⑦ 일반,0.1579241234633635,-4.281081680122009,3.3418448308123905,0.3214572005607179,873402.91,23.14957383818832,0.0851063829787234,1.4016335585358504,0.1447114653345598,1.0232275248324485,0.1834004138823029,0.4257494235469837,0.2535383936934214,0,-0.04018912529550827,0.035746697589996976,-0.002221213852755647,3.7825059101654803,1.0,유지
11470670,신정6동,2022,⑦ 일반,0.1177433636193864,-4.0180759843977105,2.9519357290837807,-0.3899091017286098,998803.25,14.357673710979512,0.1229314420803782,3.7825059101654803,0.1397006569538798,1.0863010934762658,0.1969648500473231,0.4476062150142395,0.2698828607158652,0,-0.1016548463356974,-0.011557034497439861,-0.05660594041656863,4.72813238770686,1.0,유지
11470670,신정6동,2023,⑦ 일반,0.1110769495881217,-0.6666414031264709,2.56652479804092,-0.38541093104286084,1110513.33,11.18439292222968,0.1702127659574468,4.72813238770686,0.1414951115476179,1.1422851152620372,0.2067239994075806,0.4545515657101526,0.2793648965636249,0,-0.15130023640661938,-0.08727437733185439,-0.11928730686923689,0.0,1.0,유지
11470680,신정7동,2020,⑦ 일반,0.1585532165362321,,3.6196825474003926,,877783.33,,0.1137440758293838,,0.1785751299840414,1.036911868184903,0.1970467883530873,0.3912116563117849,0.259066201659006,0,-0.07109004739336491,0.04265402843601897,-0.014218009478672973,16.04876026576138,2.0,상승
11470680,신정7동,2021,⑦ 일반,0.1760464323902748,1.7493215854042676,3.6693341758785447,0.04965162847815208,895951.92,2.069826274782427,0.2742316784869976,16.04876026576138,0.2566725681485686,1.074444700659747,0.2335391866317624,0.3959906560095296,0.2974854535217692,0,-0.1867612293144208,-0.10835490123581282,-0.1475580652751168,-2.3640661938534313,1.0,유지
11470680,신정7동,2022,⑦ 일반,0.1664201140744161,-0.9626318315858695,3.2651364670474297,-0.40419770883111505,1100959.19,22.881503507464984,0.2505910165484633,-2.3640661938534313,0.281762989229133,1.0979900126988351,0.2236952542447932,0.3876974653736713,0.2877103494993915,0,-0.15130023640661935,-0.10604125351528798,-0.12867074496095365,-11.347517730496449,0.0,하락
11470680,신정7동,2023,⑦ 일반,0.1504600028975543,-1.5960111176861802,2.9607749914279986,-0.30436147561943105,1255307.82,14.019468787031064,0.1371158392434988,-11.347517730496449,0.2756768748465116,1.0077185072754768,0.2148601019415991,0.3620129858897377,0.2717490400050037,0,-0.04491725768321514,0.005064255543231033,-0.019926501069992053,6.85579196217494,2.0,상승
11500510,염창동,2020,⑦ 일반,0.255610811080125,,6.8879201194217,,1130153.06,,0.0639810426540284,,0.2544920381958442,0.991586204190622,0.1390274133298034,0.333969258473521,0.1961452194268016,0,0.33886255924170616,0.481042654028436,0.40995260663507105,6.367853181405669,2.0,상승
11500510,염창동,2021,⑦ 일반,0.3052069995079373,4.959618842781227,7.187336566276134,0.29941644685443336,1188861.12,5.194699910824463,0.1276595744680851,6.367853181405669,0.3124944911634727,1.1288805014959389,0.1590852558234438,0.3026012293453607,0.2158213338500533,0,0.5981087470449173,0.4363214681859434,0.5172151076154303,0.7092198581560294,1.0,유지
11500510,염창동,2022,⑦ 일반,0.3003656363002194,-0.4841363207717886,7.596740147634973,0.4094035813588395,1313847.23,10.513095928311621,0.1347517730496454,0.7092198581560294,0.3383983909389543,1.0893875699910207,0.1635891658432811,0.3097473172747668,0.2191317530415013,0,0.6004728132387707,0.46714396154751103,0.5338083873931408,1.4184397163120503,1.0,유지
11500510,염창동,2023,⑦ 일반,0.2731023981723131,-2.726323812790632,6.8185486237994395,-0.7781915238355337,1428735.43,8.744410870356667,0.1489361702127659,1.4184397163120503,0.3511142694257767,1.1214403779170856,0.1640574881680641,0.309457968094259,0.2194301607561225,0,0.541371158392435,0.4340022184128265,0.48768668840263074,-11.347517730496449,0.0,하락
11500520,등촌1동,2020,⑦ 일반,0.2944361279241333,,9.103314005453758,,1108519.6,,0.2582938388625592,,0.4011537285116272,1.015229954241405,0.1923290552067151,0.3197299405688789,0.2415853716182452,0,0.3341232227488152,0.42180094786729855,0.37796208530805686,-1.2430954701802692,1.0,유지
11500520,등촌1동,2021,⑦ 일반,0.3393986750129921,4.4962547088858775,8.997294636649272,-0.10601936880448548,1186339.72,7.020184397280826,0.2458628841607565,-1.2430954701802692,0.3781867588145123,1.0559958587018825,0.1887017924346763,0.3336754532434001,0.2436450813674607,0,0.5697399527186761,0.4413409073084378,0.5055404300135569,-3.3096926713947985,1.0,유지
11500520,등촌1동,2022,⑦ 일반,0.3380649784166314,-0.13336965963606784,8.560601631121651,-0.436693005527621,1356098.73,14.309477052660768,0.2127659574468085,-3.3096926713947985,0.4187414836688297,1.0258584208615755,0.187553318568393,0.3280346537383222,0.2411498902305567,0,0.5981087470449172,0.4507411515579308,0.524424949301424,8.747044917257677,2.0,상승
11500520,등촌1동,2023,⑦ 일반,0.3203506098598113,-1.7714368556820126,7.542822690947315,-1.0177789401743365,1533997.48,13.118421694856973,0.3002364066193853,8.747044917257677,0.4387725034261946,1.0650074183555978,0.1922586356334565,0.3192077941250856,0.2447123538308723,0,0.5059101654846336,0.339574019920899,0.4227420927027663,4.255319148936171,1.0,유지
11500530,등촌2동,2020,⑦ 일반,0.3001049555555161,,4.6124564226599825,,444106.96,,0.7796208530805687,,0.4816149625335622,1.0461631400092757,0.2314031654275753,0.4440261681556359,0.3036375394730131,0,-0.1492890995260664,-0.48104265402843605,-0.3151658767772512,-68.7422271520285,0.0,하락
11500530,등촌2동,2021,⑦ 일반,0.211535885579874,-8.85690699756421,4.04240471495826,-0.5700517077017224,434111.16,-2.2507640952080687,0.0921985815602836,-68.7422271520285,0.2807084008747373,1.075495719047844,0.1618451048881096,0.3010795772919892,0.2170242731305669,0,0.13711583924349882,0.13765923834492957,0.1373875387942142,19.38534278959812,2.0,상승
11500530,등촌2동,2022,⑦ 일반,0.2337290641474715,2.2193178567597505,3.5110334891565382,-0.5313712258017218,479509.24,10.457708573997504,0.2860520094562648,19.38534278959812,0.3465653892313391,1.125687696567237,0.1933996551833175,0.3711141104375135,0.2590127271143895,0,0.1300236406619385,-0.11069655921929797,0.009663540721320266,12.29314420803782,2.0,상승
11500530,등촌2동,2023,⑦ 일반,0.2351903652410748,0.14613010936033177,3.257813379095128,-0.25322011006141043,509490.51,6.252490567230784,0.408983451536643,12.29314420803782,0.3982653853537665,1.116268708547682,0.2032970754487335,0.3646451275571065,0.2633153287112117,0,0.1182033096926714,-0.2265189965603397,-0.054157843433834146,17.021276595744677,2.0,상승
11500535,등촌3동,2020,⑦ 일반,0.3058778661844977,,10.548216055110982,,3295009.3,,0.1800947867298578,,0.2963837763803704,1.0063456479000676,0.2012355473644711,0.3601794858081405,0.2609658170735799,0,0.47156398104265407,0.5521327014218009,0.5118483412322274,-5.952741084333299,0.0,하락
11500535,등촌3동,2021,⑦ 일반,0.2682728733932037,-3.760499279129398,10.13499051426576,-0.4132255408452217,4144760.86,25.7890489110304,0.1205673758865248,-5.952741084333299,0.3376408336857162,0.9712922052530444,0.1866427960261568,0.3379520492345717,0.2425152003119374,0,0.43498817966903075,0.6092904440186885,0.5221393118438596,5.91016548463357,2.0,상승
11500535,등촌3동,2022,⑦ 일반,0.2520731737257263,-1.6199699667477419,9.483065444284783,-0.6519250699809778,5320618.77,28.369740733365244,0.1796690307328605,5.91016548463357,0.3541014592842337,1.022267524546239,0.1951933797925336,0.3539269824477034,0.254343096581599,0,0.34751773049645385,0.5383404479401253,0.44292908921828955,-4.491725768321511,1.0,유지
11500535,등촌3동,2023,⑦ 일반,0.2296690416587715,-2.2404132066954796,8.397298396719806,-1.0857670475649766,5587528.01,5.016507506701151,0.1347517730496454,-4.491725768321511,0.3372014082102652,1.0312959314255676,0.1830481733468309,0.3350030004221948,0.2398844945117466,0,0.3664302600472813,0.5453430136802124,0.45588663686374686,1.8912529550827424,1.0,유지
11500540,화곡1동,2020,① 레전드,0.4069673718722369,,10.57386815077867,,1912207.88,,0.7251184834123223,,0.4314660807190722,1.0601692284232138,0.2579887024079866,0.4097769111629279,0.3207791093944863,6,0.15165876777251175,0.011848341232227444,0.0817535545023696,14.012974353803232,2.0,상승
11500540,화곡1동,2021,① 레전드,0.4027894583860222,-0.41779134862147127,10.664940292380125,0.0910721416014546,2132600.5,11.525557566471289,0.8652482269503546,14.012974353803232,0.435538220469885,1.2098554264926955,0.2712563123851816,0.4523358271121842,0.3448157574123384,6,0.049645390070921946,-0.11880272932002289,-0.03457866962455047,-2.8368794326241176,1.0,유지
11500540,화곡1동,2022,① 레전드,0.3815225192476228,-2.1266939138399388,8.879661686409229,-1.7852786059708965,1894266.2,-11.175759360461557,0.8368794326241135,-2.8368794326241176,0.4696507198984483,1.1584606412283052,0.2795073178563397,0.4378894434725831,0.3482343494368742,6,0.047281323877068626,-0.15678464589425567,-0.05475166100859352,1.654846335697402,1.0,유지
11500540,화곡1동,2023,① 레전드,0.3708275089841881,-1.0695010263434723,7.9938094540307825,-0.8858522323784461,2007706.6,5.988619762101033,0.8534278959810875,1.654846335697402,0.4853003113357415,1.1879428299614565,0.277133964424327,0.4270218369236003,0.3464763136543943,6,0.04018912529550822,-0.19939945996213015,-0.07960516733331097,5.673758865248213,2.0,상승
11500550,화곡2동,2020,⑦ 일반,0.2253094277602599,,2.773429170965121,,363609.43,,0.0521327014218009,,0.263291458222952,0.8625736114937658,0.1920161143827784,0.2989674619741362,0.2343357795581661,0,0.18009478672985785,0.02606635071090048,0.10308056872037916,5.89784096893102,2.0,상승
11500550,화곡2동,2021,⑦ 일반,0.2219626726413186,-0.33467551189412803,2.912009680519909,0.1385805095547883,363649.89,0.01112732417309914,0.1111111111111111,5.89784096893102,0.249801883892313,1.0209406544067978,0.1936147605721687,0.3536961033539165,0.2488271062366445,0,0.1938534278959811,-0.02343338599262769,0.08521002095167671,3.5460992907801385,1.0,유지
11500550,화곡2동,2022,⑦ 일반,0.2209796722587464,-0.09830003825722078,2.924973110987972,0.01296343046806303,417847.26,14.903722368787186,0.1465721040189125,3.5460992907801385,0.2785103329323483,1.068163704306086,0.2002180447334379,0.3540030121831335,0.256808843047955,0,0.20567375886524825,-0.03756736468241963,0.08405319709141432,-5.437352245862889,0.0,하락
11500550,화곡2동,2023,⑦ 일반,0.1910108012246681,-2.9968871034078304,2.854557139786632,-0.07041597120134035,434176.27999999997,3.9078920847775755,0.0921985815602836,-5.437352245862889,0.2810173731878357,0.9466657350946046,0.20842809970404,0.3375415166888408,0.258243318557441,0,0.17257683215130024,0.03102416725488219,0.10180049970309121,-0.9456264775413697,1.0,유지
11500560,화곡3동,2020,⑦ 일반,0.3772242400224874,,8.295266525261805,,1113323.36,,0.7677725118483413,,0.4427962351534731,1.0808494040137069,0.2360647299063741,0.4417311264975991,0.3052753047195755,0,0.06635071090047384,-0.1255924170616114,-0.029620853080568776,-9.164958040626093,0.0,하락
11500560,화곡3동,2021,⑦ 일반,0.3479915027823042,-2.9232737240183218,7.625705327368308,-0.669561197893497,1106215.05,-0.6384766776114437,0.6761229314420804,-9.164958040626093,0.3676710696847388,1.123444294180136,0.2341699929152976,0.452448044596117,0.3095250001838893,0,0.1536643026004728,-0.06711819210558745,0.04327305524744268,2.3640661938534313,1.0,유지
11500560,화곡3동,2022,⑦ 일반,0.3325636219410943,-1.5427880841209884,7.442603130561104,-0.1831021968072042,1334683.42,20.653160522449944,0.6997635933806147,2.3640661938534313,0.4107103162961573,1.1234245216741323,0.244753945463015,0.4503256072716431,0.3204167077589407,0,0.10401891252955087,-0.10497686352279478,-0.0004789754966219584,-2.6004728132387744,1.0,유지
11500560,화곡3동,2023,⑦ 일반,0.322245295962575,-1.0318325978519283,7.2684136439496605,-0.17418948661144373,1612702.52,20.830340426346194,0.6737588652482269,-2.6004728132387744,0.4189291330337488,1.1082799107535315,0.2358792076644174,0.4457032259018594,0.3091630214416284,0,0.1371158392434988,-0.05290578467950657,0.04210502728199611,0.9456264775413725,1.0,유지
11500570,화곡4동,2020,⑦ 일반,0.2651346284939617,,3.8275486006649087,,539364.02,,0.5995260663507109,,0.3110094928996123,1.0707438990347196,0.2789078645380238,0.4119195784358605,0.3430540849746046,0,-0.13981042654028442,-0.4146919431279621,-0.27725118483412325,-0.850951788735399,1.0,유지
11500570,화곡4동,2021,⑦ 일반,0.2429712798851533,-2.2163348608808393,3.6504725538037666,-0.1770760468611421,555526.16,2.9965180102299094,0.5910165484633569,-0.850951788735399,0.2795191580629449,1.1420048003531993,0.2923280856110884,0.4130704617314841,0.3572890625050515,0,-0.17021276595744678,-0.4298791077050631,-0.3000459368312549,-9.692671394799051,0.0,하락
11500570,화곡4동,2022,⑦ 일반,0.2484640325016935,0.5492752616540197,3.726335273290497,0.07586271948673051,610936.17,9.97432956172577,0.4940898345153664,-9.692671394799051,0.311936613872371,1.112114924610779,0.2799159713223723,0.3923124568348751,0.341518433291451,0,0.016548463356973964,-0.27608035584238066,-0.12976594624270335,-9.692671394799051,0.0,하락
11500570,화곡4동,2023,⑦ 일반,0.215615945098278,-3.2848087403415493,3.2495715168943056,-0.4767637563961915,709701.26,16.166188032376596,0.3971631205673759,-9.692671394799051,0.3276837047858507,1.0085446765960948,0.2792496630542129,0.3791772018100442,0.3392182046507957,0,0.011820330969267101,-0.21943800208396358,-0.10380883555734824,0.4728132387706807,1.0,유지
11500590,화곡본동,2020,⑤ 성숙·정체,0.3244557128482754,,8.652954492981326,,860828.75,,0.6966824644549763,,0.3578841395290688,1.0300500221261273,0.2738464644006837,0.456163408586533,0.3420360170766224,2,0.021327014218009532,-0.042654028436018954,-0.01066350710900471,0.5445195119491819,1.0,유지
11500590,화곡본동,2021,⑤ 성숙·정체,0.2939926045225015,-3.0463108325773924,8.852716729746497,0.1997622367651708,904575.99,5.081991046418932,0.7021276595744681,0.5445195119491819,0.3243241205999629,1.1557331796317278,0.2669076668171344,0.4449765179594543,0.3423669207788577,2,-0.023640661938534313,-0.024402541091055774,-0.024021601514795043,-15.36643026004728,0.0,하락
11500590,화곡본동,2022,⑤ 성숙·정체,0.2981094518244404,0.41168473019388974,9.122742356011344,0.2700256262648466,1011908.88,11.865547083556805,0.5484633569739953,-15.36643026004728,0.343454151524581,1.0200877485752065,0.2675351101202337,0.4607840581544153,0.3398301438800726,2,0.17257683215130026,0.15058877572742646,0.16158280393936336,17.257683215130026,2.0,상승
11500590,화곡본동,2023,⑤ 성숙·정체,0.2796276584642169,-1.8481793360223486,8.2566402057921,-0.866102150219243,1056009.44,4.358155252081586,0.7210401891252955,17.257683215130026,0.3624569643656372,1.1101895860376667,0.2739451935862432,0.4650423809715051,0.347740162667765,2,-0.007092198581560294,-0.043315070641883224,-0.02520363461172176,5.6737588652482245,2.0,상승
11500591,화곡6동,2020,① 레전드,0.3821643505528092,,11.545443955640051,,1315243.23,,0.8933649289099526,,0.5165731326148845,1.0902719740973317,0.2811782901720623,0.4409325165852393,0.349656823106578,6,-0.0545023696682464,-0.11848341232227488,-0.08649289099526064,-0.9204172408770472,1.0,유지
11500591,화곡6동,2021,① 레전드,0.3329998876241827,-4.916446292862648,9.349049474207598,-2.1963944814324527,1192496.31,-9.33264032083252,0.8841607565011821,-0.9204172408770472,0.5030356851221521,1.1067952363442248,0.2608052075913825,0.4853929970166251,0.3381578115993117,6,-0.08983451536643028,-0.18273895555331476,-0.13628673545987252,2.127659574468066,1.0,유지
11500591,화곡6동,2022,① 레전드,0.3525521213650542,1.9552233740871505,9.183811211180986,-0.1652382630266125,1552964.85,30.228063347214885,0.9054373522458627,2.127659574468066,0.5816695597766784,1.1337540407941928,0.2710271322155664,0.4626967080089305,0.3459466482624365,6,-0.0685579196217494,-0.20401555129799553,-0.13628673545987247,0.0,1.0,유지
11500591,화곡6동,2023,① 레전드,0.3247885248498706,-2.776359651518362,8.162318331722256,-1.0214928794587301,1679010.11,8.116427103936052,0.9054373522458627,0.0,0.5893158142916202,1.148688011260595,0.2721325894572918,0.4462295356514618,0.3436819459834283,6,-0.09219858156028371,-0.2371909067482325,-0.1646947441542581,1.1820330969267268,1.0,유지
11500593,화곡8동,2020,⑦ 일반,0.3233182839321954,,9.144715016288671,,1220609.06,,0.4976303317535545,,0.3554885383462794,1.0304622903468696,0.239133449553015,0.3925141386128883,0.2996116899570983,0,0.21327014218009482,0.1919431279620853,0.20260663507109006,-17.848139558334168,0.0,하락
11500593,화곡8동,2021,⑦ 일반,0.2864329912543851,-3.688529267781032,8.617489600449286,-0.5272254158393856,1366366.72,11.94138768722559,0.3191489361702128,-17.848139558334168,0.2601045714192303,1.1389609632126527,0.231133473425475,0.3834918054840679,0.2951804319436482,0,0.3262411347517731,0.34198850458808105,0.33411481966992707,-1.1820330969267157,1.0,유지
11500593,화곡8동,2022,⑦ 일반,0.2785366531087638,-0.7896338145621296,7.923683188501229,-0.6938064119480565,2247241.16,64.46837639605276,0.3073286052009456,-1.1820330969267157,0.2807769433460518,1.1131112794541198,0.2413660315905181,0.3873957184437799,0.3051664925104091,0,0.3427895981087471,0.32063348010711124,0.33171153910792917,4.964539007092195,1.0,유지
11500593,화곡8동,2023,⑦ 일반,0.2760590857243522,-0.2477567384411572,7.332367831836713,-0.5913153566645164,3576041.41,59.13029156158744,0.3569739952718676,4.964539007092195,0.2932208197817867,1.1120681516545627,0.239117394185116,0.3899889486157259,0.3016635620505067,0,0.34515366430260047,0.26861842178974377,0.3068860430461721,5.437352245862881,2.0,상승
11500603,가양1동,2020,⑦ 일반,0.4651858229962717,,14.256269896346957,,2741769.01,,0.7227488151658767,,0.4933870479588016,0.957833797848028,0.203411543673314,0.4876729903659672,0.2827210738286579,0,0.19905213270142186,0.12796208530805686,0.16350710900473936,2.666016828565987,1.0,유지
11500603,가양1동,2021,⑦ 일반,0.4026954729513001,-6.249035004497161,14.383897232383386,0.12762733603642928,3741678.29,36.469493832377964,0.7494089834515366,2.666016828565987,0.5606459459766078,1.012743022329757,0.1960677967864055,0.4394787809169853,0.2680871557480991,0,0.16312056737588654,0.10130191702239699,0.13221124219914177,-1.4184397163120588,1.0,유지
11500603,가양1동,2022,⑦ 일반,0.3738168104426265,-2.8878662508673605,13.646554437718128,-0.737342794665258,4807365.72,28.481535487648777,0.735224586288416,-1.4184397163120588,0.5875901433465829,1.017721018620168,0.1871498854840524,0.4563876890434537,0.2627576093187286,0,0.14184397163120577,0.10126830470684467,0.12155613816902522,-7.092198581560282,0.0,하락
11500603,가양1동,2023,⑦ 일반,0.3708688263527442,-0.2947984089882283,12.290564754846605,-1.3559896828715239,5371866.25,11.742408688640404,0.6643026004728132,-7.092198581560282,0.5607058302985912,0.955392461636988,0.1906974859327407,0.4611352784973849,0.2646147745356129,0,0.23167848699763594,0.14612393981154703,0.18890121340459148,0.0,1.0,유지
11500604,가양2동,2020,⑦ 일반,0.5016800841778836,,6.696534067241503,,671996.88,,0.1232227488151658,,0.1632606009149468,1.3174574639432577,0.1689334503368386,0.2782483950413628,0.2173499244159059,0,0.8341232227488151,0.4004739336492891,0.6172985781990521,-6.17570277749767,0.0,하락
11500604,가양2동,2021,⑦ 일반,0.3909048068989241,-11.077527727895948,5.580463059013087,-1.116071008228416,683892.53,1.7701942306636909,0.0614657210401891,-6.17570277749767,0.196181140517758,1.0584838300757429,0.1780093089526795,0.2789743887017878,0.2271348592404465,0,0.822695035460993,0.353226222087773,0.587960628774383,-2.1276595744680904,1.0,유지
11500604,가양2동,2022,⑦ 일반,0.3538621789712928,-3.7042627927631298,6.589343625119404,1.008880566106317,772890.79,13.013486197897194,0.0401891252955082,-2.1276595744680904,0.1848620049771087,1.0111868268004296,0.1916117050391227,0.2734677428174995,0.2381555298703846,0,0.8037825059101655,0.49535589840117417,0.6495692021556698,1.89125295508275,1.0,유지
11500604,가양2동,2023,⑦ 일반,0.3474392719943507,-0.6422906976942089,7.549544972718465,0.9602013475990612,869597.31,12.51231367370802,0.0591016548463357,1.89125295508275,0.1682218592785762,1.1275919356427364,0.1920515186089496,0.269426956070138,0.2377051770545824,0,0.8014184397163121,0.5830784399403942,0.6922484398283532,1.18203309692671,1.0,유지
11500605,가양3동,2020,⑦ 일반,0.3087090079698972,,4.329438440071734,,699354.21,,0.0971563981042654,,0.2681169366481119,1.0409432443027329,0.172974625253391,0.2932550827206034,0.2219580088649679,0,0.5639810426540284,0.16587677725118483,0.36492890995260663,0.6862514425285391,1.0,유지
11500605,가양3동,2021,⑦ 일반,0.3030300314336697,-0.5678976536227509,4.170689541898868,-0.15874889817286597,717366.27,2.5755274998630506,0.1040189125295508,0.6862514425285391,0.3445411647770907,1.0445515134590706,0.1598578958301718,0.2709789891045097,0.2058019466825045,0,0.6146572104018913,0.1447962533472264,0.37972673187455885,-3.54609929078014,1.0,유지
11500605,가양3동,2022,⑦ 일반,0.3205080388152646,1.7478007381594884,3.8195744369028977,-0.35111510499597065,682331.25,-4.883839882797947,0.0685579196217494,-3.54609929078014,0.318815824637038,1.0550897829725348,0.1661055791212385,0.2671167824052894,0.2120911011739047,0,0.7139479905437353,0.16366956852990938,0.4388087795368223,-3.07328605200946,1.0,유지
11500605,가양3동,2023,⑦ 일반,0.2571836274836981,-6.332441133156647,3.6338182020040364,-0.18575623489886128,571597.39,-16.228753995951372,0.0378250591016548,-3.07328605200946,0.2151600940782987,1.2102867366085437,0.099796328137429,0.2404447814771451,0.1355878277221575,0,0.5886524822695036,0.2133597750215679,0.40100612864553575,1.4184397163120601,1.0,유지
11500611,발산1동,2020,⑦ 일반,0.1962925174316414,,4.852767570097527,,1720186.24,,0.1374407582938388,,0.0726268248927697,1.100368594591137,0.3386126670963871,0.2687728467805819,0.3787920649930143,0,-0.021327014218009477,0.21090047393364927,0.0947867298578199,11.078619206077109,2.0,상승
11500611,발산1동,2021,⑦ 일반,0.1846178574740941,-1.1674659957547295,4.899740339014821,0.046972768917294516,1770339.1199999999,2.915549423299657,0.2482269503546099,11.078619206077109,0.0843959546124341,1.3064061069204842,0.3430733353104386,0.2489449142532909,0.3827578180552516,0,-0.1252955082742317,0.10959295485866019,-0.007851276707785751,-8.510638297872338,0.0,하락
11500611,발산1동,2022,⑦ 일반,0.1666181907794977,-1.7999666694596406,4.943431745596856,0.04369140658203463,2116857.79,19.573575824274858,0.1631205673758865,-8.510638297872338,0.0950606031139647,1.22485591111072,0.3452305988948635,0.2459052175648781,0.3835397677464169,0,-0.061465721040189145,0.21839602030183858,0.07846514963082471,-3.0732860520094607,1.0,유지
11500611,발산1동,2023,⑦ 일반,0.1496705041150355,-1.6947686664462198,4.684154764284276,-0.2592769813125795,2117428.33,0.026952212033104495,0.1323877068557919,-3.0732860520094607,0.0967162470834842,1.2400428843710285,0.3191442609935934,0.2494356664478288,0.3598958947996336,0,-0.04728132387706856,0.2538682173148241,0.10329344671887777,-1.4184397163120503,1.0,유지
11500615,우장산동,2020,⑦ 일반,0.2705932459924606,,7.82249018779761,,1445343.2,,0.533175355450237,,0.3952723508104509,0.96441366383903,0.2335586574232146,0.4223175767965667,0.2957846659167001,0,-0.049763033175355464,0.07582938388625593,0.013033175355450233,-4.617771951643091,1.0,유지
11500615,우장산동,2021,⑦ 일반,0.2185990288082896,-5.199421718417099,7.625017796063199,-0.19747239173441056,1520701.5,5.21386892746305,0.4869976359338061,-4.617771951643091,0.3895834499571289,1.0250411062880196,0.2259727667777391,0.4104100810650687,0.2914394601115436,0,-0.20803782505910162,0.11963743515624131,-0.044200194951430155,-8.747044917257679,0.0,하락
11500615,우장산동,2022,⑦ 일반,0.1960912926805673,-2.2507736127722304,7.145840741132638,-0.4791770549305614,1799792.28,18.352765483561374,0.3995271867612293,-8.747044917257679,0.3651702075027492,1.1040892075461746,0.2232715570199349,0.3886108953783099,0.2873590052534047,0,-0.19621749408983455,0.17867186537147206,-0.008772814359181244,-1.18203309692671,1.0,유지
11500615,우장산동,2023,⑦ 일반,0.1769054475503006,-1.9185845130266692,7.500781126528276,0.3549403853956381,2020895.3900000001,12.284923791316626,0.3877068557919622,-1.18203309692671,0.3600585093101442,1.0507973613724777,0.2307134636887826,0.3896324251558875,0.2923794278840819,0,-0.21513002364066194,0.24499456600898573,0.014932271184161891,7.801418439716312,2.0,상승
11500620,공항동,2020,⑦ 일반,0.2883056140920608,,9.03630948768252,,3074306.39,,0.5,,0.4027230385818743,1.1688124066949273,0.2092068271645448,0.3074460379942625,0.2609549322672744,0,0.06872037914691942,0.17535545023696686,0.12203791469194314,-21.39479905437352,0.0,하락
11500620,공항동,2021,⑦ 일반,0.2971966713691066,0.8891057277045811,8.31082856937288,-0.7254809183096391,3039645.3,-1.127444229786101,0.2860520094562648,-21.39479905437352,0.414065727933082,0.9765558919155694,0.2183277828807502,0.337038489727732,0.2726503097569502,0,0.408983451536643,0.360867421823356,0.3849254366799995,17.730496453900702,2.0,상승
11500620,공항동,2022,⑦ 일반,0.2572630653306181,-3.99336060384885,7.027112578924241,-1.2837159904486395,3384384.8000000003,11.341438423752948,0.4633569739952718,17.730496453900702,0.4499014677075986,1.130556153337056,0.2051471120264712,0.3382779199590447,0.2640608354702725,0,0.08274231678486998,0.10536340515164755,0.09405286096825877,-21.040189125295512,0.0,하락
11500620,공항동,2023,⑦ 일반,0.2273953044042022,-2.986776092641591,6.1507944943297845,-0.8763180845944563,3410623.46,0.7752859544812862,0.2529550827423167,-21.040189125295512,0.4384661734189339,0.96665056214485,0.2042102391556275,0.3321122736705808,0.2579480506230938,0,0.2364066193853428,0.26126292673635626,0.24883477306084953,6.855791962174951,2.0,상승
11500630,방화1동,2020,④ 잠재 후보,0.2721368527776183,,5.8833016291798454,,1323685.66,,0.3317535545023696,,0.3121271734804962,1.0495606878214545,0.2359758414532405,0.3610780608576022,0.2918993709051418,3,0.16113744075829384,0.1255924170616114,0.14336492890995262,10.796275755436803,2.0,상승
11500630,방화1동,2021,④ 잠재 후보,0.2551401152540033,-1.6996737523614969,5.752875068395782,-0.13042656078406356,1328937.95,0.3967928458181058,0.4397163120567376,10.796275755436803,0.3117528208441412,1.154019045071767,0.2535108537945372,0.3517706407551866,0.3106852673064948,3,0.044917257683215084,0.0010419817821249455,0.022979619732670015,2.8368794326241065,1.0,유지
11500630,방화1동,2022,④ 잠재 후보,0.2450644782949724,-1.007563695903091,5.170587585254231,-0.5822874831415508,1462263.21,10.032466903364456,0.4680851063829787,2.8368794326241065,0.3365957385255303,1.183666125767045,0.2532032659878034,0.3468719043068957,0.3124864897041292,3,0.011820330969267157,-0.0676111727336896,-0.027895420882211225,-0.47281323877068626,1.0,유지
11500630,방화1동,2023,④ 잠재 후보,0.2368084802920675,-0.8255998002904913,4.520958773778789,-0.6496288114754423,1578270.53,7.933408924375529,0.4633569739952718,-0.47281323877068626,0.3361007446291611,1.1818241947881956,0.2516617046378017,0.3448146913574578,0.3103556948566478,3,0.07801418439716312,-0.10553706878200175,-0.013761442192419315,-0.4728132387706807,1.0,유지
11500640,방화2동,2020,⑦ 일반,0.2349647495136308,,7.933682359436597,,2039083.4000000001,,0.7701421800947867,,0.4797241434464571,1.1938775979737657,0.2184295935903204,0.3642449385190088,0.2844267803158529,0,-0.49289099526066354,-0.1563981042654029,-0.32464454976303325,-5.146605716334463,0.0,하락
11500640,방화2동,2021,⑦ 일반,0.2492630327860167,1.4298283272385888,7.277418068005101,-0.656264291431496,2362588.33,15.865213261998012,0.7186761229314421,-5.146605716334463,0.4198079825507403,1.1757120301846584,0.232689433181955,0.3962414349225947,0.2994541457382053,0,-0.264775413711584,-0.14047707079874072,-0.20262624225516235,-5.200945626477549,0.0,하락
11500640,방화2동,2022,⑦ 일반,0.2330956587283644,-1.6167374057652284,7.435648290741356,0.15823022273625487,3778262.89,59.92049236948529,0.6666666666666666,-5.200945626477549,0.4677560483116492,1.11248087370545,0.2311712811928461,0.404111678727841,0.3006299987907471,0,-0.2624113475177305,-0.07424960505529221,-0.16833047628651135,-8.274231678486998,0.0,하락
11500640,방화2동,2023,⑦ 일반,0.224931068962341,-0.8164589766023411,6.606106324993122,-0.8295419657482341,4430549.64,17.264197039502438,0.5839243498817966,-8.274231678486998,0.4944928648873841,1.0120345755630569,0.2342672522884581,0.3826546977341579,0.2950775623998901,0,-0.10874704491725762,-0.024682643720659203,-0.06671484431895841,1.1820330969267157,1.0,유지
11500641,방화3동,2020,⑥ 쇠퇴 주의,0.295522845078722,,3.3982229672954114,,772267.16,,0.7630331753554502,,0.4848540789663517,1.0338714266663012,0.2446308817087414,0.4184079426087331,0.311257753406948,1,-0.1563981042654028,-0.6303317535545023,-0.39336492890995256,5.966186010554264,2.0,상승
11500641,방화3동,2021,⑥ 쇠퇴 주의,0.2651452881974704,-3.03775568812516,2.9881156824224595,-0.4101072848729519,779864.72,0.9837994405977213,0.8226950354609929,5.966186010554264,0.5028133209990779,1.1424385666549637,0.2578476943332605,0.3983708520493941,0.3255775743874845,1,-0.27895981087470445,-0.718429632617391,-0.49869472174604773,-1.1820330969267157,1.0,유지
11500641,방화3동,2022,⑥ 쇠퇴 주의,0.2572697664022159,-0.7875521795254525,2.734360240511842,-0.2537554419106174,879466.05,12.771616338792713,0.8108747044917257,-1.1820330969267157,0.5489100211460886,1.0588587814581825,0.2742397580529367,0.4040424564396481,0.3390378401138215,1,-0.26241134751773043,-0.7326756523590243,-0.4975434999383774,-12.529550827423163,0.0,하락
11500641,방화3동,2023,⑥ 쇠퇴 주의,0.2026471060255429,-5.462266037667299,2.4109601722812877,-0.32340006823055445,944515.81,7.396506095943112,0.6855791962174941,-12.529550827423163,0.4913779423839561,1.1634967636272062,0.2297471130900579,0.3613159767583848,0.2920637434277923,1,-0.3475177304964539,-0.6239678218099112,-0.4857427761531825,-20.803782505910167,0.0,하락
11530510,신도림동,2020,② 라이징스타,0.3242551368880224,,13.055387102274537,,1862171.44,,0.5876777251184834,,0.3660260178023997,1.0468680011295308,0.258654920848388,0.3971835970038411,0.3205486989641217,5,0.1255924170616114,0.2180094786729858,0.1718009478672986,10.026553729286414,2.0,상승
11530510,신도림동,2021,② 라이징스타,0.3307947561092508,0.6539619221228421,12.514872488932896,-0.5405146133416405,1986553.84,6.679427969317375,0.6879432624113475,10.026553729286414,0.3355295919610994,1.2155848179426754,0.2431757154376969,0.4191134033306187,0.315588899355847,5,0.10401891252955087,0.10352593190144865,0.10377242221549976,-5.200945626477537,0.0,하락
11530510,신도림동,2022,② 라이징스타,0.2914256139839365,-3.9369142125314283,11.222675829298634,-1.2921966596342624,2386010.2,20.10800573117113,0.6359338061465721,-5.200945626477537,0.3469255099653134,1.2111919400983355,0.2332150262990993,0.4278591522057581,0.3099677796904959,5,0.06619385342789597,0.12472970096243263,0.0954617771951643,-1.891252955082745,1.0,유지
11530510,신도림동,2023,② 라이징스타,0.2737274695972604,-1.7698144386676107,9.70307571074207,-1.5196001185565642,2694635.06,12.93476700141516,0.6170212765957447,-1.891252955082745,0.362258989526559,1.1893524250977023,0.2256940956698479,0.4344212705877252,0.3045837886697586,5,0.07565011820330969,0.11994554804880508,0.09779783312605739,15.839243498817968,2.0,상승
11530520,구로1동,2020,⑦ 일반,0.1912896568336074,,3.8810492255525624,,533815.44,,0.1469194312796208,,0.1665884581875404,1.0517603533854862,0.2205740844083576,0.3799120815428798,0.2803708006955341,0,-0.04739336492890994,0.05450236966824645,0.0035545023696682554,-1.689579061768229,1.0,유지
11530520,구로1동,2021,⑦ 일반,0.1880256808493259,-0.32639759842815197,3.496535685703217,-0.38451353984934533,533993.12,0.03328491210370377,0.1300236406619385,-1.689579061768229,0.1890465090206206,1.098334767839649,0.2223129931967109,0.3634116002273362,0.2851027527851985,0,0.004728132387706863,0.014526122371236821,0.009627127379471842,-6.3829787234042605,0.0,하락
11530520,구로1동,2022,⑦ 일반,0.1660515629519814,-2.197411789734449,3.3602682534152772,-0.1362674322879398,500523.73,-6.2677567830836445,0.0661938534278959,-6.3829787234042605,0.1862333149386515,1.0168129341756822,0.2035354342849542,0.364102863069828,0.2624189083802955,0,0.030732860520094565,0.09257391908395236,0.061653389802023464,-1.6548463356974,1.0,유지
11530520,구로1동,2023,⑦ 일반,0.1519976114303105,-1.4053951521670909,2.600181114515359,-0.7600871388999182,448048.02,-10.484160261492493,0.0496453900709219,-1.6548463356974,0.1887590247969112,0.9000619651179207,0.1955799890338925,0.3366258147702189,0.2472038945431145,0,0.044917257683215125,0.04040200329400692,0.042659630488611024,4.01891252955083,1.0,유지
11530530,구로2동,2020,⑦ 일반,0.0870162849434031,,4.715942653541592,,1673211.6099999999,,0.0047393364928909,,0.0758883498468172,1.0539097656352483,0.053486687578143,0.1431732325159448,0.0804702138363564,0,0.0,0.31516587677725116,0.15758293838862558,-0.0011204105184100047,1.0,유지
11530530,구로2동,2021,⑦ 일반,0.0829585050292816,-0.4057779914121498,4.7779585458094616,0.062015892267869965,1346470.8699999999,-19.5277595521824,0.0047281323877068,-0.0011204105184100047,0.0849987667778509,1.137526813022093,0.0666325650428392,0.1281328471708473,0.0923612595714041,0,-0.002364066193853428,0.3317647586075538,0.16470034620685017,-0.23640661938534002,1.0,유지
11530530,구로2동,2022,⑦ 일반,0.0822230077780415,-0.07354972512401137,4.490416438106703,-0.2875421077027589,1843753.94,36.93233036671637,0.0023640661938534,-0.23640661938534002,0.0998875518052513,0.9531117452003712,0.0672565302222937,0.1303264158598689,0.0901627404135341,0,0.004728132387706856,0.3175411470762887,0.1611346397319978,0.23640661938534002,1.0,유지
11530530,구로2동,2023,⑦ 일반,0.09474307971534,1.2520071937298511,4.1313297528081705,-0.35908668529853216,2063823.8800000001,11.935971239199095,0.0047281323877068,0.23640661938534002,0.1035365106971296,0.9666228271182192,0.0657235093918993,0.1363706797359269,0.090317417918472,0,0.009456264775413711,0.3175467491288808,0.16350150695214727,0.0,1.0,유지
11530540,구로3동,2020,⑦ 일반,0.4299024964284996,,14.67386234267359,,2319554.13,,0.3720379146919431,,0.48768212300513,0.9783610293298788,0.1593278646236574,0.3656990618821172,0.2202386039481197,0,0.5284360189573459,0.490521327014218,0.509478672985782,-11.199063336806608,0.0,하락
11530540,구로3동,2021,⑦ 일반,0.4111254858752499,-1.8777010553249707,13.21402489794493,-1.4598374447286613,2280545.65,-1.6817232025535866,0.260047281323877,-11.199063336806608,0.5210922810396739,0.9511349054711344,0.1287034941914953,0.3550407659484809,0.1905078972797406,0,0.6643026004728132,0.5622276001927107,0.6132651003327619,22.22222222222222,2.0,상승
11530540,구로3동,2022,⑦ 일반,0.424037019280657,1.2911533405407127,12.562191277302748,-0.6518336206421811,2994485.45,31.305657047470213,0.4822695035460992,22.22222222222222,0.565784760509149,1.0355540912116026,0.1422162497924717,0.383184445532454,0.2127344979034058,0,0.44917257683215134,0.3091996907666969,0.3791861337994241,-21.276595744680844,0.0,하락
11530540,구로3동,2023,⑦ 일반,0.4080487843665003,-1.598823491415674,11.801168508899414,-0.7610227684033344,3292820.45,9.962813477687792,0.2695035460992908,-21.276595744680844,0.5294145027320034,0.9339204296883648,0.1417824305760832,0.3644589898414442,0.2057077104852297,0,0.6548463356973995,0.5219656482135053,0.5884059919554524,-2.3640661938534286,1.0,유지
11530550,구로4동,2020,⑦ 일반,0.2263451098995341,,4.552746681497584,,1024166.7999999999,,0.2796208530805687,,0.3063121262027367,1.0386960998859045,0.2455924540390623,0.335359812487868,0.2974483894607849,0,-0.03554502369668247,0.014218009478672966,-0.010663507109004752,13.645479703763458,2.0,상승
11530550,구로4동,2021,⑦ 일반,0.2179262894309088,-0.8418820468625299,4.645552692734216,0.09280601123663246,1205198.04,17.67595278425351,0.4160756501182033,13.645479703763458,0.3156855351867151,1.1209409442272842,0.2625874575821952,0.3441819223497596,0.3180938836240315,0,-0.14184397163120566,-0.1032794415873976,-0.12256170660930163,-0.7092198581560294,1.0,유지
11530550,구로4동,2022,⑦ 일반,0.2072750151829808,-1.0651274247928,4.218128470468745,-0.42742422226547117,1588153.6199999999,31.775323829766577,0.408983451536643,-0.7092198581560294,0.3293380387951322,1.112528981281392,0.2730201477347327,0.3521867133148236,0.3285029130394057,0,-0.14657210401891252,-0.1364716031954108,-0.14152185360716166,-5.67375886524823,0.0,하락
11530550,구로4동,2023,⑦ 일반,0.1890905994833032,-1.8184415699677603,3.68815417090321,-0.5299742995655348,1811460.8800000001,14.060809810073671,0.3522458628841607,-5.67375886524823,0.3311043911305738,1.0753939646735078,0.2573509139428535,0.3473085242580007,0.3110865155485754,0,-0.10401891252955084,-0.08921268752871053,-0.09661580002913069,0.9456264775413781,1.0,유지
11530560,구로5동,2020,⑦ 일반,0.4026643678267163,,10.717806603209237,,3228395.35,,0.7511848341232228,,0.3798183132271499,1.1129752800137764,0.2782952599957023,0.4178944762890803,0.3455053804358459,0,0.12322274881516582,-0.007109004739336511,0.05805687203791465,2.8957009848408433,1.0,유지
11530560,구로5동,2021,⑦ 일반,0.3700467233751185,-3.261764445159776,10.13645432695745,-0.5813522762517866,3678501.16,13.942090766547533,0.7801418439716312,2.8957009848408433,0.3812237713808929,1.241039199277711,0.2617632408233192,0.4035706122570356,0.3342680458481023,0,0.08037825059101655,-0.0479143558199725,0.016231947385522028,-6.85579196217494,0.0,하락
11530560,구로5동,2022,⑦ 일반,0.3637048059214564,-0.6341917453662138,9.248497636131829,-0.8879566908256216,4625818.45,25.752806613223967,0.7115839243498818,-6.85579196217494,0.443758151284181,1.1094324891208738,0.2609688790135783,0.4215044394545564,0.3323394349099225,0,0.15130023640661938,-0.0030531186626779894,0.0741235588719707,4.255319148936165,1.0,유지
11530560,구로5동,2023,⑦ 일반,0.3268695772794958,-3.6835228641960596,8.219003917686383,-1.0294937184454458,5033738.81,8.81833916331065,0.7541371158392435,4.255319148936165,0.4317780437657122,1.176931655235446,0.2504722657195759,0.4142574502559488,0.3244189541847661,0,0.06382978723404253,-0.07878166560227662,-0.007475939184117042,-10.401891252955075,0.0,하락
11530595,가리봉동,2020,⑦ 일반,0.2972318720399317,,6.501203976998325,,283281.99,,0.5402843601895735,,0.2821611664790757,1.0045838155135998,0.2887601503950445,0.430886850158542,0.3503012413187134,0,0.07582938388625593,-0.03791469194312802,0.018957345971563955,1.5271195365982093,1.0,유지
11530595,가리봉동,2021,⑦ 일반,0.2781199070461946,-1.9111964993737074,6.396184455212999,-0.10501952178532648,333557.61,17.74755253590248,0.5555555555555556,1.5271195365982093,0.1881580732176038,1.201451812231555,0.3000915339867603,0.4327415590839703,0.3682644094389379,0,0.0614657210401891,-0.05555555555555558,0.0029550827423167614,4.018912529550822,1.0,유지
11530595,가리봉동,2022,⑦ 일반,0.2755939007867055,-0.2526006259489122,5.929759585490712,-0.466424869722287,396578.81,18.893647786959498,0.5957446808510638,4.018912529550822,0.2689395720506321,1.0906937383869173,0.3184860982248392,0.4372548775969352,0.3814238569847206,0,0.04964539007092206,-0.1360290410406373,-0.043191825484857616,-4.728132387706852,1.0,유지
11530595,가리봉동,2023,⑦ 일반,0.2279666356771404,-4.762726510956508,5.726287470641127,-0.2034721148495846,507261.47,27.9093731709972,0.5484633569739953,-4.728132387706852,0.2625978802576588,1.0916847551033415,0.298092795128911,0.4315392393539889,0.3614394983096025,0,-0.056737588652482296,-0.057942029959777264,-0.05733980930612978,-6.382978723404259,0.0,하락
11530720,고척1동,2020,⑦ 일반,0.172523401125526,,5.2299623439206,,1367096.65,,0.0616113744075829,,0.2178736507983615,0.9574570946145674,0.2170548474397754,0.2734609959976879,0.2610268829594011,0,0.0023696682464454943,0.3199052132701422,0.16113744075829384,3.2951273346554197,1.0,유지
11530720,고척1동,2021,⑦ 일반,0.1736509130691136,0.11275119435875947,4.5421600365352335,-0.6878023073853665,1418641.56,3.7703925322324583,0.0945626477541371,3.2951273346554197,0.2045261581971386,1.0433884222117484,0.2453561223262176,0.2829111681976649,0.2901842938993556,0,-0.01418439716312056,0.20638521954444108,0.09610041119066026,4.72813238770685,1.0,유지
11530720,고척1동,2022,⑦ 일반,0.1806186655697708,0.6967752500657204,6.0140968221689395,1.471936785633706,1980376.83,39.59670193223439,0.1418439716312056,4.72813238770685,0.2438052318090426,1.1169035926479358,0.244662467242498,0.2899807795125618,0.2926420452505746,0,-0.009456264775413725,0.3297200094114483,0.1601318723180173,-1.8912529550827395,1.0,유지
11530720,고척1동,2023,⑦ 일반,0.190321546567959,0.9702880998188196,7.119246767588773,1.105149945419834,2717742.85,37.23362184559591,0.1229314420803782,-1.8912529550827395,0.2596221863639967,1.0572006639367255,0.2449913826279546,0.2902253636296084,0.2904923772497134,0,0.1371158392434988,0.4837036290096692,0.310409734126584,0.7092198581560294,1.0,유지
11530730,고척2동,2020,⑦ 일반,0.2127361038411239,,3.0128922749921005,,545712.84,,0.4099526066350711,,0.2839951451821347,1.0715472690461154,0.259280423594082,0.3735551704437938,0.3184871246268301,0,-0.22985781990521328,-0.31042654028436023,-0.27014218009478674,4.158403639093361,1.0,유지
11530730,고척2동,2021,⑦ 일반,0.1787754604719662,-3.396064336915769,2.973879539495628,-0.03901273549647266,569764.84,4.4074462312449825,0.4515366430260047,4.158403639093361,0.2692374891442766,1.1659153839910574,0.2673670823132607,0.371003646784346,0.3286162218627724,0,-0.3569739952718676,-0.3520105766752938,-0.3544922859735807,-12.765957446808512,0.0,하락
11530730,고척2동,2022,⑦ 일반,0.1622079764130805,-1.6567484058885724,2.644283047284558,-0.3295964922110697,649632.8,14.01770597146712,0.3238770685579196,-12.765957446808512,0.2713606138537727,1.1383328144669198,0.2598050234174626,0.3621653260488121,0.319726644943239,0,-0.24822695035460995,-0.2551566894110002,-0.2516918198828051,-2.8368794326241176,1.0,유지
11530730,고척2동,2023,⑦ 일반,0.1482379029166712,-1.3970073496409303,2.299823370237647,-0.34445967704691105,663557.48,2.14346935684282,0.2955082742316784,-2.8368794326241176,0.2712427524113523,1.1356928364219276,0.249494637540061,0.3498040413133034,0.3060543919246425,0,-0.21985815602836878,-0.24811490930276853,-0.23398653266556865,-7.09219858156028,0.0,하락
11530740,개봉1동,2020,⑦ 일반,0.2194549472352489,,4.567922922757035,,1155547.3,,0.3625592417061611,,0.2615156074800839,1.0468082245297952,0.2519954563005578,0.3999810722888646,0.3126901422781174,0,-0.16113744075829387,-0.06635071090047395,-0.11374407582938391,0.6235084534973567,1.0,유지
11530740,개봉1동,2021,⑦ 일반,0.2091206956005813,-1.0334251634667586,4.570586925601516,0.002664002844481317,1139468.1,-1.3914791718175445,0.3687943262411347,0.6235084534973567,0.240591013192342,1.0887480315961646,0.2643290474101751,0.4230258623778699,0.3319154713685459,0,-0.15130023640661935,-0.06310712244966554,-0.10720367942814245,14.184397163120572,2.0,상승
11530740,개봉1동,2022,⑦ 일반,0.2101837279804779,0.10630323798966057,4.5379737831165485,-0.03261314248496738,1399826.95,22.84915654944617,0.5106382978723404,14.184397163120572,0.2903053832297063,1.115374313814624,0.275951287919075,0.4231132143839822,0.3424710016991879,0,-0.22695035460992902,-0.1812544116164162,-0.2041023831131726,-8.274231678486998,0.0,하락
11530740,개봉1동,2023,⑦ 일반,0.2024149568443724,-0.7768771136105496,4.434678641578394,-0.10329514153815467,1537810.6400000001,9.857196277011248,0.4278959810874704,-8.274231678486998,0.2871859325668794,1.097948565630484,0.2589025803680446,0.4079860306939561,0.3228565307619467,0,-0.09219858156028371,-0.0771850806135368,-0.08469183108691025,-13.475177304964541,0.0,하락
11530750,개봉2동,2020,④ 잠재 후보,0.3052456371060485,,4.835658715406672,,638910.06,,0.481042654028436,,0.2711950245784655,1.0900239594311296,0.2440504854404769,0.4219119632297476,0.3099659136290096,3,0.16824644549763035,-0.1374407582938389,0.015402843601895727,20.217247599520466,2.0,상승
11530750,개봉2동,2021,④ 잠재 후보,0.2843774690444819,-2.0868168061566603,4.527744336542497,-0.30791437886417494,669167.2,4.735743243736046,0.6832151300236406,20.217247599520466,0.3159386391707834,1.195477655757139,0.2566020800244808,0.4307109874339332,0.3274774784858536,3,-0.047281323877068515,-0.384636930971508,-0.21595912742428824,-3.0732860520094496,1.0,유지
11530750,개봉2동,2022,④ 잠재 후보,0.2708499708687836,-1.3527498175698316,4.146621515878493,-0.3811228206640038,758019.99,13.27811494645883,0.6524822695035462,-3.0732860520094496,0.3721528898787525,1.116482335889993,0.2603409878846476,0.4404854658306652,0.3312385257970364,3,-0.03309692671394804,-0.3870794259016504,-0.21008817630779922,4.255319148936165,1.0,유지
11530750,개봉2동,2023,④ 잠재 후보,0.2462195193879129,-2.4630451480870703,4.086444584895142,-0.060176930983351085,875688.86,15.523188247317865,0.6950354609929078,4.255319148936165,0.3816372651977713,1.1510148233346953,0.2534250930770631,0.4378101159978472,0.324009049384518,3,-0.1063829787234043,-0.3822392524621021,-0.2443111155927532,-1.4184397163120588,1.0,유지
11530760,개봉3동,2020,⑦ 일반,0.2460557131123752,,3.294173090628557,,605597.2000000001,,0.6611374407582938,,0.3851104051075381,1.1174932870771734,0.2492431527753326,0.3881725465275502,0.3109487799743006,0,-0.3009478672985782,-0.542654028436019,-0.4218009478672986,6.699494694856201,2.0,상승
11530760,개봉3동,2021,⑦ 일반,0.2207010016484612,-2.5354711463913993,3.0412559336247345,-0.25291715700382245,682392.75,12.680961867062779,0.7281323877068558,6.699494694856201,0.299857712009547,1.2803947156276383,0.2643611915469664,0.4094371657165834,0.3339376107439742,0,-0.43735224586288424,-0.6214973166168084,-0.5294247812398463,-0.47281323877068626,1.0,유지
11530760,개봉3동,2022,⑦ 일반,0.2105291982812336,-1.0171803367227616,3.015858181395162,-0.0253977522295723,849907.67,24.548168191997945,0.723404255319149,-0.47281323877068626,0.3176396107235398,1.3242811486629855,0.2576191560357251,0.4149667179331918,0.3279991083812225,0,-0.4326241134751774,-0.6049208429968741,-0.5187724782360257,-24.822695035460995,0.0,하락
11530760,개봉3동,2023,⑦ 일반,0.1784219368111818,-3.21072614700518,2.9931684571402473,-0.02268972425491489,973942.51,14.593919360675955,0.475177304964539,-24.822695035460995,0.2921959314989732,1.1815257795870595,0.2535827548783623,0.3871923463504151,0.3181490091571065,0,-0.30023640661938533,-0.3282578736849182,-0.31424714015215177,5.200945626477537,2.0,상승
11530770,오류1동,2020,⑤ 성숙·정체,0.364168668357644,,7.310816307806799,,606670.42,,0.6824644549763034,,0.4071308289304894,1.1100516668516909,0.2460255863880972,0.3887066269827264,0.3089718545386128,2,0.12796208530805686,-0.10426540284360197,0.011848341232227444,8.349299183220726,2.0,상승
11530770,오류1동,2021,⑤ 성숙·정체,0.3629356834565406,-0.12329849011034066,7.538278758879721,0.22746245107292218,620074.31,2.209418748321368,0.7659574468085106,8.349299183220726,0.4534984453514996,1.1120382017494008,0.2523603853936659,0.4164567744722258,0.3209672519762937,2,0.08747044917257685,-0.16169204396490877,-0.03711079739616596,-7.5650118203309695,0.0,하락
11530770,오류1동,2022,⑤ 성숙·정체,0.3452802443385231,-1.765543911801748,6.337373543516168,-1.2009052153635524,887874.6,43.188418820318475,0.6903073286052009,-7.5650118203309695,0.4565720204642731,1.1035472571483127,0.2547927291761369,0.3988661345733359,0.3194086275978011,2,0.13475177304964536,-0.18793766035875548,-0.026592943654555057,2.6004728132387744,1.0,유지
11530770,오류1동,2023,⑤ 성숙·정체,0.3280889015563223,-1.7191342782200802,5.541726841517159,-0.7956467019990097,1727299.68,94.54320238466107,0.7163120567375887,2.6004728132387744,0.4692104992193242,1.0974419457318636,0.2535737959109844,0.4021407681796023,0.317775039559906,2,0.10401891252955076,-0.24474807569493467,-0.07036458158269196,6.619385342789597,2.0,상승
11530780,오류2동,2020,⑦ 일반,0.2585852003064026,,4.3719854253705694,,1730275.21,,0.4194312796208531,,0.2715220672753997,1.048702649149439,0.2393513847027105,0.4286891471176037,0.3063452494091514,0,0.002369668246445522,-0.15165876777251186,-0.07464454976303317,6.283822392524613,2.0,상승
11530780,오류2동,2021,⑦ 일반,0.2414078666926409,-1.7177333613761698,4.51579530143058,0.1438098760600104,1918679.75,10.888703653102683,0.4822695035460992,6.283822392524613,0.3126694580849642,1.1753426984191058,0.2322473518545154,0.3786202258471371,0.2953896424322819,0,-0.07328605200945626,-0.19080030923330304,-0.13204318062137965,-17.257683215130022,0.0,하락
11530780,오류2동,2022,⑦ 일반,0.2210706744084726,-2.0337192284168277,3.700399056784138,-0.815396244646442,2178559.63,13.544724178175116,0.309692671394799,-17.257683215130022,0.3072083323026135,1.1365130770861018,0.2286440371572655,0.36605805254635,0.2897820315624021,0,0.04491725768321514,-0.09879219746114976,-0.026937469888967308,-2.1276595744680824,1.0,유지
11530780,오류2동,2023,⑦ 일반,0.1914503384205961,-2.96203359878765,3.449373349516559,-0.251025707267579,2224673.94,2.1167338899050536,0.2884160756501182,-2.1276595744680824,0.2986120061604955,1.1726305525609153,0.2101872905717011,0.3556444735689972,0.2737310658263662,0,-0.01654846335697402,-0.06566726048424146,-0.04110786192060774,4.491725768321514,1.0,유지
11530790,수궁동,2020,⑦ 일반,0.2596020043119958,,3.64688515783096,,664108.93,,0.6516587677725119,,0.4091025541412659,1.0467724521832924,0.2213985776852975,0.4399651448453667,0.2935276715832098,0,-0.22511848341232227,-0.48815165876777256,-0.35663507109004744,-23.794718384816203,0.0,하락
11530790,수궁동,2021,⑦ 일반,0.2292941134657382,-3.0307890846257624,3.569232835227058,-0.07765232260390187,692234.47,4.23507932651952,0.4137115839243498,-23.794718384816203,0.3172371995344089,1.0590631857742518,0.2277073091588436,0.4300018017378327,0.2965201634139934,0,-0.06619385342789597,-0.262052816151838,-0.164123334789867,-8.747044917257673,0.0,하락
11530790,수궁동,2022,⑦ 일반,0.2199052166850313,-0.9388896780706896,3.0694331306253106,-0.4997997046017475,861041.4,24.38580240016075,0.3262411347517731,-8.747044917257673,0.3281015485470693,1.025423661079325,0.2243145904588989,0.4303533861726917,0.2937493870852901,0,0.016548463356973964,-0.2006487176901617,-0.09205012716659387,15.839243498817963,2.0,상승
11530790,수궁동,2023,⑦ 일반,0.2007070321621553,-1.9198184522876,2.8786034455928338,-0.19082968503247688,955688.08,10.99211721991531,0.4846335697399527,15.839243498817963,0.3695567298995059,1.1016613667334043,0.2145733085423658,0.418655214970641,0.2856359167560262,0,-0.15839243498817962,-0.35667148443189584,-0.25753195971003773,-4.255319148936171,1.0,유지
11530800,항동,2021,⑦ 일반,0.3776563263538466,,,,,,0.6572104018912529,,0.4512244747627667,0.860834968324637,0.3735698023683911,0.3396781647758626,0.4153631502864948,0,0.2127659574468086,,,-43.49881796690307,0.0,하락
11530800,항동,2022,⑦ 일반,0.3029602170147215,-7.469610933912513,,,,,0.2222222222222222,-43.49881796690307,0.2914898994903936,1.0049411807382962,0.3069852815280886,0.3074572829139195,0.3446615457340041,0,0.5153664302600472,,,-17.02127659574468,0.0,하락
11530800,항동,2023,⑦ 일반,0.2230990543708571,-7.986116264386439,,,,,0.0520094562647754,-17.02127659574468,0.3059590156440957,0.6224950786338863,0.2926449904048128,0.2725629847451579,0.3252287583268054,0,0.41134751773049644,,,7.328605200945621,2.0,상승
11545510,가산동,2020,① 레전드,0.3952340879967188,,10.120509077376708,,2629866.62,,0.995260663507109,,0.8108500987705954,1.1090598081636287,0.3899339239735601,0.3575101215761084,0.4385838129582451,6,-0.13033175355450233,-0.27725118483412314,-0.20379146919431274,-0.7080994476376112,1.0,유지
11545510,가산동,2021,① 레전드,0.3776913009563846,-1.7542787040334185,10.641587880138225,0.521078802761517,2814091.5,7.005103551601399,0.9881796690307328,-0.7080994476376112,0.8206588026742739,1.1529286038136282,0.3821547707579818,0.3188720169482955,0.426923508012585,6,-0.11583924349881791,-0.24410383964684657,-0.17997154157283224,-1.654846335697402,1.0,유지
11545510,가산동,2022,① 레전드,0.3565054161946486,-2.1185884761735996,10.110475877470817,-0.5311120026674079,3406361.72,21.04658714899641,0.9716312056737588,-1.654846335697402,0.8387076175433187,1.0549094074999814,0.3822343514810588,0.325418919542527,0.4246328004929453,6,-0.1229314420803782,-0.24177338576854557,-0.1823524139244619,-0.47281323877068626,1.0,유지
11545510,가산동,2023,① 레전드,0.3084523282760348,-4.805308791861379,9.046376697820683,-1.0640991796501336,3575881.16,4.976554280911771,0.966903073286052,-0.47281323877068626,0.807399929883639,1.1185063502334236,0.3685996037079873,0.3106363242186612,0.4100330717908089,6,-0.18912529550827417,-0.24889359461306615,-0.21900944506067016,-2.127659574468077,1.0,유지
11545610,독산1동,2020,⑦ 일반,0.1387717490464527,,6.891837942258984,,1798424.18,,0.0142180094786729,,0.0717613392655251,1.066657528143831,0.1651498756506983,0.1257907115964883,0.1869880743185941,0,0.00947867298578199,0.533175355450237,0.2713270142180095,0.46945200721544983,1.0,유지
11545610,독산1동,2021,⑦ 일반,0.158700328772502,1.9928579726049307,7.2882887761563016,0.39645083389731717,1836266.84,2.1042121442117256,0.0189125295508274,0.46945200721544983,0.0767232285073209,1.1247239415217014,0.2114949222337833,0.1285509804107629,0.2338428586378402,0,0.030732860520094565,0.5616561908283195,0.29619452567420707,-0.94562647754137,1.0,유지
11545610,독산1동,2022,⑦ 일반,0.147820427148716,-1.0879901623786021,7.26540063602991,-0.0228881401263914,1722400.13,-6.200989285413449,0.0094562647754137,-0.94562647754137,0.0915058336336727,0.9803651392555834,0.2038592735013928,0.1273746119135964,0.2259730519364122,0,0.037825059101654845,0.5711124556037332,0.3044687573526941,0.94562647754137,1.0,유지
11545610,독산1동,2023,⑦ 일반,0.1618441585633822,1.40237314146662,6.7969715389354715,-0.4684290970944387,1960405.59,13.818244428488292,0.0189125295508274,0.94562647754137,0.108357122539031,1.16135280419967,0.2004120128656315,0.1313680157739153,0.2243749743797875,0,0.10638297872340424,0.559286522581874,0.3328347506526391,0.7092198581560301,1.0,유지
11545620,독산2동,2020,③ 급성장 신흥,0.2382603260687273,,5.237041746384917,,403216.95,,0.3364928909952606,,0.2508598741946602,0.9875301397393782,0.2696699120203714,0.4106173013535473,0.3318922634625365,4,-0.030805687203791454,0.04739336492891,0.008293838862559272,31.83534447021389,2.0,상승
11545620,독산2동,2021,③ 급성장 신흥,0.2219740240801194,-1.6286301988607894,4.88444935962247,-0.3525923867624474,473318.45,17.38555385630489,0.6548463356973995,31.83534447021389,0.2296066508156689,1.313472409240784,0.2761298059825615,0.3978017191842153,0.3489235634470128,4,-0.34751773049645385,-0.30176576697702034,-0.3246417487367371,-22.69503546099291,0.0,하락
11545620,독산2동,2022,③ 급성장 신흥,0.2082529708609745,-1.3721053219144907,4.896673694029068,0.012224334406598203,558170.54,17.927061579788408,0.4278959810874704,-22.69503546099291,0.2836129646337377,1.1095531945643835,0.2737710798536799,0.4046172344412486,0.3389520700529753,4,-0.15839243498817968,-0.05348839814908185,-0.10594041656863076,12.765957446808518,2.0,상승
11545620,독산2동,2023,③ 급성장 신흥,0.2070881884079969,-0.1164782452977603,4.359430636605544,-0.5372430574235239,590806.51,5.846953155213086,0.5555555555555556,12.765957446808518,0.3153226636972149,1.1781147382241166,0.2638337873987574,0.3860435854203694,0.3259257056875694,4,-0.1938534278959811,-0.21195365982095843,-0.20290354385846976,5.910165484633567,2.0,상승
11545630,독산3동,2020,③ 급성장 신흥,0.2280842134857774,,4.752677719207142,,633732.43,,0.2488151658767772,,0.2891240371493443,0.9346844036833638,0.2592130860840976,0.3718350682035667,0.3129731160507074,4,0.007109004739336483,0.08293838862559241,0.04502369668246445,28.073566154639064,2.0,상승
11545630,독산3동,2021,③ 급성장 신흥,0.2143908977768331,-1.3693315708944303,4.510155252296109,-0.24252246691103352,622350.86,-1.7959582721685963,0.5295508274231678,28.073566154639064,0.2849755545833211,1.1698715722517588,0.2742418477853476,0.3859177434083786,0.3367354442431902,4,-0.2836879432624113,-0.2428209696032626,-0.26325445643283696,6.85579196217494,2.0,상승
11545630,독산3동,2022,③ 급성장 신흥,0.200949910182738,-1.3440987594095093,4.481216531760237,-0.028938720535871987,785378.92,26.195522570660557,0.5981087470449172,6.85579196217494,0.3265986326129872,1.158090627083026,0.2826953053520393,0.3895915749535643,0.3453184897366729,4,-0.37115839243498816,-0.28057320202122055,-0.3258657972281044,-6.85579196217494,0.0,하락
11545630,독산3동,2023,③ 급성장 신흥,0.1829608021821796,-1.7989108000558391,3.9834942616656073,-0.4977222700946293,760562.16,-3.159845441229825,0.5295508274231678,-6.85579196217494,0.3547845239685923,1.0741392830774923,0.2770433647777098,0.3797816573201941,0.3360955717517081,4,-0.32860520094562645,-0.23334229661748063,-0.28097374878155357,7.5650118203309695,2.0,상승
11545640,독산4동,2020,⑤ 성숙·정체,0.3463311581968891,,7.9870434014481715,,855882.04,,0.914691943127962,,0.5186605083595717,1.0190924839059865,0.2851791114593029,0.519615425186824,0.3664616111806792,2,-0.12796208530805686,-0.2962085308056872,-0.21208530805687204,0.9657938668728439,1.0,유지
11545640,독산4동,2021,⑤ 성숙·정체,0.3098425342980185,-3.648862389887059,7.515857751466807,-0.4711856499813649,840470.67,-1.8006418267638824,0.9243498817966904,0.9657938668728439,0.4776449967088091,1.1263836449175328,0.2810492090306948,0.5365170988468513,0.3659399077979026,2,-0.18912529550827428,-0.3248238154459794,-0.25697455547712683,1.891252955082734,1.0,유지
11545640,독산4동,2022,⑤ 성숙·정체,0.3050964683365104,-0.4746065961508117,7.788425724440315,0.27256797297350843,964249.55,14.727328914404602,0.9432624113475178,1.891252955082734,0.4899625235698728,1.3470112885750911,0.2768234850376036,0.498417598241749,0.3612196437339213,2,-0.19621749408983458,-0.32003966253235183,-0.2581285783110932,-2.8368794326241176,1.0,유지
11545640,독산4동,2023,⑤ 성숙·정체,0.30129961504616,-0.37968532903503993,6.9622747849600595,-0.8261509394802555,992312.17,2.9103067769126856,0.9148936170212766,-2.8368794326241176,0.5007629442804532,1.127447552954742,0.292695703759351,0.5252543807218554,0.3757987690847086,2,-0.14657210401891252,-0.3201068871634567,-0.2333394955911846,-2.8368794326241176,1.0,유지
11545670,시흥1동,2020,⑦ 일반,0.2556217871174961,,7.465512464717215,,1849545.77,,0.5710900473933649,,0.3571303438766012,1.1042020098576182,0.2501429911175153,0.3724988812416393,0.3101842141000734,0,-0.16587677725118477,0.018957345971564066,-0.07345971563981035,-21.884418450920418,0.0,하락
11545670,시흥1동,2021,⑦ 일반,0.2155759837505873,-4.00458033669088,6.788225310413215,-0.6772871543040004,1950401.82,5.453017256231507,0.3522458628841607,-21.884418450920418,0.2944867032127619,1.1622621506882052,0.242120706221188,0.3438198361482071,0.3008090608929671,0,-0.09456264775413714,0.17619015607318517,0.04081375415952401,-1.18203309692671,1.0,유지
11545670,시흥1동,2022,⑦ 일반,0.2082229933929411,-0.7352990357646222,6.375575288220219,-0.41265002219299607,2302743.57,18.06508517306449,0.3404255319148936,-1.18203309692671,0.3157069706367904,1.168492124299478,0.2413852300845251,0.343877024859245,0.2998376838833373,0,-0.07328605200945626,0.16431380457799744,0.04551387628427059,-8.510638297872342,0.0,하락
11545670,시흥1동,2023,⑦ 일반,0.1911848615378919,-1.7038131855049183,5.499443800186523,-0.8761314880336961,2356095.72,2.316894972374217,0.2553191489361702,-8.510638297872342,0.3101258994733785,1.103312440573872,0.2344388717050165,0.3326923940785694,0.2897823029796216,0,0.011820330969267157,0.21150549561359283,0.11166291329143,8.03782505910165,2.0,상승
11545680,시흥2동,2020,⑦ 일반,0.1402153895882215,,1.6499198092311096,,506111.87,,0.0876777251184834,,0.038909117435218,1.5673066032307823,0.1363413780927807,0.2262575596072253,0.1789526345532033,0,-0.06161137440758294,-0.08530805687203792,-0.07345971563981044,13.454449710373881,2.0,상승
11545680,시흥2동,2021,⑦ 일반,0.1580600361181795,1.7844646529958013,1.8074559898204636,0.15753618058935404,521139.66000000003,2.9692625071212175,0.2222222222222222,13.454449710373881,0.0770043352073041,1.544901995169538,0.173459208068724,0.3221714661715934,0.2344374199744789,0,-0.17494089834515364,-0.21748288572933122,-0.19621189203724243,-13.475177304964541,0.0,하락
11545680,시흥2동,2022,⑦ 일반,0.1416512646831662,-1.6408771435013318,1.5921789020145964,-0.21527708780586718,522151.75,0.19420705766279855,0.0874704491725768,-13.475177304964541,0.0978154239257327,1.3091868459100495,0.1786858454909799,0.3336824894616529,0.2408125792970127,0,-0.04964539007092199,-0.08510078092613134,-0.06737308549852666,5.673758865248228,2.0,상승
11545680,시흥2동,2023,⑦ 일반,0.1300171626320376,-1.163410205112858,1.9530811122419895,0.3609022102273931,547116.55,4.781138816445618,0.1442080378250591,5.673758865248228,0.103258255536484,1.5340602228633975,0.1593899271785625,0.3060648674394111,0.2200239810017549,0,-0.1087470449172577,-0.12051135536060414,-0.11462920013893092,-7.092198581560289,0.0,하락
11545690,시흥3동,2020,④ 잠재 후보,0.1970751488340092,,2.3845574028039818,,390454.01,,0.3436018957345971,,0.2953620752270927,0.9893860382390114,0.2217707945929708,0.4384884168043151,0.2863946065047945,3,-0.22274881516587677,-0.3080568720379147,-0.26540284360189575,-14.02922030632023,0.0,하락
11545690,시흥3동,2021,④ 잠재 후보,0.2037689542210723,0.6693805387063101,2.417662257525359,0.03310485472137703,400223.81,2.50216408329369,0.2033096926713948,-14.02922030632023,0.2751965523041371,1.0209654839138549,0.2282617010201069,0.3776484483462366,0.2908042619877304,3,-0.011820330969267129,-0.16776466897471232,-0.08979249997198972,22.222222222222225,2.0,상승
11545690,시흥3동,2022,④ 잠재 후보,0.1966946971772492,-0.7074257043823112,2.1237910682530012,-0.29387118927235756,420025.78,4.947724124659159,0.425531914893617,22.222222222222225,0.3099450977546412,1.2220126020309954,0.2181633376535449,0.3835692515538392,0.2883813594517519,3,-0.21749408983451538,-0.39946556418271656,-0.308479827008616,-9.929078014184395,0.0,하락
11545690,시흥3동,2023,④ 잠재 후보,0.1917170310797268,-0.49776660975223985,1.7755128686088484,-0.34827819964415285,445076.47,5.9640839188489725,0.3262411347517731,-9.929078014184395,0.3456516822473489,1.0676631102794574,0.206717734325582,0.3928359290556849,0.2773447317769965,3,-0.049645390070922,-0.3167624617659911,-0.18320392591845655,9.456264775413704,2.0,상승
11545700,시흥4동,2020,⑦ 일반,0.2388215120569784,,3.246577014481724,,396945.15,,0.471563981042654,,0.3685599690896232,1.0007845659131964,0.2382724816483865,0.3917975993470284,0.2994159420532818,0,-0.1635071090047393,-0.3625592417061611,-0.26303317535545023,0.36133239218850144,1.0,유지
11545700,시흥4동,2021,⑦ 일반,0.236362649204525,-0.24588628524534195,3.4129306402166852,0.16635362573496115,431268.36,8.646839494071145,0.475177304964539,0.36133239218850144,0.3526324198048046,1.0665498094941128,0.2382588177420562,0.3970133096256492,0.3035521485829283,0,-0.09219858156028371,-0.3424758831635911,-0.21733723236193742,4.255319148936165,1.0,유지
11545700,시흥4동,2022,⑦ 일반,0.2292825980573646,-0.7080051147160399,3.210180971402298,-0.20274966881438727,483732.23,12.165017160081026,0.5177304964539007,4.255319148936165,0.3731328858003694,1.1278625526049704,0.2471150314729261,0.3787792569014911,0.3085006834847831,0,-0.1229314420803782,-0.3779200699136163,-0.25042575599699723,1.891252955082745,1.0,유지
11545700,시흥4동,2023,⑦ 일반,0.2207812945373822,-0.8501303519982378,3.0435052196652315,-0.1666757517370665,523342.95,8.18856332975788,0.5366430260047281,1.891252955082745,0.3993870197003944,1.1168699998682436,0.2315767314067746,0.3787181631842294,0.292525203402918,0,-0.09456264775413709,-0.3873539264786618,-0.24095828711639944,-8.983451536643033,0.0,하락
11545710,시흥5동,2020,⑦ 일반,0.2208373971335556,,4.115996263682816,,510470.58,,0.3483412322274881,,0.27964623922292,1.053089845536907,0.2523569261946081,0.3742583602625592,0.3098692274563808,0,-0.13981042654028436,-0.11611374407582936,-0.12796208530805686,23.08549852666017,2.0,상승
11545710,시흥5동,2021,⑦ 일반,0.2037970587820336,-1.7040338351521993,3.961954793246931,-0.15404147043588523,492072.5,-3.60414110446875,0.5791962174940898,23.08549852666017,0.326863888646607,1.1735227887665696,0.266478448936382,0.3746395132670992,0.327635878435585,0,-0.3853427895981087,-0.380144084792668,-0.38274343719538834,-14.89361702127659,0.0,하락
11545710,시흥5동,2022,⑦ 일반,0.1979335262387663,-0.5863532543267297,3.492236562169651,-0.46971823107727984,530347.52,7.778329412840601,0.4302600472813239,-14.89361702127659,0.314382820946632,1.136391327175451,0.2637368212642904,0.3725219210396331,0.3250412312178625,0,-0.21513002364066194,-0.25727426529080255,-0.23620214446573223,-1.4184397163120588,1.0,유지
11545710,시흥5동,2023,⑦ 일반,0.1879237392001091,-1.0009787038657207,3.3749179023485585,-0.11731865982109246,564464.99,6.433040358141007,0.4160756501182033,-1.4184397163120588,0.327243111528309,1.1354046237720836,0.249776798914367,0.355787963391341,0.3078398914879949,0,-0.18203309692671393,-0.214653849170336,-0.19834347304852495,-4.255319148936171,1.0,유지
11560515,영등포본동,2020,⑤ 성숙·정체,0.3984628173420118,,10.567611564000613,,1693644.67,,0.957345971563981,,0.6094997154898226,1.1422564020776649,0.2910975384850501,0.4729025559787055,0.3672035450608074,2,-0.08767772511848337,-0.22274881516587675,-0.15521327014218006,-38.051382026374455,0.0,하락
11560515,영등포본동,2021,⑤ 성숙·정체,0.3456754633153671,-5.27873540266447,11.700802670030223,1.13319110602961,1810154.79,6.879254076358299,0.5768321513002365,-38.051382026374455,0.3846093393599937,1.0220169882924417,0.2837295807655945,0.3916671807113234,0.341866397923298,2,0.2505910165484633,0.19567969704099575,0.2231353567947295,28.841607565011817,2.0,상승
11560515,영등포본동,2022,⑤ 성숙·정체,0.3531135084507604,0.7438045135393312,11.33666432105063,-0.3641383489795924,2310437.82,27.637582861076737,0.8652482269503546,28.841607565011817,0.3769763168548434,1.3288303357898206,0.3078277400712537,0.4192288761472819,0.380088217882248,2,-0.026004728132387744,-0.09984538334845894,-0.06292505574042334,-8.037825059101655,0.0,하락
11560515,영등포본동,2023,⑤ 성숙·정체,0.4208666769970295,6.775316854626912,9.891477856310413,-1.4451864647402175,2483433.25,7.487560517858904,0.7848699763593381,-8.037825059101655,0.2910062821805731,1.1889382917494915,0.3501802571795072,0.4262713526214788,0.4124880992140382,2,0.1442080378250591,-0.040794146975451806,0.05170694542480364,-5.910165484633567,0.0,하락
11560535,영등포동,2020,③ 급성장 신흥,0.3574189469859797,,18.462466453865044,,6318686.2,,0.2867298578199052,,0.3037571226444858,1.0070564263937802,0.2672516370148666,0.3288046563810353,0.3174244251735253,4,0.514218009478673,0.6184834123222749,0.566350710900474,16.007865281839262,2.0,상승
11560535,영등포동,2021,③ 급성장 신흥,0.3528683490725552,-0.4550597913424492,16.792822429955084,-1.6696440239099601,6961773.37,10.177545610668236,0.4468085106382978,16.007865281839262,0.3010026201830116,1.1358181080111536,0.2700309213153535,0.3523251604507535,0.3286998515476875,4,0.3877068557919622,0.4418170817787638,0.414761968785363,13.2387706855792,2.0,상승
11560535,영등포동,2022,③ 급성장 신흥,0.3433369254115595,-0.9531423660995686,14.978015337323377,-1.8148070926317068,8616397.84,23.767284311928115,0.5791962174940898,13.2387706855792,0.3082530764271391,1.186281787901926,0.2716742064040994,0.3941859133072678,0.3388339052507601,4,0.23877068557919623,0.2881023607049623,0.26343652314207927,1.1820330969267157,1.0,유지
11560535,영등포동,2023,③ 급성장 신흥,0.3428426051999559,-0.049432021160361606,13.229702590040931,-1.748312747282446,9438610.29,9.542415116709591,0.5910165484633569,1.1820330969267157,0.3379531940244314,1.1549915896780287,0.2820505399710996,0.3821532273746542,0.3453930045147599,4,0.2576832151300237,0.25258534727124027,0.255134281200632,-8.747044917257686,0.0,하락
11560540,여의동,2020,③ 급성장 신흥,0.3031862314300695,,13.063171999048686,,5950266.98,,0.2630331753554502,,0.5322841134709632,0.9391658984981828,0.1230269839602137,0.3422527929685692,0.1807151294563825,4,0.37677725118483407,0.5450236966824644,0.46090047393364925,28.070204923083825,2.0,상승
11560540,여의동,2021,③ 급성장 신흥,0.3000055670422104,-0.31806643878591334,16.61749357000091,3.554321570952224,8065992.59,35.556818158098835,0.5437352245862884,28.070204923083825,0.6395779117443553,1.007155076329372,0.118647592438275,0.3589669831320048,0.1837686199453706,4,0.16312056737588654,0.34015103133788216,0.25163579935688435,5.910165484633567,2.0,상승
11560540,여의동,2022,③ 급성장 신흥,0.3001366613730906,0.013109433088021039,15.895995598992469,-0.721497971008441,12068727.36,49.62482577733189,0.6028368794326241,5.910165484633567,0.661266032769291,1.002926822146564,0.1279972717293534,0.3837986166787773,0.1947513417220556,4,0.1300236406619385,0.278679708245101,0.20435167445351976,3.0732860520094607,1.0,유지
11560540,여의동,2023,③ 급성장 신흥,0.2851380696375452,-1.4998591735545408,13.853699174079615,-2.0422964249128537,13251921.36,9.803800887254454,0.6335697399527187,3.0732860520094607,0.6843252999262138,0.9905600756941648,0.1309307080481966,0.3959516248536116,0.2023987315990336,4,0.09929078014184389,0.22898950175344246,0.16414014094764318,3.3096926713947927,1.0,유지
11560550,당산1동,2020,⑦ 일반,0.1994345609091764,,8.81913265354908,,1589633.76,,0.0379146919431279,,0.1766652249627976,0.9826522987687372,0.1784864819833402,0.2651496529910194,0.2219410736999242,0,0.0971563981042654,0.6232227488151658,0.3601895734597156,-0.9545897616886803,1.0,유지
11560550,당산1동,2021,⑦ 일반,0.1791960602798165,-2.023850062935992,9.404362617474282,0.5852299639252028,1480235.67,-6.881968208828182,0.0283687943262411,-0.9545897616886803,0.1616223847707413,0.9044400502924572,0.2056164218073576,0.2778587987987653,0.2525468707464469,0,0.07092198581560284,0.6754226748680716,0.3731723303418372,7.5650118203309695,2.0,상승
11560550,당산1동,2022,⑦ 일반,0.1899136560999561,1.071759582013962,8.411310496348262,-0.9930521211260199,2008293.12,35.673876849623554,0.1040189125295508,7.5650118203309695,0.2206525140303264,1.1419367218113277,0.2161261703426736,0.2893538025212083,0.2671289866555331,0,0.05910165484633571,0.547639855242961,0.30337075504464833,-4.255319148936169,1.0,유지
11560550,당산1동,2023,⑦ 일반,0.1962580443702009,0.6344388270244777,8.612359121399058,0.20104862505079524,2091346.72,4.135531769386325,0.0614657210401891,-4.255319148936169,0.2370578367495908,0.97463184827684,0.2089115716936762,0.2893941430471473,0.2565765407934005,0,0.24822695035460993,0.6399560799076782,0.4440915151311441,-1.4184397163120601,1.0,유지
11560560,당산2동,2020,⑤ 성숙·정체,0.4273902468533594,,14.128070229945857,,1913474.35,,0.7867298578199052,,0.5645018031827886,1.072320240086578,0.184809867331695,0.4215908439992148,0.2572358819406342,2,0.1090047393364929,0.05924170616113744,0.08412322274881517,-3.4956808174515186,1.0,유지
11560560,당산2동,2021,⑤ 성숙·정체,0.39509138199078,-3.2298864862579437,14.29667442500456,0.1686041950587036,1759036.56,-8.071066643772884,0.75177304964539,-3.4956808174515186,0.5293793630213278,1.1049556970202412,0.1836420628395613,0.4310715025377325,0.2598826052154019,2,0.13947990543735223,0.0965681825820981,0.11802404400972516,-2.6004728132387633,1.0,유지
11560560,당산2동,2022,⑤ 성숙·정체,0.3884111932117016,-0.6680188779078389,13.60589426305765,-0.6907801619469112,2220845.57,26.2535197108126,0.7257683215130024,-2.6004728132387633,0.5286255466041213,1.0990323345934316,0.1998162583054944,0.4376842475051992,0.2754024312620375,2,0.17257683215130015,0.10598523298936724,0.1392810325703337,4.255319148936165,1.0,유지
11560560,당산2동,2023,⑤ 성숙·정체,0.3686455538802927,-1.9765639331408902,12.749504116074231,-0.8563901469834185,2406934.24,8.379180998163704,0.7683215130023641,4.255319148936165,0.5388610395192184,1.0996178497131348,0.1989959522556893,0.4471760383686918,0.2769167515884708,2,0.1229314420803782,0.06106237325356012,0.09199690766696916,4.728132387706852,1.0,유지
11560585,도림동,2020,⑦ 일반,0.2672767433997518,,5.675113753639838,,685696.74,,0.2654028436018957,,0.2776029596571622,1.0722808836929905,0.2198704858628112,0.3661700963361672,0.2810612371471506,0,0.20616113744075826,0.1635071090047393,0.18483412322274878,-14.010733532766409,0.0,하락
11560585,도림동,2021,⑦ 일반,0.2334729784834887,-3.3803764916263135,5.626560935845775,-0.04855281779406351,723384.15,5.4962212595614846,0.1252955082742316,-14.010733532766409,0.2525508428530934,1.009661840171788,0.1946193769903787,0.3894822524501143,0.2604244488272822,0,0.23877068557919626,0.29887510783951243,0.26882289670935433,-1.8912529550827408,1.0,유지
11560585,도림동,2022,⑦ 일반,0.2248115875959321,-0.8661390887556603,5.250573071562348,-0.37598786428342645,893047.28,23.454084527563946,0.1063829787234042,-1.8912529550827408,0.2945925755187685,0.9045280387252426,0.2031389534933644,0.3903529454976822,0.2636032446025909,0,0.26713947990543735,0.30593929615811233,0.2865393880317748,2.1276595744680895,1.0,유지
11560585,도림동,2023,⑦ 일반,0.21140607864957,-1.3405508946362081,5.230247462357417,-0.02032560920493154,1044589.58,16.969123963963018,0.1276595744680851,2.1276595744680895,0.3198224545509434,0.8859689106432433,0.2050275955684651,0.3943371711692754,0.2650658120978981,0,0.264775413711584,0.30835938287788645,0.2865673982947352,22.222222222222218,2.0,상승
11560605,문래동,2020,⑦ 일반,0.2846958380383002,,13.48462160411441,,1827725.74,,0.0473933649289099,,0.3162387352329595,0.7756052010354655,0.1723507893104815,0.3105312120696707,0.2190778849091771,0,0.5023696682464455,0.7819905213270142,0.6421800947867298,-0.011204105184139945,1.0,유지
11560605,문래동,2021,⑦ 일반,0.2956456388540127,1.0949800815712507,13.856338237429355,0.37171663331494464,2136835.54,16.912263871711964,0.0472813238770685,-0.011204105184139945,0.3337900941041965,0.868100795440627,0.1561177342032891,0.2604074998222619,0.2018096713607871,0,0.6430260047281324,0.7892115671181922,0.7161187859231624,1.1820330969267199,1.0,유지
11560605,문래동,2022,⑦ 일반,0.3159329163718881,2.02872775178754,14.83565771174646,0.979319474317105,2622204.27,22.71436996035736,0.0591016548463357,1.1820330969267199,0.3915616660352688,0.8594116403818295,0.1772752060187018,0.2971510491497144,0.2256851656938529,0,0.7163120567375887,0.805827255106271,0.7610696559219299,1.6548463356973895,1.0,유지
11560605,문래동,2023,⑦ 일반,0.2836296729550755,-3.2303243416812566,14.67114829607401,-0.16450941567245003,2840814.99,8.336906567542135,0.0756501182033096,1.6548463356973895,0.3470044694728481,0.9918121407683776,0.1497601051244124,0.2809644073845365,0.2000839130329911,0,0.6477541371158393,0.80349680122797,0.7256254691719046,-3.5460992907801394,1.0,유지
11560610,양평1동,2020,⑦ 일반,0.2396733739336413,,5.198314128670772,,1101818.3699999999,,0.3933649289099526,,0.3189345773243744,1.4540989231534711,0.1454950358415385,0.2611705883477593,0.2032021436989805,0,-0.07582938388625593,-0.016587677725118488,-0.04620853080568721,-24.915689108489353,0.0,하락
11560610,양평1동,2021,⑦ 일반,0.3299445262985978,9.027115236495648,6.6574724379602115,1.4591583092894398,738630.02,-32.962633396645934,0.1442080378250591,-24.915689108489353,0.3720253028767895,0.9408080723283606,0.1930280197993711,0.3459942726813238,0.2494242313242672,0,0.6453900709219859,0.36764030340716836,0.5065151871645771,6.14657210401891,2.0,상승
11560610,양평1동,2022,⑦ 일반,0.3092477975449985,-2.069672875359929,6.144440641875745,-0.5130317960844666,930686.67,26.001739003242786,0.2056737588652482,6.14657210401891,0.3495009564263366,1.0765046369315323,0.1974248717582639,0.3378067383380592,0.2559738434050861,0,0.5508274231678487,0.27536889516318785,0.4130981591655183,7.5650118203309695,2.0,상승
11560610,양평1동,2023,⑦ 일반,0.2926782715867255,-1.656952595827299,5.26045892936164,-0.883981712514105,1124563.48,20.83158771361795,0.2813238770685579,7.5650118203309695,0.374448625509225,1.1046617468813624,0.1894595549474464,0.351364266474958,0.250386715337193,0,0.4680851063829787,0.15943441677030462,0.31375976157664165,4.728132387706852,1.0,유지
11560620,양평2동,2020,⑦ 일반,0.1285235811880808,,8.29244306359449,,1241805.21,,0.0426540284360189,,0.2128961275105235,1.3287312424027458,0.0823424212730581,0.1613243330429559,0.1174301102376616,0,-0.028436018957345974,0.5947867298578199,0.283175355450237,-2.84696312728984,1.0,유지
11560620,양평2동,2021,⑦ 일반,0.1451172436204926,1.6593662432411809,9.302876743625346,1.0104336800308555,1475149.18,18.790706313754303,0.0141843971631205,-2.84696312728984,0.2531070770371636,1.019330207342901,0.0913152467154223,0.1643900211923102,0.1178684344393139,0,0.018912529550827423,0.6801283990454102,0.34952046429811884,0.2364066193853402,1.0,유지
11560620,양평2동,2022,⑦ 일반,0.1383178046233255,-0.6799438997167118,8.587612749057257,-0.7152639945680885,1583620.78,7.353263078111194,0.0165484633569739,0.2364066193853402,0.2677150672209042,1.0301381854858338,0.0909598214366605,0.1867954620470307,0.1221794183806667,0,0.016548463356973995,0.6540676503871018,0.3353080568720379,-0.2364066193853402,1.0,유지
11560620,양평2동,2023,⑦ 일반,0.1707163550166474,3.2398550393321903,7.869136601276764,-0.7184761477804935,1535065.74,-3.0660774734213803,0.0141843971631205,-0.2364066193853402,0.3317430218022739,0.7856792787732174,0.1072548042740182,0.2245296694563257,0.1366407040191105,0,0.13711583924349882,0.6374743706093913,0.38729510492644503,24.822695035461,2.0,상승
11560630,신길1동,2020,⑦ 일반,0.298116196828037,,7.026809024844445,,746236.02,,0.1327014218009478,,0.27543969290746,0.9870309728807208,0.1999258750217484,0.3394143042417297,0.2528332260530981,0,0.48815165876777245,0.4312796208530806,0.4597156398104265,25.26413677971609,2.0,상승
11560630,신길1동,2021,⑦ 일반,0.3009150782080789,0.27988813800419177,7.144395229119405,0.1175862042749598,767001.38,2.7826799354981446,0.3853427895981087,25.26413677971609,0.2801201643541903,1.2486139308883513,0.2163593144883893,0.3508663267320409,0.2763620249551594,0,0.3286052009456265,0.17152924831658323,0.25006722463110487,-1.4184397163120588,1.0,유지
11560630,신길1동,2022,⑦ 일반,0.2913519733500249,-0.9563104858054006,6.975919420140351,-0.16847580897905345,933795.62,21.746276388707408,0.3711583924349881,-1.4184397163120588,0.3276624608911125,1.2110090775637117,0.2134902727517752,0.3523746139759006,0.2761517720074909,0,0.3286052009456265,0.19282265021904033,0.2607139255823334,16.784869976359346,2.0,상승
11560630,신길1동,2023,⑦ 일반,0.2423609999389175,-4.899097341110739,6.132249635255486,-0.8436697848848649,1065876.21,14.14448592080566,0.5390070921985816,16.784869976359346,0.3773926648092228,1.1209933641859404,0.2315998932024628,0.3964521349540055,0.2977177598847307,0,0.028368794326241176,-0.027158750966354117,0.0006050216799435293,-14.184397163120565,0.0,하락
11560650,신길3동,2020,⑦ 일반,0.2648706475630134,,4.434920516630816,,584252.41,,0.5521327014218009,,0.2977987098740385,1.1007837243094598,0.2664611205653145,0.396026707491195,0.3272205465720663,0,-0.09478672985781988,-0.2725118483412322,-0.18364928909952605,-40.3196531209035,0.0,하락
11560650,신길3동,2021,⑦ 일반,0.2241743282527424,-4.069631931027098,4.147839828117336,-0.28708068851348045,486099.05,-16.79982115948825,0.1489361702127659,-40.3196531209035,0.2312521700940326,1.0954699268357435,0.2366316043030802,0.3248739753270815,0.2880082703150769,0,0.17257683215130026,0.09040032267822931,0.13148857741476477,4.72813238770686,1.0,유지
11560650,신길3동,2022,⑦ 일반,0.2194290183318352,-0.4745309920907187,4.167603111180282,0.019763283062945725,564279.74,16.08328384924842,0.1962174940898345,4.72813238770686,0.278748989423382,1.0672798857219206,0.2406110293012267,0.3452007295464659,0.2969404426803272,0,0.14184397163120566,0.07392468600495222,0.10788432881807894,7.565011820330972,2.0,상승
11560650,신길3동,2023,⑦ 일반,0.2074716722347752,-1.1957346097060007,3.696513542218862,-0.4710895689614194,610875.89,8.257632996003018,0.2718676122931442,7.565011820330972,0.2768778944520059,1.127983053446637,0.2439315034556714,0.3479668474713415,0.2994735344499347,0,0.09456264775413709,-0.006464768691248457,0.044048939531444314,9.692671394799046,2.0,상승
11560660,신길4동,2020,⑦ 일반,0.2216869549319657,,3.2600181893147084,,321870.29,,0.1990521327014218,,0.450042814719168,0.7137460265171364,0.2189772808078047,0.3836880512441387,0.2686437958954598,0,0.0118483412322275,-0.08767772511848342,-0.03791469194312796,10.59124063056704,2.0,상승
11560660,신길4동,2021,⑦ 일반,0.2155411918309892,-0.6145763100976503,3.486698685562161,0.22668049624745246,407586.41000000003,26.630640560208295,0.3049645390070922,10.59124063056704,0.4152395589219713,0.9652951690533638,0.230538688583464,0.3357156926631477,0.2844265018935333,0,-0.049645390070922,-0.16278444422036234,-0.10621491714564217,8.274231678486998,2.0,상승
11560660,신길4동,2022,⑦ 일반,0.2215406044925192,0.5999412661530007,3.3185227611285004,-0.16817592443366047,469941.33,15.298576809761633,0.3877068557919622,8.274231678486998,0.4062739080450105,1.08869272453618,0.2318336097664241,0.3412233996634982,0.287617056219519,0,-0.03073286052009455,-0.23130875152655933,-0.13102080602332694,7.328605200945621,2.0,상승
11560660,신길4동,2023,⑦ 일반,0.2382031636726564,1.6662559180137204,3.2060218849485644,-0.11250087617993598,502682.47,6.96706969782801,0.4609929078014184,7.328605200945621,0.4002679778146712,1.0829110633073895,0.247290291121839,0.3473651219177667,0.3025307584836109,0,0.08747044917257685,-0.2903767940573426,-0.10145317244238289,-17.021276595744677,0.0,하락
11560670,신길5동,2020,⑦ 일반,0.2054890375866739,,2.8022521063563004,,173979.35,,0.1729857819905213,,0.2227299095055652,1.1964874803285994,0.2117300175450608,0.2937739482016866,0.2645581151181991,0,-0.021327014218009477,-0.08767772511848342,-0.054502369668246446,-10.442786236877192,0.0,하락
11560670,신길5동,2021,⑦ 일반,0.2028822509824163,-0.2606786604257588,2.4827172629630003,-0.31953484339330007,170122.07,-2.2170907064545275,0.0685579196217494,-10.442786236877192,0.2533720908649321,0.83684327072384,0.2326846499136214,0.3158383321667973,0.2820144810674321,0,0.11820330969267138,-0.02827355943217595,0.04496487513024772,4.9645390070922,1.0,유지
11560670,신길5동,2022,⑦ 일반,0.1930450178082562,-0.9837233174160104,2.5632468608555574,0.08052959789255709,333748.58,96.18182402788773,0.1182033096926714,4.9645390070922,0.2495200224211551,1.1506722330879966,0.1994398630437263,0.2941301211549085,0.2509104819852876,0,0.07092198581560283,-0.05896160353153396,0.005980191142034436,-4.72813238770686,1.0,유지
11560670,신길5동,2023,⑦ 일반,0.1648765530470296,-2.8168464761226586,2.844763393904464,0.28151653304890667,424680.31,27.24557809354573,0.0709219858156028,-4.72813238770686,0.2182531185450794,1.170271003401936,0.1674007049574314,0.2595558657620307,0.2114440370228469,0,0.059101654846335686,0.049931094753117536,0.05451637479972661,-4.9645390070922,1.0,유지
11560680,신길6동,2020,⑦ 일반,0.2611062796604086,,4.499393305682942,,869070.28,,0.6469194312796208,,0.3238143519504083,1.1058357189331838,0.2502848561709777,0.4419251894380872,0.3229031277042449,0,-0.20853080568720378,-0.3578199052132701,-0.283175355450237,-7.481541236709122,0.0,하락
11560680,신길6동,2021,⑦ 일반,0.2903257673539314,2.9219487693522783,4.685365345343194,0.18597203966025244,1042228.01,19.9244795254073,0.5721040189125296,-7.481541236709122,0.323429457273546,1.129933721922624,0.2470952666214105,0.4314404507508559,0.3188759792920125,0,0.08747044917257674,-0.24982913739594192,-0.0811793441116826,-13.002364066193861,0.0,하락
11560680,신길6동,2022,⑦ 일반,0.2753297342798676,-1.4996033074063775,5.123897701258586,0.43853235591539175,1195228.39,14.680125513034326,0.442080378250591,-13.002364066193861,0.3287272913658176,1.0875404355211575,0.2427276003556991,0.4233965367876157,0.3118121587405973,0,0.20094562647754138,-0.04634578109419296,0.07729992269167421,11.820330969267145,2.0,상승
11560680,신길6동,2023,⑦ 일반,0.253236853468245,-2.209288081162264,4.726806642031021,-0.3970910592275647,1241520.85,3.8731057919399126,0.5602836879432624,11.820330969267145,0.3633605032564455,1.075015193662045,0.2475686620640479,0.4275066407290579,0.3166339901953739,0,0.05910165484633567,-0.16691875903330983,-0.05390855209348708,11.111111111111105,2.0,상승
11560690,신길7동,2020,⑦ 일반,0.3400579184265117,,4.191857886315932,,523927.58999999997,,0.90521327014218,,0.6041939022672841,1.0619457449258654,0.2353342138556103,0.4571216970346638,0.3072943513863485,0,-0.13744075829383884,-0.6611374407582938,-0.39928909952606634,-23.14544048939531,0.0,하락
11560690,신길7동,2021,⑦ 일반,0.2943706191133485,-4.568729931316318,4.063472122517348,-0.12838576379858413,564332.16,7.711861480705773,0.6737588652482269,-23.14544048939531,0.4718281016632349,1.1611538498955816,0.1899123452816461,0.3851570630117769,0.2572219754114224,0,0.009456264775413725,-0.4391617088501226,-0.21485272203735445,1.1820330969267157,1.0,유지
11560690,신길7동,2022,⑦ 일반,0.2900925767028649,-0.42780424104835735,4.154685204827031,0.09121308230968239,708681.61,25.57880982717695,0.6855791962174941,1.1820330969267157,0.4459783713822276,1.2117624883679765,0.2110162968981445,0.3988030452846893,0.2840145238305956,0,0.009456264775413725,-0.41780668436915286,-0.20417520979686957,4.728132387706852,1.0,유지
11560690,신길7동,2023,⑦ 일반,0.2865498076830714,-0.35427690197935013,4.819999047464348,0.6653138426373175,936867.82,32.198692160221285,0.7328605200945626,4.728132387706852,0.4679340718714654,1.111723300128583,0.2290827906778192,0.4351575668063428,0.2980919125095599,0,0.007092198581560294,-0.334756254691719,-0.16383202805507935,-14.657210401891252,0.0,하락
11560700,대림1동,2020,⑦ 일반,0.2001498005564649,,3.865595917169281,,550206.5,,0.0355450236966824,,0.2534456649316028,0.8702817999301243,0.1799090149518672,0.2585226387552456,0.218636139165521,0,0.1018957345971564,0.16113744075829384,0.13151658767772512,2.8284763537360105,1.0,유지
11560700,대림1동,2021,⑦ 일반,0.2029750490559824,0.2825248499517513,3.8760828152407223,0.01048689807144143,732539.56,33.13902325763147,0.0638297872340425,2.8284763537360105,0.2684209308363847,0.9983456363642887,0.1802667427181738,0.2626981191498008,0.2231227501013711,0,0.1252955082742317,0.12811334072804276,0.12670442450113722,0.0,1.0,유지
11560700,대림1동,2022,⑦ 일반,0.1959471531394086,-0.7027895916573795,3.914230321284278,0.03814750604355588,903507.64,23.33909174816442,0.0638297872340425,0.0,0.2917315063083888,1.0268538904474551,0.196741209869704,0.2666622721638938,0.2408107756588802,0,0.13711583924349885,0.1826157103962892,0.15986577481989403,3.7825059101654888,1.0,유지
11560700,대림1동,2023,⑦ 일반,0.198024148165823,0.20769950264143966,4.033793612418187,0.1195632911339084,1141060.61,26.292303405425564,0.1016548463356974,3.7825059101654888,0.3244575214053748,0.983544901139235,0.2085389506642598,0.285304572041101,0.2529638842488123,0,0.21513002364066197,0.20640202570221733,0.21076602467143965,-0.47281323877068904,1.0,유지
11560710,대림2동,2020,⑤ 성숙·정체,0.289177419376373,,10.127302175732542,,1071091.67,,0.7037914691943128,,0.4995622965088721,1.005878004101348,0.2759856211801201,0.3405935716768146,0.3258480080984636,2,-0.1327014218009479,0.016587677725118488,-0.05805687203791471,8.10785071650253,2.0,상승
11560710,대림2동,2021,⑤ 성숙·정체,0.2663333245662513,-2.284409481012167,9.739664717549088,-0.38763745818345363,1215396.15,13.472654492775572,0.7848699763593381,8.10785071650253,0.4475095150181499,1.1329004161342568,0.2967668388271093,0.363937948364569,0.3508470716541443,2,-0.23877068557919623,-0.06923016593279785,-0.15400042575599704,4.491725768321508,1.0,유지
11560710,대림2동,2022,⑤ 성숙·정체,0.2406694530576632,-2.566387150858809,9.191807225559572,-0.5478574919895163,1671479.68,37.52550392725862,0.8297872340425532,4.491725768321508,0.4939844315722307,1.1470988822453985,0.3134191502396999,0.3674032683012956,0.3673756898127981,2,-0.3664302600472813,-0.12599576484824038,-0.24621301244776084,0.0,1.0,유지
11560710,대림2동,2023,⑤ 성숙·정체,0.2082067062127728,-3.246274684489042,7.506945950457849,-1.6848612751017225,1832330.23,9.623242922103614,0.8297872340425532,0.0,0.5127240670501626,1.1019467074524345,0.323169764099212,0.3606390382269521,0.3743166759150996,2,-0.46099290780141844,-0.1947161439951598,-0.3278545258982891,-10.874704491725762,0.0,하락
11560720,대림3동,2020,⑦ 일반,0.1604181678349462,,9.164731971840217,,1469805.45,,0.0118483412322274,,0.1338426057745918,1.0921422376935996,0.0834683166495583,0.1630080401157068,0.1144275040144188,0,0.035545023696682464,0.6800947867298579,0.3578199052132702,-0.23920764568137015,1.0,유지
11560720,대림3동,2021,⑦ 일반,0.1439509484043716,-1.646721943057461,9.290982604579105,0.1262506327388877,1673247.24,13.841409419185368,0.0094562647754137,-0.23920764568137015,0.1133745191726906,1.2484828143960869,0.0823971190731522,0.1505258056607819,0.1130830157938523,0,0.018912529550827423,0.6824868631866716,0.35069969636874954,0.94562647754137,1.0,유지
11560720,대림3동,2022,⑦ 일반,0.1498619406232507,0.5910992218879113,9.569772804325575,0.2787901997464708,2292788.81,37.02630162414013,0.0189125295508274,0.94562647754137,0.1417445787310429,1.2358023948628438,0.0928343793406162,0.1823306835953957,0.1317381602002095,0,0.03309692671394799,0.7014666173686038,0.36728177204127593,1.4184397163120501,1.0,유지
11560720,대림3동,2023,⑦ 일반,0.1617911628009249,1.19292221776742,8.178955229755765,-1.3908175745698106,2661848.78,16.096553175344553,0.0330969267139479,1.4184397163120501,0.1720348887628204,1.3014174415667892,0.1080643453043538,0.1917625234854026,0.146925703553563,0,0.08983451536643025,0.6398888552765732,0.36486168532150176,-2.1276595744680797,1.0,유지
11590510,노량진1동,2020,⑦ 일반,0.3192342060368545,,21.74951853736597,,1351278.28,,0.7559241706161137,,0.0862574222032896,1.3321289113731012,0.4156358359137891,0.3658702426669865,0.4740474253139192,0,-0.05213270142180093,0.18957345971563988,0.06872037914691947,-10.817003350027443,0.0,하락
11590510,노량진1동,2021,⑦ 일반,0.3051075465559333,-1.4126659480921178,18.965366554341546,-2.7841519830244223,1297848.6300000001,-3.9540079042786003,0.6477541371158393,-10.817003350027443,0.0852160928051915,1.3899561535352218,0.4066357417230898,0.3074921123928197,0.4561284426979117,0,0.07565011820330969,0.26219846951923176,0.16892429386127072,-16.78486997635934,0.0,하락
11590510,노량진1동,2022,⑦ 일반,0.2640402485386908,-4.106729801724251,18.325463080151117,-0.6399034741904295,1774212.3,36.704100847261344,0.4799054373522459,-16.78486997635934,0.071507086750256,1.2552177066085153,0.4160780879591332,0.3368295089306726,0.4663209717562546,0,0.08983451536643028,0.4276775010363797,0.258756008201405,4.728132387706852,1.0,유지
11590510,노량진1동,2023,⑦ 일반,0.2468055421346485,-1.7234706404042288,16.796978547800155,-1.5284845323509622,1967954.35,10.919891041224329,0.5271867612293144,4.728132387706852,0.0656572606859037,1.2728103482114397,0.405241033124682,0.3563847476822683,0.4588779175331434,0,0.06382978723404253,0.37328717241997467,0.2185584798270086,-1.654846335697402,1.0,유지
11590520,노량진2동,2020,⑤ 성숙·정체,0.301356559338726,,9.069704613338086,,1101632.68,,0.7274881516587678,,0.0241949825671711,1.321120923628829,0.4455716835659006,0.3706181880713664,0.5040880793053036,2,-0.09241706161137442,-0.049763033175355464,-0.07109004739336494,12.830381051617312,2.0,상승
11590520,노량진2동,2021,⑤ 성숙·정체,0.2837889799617958,-1.756757937693021,8.097024431823346,-0.9726801815147397,1384056.34,25.6368266053981,0.8557919621749409,12.830381051617312,0.0205172573720602,1.5792341714735627,0.4780123191220118,0.3332619038789455,0.5304398714369645,2,-0.2222222222222222,-0.22546020862043858,-0.2238412154213304,-6.382978723404253,0.0,하락
11590520,노량진2동,2022,⑤ 성숙·정체,0.2791388675090268,-0.46501124527690285,8.950120177865962,0.8530957460426158,1654110.75,19.51180759014477,0.7919621749408984,-6.382978723404253,0.0252353095641352,1.4202744449799658,0.4663559842794102,0.3892453606415345,0.5224442568936642,2,-0.13947990543735223,-0.10475838347170408,-0.12211914445452815,-10.401891252955087,0.0,하락
11590520,노량진2동,2023,⑤ 성숙·정체,0.2543801821597091,-2.475868534931769,8.413241059214506,-0.5368791186514557,1856685.3,12.246734385832392,0.6879432624113475,-10.401891252955087,0.0291162546234784,1.3622937151575287,0.4386743024939827,0.386719006514175,0.4977768642131564,2,-0.06619385342789597,-0.005478807435044142,-0.035836330431470054,2.127659574468088,1.0,유지
11590530,상도1동,2020,⑦ 일반,0.3343137787712766,,11.397572979082298,,1145975.29,,0.4407582938388625,,0.4065804373396414,1.0200084488754364,0.2108098643048774,0.3684380557989417,0.2702514434741478,0,0.31516587677725116,0.33175355450236965,0.3234597156398104,-6.95999014038744,0.0,하락
11590530,상도1동,2021,⑦ 일반,0.2756735696356441,-5.86402091356325,11.102007924638416,-0.29556505444388215,1312458.6199999999,14.527654431362125,0.3711583924349881,-6.95999014038744,0.3294681860978488,1.2093167076917593,0.2012267814460032,0.3437330171961942,0.2632930323082936,0,0.2364066193853428,0.38476577818112556,0.3105861987832342,-7.5650118203309695,0.0,하락
11590530,상도1동,2022,⑦ 일반,0.2989439102529327,2.327034061728861,12.52540879363679,1.4234008689983746,1489499.09,13.489222997369632,0.2955082742316784,-7.5650118203309695,0.3744047499897944,1.082681897950523,0.2094369720145504,0.3584164216411021,0.2718847398894572,0,0.4326241134751774,0.49359125183467223,0.4631076826549248,25.059101654846344,2.0,상승
11590530,상도1동,2023,⑦ 일반,0.2845655368576316,-1.4378373395301125,12.295650681811441,-0.22975811182534933,1619542.35,8.730670657878692,0.5460992907801419,25.059101654846344,0.3878666926844058,1.2149400880521226,0.2010793436483848,0.3776696119771512,0.2672749446984473,0,0.182033096926714,0.26669691775066384,0.22436500733868892,-30.26004728132389,0.0,하락
11590540,상도2동,2020,⑦ 일반,0.2953359967018633,,8.869080188133173,,1044336.8200000001,,0.514218009478673,,0.3229911922520255,1.1548461299433426,0.2285346345824551,0.3674050206960051,0.2881172105399725,0,0.09004739336492884,0.15402843601895733,0.12203791469194308,-8.15938960034957,0.0,하락
11590540,상도2동,2021,⑦ 일반,0.2716730919433047,-2.366290475855859,8.1000663458102,-0.7690138423229733,1132113.69,8.405034498352727,0.4326241134751773,-8.15938960034957,0.3288820740190951,1.1574057931176895,0.2180225242920087,0.3745149008479425,0.2813513219171347,0,0.1418439716312057,0.20244697657221605,0.17214547410171088,-9.692671394799063,0.0,하락
11590540,상도2동,2022,⑦ 일반,0.2558118750216078,-1.5861216921696897,7.739855822181403,-0.3602105236287967,1259981.61,11.294618299333536,0.3356973995271867,-9.692671394799063,0.3206372395723585,1.1631812406368611,0.2179871394488882,0.3688961792860452,0.280764405221678,0,0.20330969267139481,0.28278601279508814,0.24304785273324148,4.255319148936171,1.0,유지
11590540,상도2동,2023,⑦ 일반,0.238947561503858,-1.6864313517749778,7.658118324123916,-0.0817374980574872,1247585.32,-0.9838468991622884,0.3782505910165484,4.255319148936171,0.3239771304839419,1.1426198439026094,0.2245442386685578,0.3749334930004811,0.2867699843539582,0,0.17730496453900713,0.2662991720166269,0.221802068277817,-7.801418439716312,0.0,하락
11590550,상도3동,2020,⑦ 일반,0.237538768329291,,7.615101134856844,,557460.62,,0.4739336492890995,,0.2829364353860134,1.2143094160755517,0.2313993969307187,0.3507238720849875,0.2944880509724181,0,-0.17535545023696686,0.13033175355450233,-0.022511848341232266,-1.0576675293827664,1.0,유지
11590550,상도3동,2021,⑦ 일반,0.2571038257718183,1.956505744252729,7.465813617596355,-0.14928751726048883,543571.7,-2.491462087492391,0.4633569739952718,-1.0576675293827664,0.2804194771039602,1.1499060012892304,0.2554780261273002,0.3892986137767871,0.3187465405646026,0,0.03782505910165479,0.12906008761610255,0.08344257335887867,5.2009456264775435,2.0,상승
11590550,상도3동,2022,⑦ 일반,0.2228027225645651,-3.4301103207253187,7.405553575095674,-0.06026004250068162,633382.63,16.522370461891246,0.5153664302600472,5.2009456264775435,0.3055510474175302,1.2588513919870643,0.2519569441208127,0.3528549554493496,0.3139481989598564,0,-0.15366430260047276,0.0746809631048817,-0.03949166974779553,-18.439716312056735,0.0,하락
11590550,상도3동,2023,⑦ 일반,0.2058589572629423,-1.6943765301622808,5.33286435648391,-2.072689218611764,686771.64,8.42918758286757,0.3309692671394799,-18.439716312056735,0.2983882338623287,1.1308666347131011,0.2500727617251219,0.3437245894257407,0.3068391326696141,0,0.026004728132387744,0.12163736793161017,0.07382104803199896,-2.364066193853426,1.0,유지
11590560,상도4동,2020,④ 잠재 후보,0.2667636837078493,,4.895032856919547,,582344.61,,0.2962085308056872,,0.2120248974816107,1.06680082504879,0.2398848041768102,0.4184490605968436,0.3034251845324283,3,0.17298578199052134,0.05924170616113744,0.11611374407582939,8.677019259856811,2.0,상승
11590560,상도4동,2021,④ 잠재 후보,0.2349913499539961,-3.1772333753853217,4.885868518294912,-0.009164338624635171,630159.61,8.210774029487444,0.3829787234042553,8.677019259856811,0.2953352593066078,1.0791549675749854,0.2521704280111041,0.3957912624597163,0.3116869472873085,3,-0.0023640661938534313,-0.027528486437430666,-0.014946276315642049,0.0,1.0,유지
11590560,상도4동,2022,④ 잠재 후보,0.2279073085027355,-0.7084041451260598,4.674993656261938,-0.21087486203297434,734700.89,16.5896509933412,0.3829787234042553,0.0,0.3006714205608522,1.1118647524944043,0.252507104981918,0.395481859869304,0.3115798439368615,3,0.004728132387706863,-0.032267822930321655,-0.013769845271307396,0.23640661938533758,1.0,유지
11590560,상도4동,2023,④ 잠재 후보,0.2090335148036835,-1.8873793699051982,4.701173368929734,0.02617971266779584,847531.39,15.357338140695598,0.3853427895981087,0.23640661938533758,0.3240608118215738,1.0556622707966763,0.2466239550245761,0.3971656863657676,0.3073059202604864,3,-0.0023640661938534313,0.003282802818952879,0.0004593683125497239,12.765957446808512,2.0,상승
11590605,흑석동,2020,⑦ 일반,0.2974825194415575,,10.76545494882937,,1394101.51,,0.1895734597156398,,0.360339371664185,0.9841780891124428,0.19280847512656,0.3299392606963423,0.2441426545502217,0,0.4289099526066351,0.556872037914692,0.49289099526066354,9.175041735291808,2.0,상승
11590605,흑석동,2021,⑦ 일반,0.2922955468991212,-0.518697254243633,11.624391295314751,0.8589363464853808,1115851.03,-19.959126218864796,0.2813238770685579,9.175041735291808,0.3906063934181277,1.0571576678023595,0.1973763845557841,0.3299042223360391,0.2508431128396429,0,0.392434988179669,0.4888183030262288,0.4406266456029489,-3.5460992907801385,1.0,유지
11590605,흑석동,2022,⑦ 일반,0.2892043138085803,-0.3091233090540879,13.488525102990264,1.864133807675513,1402705.4,25.707228141376536,0.2458628841607565,-3.5460992907801385,0.4165723559263384,1.055401519185577,0.1871518644187018,0.3355110498846223,0.2439783938641712,0,0.44680851063829785,0.5835210020951677,0.5151647563667328,-4.9645390070922,1.0,유지
11590605,흑석동,2023,⑦ 일반,0.273941262670943,-1.5263051137637318,12.746513779303607,-0.7420113236866577,1623996.44,15.776016831474383,0.1962174940898345,-4.9645390070922,0.4008647601379835,1.0536954990477758,0.1729186042885442,0.3277609812022874,0.2283048346574567,0,0.5011820330969268,0.6307967239196441,0.5659893785082855,2.1276595744680797,1.0,유지
11590620,사당1동,2020,① 레전드,0.4274161995396153,,16.228392166201097,,1533292.8699999999,,0.8554502369668247,,0.5074393576545089,1.077914689704312,0.239220035007676,0.4584620264766708,0.3185088374415028,6,0.042654028436018954,0.023696682464455,0.033175355450236976,1.9254254758943712,1.0,유지
11590620,사당1동,2021,① 레전드,0.3973674915521814,-3.004870798743392,15.299583277931603,-0.9288088882694936,1461220.91,-4.700469258687678,0.8747044917257684,1.9254254758943712,0.481634153359937,1.1719236038192269,0.235869198818574,0.4915953296982763,0.3235205872106286,6,0.023640661938534202,-0.00503624528027069,0.009302208329131756,4.964539007092206,1.0,유지
11590620,사당1동,2022,① 레전드,0.411615591376229,1.4248099824047622,14.238449183788141,-1.061134094143462,2098253.02,43.5958796948779,0.9243498817966904,4.964539007092206,0.5512718444485831,1.2148185607150843,0.2438255266607357,0.5178778073080526,0.3372032941641594,6,-0.0023640661938534313,-0.06889964482986566,-0.035631855511859545,2.8368794326241176,1.0,유지
11590620,사당1동,2023,① 레전드,0.4052943619163308,-0.6321229459898214,14.413219489907172,0.1747703061190311,2394994.68,14.142320166897715,0.9527186761229316,2.8368794326241176,0.5866356952390186,1.2570068452596466,0.256253076820553,0.5195453917838724,0.3486748233239658,6,-0.030732860520094607,-0.07831109318454288,-0.05452197685231874,0.23640661938532093,1.0,유지
11590630,사당2동,2020,① 레전드,0.3044109027442155,,10.431099926713202,,1917671.4,,0.8151658767772512,,0.4219314106682436,1.1242491828244143,0.2693598779484149,0.4397018965358706,0.3408647982136529,6,-0.17061611374407581,-0.08530805687203791,-0.12796208530805686,3.8262019203836317,1.0,유지
11590630,사당2동,2021,① 레전드,0.3076516413955469,0.32407386513313985,8.025333189564082,-2.4057667371491203,2046891.09,6.738364560268262,0.8534278959810875,3.8262019203836317,0.4305994810581516,1.1791646715363664,0.2727890699921873,0.4674004605586599,0.3507059342663448,6,-0.12529550827423164,-0.23257481541236713,-0.17893516184329938,2.127659574468088,1.0,유지
11590630,사당2동,2022,① 레전드,0.2956742242007918,-1.1977417194755091,8.468587358174844,0.4432541686107623,2540836.2800000003,24.1314837126972,0.8747044917257684,2.127659574468088,0.4514469556207966,1.2325582041267042,0.2731041044899331,0.4660647169596409,0.3536742114851531,6,-0.16312056737588654,-0.21593671921392,-0.18952864329490327,0.23640661938534313,1.0,유지
11590630,사당2동,2023,① 레전드,0.2786264915929876,-1.7047732607804233,8.149831952196344,-0.31875540597850005,2800985.73,10.238733288238455,0.8770685579196218,0.23640661938534313,0.4665253140619565,1.224864091520687,0.2725177204779432,0.4610046077973881,0.3496546677489449,6,-0.16548463356973997,-0.2111917806684369,-0.18833820711908844,4.255319148936165,1.0,유지
11590640,사당3동,2020,⑤ 성숙·정체,0.2797141564080114,,3.8662660968867937,,342485.48,,0.8957345971563981,,0.5131386665484737,1.184818583445712,0.2303470692211068,0.4625617116181496,0.3068236184376279,2,-0.36492890995260663,-0.6966824644549763,-0.5308056872037914,2.388715225258531,1.0,유지
11590640,사당3동,2021,⑤ 성숙·정체,0.2516171161153702,-2.809704029264121,4.006057873236234,0.13979177634944007,366187.92,6.920713835809922,0.9196217494089834,2.388715225258531,0.5214040074780805,1.290742494157786,0.2384757160389093,0.4334746470101985,0.3132162952585884,2,-0.44680851063829785,-0.7039819389824431,-0.5753952248103704,-14.420803782505908,0.0,하락
11590640,사당3동,2022,⑤ 성숙·정체,0.2399528875564606,-1.1664228558909584,3.7621461928135362,-0.2439116804226975,466271.62,27.33124020038673,0.7754137115839244,-14.420803782505908,0.4967685743846539,1.144465372045098,0.2276600520958532,0.4294469879466785,0.3015502104198511,2,-0.3191489361702128,-0.550295228171602,-0.4347220821709074,-6.382978723404253,0.0,하락
11590640,사당3동,2023,⑤ 성숙·정체,0.241599863000308,0.16469754438473982,3.2008335184913985,-0.5613126743221377,545254.85,16.939317473364547,0.7115839243498818,-6.382978723404253,0.4357582405790166,1.2631208354521408,0.2088840976022269,0.3941119085349177,0.2780397627729103,2,-0.14657210401891252,-0.5457071470986969,-0.34613962555880473,0.47281323877068626,1.0,유지
11590650,사당4동,2020,④ 잠재 후보,0.2795594202254967,,5.933721420422634,,542551.76,,0.3009478672985782,,0.1733673211025391,1.309379389066595,0.2229557578180694,0.3325265913582843,0.2794269514988986,3,0.22748815165876773,0.15876777251184832,0.19312796208530802,-10.47303732087437,0.0,하락
11590650,사당4동,2021,④ 잠재 후보,0.2597369745622962,-1.982244566320046,6.258006470023814,0.32428504960117976,566557.42,4.424584301413015,0.1962174940898345,-10.47303732087437,0.1576033722475501,1.2497887933875802,0.2279873292147538,0.3424508075977223,0.2863102327077166,3,0.3167848699763593,0.287194828185047,0.30198984908070314,4.01891252955083,1.0,유지
11590650,사당4동,2022,④ 잠재 후보,0.2539085869736904,-0.5828387588605821,5.160867767778471,-1.097138702245343,611304.56,7.898076773930529,0.2364066193853428,4.01891252955083,0.1803290738376509,1.3255289501311025,0.2221577949753536,0.3330439671493426,0.2847172791388328,3,0.2978723404255319,0.1616976460175008,0.22978499322151635,4.0189125295508275,1.0,유지
11590650,사당4동,2023,④ 잠재 후보,0.2190617793230836,-3.4846807650606797,5.14524635249419,-0.01562141528428107,686440.99,12.291161381161618,0.2765957446808511,4.0189125295508275,0.1682995589522336,1.366971466433767,0.2316428671614708,0.3305307881325484,0.2893482426035545,3,0.1536643026004728,0.15231420792578398,0.1529892552631284,14.657210401891252,2.0,상승
11590651,사당5동,2020,⑦ 일반,0.2997657328758576,,4.035973318313822,,340090.95,,0.5592417061611374,,0.3708713162730763,1.0637502188983412,0.2221235988544936,0.4198959604592286,0.2891939331224883,0,0.06872037914691942,-0.34360189573459715,-0.13744075829383887,-13.134572507366704,0.0,하락
11590651,사당5동,2021,⑦ 일반,0.2699937986224768,-2.977193425338082,4.314026292754923,0.2780529744411009,345259.37,1.519717005112886,0.4278959810874704,-13.134572507366704,0.3379112105346229,1.0582417858871662,0.2214488648780663,0.4241380809607811,0.28849087214193,0,0.13947990543735228,-0.1624931374855747,-0.01150661602411121,-22.93144208037825,0.0,하락
11590651,사당5동,2022,⑦ 일반,0.2472831539330759,-2.27106446894009,3.4123387120771307,-0.901687580677792,399913.7,15.829933884198422,0.1985815602836879,-22.93144208037825,0.2972151167656419,1.050678719787717,0.2075572499566776,0.3842238993701924,0.2730084502308912,0,0.309692671394799,-0.032704783032503126,0.13849394418114794,8.03782505910166,2.0,상승
11590651,사당5동,2023,⑦ 일반,0.2260091684543038,-2.12739854787721,3.0641124450450317,-0.348226267032099,453696.47000000003,13.448594034162875,0.2789598108747045,8.03782505910166,0.3110268448243521,1.0634437923638882,0.2131867972579081,0.3991895908488302,0.2788188884513627,0,0.20094562647754138,-0.12493137485574715,0.038007125810897116,15.36643026004728,2.0,상승
11590660,대방동,2020,④ 잠재 후보,0.2837407587743503,,8.2684957369454,,1316313.19,,0.3791469194312796,,0.2781939498657814,1.0946390824697634,0.2129502836257142,0.4156732678349675,0.2814114706807508,3,0.16350710900473936,0.2535545023696683,0.20853080568720384,2.747246591150998,1.0,유지
11590660,대방동,2021,④ 잠재 후보,0.2727738020185589,-1.0966956755791402,8.031029310917436,-0.23746642602796442,1497532.45,13.767184084814943,0.4066193853427896,2.747246591150998,0.3346322553173695,1.0410629459532457,0.2267078507539494,0.4236937158233278,0.2957989677786916,3,0.18203309692671393,0.21660336347237635,0.19931823019954514,20.567375886524825,2.0,상승
11590660,대방동,2022,④ 잠재 후보,0.2854337569391601,1.2659954920601235,7.7549702244440795,-0.27605908647335653,1840655.81,22.91258262884388,0.6122931442080378,20.567375886524825,0.3666037722766587,1.1392771634521417,0.2342250812032253,0.4385636327443087,0.3105104172122782,3,0.06382978723404253,0.00855993636068253,0.03619486179736253,-2.3640661938534313,1.0,유지
11590660,대방동,2023,④ 잠재 후보,0.257626131294824,-2.7807625644336142,8.445889047455228,0.6909188230111489,2168275.82,17.799091401015367,0.5886524822695035,-2.3640661938534313,0.3853493853573188,1.0936414554181453,0.2327233720045438,0.4401673517426578,0.3041936969635349,3,0.042553191489361764,0.0985513091996908,0.07055225034452628,-1.6548463356973908,1.0,유지
11590670,신대방1동,2020,② 라이징스타,0.3148771005407565,,5.0890819992303555,,645154.47,,0.3104265402843602,,0.2884082098051559,1.056656996969827,0.2379361882317684,0.3638773944435874,0.2945346881136108,5,0.37440758293838866,0.05213270142180099,0.21327014218009482,13.874603654779111,2.0,상승
11590670,신대방1동,2021,② 라이징스타,0.2622754623878429,-5.260163815291364,4.51055045014215,-0.5785315490882059,592291.79,-8.193802020778051,0.4491725768321513,13.874603654779111,0.3418606000090076,1.1190421825994803,0.2410341318850197,0.3640800705054026,0.3007358241455976,5,0.08274231678486998,-0.16007305076580058,-0.0386653669904653,16.07565011820331,2.0,상승
11590670,신대방1동,2022,② 라이징스타,0.2811283965236419,1.8852934135799027,5.392312613855267,0.881762163713117,795544.01,34.31623119408762,0.6099290780141844,16.07565011820331,0.4208525454828877,1.1109604087398313,0.2536704443406763,0.375323400596824,0.3154219646411303,5,0.049645390070921946,-0.1833887936539948,-0.06687170179153643,12.056737588652489,2.0,상승
11590670,신대방1동,2023,② 라이징스타,0.2946338706354813,1.3505474111839388,5.548757176607301,0.15644456275203478,1045870.24,31.466044222996526,0.7304964539007093,12.056737588652489,0.4861864297187413,1.081057086884739,0.257994772658637,0.395406440998615,0.320452038012756,5,0.026004728132387633,-0.25656280461160974,-0.11527903823961105,3.3096926713947927,1.0,유지
11590680,신대방2동,2020,⑦ 일반,0.3647290749416038,,7.839905508029256,,1813758.34,,0.6137440758293838,,0.5451985281723959,0.9790162927162176,0.2109132324802345,0.3555839475535545,0.2672169183490736,0,0.19905213270142186,-0.0023696682464454666,0.0983412322274882,-2.036346117217347,1.0,유지
11590680,신대방2동,2021,⑦ 일반,0.3347501056185068,-2.997896932309696,7.468055267701159,-0.3718502403280972,1904560.49,5.0062981378213856,0.5933806146572104,-2.036346117217347,0.6004657519119836,1.0239321773471413,0.1888037283519952,0.3149349410619015,0.2403557395945469,0,0.21040189125295516,0.0014061152006095146,0.10590400322678234,4.964539007092206,1.0,유지
11590680,신대방2동,2022,⑦ 일반,0.3169394807255713,-1.78106248929355,6.752935554512865,-0.7151197131882938,2275949.9,19.500006009260428,0.6430260047281324,4.964539007092206,0.652651134411728,0.9987252987776476,0.2008836876046918,0.3288508576533983,0.2538238446373437,0,0.13475177304964536,-0.10037197629211347,0.017189898378765944,-4.728132387706863,1.0,유지
11590680,신대방2동,2023,⑦ 일반,0.3024567641932923,-1.4482716532279005,6.2045095250481905,-0.5484260294646743,2448254.28,7.570657860263097,0.5957446808510638,-4.728132387706863,0.6355475887932663,0.9952301975181757,0.2031787158784761,0.3106922084399963,0.253107805403261,0,0.17730496453900713,-0.06967833014016334,0.053813317199421895,-7.801418439716312,0.0,하락
11620525,보라매동,2020,④ 잠재 후보,0.3329768766518762,,7.492361776474837,,431134.28,,0.5497630331753555,,0.3392677429872059,1.0730401498605755,0.2393652203727148,0.4112501426425913,0.3029577475601012,3,0.19905213270142175,0.042654028436018954,0.12085308056872035,4.834571386956177,1.0,유지
11620525,보라매동,2021,④ 잠재 후보,0.3129799683236643,-1.9996908328211882,9.32100333258305,1.828641556108213,467778.29,8.499442447489901,0.5981087470449172,4.834571386956177,0.3562922268714921,1.1399761941942923,0.2352671016444804,0.4204511948137142,0.3061119933913436,3,0.14893617021276595,0.09857371741005905,0.1237549438114125,7.092198581560282,2.0,상승
11620525,보라매동,2022,④ 잠재 후보,0.3291583325081371,1.617836418447277,8.157192613181017,-1.1638107194020328,604845.47,29.301740360802132,0.6690307328605201,7.092198581560282,0.4190678784941702,1.1286627248257295,0.2414993927087148,0.4258600477798569,0.3118683114307684,3,0.1300236406619386,-0.02685063807379018,0.051586501294074216,3.78250591016549,1.0,유지
11620525,보라매동,2023,④ 잠재 후보,0.3160584887554727,-1.3099843752664375,7.0393883059312445,-1.1178043072497728,729601.32,20.62606999437393,0.706855791962175,3.78250591016549,0.4307765030947888,1.1382150295166225,0.236147462132994,0.4284414429809791,0.3076065320368776,3,0.09692671394799057,-0.10496005736501857,-0.004016671708513997,-4.491725768321519,1.0,유지
11620545,청림동,2020,⑦ 일반,0.34436622815732,,2.34653345365579,,150683.98,,0.2772511848341232,,0.3328930427867855,0.9639320827277637,0.1965834812679021,0.4229636916283187,0.2546676742388653,0,0.5023696682464456,-0.25118483412322273,0.12559241706161142,0.1708626040581307,1.0,유지
11620545,청림동,2021,⑦ 일반,0.2731450352552082,-7.1221192902111765,2.2680155198623075,-0.07851793379348226,163715.37,8.64815888191961,0.2789598108747045,0.1708626040581307,0.2470223281746691,1.0750621080216192,0.208408406725632,0.4449754726391038,0.2811727246207745,0,0.3167848699763593,-0.25289346016380404,0.03194570490627763,-15.13002364066194,0.0,하락
11620545,청림동,2022,⑦ 일반,0.2492272141921711,-2.3917821063037135,2.0726344680021396,-0.19538105186016796,200029.0,22.180953443772577,0.1276595744680851,-15.13002364066194,0.2133067864410022,1.0226693913014908,0.2000437622091835,0.4186999184167796,0.2676028185943216,0,0.3877068557919622,-0.10633256025007562,0.14068714777094327,1.8912529550827395,1.0,유지
11620545,청림동,2023,⑦ 일반,0.2103314623987048,-3.8895751793466298,2.150499901524247,0.07786543352210762,227974.9,13.970924215988688,0.1465721040189125,1.8912529550827395,0.2091683280927472,1.1002232694904042,0.1904064290776146,0.4146332486472853,0.2598714958872979,0,0.23877068557919623,-0.11102708032223005,0.06387180262848309,13.238770685579201,2.0,상승
11620565,성현동,2020,⑦ 일반,0.251295015238392,,4.381707694429195,,563968.93,,0.556872037914692,,0.3224974422993217,1.2065740058497674,0.2073930142404036,0.3972306134123464,0.2791736285954209,0,-0.17298578199052134,-0.28672985781990523,-0.22985781990521328,-51.195478023147686,0.0,하락
11620565,성현동,2021,⑦ 일반,0.1648981565008682,-8.639685873752379,4.412985246180299,0.03127755175110458,553467.52,-1.862054705744165,0.0449172576832151,-51.195478023147686,0.0907817002394659,1.0482827437149624,0.2344095110216198,0.2729432702396567,0.2785540003212851,0,0.009456264775413711,0.2299642589044626,0.11971026183993816,3.54609929078014,1.0,유지
11620565,성현동,2022,⑦ 일반,0.157318703180382,-0.7579453320486207,3.594481046415668,-0.8185041997646314,562613.9,1.6525594853334935,0.0803782505910165,3.54609929078014,0.1231113375943746,1.1972170084428773,0.2253133239571104,0.3071603746589407,0.2813506476464043,0,-0.016548463356974005,0.09971653613884127,0.04158403639093363,7.09219858156028,2.0,상승
11620565,성현동,2023,⑦ 일반,0.2136448319197934,5.63261287394114,3.6407889463212078,0.04630789990553996,605245.74,7.577459426437905,0.1513002364066193,7.09219858156028,0.2402496070807832,1.0134384890977102,0.2133749851235626,0.4070371974857595,0.2765763171930445,0,0.24822695035460995,0.10225426596304887,0.17524060815882941,-12.05673758865248,0.0,하락
11620575,행운동,2020,⑦ 일반,0.3743674868214399,,16.91337999574498,,946552.02,,0.7440758293838863,,0.3899243980915032,1.1580123059626823,0.2563546088852393,0.408937836968632,0.3221444097229111,0,0.08293838862559244,0.14691943127962082,0.11492890995260663,1.7153485036917493,1.0,유지
11620575,행운동,2021,⑦ 일반,0.3716967967892531,-0.26706900321867844,14.638266977018763,-2.2751130187262163,888573.56,-6.125227010766931,0.7612293144208038,1.7153485036917493,0.369356838786848,1.259727206738573,0.2454071928366992,0.4087833482164759,0.3171365910640197,0,0.10165484633569744,0.09659059079246635,0.09912271856408189,-10.63829787234043,0.0,하락
11620575,행운동,2022,⑦ 일반,0.3576260655115451,-1.4070731277708026,14.095334204247994,-0.5429327727707687,1050037.82,18.17117538361146,0.6548463356973995,-10.63829787234043,0.4001856781199747,1.151953549840385,0.2467881453999537,0.4118806100725119,0.3164927592511897,0,0.20094562647754144,0.1911252282836432,0.19603542738059232,1.654846335697402,1.0,유지
11620575,행운동,2023,⑦ 일반,0.3430047534924704,-1.4621312019074684,12.74355250603234,-1.3517816982156532,1147697.08,9.300546907919948,0.6713947990543735,1.654846335697402,0.3898223640855576,1.2035051253476174,0.2486411828226462,0.4006356671036462,0.3186780860980562,0,0.17966903073286056,0.15324975070865965,0.1664593907207601,1.891252955082745,1.0,유지
11620585,낙성대동,2020,① 레전드,0.5331104036309539,,28.83434191035141,,2005631.0,,0.8909952606635071,,0.5369230179723967,1.055768221159981,0.2647493845563208,0.4656894785835633,0.3371063231370799,6,0.08293838862559244,0.08767772511848337,0.08530805687203791,6.645154784713125,2.0,상승
11620585,낙성대동,2021,① 레전드,0.5471434786765914,1.4033075045637555,27.539259357246177,-1.2950825531052317,2080852.33,3.750506947688792,0.9574468085106383,6.645154784713125,0.5825081083959589,1.1762675307329296,0.279119449662716,0.497467759423706,0.3604932597171508,6,0.023640661938534202,0.02122617727135212,0.02243341960494316,1.8912529550827228,1.0,유지
11620585,낙성대동,2022,① 레전드,0.5620238678586902,1.4880389182098774,26.758251906923903,-0.7810074503222744,2643335.68,27.031391987340104,0.9763593380614656,1.8912529550827228,0.6733780049428366,1.200983465303717,0.2947780126351022,0.5442904517671735,0.3857188844740898,6,0.009456264775413725,-0.004795357018811619,0.002330453878301053,-0.7092198581560183,1.0,유지
11620585,낙성대동,2023,① 레전드,0.5264539719438919,-3.556989591479831,25.561910814202065,-1.1963410927218376,2918246.47,10.400146756994566,0.9692671394799054,-0.7092198581560183,0.6597483102571935,1.2299461275053023,0.2903196650898405,0.5274737670412792,0.3794596485307244,6,0.014184397163120588,-7.28266836969027e-05,0.007055785239711843,-0.23640661938534313,1.0,유지
11620595,청룡동,2020,⑤ 성숙·정체,0.4654722408009953,,21.206383274061054,,2168380.03,,0.9360189573459716,,0.5891088999560331,1.0361226214701067,0.3088239881237978,0.4616763015828943,0.3753026739450671,2,-0.011848341232227444,0.0,-0.005924170616113722,-6.840666420176356,0.0,하락
11620595,청룡동,2021,⑤ 성숙·정체,0.3883272980751057,-7.714494272588962,21.559733224311376,0.35334995025032256,2314665.19,6.7462879189124525,0.8676122931442081,-6.840666420176356,0.4751422372546834,1.1554203205506692,0.2886602919179497,0.4245794612396493,0.3552530240924227,2,0.014184397163120588,0.07314600069465449,0.04366519892888754,-0.7092198581560294,1.0,유지
11620595,청룡동,2022,⑤ 성숙·정체,0.3871791489494139,-0.11481491256917775,20.689041703180795,-0.8706915211305812,2594908.54,12.107295310385702,0.8605200945626478,-0.7092198581560294,0.5148823109346424,1.1355574213179138,0.2883511261619211,0.429610869249641,0.356763724450567,2,0.03546099290780136,0.0707595262904328,0.05311025959911708,-1.891252955082745,1.0,유지
11620595,청룡동,2023,⑤ 성숙·정체,0.363077336746462,-2.4101812202951933,20.59774487966517,-0.09129682351562352,3012734.13,16.101746306634745,0.8416075650118203,-1.891252955082745,0.477147353872631,1.1542389061528209,0.2828378083343619,0.4272517704479228,0.3499150254736805,2,0.04018912529550833,0.09441139233415119,0.06730025881482976,-5.200945626477537,0.0,하락
11620605,은천동,2020,④ 잠재 후보,0.334390846016135,,6.087005369196087,,954880.38,,0.5165876777251185,,0.2949694625415298,1.0364615246239488,0.2752980267370133,0.4026993193646804,0.3348129240928938,3,0.2417061611374407,-0.04028436018957349,0.1007109004739336,1.532721589190278,1.0,유지
11620605,은천동,2021,④ 잠재 후보,0.3100821190684789,-2.430872694765612,6.4397181473563405,0.3527127781602539,943359.61,-1.2065144746193246,0.5319148936170213,1.532721589190278,0.3087786349252848,1.131622290694234,0.2690207877683428,0.3946695772928945,0.3303417886781715,3,0.20803782505910162,-0.027175557124130223,0.0904311339674857,5.200945626477537,2.0,상승
11620605,은천동,2022,④ 잠재 후보,0.3099380668345866,-0.014405223389230004,5.828830774395184,-0.6108873729611561,1149344.57,21.83525326041891,0.5839243498817966,5.200945626477537,0.3430442721286965,1.0844956423682413,0.2821860182238363,0.4127726106326897,0.3480970079305104,3,0.17966903073286056,-0.1313177148107066,0.024175657961076985,22.93144208037825,2.0,상승
11620605,은천동,2023,④ 잠재 후보,0.3106672594297733,0.07291925951867229,5.505257332513514,-0.3235734418816705,1350623.1500000001,17.512466257181703,0.8132387706855791,22.93144208037825,0.3520878087973724,1.3209394541570976,0.2902074272802822,0.4083099021993122,0.359910696242573,3,-0.026004728132387633,-0.3440444578893706,-0.18502459301087912,-18.91252955082742,0.0,하락
11620615,중앙동,2020,⑦ 일반,0.3929087669678993,,10.635093803209394,,717624.7000000001,,0.6184834123222749,,0.3772402294864676,1.035958472474357,0.2477077320881576,0.4258281558794032,0.3127813312379629,0,0.24407582938388628,0.12085308056872035,0.18246445497630331,3.163479098741784,1.0,유지
11620615,중앙동,2021,⑦ 일반,0.3768666191205406,-1.604214784735869,10.752591830126336,0.11749802691694278,759057.27,5.773570781496229,0.6501182033096927,3.163479098741784,0.3680714094464462,1.104248631865191,0.2463341684310063,0.435543448895536,0.3168090345778169,0,0.21749408983451535,0.10106663081353007,0.1592803603240227,-0.47281323877068626,1.0,유지
11620615,중앙동,2022,⑦ 일반,0.3643636901507603,-1.250292896978028,10.87474213567672,0.12215030555038453,912117.26,20.164485085558837,0.6453900709219859,-0.47281323877068626,0.3929891699015778,1.0936068803625103,0.2569318235109017,0.4386705598769719,0.3264259052390783,0,0.2222222222222222,0.10579476320123693,0.16400849271172957,3.782505910165479,1.0,유지
11620615,중앙동,2023,⑦ 일반,0.3569864866969795,-0.737720345378079,11.109955790512108,0.2352136548353876,963465.13,5.629525089789444,0.6832151300236406,3.782505910165479,0.4092542361294573,1.1054562905081011,0.2568049396083905,0.4312438575696206,0.3245611674521252,0,0.19385342789598115,0.09166638656403703,0.1427599072300091,-2.6004728132387744,1.0,유지
11620625,인헌동,2020,⑥ 쇠퇴 주의,0.4110346721588034,,12.420413195826482,,1026839.51,,0.7203791469194313,,0.3708200757903282,1.098151640563117,0.2577066470324938,0.440158866293393,0.3288364128966284,1,0.16113744075829384,0.0781990521327014,0.11966824644549762,-19.319238569011688,0.0,하락
11620625,인헌동,2021,⑥ 쇠퇴 주의,0.3584858025241641,-5.254886963463928,12.046030166830286,-0.3743830289961956,1047002.94,1.9636398681231126,0.5271867612293144,-19.319238569011688,0.2921270106440897,1.1603822510807988,0.2565415524977534,0.4085988498094976,0.3255137476359847,1,0.3215130023640662,0.25006442360480885,0.28578871298443753,-5.200945626477537,0.0,하락
11620625,인헌동,2022,⑥ 쇠퇴 주의,0.3553022165177746,-0.3183586006389516,12.519538978671187,0.473508811840901,1176347.31,12.353773333243945,0.475177304964539,-5.200945626477537,0.3055489705593792,1.1392668749902466,0.2583467099737165,0.4031019109580287,0.3247609947072669,1,0.37115839243498816,0.3115525528553662,0.3413554726451772,0.47281323877068626,1.0,유지
11620625,인헌동,2023,⑥ 쇠퇴 주의,0.3397078659688876,-1.5594350548887026,11.939585610842608,-0.5799533678285798,1226989.15,4.30500750666909,0.4799054373522459,0.47281323877068626,0.3085504432226754,1.1543726003211283,0.248044396428991,0.3976655620784748,0.314489193742369,1,0.36406619385342787,0.3186727616998868,0.3413694777766573,-1.6548463356974075,1.0,유지
11620630,남현동,2020,① 레전드,0.4730331541217523,,14.870556850636666,,1586837.55,,0.924170616113744,,0.52081995322352,1.1188587659844225,0.267859332410851,0.5002734780885683,0.3487102044124628,6,0.009478672985781977,-0.0545023696682464,-0.02251184834123221,0.7271464264506644,1.0,유지
11620630,남현동,2021,① 레전드,0.4230003456276124,-5.003280849413988,13.06000847066566,-1.8105483799710065,1520612.49,-4.1733988460255445,0.9314420803782506,0.7271464264506644,0.5020389837642956,1.2099887600882515,0.264505060528709,0.4931382709393797,0.3474824820596056,6,-0.0023640661938534313,-0.1186458718474449,-0.06050496902064917,2.1276595744680993,1.0,유지
11620630,남현동,2022,① 레전드,0.4304058133756511,0.7405467748038685,13.145830505641642,0.08582203497598329,1943723.22,27.82502003518332,0.9527186761229316,2.1276595744680993,0.591063869037918,1.2143127208982167,0.2795332106024037,0.5041032327162712,0.3660461705058759,6,-0.01891252955082745,-0.13518313109923485,-0.07704783032503115,-0.47281323877069736,1.0,유지
11620630,남현동,2023,① 레전드,0.4225026241004613,-0.7903189275189793,13.003858820495925,-0.14197168514571779,2209688.17,13.683272765553522,0.9479905437352246,-0.47281323877069736,0.5805005421854946,1.2348007815718276,0.2769900644397842,0.4975674591343889,0.3621783614404998,6,-0.01654846335697402,-0.11149765273996393,-0.06402305804846897,-0.47281323877068626,1.0,유지
11620645,서원동,2020,⑤ 성숙·정체,0.6198544629070273,,28.935819080939517,,1838940.79,,0.971563981042654,,0.6027966707411212,1.14139480462382,0.3204144905637203,0.4996606978636136,0.3959470149419849,2,0.02132701421800942,0.009478672985781977,0.0154028436018957,1.4251621794225455,1.0,유지
11620645,서원동,2021,⑤ 성숙·정체,0.587139610752595,-3.271485215443226,25.446881736170496,-3.4889373447690204,1690876.33,-8.051616496037372,0.9858156028368794,1.4251621794225455,0.6169044336019449,1.2474175191105448,0.3155281956016351,0.5395415030459275,0.4019855382639186,2,0.004728132387706863,-0.021360626533561855,-0.008316247072927496,0.23640661938534313,1.0,유지
11620645,서원동,2022,⑤ 성숙·정체,0.6051077802872997,1.7968169534704703,25.406740347760937,-0.04014138840955894,2324967.28,37.50072898589809,0.9881796690307328,0.23640661938534313,0.6947787625377997,1.1870144648771677,0.3424358049759788,0.5200217374050251,0.4218638488378323,2,0.004728132387706863,-0.02135502448096982,-0.008313446046631479,-0.23640661938534313,1.0,유지
11620645,서원동,2023,⑤ 성숙·정체,0.5812766008171305,-2.3831179470169217,23.43001141079517,-1.9767289369657668,2525757.37,8.636254442256085,0.9858156028368794,-0.23640661938534313,0.7029714168936763,1.2182661707722504,0.3398717667215273,0.5029864826315724,0.4163523794731779,2,0.004728132387706863,-0.0260999630264529,-0.010685915319373018,-1.1820330969267046,1.0,유지
11620655,신원동,2020,④ 잠재 후보,0.2932368255497503,,13.170299648658379,,478537.1,,0.518957345971564,,0.3237058085425489,1.09864411407272,0.2445124613083089,0.3812965969883561,0.3059829183141425,3,0.06872037914691942,0.29383886255924174,0.18127962085308058,11.934052636886161,2.0,상승
11620655,신원동,2021,④ 잠재 후보,0.2582842746296031,-3.4952550920147205,13.807501806251246,0.637202157592867,474795.52,-0.781878771781741,0.6382978723404256,11.934052636886161,0.3319862253072839,1.1476660452960898,0.2736200768910795,0.4008665932688168,0.3393949604541075,3,-0.13475177304964547,0.19582535040838955,0.03053678867937204,7.092198581560282,2.0,상승
11620655,신원동,2022,④ 잠재 후보,0.2439286518792894,-1.4355622750313684,13.191578815592239,-0.6159229906590067,566510.81,19.316797681663054,0.7092198581560284,7.092198581560282,0.3666453582173348,1.2205766519101144,0.2817001193265101,0.3854572784879903,0.3436751461737444,3,-0.2364066193853428,0.11305502336055928,-0.06167579801239176,2.8368794326241065,1.0,유지
11620655,신원동,2023,④ 잠재 후보,0.2272896046670352,-1.6639047212254177,11.678857625763388,-1.5127211898288504,563705.99,-0.4951044093933654,0.7375886524822695,2.8368794326241065,0.3889239593740939,1.19085949712645,0.2870169639922386,0.3859691248010966,0.3486453936314848,3,-0.25059101654846333,0.049141205337635774,-0.10072490560541378,-6.382978723404253,0.0,하락
11620665,서림동,2020,② 라이징스타,0.4675359761487248,,11.222079241939664,,372972.95,,0.6042654028436019,,0.3997951722842833,1.0079375847377643,0.2502456669952326,0.4119837158114942,0.3109749668936656,5,0.3222748815165877,0.15876777251184837,0.24052132701421802,15.932797777105534,2.0,상승
11620665,서림동,2021,② 라이징스타,0.382882683652897,-8.465329249582776,11.138539877664028,-0.08353936427563546,383547.04,2.835082276073897,0.7635933806146572,15.932797777105534,0.3921230462909407,1.1211520629133285,0.2665689763832736,0.4506521863753561,0.3354247763337925,5,0.11347517730496459,-0.002929873505652436,0.05527265189965608,-4.964539007092195,1.0,유지
11620665,서림동,2022,② 라이징스타,0.3596229924906044,-2.3259691162292597,10.53794991569205,-0.6005899619719788,455099.43,18.655440542573352,0.7139479905437353,-4.964539007092195,0.4238034308328262,1.1114526080960017,0.2594093514549008,0.441819219532591,0.3291249656325495,5,0.14657210401891252,0.030127838840151022,0.08834997142953177,0.47281323877068626,1.0,유지
11620665,서림동,2023,② 라이징스타,0.3379488524430617,-2.16741400475427,9.83059741561998,-0.7073525000720693,513194.65,12.765390631229767,0.7186761229314421,0.47281323877068626,0.4270589766410747,1.080517615598773,0.2624076292105224,0.4380444945705272,0.3293886441820951,5,0.12056737588652477,0.020660369959553115,0.07061387292303895,0.47281323877068626,1.0,유지
11620695,신림동,2020,⑤ 성숙·정체,0.5598336981190427,,22.62383190764243,,2033257.46,,0.9407582938388626,,0.5542727555496324,1.130826282540354,0.2790800725254782,0.4956901225912677,0.3564975138711879,2,0.04028436018957349,0.018957345971563955,0.02962085308056872,-4.477720636841342,1.0,유지
11620695,신림동,2021,⑤ 성숙·정체,0.5417515419643969,-1.8082156154645812,22.66185637452319,0.03802446688075989,2047922.74,0.7212701927084009,0.8959810874704491,-4.477720636841342,0.4826162592619485,1.1375075175368092,0.2655161677285745,0.5047133925252728,0.3478915197268363,2,0.08274231678486998,0.058995215847086446,0.07086876631597822,0.47281323877068626,1.0,유지
11620695,신림동,2022,⑤ 성숙·정체,0.54119976346523,-0.05517784991668773,22.3587524422538,-0.3031039322693907,2595230.89,26.725038953373815,0.900709219858156,0.47281323877068626,0.5111899121534312,1.1613381760590766,0.2743802833502619,0.4974091498677888,0.3541361150927655,2,0.08274231678486998,0.04241874222715203,0.062580529506011,-1.1820330969267157,1.0,유지
11620695,신림동,2023,⑤ 성숙·정체,0.518867833102988,-2.2331930362242014,20.621973141625,-1.7367793006288004,2474019.37,-4.670548600013003,0.8888888888888888,-1.1820330969267157,0.5298644260413856,1.143409600134066,0.2782103799457756,0.4845725787790923,0.3547150642789424,2,0.08983451536643028,0.04949973670352825,0.06966712603497927,1.8912529550827561,1.0,유지
11620715,난향동,2020,⑦ 일반,0.1851361837238422,,1.7457271970497776,,213789.99,,0.0758293838862559,,0.2577228953903888,0.9261010864678236,0.1757758569351219,0.3320279272080148,0.2281460930888731,0,0.007109004739336483,-0.07109004739336494,-0.03199052132701423,9.911151445889772,2.0,상승
11620715,난향동,2021,⑦ 일반,0.1879013320444756,0.2765148320633404,1.781038956012659,0.0353117589628813,218590.38999999998,2.2453810863642287,0.1749408983451536,9.911151445889772,0.1454150324096938,1.1843802063138755,0.2141102843528763,0.4064105592510494,0.2856522010798534,0,-0.04255319148936171,-0.17257123009870817,-0.10756221079403494,-8.037825059101651,0.0,하락
11620715,난향동,2022,⑦ 일반,0.1754385272040902,-1.2462804840385395,1.6712296175234127,-0.10980933848924623,237894.30000000002,8.831088137040254,0.0945626477541371,-8.037825059101651,0.1811267174923403,1.086926751726804,0.1895319549205469,0.3882877792138216,0.2546743504392306,0,0.03073286052009455,-0.08982331126124612,-0.029545225370575787,2.1276595744680797,1.0,유지
11620715,난향동,2023,⑦ 일반,0.14154798150209,-3.3890545702000203,1.6346186387295987,-0.03661097879381403,250274.89,5.2042398661926725,0.1158392434988179,2.1276595744680797,0.2141023429937702,1.1089821339475117,0.1774186913939905,0.3814484672100601,0.2403856795547072,0,-0.0591016548463357,-0.11346957525237247,-0.08628561504935409,-2.36406619385343,1.0,유지
11620725,조원동,2020,② 라이징스타,0.4409379485880467,,10.269651435252177,,1693557.09,,0.0663507109004739,,0.261032346295966,0.8903176535479485,0.1882999409316173,0.3226518047318802,0.2374688672303259,5,0.8364928909952607,0.6611374407582938,0.7488151658767772,-0.9613122247991699,1.0,유지
11620725,조원동,2021,② 라이징스타,0.2446055525291985,-19.63323960588482,10.082790881796795,-0.18686055345538222,1899393.95,12.154114036982344,0.0567375886524822,-0.9613122247991699,0.2636986385015916,0.8130253686506397,0.2059417223431375,0.3294655349186926,0.2567870681893148,5,0.3735224586288416,0.6707505630062855,0.5221365108175635,20.803782505910174,2.0,상승
11620725,조원동,2022,② 라이징스타,0.2335920158324673,-1.1013536696731192,9.866405802324083,-0.2163850794727118,2646340.98,39.32554539304498,0.2647754137115839,20.803782505910174,0.3033754206230195,1.2646700951936527,0.1860693345198562,0.3188174555173322,0.2476266162668632,5,0.14893617021276595,0.46271273794718387,0.30582445407997494,-17.49408983451537,0.0,하락
11620725,조원동,2023,② 라이징스타,0.2414230254940703,0.7831009661602994,9.698327210951922,-0.1680785913721614,2707475.88,2.3101671501153165,0.0898345153664302,-17.49408983451537,0.3120422735816245,0.9475496918916602,0.1930074543170468,0.3228059621324702,0.2479546005177244,5,0.4728132387706856,0.644762641031674,0.5587879399011798,67.61229314420805,2.0,상승
11620735,대학동,2020,⑤ 성숙·정체,0.5228493814916467,,14.391374168671645,,1677828.31,,0.8080568720379147,,0.4871637822399644,1.0899354239425514,0.2495251494308055,0.4143701581898931,0.3143609363652396,2,0.16113744075829384,0.04502369668246453,0.10308056872037918,0.7545964841517927,1.0,유지
11620735,대학동,2021,⑤ 성숙·정체,0.5118677594064187,-1.0981622085228016,13.135283193893137,-1.2560909747785072,1569822.34,-6.437248039997612,0.8156028368794326,0.7545964841517927,0.4887055596594845,1.0743588730630038,0.2634841729225589,0.4441174704272634,0.3317572925296305,2,0.1607565011820331,-0.00043696010218141623,0.08015977053992585,0.7092198581560294,1.0,유지
11620735,대학동,2022,⑤ 성숙·정체,0.4907428615082436,-2.112489789817512,12.724744716461393,-0.41053847743174465,1879415.15,19.721518933155192,0.8226950354609929,0.7092198581560294,0.5203350209985178,1.0798358155163423,0.2667980999245791,0.4445617814149148,0.3355307259229591,2,0.13947990543735223,-0.0241168364088602,0.05768153451424601,4.491725768321519,1.0,유지
11620735,대학동,2023,⑤ 성숙·정체,0.4816495572492105,-0.9093304259033097,12.516916316239591,-0.2078284002218016,1979353.81,5.317540406120491,0.8676122931442081,4.491725768321519,0.5476739904716994,1.1021346514049304,0.2693045547538769,0.4442099085269901,0.3379336445128645,2,0.09929078014184389,-0.05007674812051144,0.024607016010666227,2.6004728132387633,1.0,유지
11620745,삼성동,2020,⑦ 일반,0.1682592341092298,,5.671729350041006,,650887.37,,0.2511848341232227,,0.1935819750171759,1.053624689571082,0.2933797254974319,0.3409240103798818,0.3453051730651011,0,-0.19668246445497628,0.17535545023696686,-0.01066350710900471,4.90515724961626,1.0,유지
11620745,삼성동,2021,⑦ 일반,0.1722906883560859,0.4031454246856109,5.757337688002961,0.085608337961955,658223.68,1.1271243441088874,0.3002364066193853,4.90515724961626,0.2463288960691685,1.1023261987580637,0.2847753104696474,0.3370208820098571,0.3364661537137982,0,-0.22695035460992907,0.14289155546592275,-0.04202939957200316,-3.782505910165479,1.0,유지
11620745,삼성동,2022,⑦ 일반,0.167670630824982,-0.46200575311039216,5.970882603880416,0.2135449158774554,670832.65,1.9156056494351592,0.2624113475177305,-3.782505910165479,0.2476292279444953,1.1355204898319369,0.2761226154991157,0.330421126973823,0.3303521794748943,0,-0.15839243498817968,0.19967396053914155,0.020640762775480936,-10.874704491725767,0.0,하락
11620745,삼성동,2023,⑦ 일반,0.1604559357095738,-0.7214695115408176,6.529581021480575,0.5586984176001586,690117.48,2.8747601954078883,0.1536643026004728,-10.874704491725767,0.2179731202354843,1.0548736153290856,0.2871117126857664,0.3050319483955045,0.3339485906103203,0,-0.035460992907801414,0.39609873057488265,0.18031886883354062,6.146572104018907,2.0,상승
11620765,미성동,2020,⑦ 일반,0.2522266047961626,,7.601182152847137,,720806.96,,0.3293838862559242,,0.3312412224826504,1.025645008784492,0.2236716310687098,0.3744330375319806,0.2812670062478928,0,0.05924170616113744,0.27014218009478674,0.1646919431279621,23.089980168733824,2.0,상승
11620765,미성동,2021,⑦ 일반,0.2339252929219837,-1.8301311874178912,7.212254722397911,-0.3889274304492263,710057.7000000001,-1.49128138274357,0.5602836879432624,23.089980168733824,0.336817067112282,1.142289948679545,0.2363431762994371,0.4148301534493809,0.3058083954402087,0,-0.18912529550827428,0.01317602769654802,-0.08797463390586313,-11.583924349881801,0.0,하락
11620765,미성동,2022,⑦ 일반,0.223526050190228,-1.0399242731755687,7.632477657360032,0.42022293496212093,850915.5599999999,19.837523063266538,0.4444444444444444,-11.583924349881801,0.3632617404022352,1.1199194789136082,0.2304333922032898,0.387703407188336,0.2941789765892728,0,-0.0803782505910165,0.15982095839915744,0.03972135390407047,-14.657210401891252,0.0,하락
11620765,미성동,2023,⑦ 일반,0.1881900546255512,-3.5335995564676814,6.966474355900541,-0.666003301459491,943452.12,10.874940399491596,0.2978723404255319,-14.657210401891252,0.3162080405950018,1.101752129580988,0.2216117411745948,0.3694984707676353,0.2813653539476856,0,-0.0614657210401891,0.29928405767873345,0.11890916831927217,8.274231678486998,2.0,상승
11620775,난곡동,2020,⑦ 일반,0.2872230064774256,,3.701133838011354,,458360.89,,0.2203791469194312,,0.27094344632353,1.0100353032487748,0.2307386195284439,0.3693247381284421,0.2872277103205335,0,0.3364928909952607,-0.04739336492890994,0.14454976303317538,13.659484835243637,2.0,상승
11620775,난곡동,2021,⑦ 일반,0.2859038214173051,-0.13191850601205202,4.073250222174826,0.3721163841634718,477022.99,4.0714861165401794,0.3569739952718676,13.659484835243637,0.277879999219144,1.1287348264136583,0.2412037426085199,0.3847261433632759,0.3042328784029632,0,0.2860520094562648,-0.12000717062731786,0.08302241941447347,-7.801418439716307,0.0,하락
11620775,난곡동,2022,⑦ 일반,0.2464483750386223,-3.9455446378682786,4.056640353867642,-0.01660986830718425,529463.5,10.993287765857996,0.2789598108747045,-7.801418439716307,0.2716723656228022,1.1424546255867007,0.2351889344412254,0.3641978006501429,0.2967450773601732,0,0.21749408983451535,-0.01829630376569974,0.0995988930344078,-3.78250591016549,1.0,유지
11620775,난곡동,2023,⑦ 일반,0.2347918266464712,-1.1656548392151107,3.210089920185366,-0.8465504336822756,561968.37,6.139208840647181,0.2411347517730496,-3.78250591016549,0.2694384098570386,1.1307323152061766,0.2282406832184848,0.350936390854981,0.2858081844709471,0,0.2813238770685579,-0.0681489697825283,0.10658745364301479,-5.437352245862881,0.0,하락
11650510,서초1동,2020,⑦ 일반,0.2892362672195918,,8.978297251679312,,1854679.85,,0.1919431279620853,,0.4010074978883139,1.0114577177446789,0.1600163362235774,0.321505580041001,0.21456180484658,0,0.3838862559241706,0.48104265402843593,0.43246445497630326,6.574008716793833,2.0,상승
11650510,서초1동,2021,⑦ 일반,0.2648158817055218,-2.4420385514069998,8.58249609219933,-0.39580115947998173,1993947.66,7.508994611657638,0.2576832151300236,6.574008716793833,0.4498328919755443,1.0104454550442912,0.1566796256335079,0.3472678774981947,0.2171851369423894,0,0.28368794326241137,0.40108455738182475,0.34238625032211806,3.073286052009455,1.0,유지
11650510,서초1동,2022,⑦ 일반,0.2669271291757276,0.21112474702058015,8.696915005776619,0.11441891357728906,2388351.96,19.78007286309611,0.2884160756501182,3.073286052009455,0.4659155855623416,1.061875936438625,0.1587098654251331,0.3461246130827317,0.2207455957986303,0,0.30732860520094557,0.38693937458684863,0.3471339898938971,3.546099290780141,1.0,유지
11650510,서초1동,2023,⑦ 일반,0.2389685395092346,-2.795858966649298,8.436433089384543,-0.2604819163920755,2648236.14,10.881318346396496,0.3238770685579196,3.546099290780141,0.4747990647360813,1.0827532514273397,0.1557171756808587,0.3357950393403754,0.2156960720608898,0,0.23404255319148937,0.3609570546648292,0.2974998039281593,-5.910165484633567,0.0,하락
11650520,서초2동,2020,④ 잠재 후보,0.3335660472212609,,14.59390988297529,,2197847.75,,0.2345971563981042,,0.4383504181382467,1.0004600694865844,0.1489088779963738,0.3417327124878248,0.2092033116168781,3,0.518957345971564,0.6232227488151658,0.5710900473933649,11.055650790449622,2.0,상승
11650520,서초2동,2021,④ 잠재 후보,0.3234559292344089,-1.0110117986851963,13.306098243172496,-1.2878116398027935,2353390.41,7.077044349409567,0.3451536643026004,11.055650790449622,0.4122152736870104,1.1779759223116306,0.1546264313434333,0.3308537243319038,0.2185922857036736,3,0.4231678486997636,0.48186055370687825,0.4525142012033209,24.586288416075654,2.0,상승
11650520,서초2동,2022,④ 잠재 후보,0.3375865451248018,1.4130615890392884,12.75832846220787,-0.5477697809646251,3019801.78,28.317076808348162,0.5910165484633569,24.586288416075654,0.4516656164193204,1.281870052273186,0.1584117118797467,0.3570997542913405,0.2304447528434384,3,0.21749408983451535,0.20993131883522131,0.21371270433486833,-14.893617021276595,0.0,하락
11650520,서초2동,2023,④ 잠재 후보,0.335474281628329,-0.21122634964728104,11.905460501951847,-0.8528679602560238,3320804.6,9.967635028018297,0.442080378250591,-14.893617021276595,0.47965751673816,1.1264436954481984,0.1555698272317392,0.3686261385850435,0.2240012772662466,3,0.3877068557919621,0.35412815255509617,0.37091750417352914,-2.8368794326241176,1.0,유지
11650530,서초3동,2020,④ 잠재 후보,0.2737301455802998,,9.106867459164967,,5346405.58,,0.433649289099526,,0.4720439812201417,1.040473195898158,0.1587403881270882,0.3647334865201539,0.2214909065998013,3,0.06872037914691942,0.24881516587677732,0.15876777251184837,-9.322375718463238,0.0,하락
11650530,서초3동,2021,④ 잠재 후보,0.2552177517817622,-1.8512393798537585,8.810705580671485,-0.2961618784934821,5868203.69,9.759792858812633,0.3404255319148936,-9.322375718463238,0.5176829989733069,0.96615655153688,0.1591612136652808,0.3511785711231947,0.219563859977937,3,0.14657210401891252,0.3325602500756277,0.2395661770472701,11.11111111111111,2.0,상승
11650530,서초3동,2022,④ 잠재 후보,0.2339604987635854,-2.12572530181768,8.155603393889312,-0.6551021867821731,7409840.95,26.271025026399506,0.4515366430260047,11.11111111111111,0.5712204120458652,1.0121005928597069,0.1595932731792392,0.3569278537512759,0.2214609814459126,3,-0.03309692671394798,0.1882737835142796,0.0775884284001658,-2.1276595744680824,1.0,유지
11650530,서초3동,2023,④ 잠재 후보,0.2352835083807238,0.1323009617138382,7.097903998769136,-1.0576993951201752,8330022.78,12.418374918020337,0.4302600472813239,-2.1276595744680824,0.5759037097030365,0.9873185840383644,0.1552653283362445,0.3495613031995327,0.2127585221956102,3,0.09929078014184395,0.17400535556227797,0.13664806785206096,7.092198581560277,2.0,상승
11650531,서초4동,2020,⑦ 일반,0.4703565821937034,,32.21897177614102,,3540891.77,,0.3080568720379147,,0.3342424066991388,1.1396146666141804,0.2044946976508596,0.317531049346794,0.2611627054658001,0,0.6232227488151658,0.6824644549763033,0.6528436018957345,-4.091739213247742,1.0,유지
11650531,서초4동,2021,⑦ 일반,0.4369280432003079,-3.3428538993395485,27.511283982443825,-4.707687793697193,3381795.85,-4.493103159716172,0.2671394799054373,-4.091739213247742,0.3312911139158749,1.1656370313548656,0.1982418094492497,0.3086317050253825,0.2551916557423427,0,0.6690307328605201,0.7091638376301077,0.6890972852453139,19.8581560283688,2.0,상승
11650531,서초4동,2022,⑦ 일반,0.4538517004784417,1.6923657278133775,29.013334417663277,1.5020504352194521,4277172.91,26.476378223718022,0.4657210401891253,19.8581560283688,0.3666276127590231,1.2768705088869183,0.212490557501153,0.3149023229999974,0.2720123282863289,0,0.4822695035460993,0.5153216138393107,0.49879555869270503,-2.8368794326241122,1.0,유지
11650531,서초4동,2023,⑦ 일반,0.4363274746844728,-1.7524225793968895,26.73568616855263,-2.277648249110648,4444563.13,3.913571499731572,0.4373522458628842,-2.8368794326241122,0.3565281604022235,1.2873519559124869,0.2184972398034535,0.3000474415014348,0.2733473957892602,0,0.508274231678487,0.5389510716726609,0.5236126516755739,-8.983451536643027,0.0,하락
11650540,잠원동,2020,⑦ 일반,0.3253773984157283,,10.967041112503816,,1689525.17,,0.2180094786729857,,0.3855071582487713,1.0470456571680182,0.1637357111101301,0.3330396590224194,0.2216682343820745,0,0.5023696682464455,0.533175355450237,0.5177725118483412,-4.543264652168549,1.0,유지
11650540,잠원동,2021,⑦ 일반,0.3002718502183421,-2.5105548197386254,9.459089709992027,-1.5079514025117895,1659048.86,-1.8038387673147138,0.1725768321513002,-4.543264652168549,0.3530088277615323,1.1222009381754623,0.1545353858343704,0.3201700886926614,0.2122148333217726,0,0.5366430260047281,0.533584305289458,0.5351136656470931,11.82033096926714,2.0,상승
11650540,잠원동,2022,⑦ 일반,0.2983871403815289,-0.18847098368131587,13.634104597064162,4.175014887072136,2091275.1400000001,26.052655254529398,0.2907801418439716,11.82033096926714,0.4325916834352957,1.113315933221817,0.1620791436135385,0.3424665528878955,0.2239633942016393,0,0.4349881796690308,0.5433430809048435,0.48916563028693716,-2.3640661938534313,1.0,유지
11650540,잠원동,2023,⑦ 일반,0.286375227972523,-1.2011912409005898,13.37342378482489,-0.2606808122392721,2277844.14,8.921303391958268,0.2671394799054373,-2.3640661938534313,0.4392513687598435,1.079548227061519,0.1610247258983526,0.3376499280009858,0.2220424756024545,0,0.4704491725768321,0.5788320840756054,0.5246406283262187,4.9645390070922,1.0,유지
11650550,반포본동,2020,⑦ 일반,0.1562692914011712,,4.739012108837056,,520709.79,,0.976303317535545,,0.7682623398900152,1.523282677133212,0.1877320911665785,0.3354148641158715,0.2581917539007128,0,-0.943127962085308,-0.6492890995260663,-0.7962085308056872,-82.02749487412189,0.0,하락
11650550,반포본동,2021,⑦ 일반,0.1063908293887352,-4.987846201243601,3.3651147651441606,-1.373897343692895,420069.18,-19.32758168422376,0.1560283687943262,-82.02749487412189,0.6512181230577984,0.7453437058241571,0.1792378829110949,0.2274584219260686,0.2113660841234524,0,-0.14420803782505912,-0.028066283486269383,-0.08613716065566425,38.770685579196225,2.0,상승
11650550,반포본동,2022,⑦ 일반,0.0822186983735466,-2.41721310151886,9.21707746651391,5.851962701369749,419430.13,-0.1521297039692393,0.5437352245862884,38.770685579196225,0.5890968933269831,1.232689440462102,0.1750293245958921,0.218175040795028,0.2158809116803699,0,-0.5390070921985816,0.16242591285446983,-0.18829058967205586,-23.87706855791962,0.0,하락
11650550,반포본동,2023,⑦ 일반,0.1316916397460591,4.94729413725125,9.36828616266052,0.15120869614660926,305707.25,-27.113664914821456,0.3049645390070922,-23.87706855791962,0.665457529340547,0.993445907425921,0.1475503106295654,0.2145245859472304,0.1809626767998065,0,-0.2624113475177305,0.4225236126516756,0.08005613256697255,39.2434988179669,2.0,상승
11650560,반포1동,2020,⑦ 일반,0.3602329392291395,,14.122107026590896,,1997730.08,,0.0829383886255924,,0.2338946239066064,0.9641901724135672,0.2034890964798662,0.3118633219619051,0.2552852262480579,0,0.7251184834123222,0.7606635071090048,0.7428909952606635,14.401196598433657,2.0,상승
11650560,반포1동,2021,⑦ 일반,0.3350460209533005,-2.5186918275839023,11.542734280397768,-2.579372746193128,1608469.93,-19.485122334444704,0.226950354609929,14.401196598433657,0.2533233112454559,1.2172190437953547,0.1991346987494851,0.3300388857060307,0.2578037080412741,0,0.5791962174940899,0.5384524889919666,0.5588243532430283,-4.491725768321508,1.0,유지
11650560,반포1동,2022,⑦ 일반,0.351804773835115,1.6758752881814498,10.518512281026466,-1.0242219993713029,1813644.4100000001,12.755879122962543,0.1820330969267139,-4.491725768321508,0.2730641423984435,1.1798182701167133,0.1981063325624754,0.330067567897859,0.2568929665983206,0,0.6477541371158392,0.5596730642107268,0.6037136006632831,-7.32860520094563,0.0,하락
11650560,반포1동,2023,⑦ 일반,0.3431529929922889,-0.8651780842826085,9.97911378709826,-0.5393984939282053,2012064.14,10.940387702570643,0.1087470449172576,-7.32860520094563,0.2498873701655375,1.129930128411486,0.1884817228262963,0.3142063236588395,0.2453058403905141,0,0.7446808510638298,0.647177125698856,0.6959289883813429,0.7092198581560294,1.0,유지
11650570,반포2동,2020,④ 잠재 후보,0.157552153047488,,8.828429859267079,,1392117.76,,0.1635071090047393,,0.1464269756397647,1.0976983153987248,0.2454429496857623,0.3660148257304917,0.3022340817383947,3,-0.12322274881516587,0.5,0.18838862559241706,-4.05756669243611,1.0,유지
11650570,반포2동,2021,④ 잠재 후보,0.1496510775297225,-0.7901075517765505,10.265683951325725,1.4372540920586463,1706055.25,22.551072834528018,0.1229314420803782,-4.05756669243611,0.1722910023015716,1.085227380163107,0.2425324139749851,0.352656274261024,0.2999562573155825,3,-0.0851063829787234,0.6140353825641716,0.2644644997927241,4.491725768321508,1.0,유지
11650570,반포2동,2022,④ 잠재 후보,0.1315541594464924,-1.8096918083230107,11.58006419329381,1.3143802419680846,2008325.05,17.717468411412817,0.1678486997635933,4.491725768321508,0.1749080452155834,1.1549909206799531,0.2523034378048966,0.3508074619984324,0.3086036992888402,3,-0.13947990543735223,0.6046631485776388,0.2325916215701433,22.222222222222232,2.0,상승
11650570,반포2동,2023,④ 잠재 후보,0.0969581700072683,-3.459598943922411,10.33104473600077,-1.2490194572930395,2277052.67,13.380683570122276,0.3900709219858156,22.222222222222232,0.1373990182507054,1.3406799991747558,0.2719795527087422,0.3735776663017919,0.3321022460971108,3,-0.3735224586288416,0.3753319216160801,0.0009047314936192485,4.728132387706857,1.0,유지
11650580,반포3동,2020,⑤ 성숙·정체,0.1774916201991102,,9.789748492572139,,1653362.7,,0.7748815165876777,,0.556354164098078,1.02168699585234,0.2649921239501148,0.3401589490723044,0.3143659852298028,2,-0.7061611374407583,-0.06635071090047384,-0.38625592417061605,-3.729286410540822,1.0,유지
11650580,반포3동,2021,⑤ 성숙·정체,0.1776197263929197,0.012810619380951294,8.443045952523923,-1.3467025400482164,2066753.29,25.0030189987956,0.7375886524822695,-3.729286410540822,0.4690909243802335,1.101459117764936,0.2760227244832619,0.3467172930700035,0.3286660935468998,2,-0.6477541371158392,-0.08356021646331213,-0.36565717678957566,-26.004728132387704,0.0,하락
11650580,반포3동,2022,⑤ 성숙·정체,0.1999170252863702,2.22972988934505,8.468913682602533,0.025867730078610762,2850864.22,37.93926124583551,0.4775413711583924,-26.004728132387704,0.3430118242471829,1.1427235719586968,0.2659738684975014,0.3558920147071489,0.3245225952733826,2,-0.25531914893617025,0.18359606959990138,-0.035861539668134434,15.130023640661944,2.0,상승
11650580,반포3동,2023,⑤ 성숙·정체,0.1573819879110185,-4.253503737535169,8.095548022231341,-0.3733656603711921,3192487.64,11.983152954229425,0.6288416075650118,15.130023640661944,0.4511708783063995,1.0807261093282066,0.2639408986986263,0.3730444160676376,0.3219996937859154,2,-0.5153664302600474,0.034665501439727464,-0.24035046441015995,9.9290780141844,2.0,상승
11650581,반포4동,2020,⑦ 일반,0.2243837156335568,,13.61680801022917,,5116107.31,,0.4123222748815165,,0.3945368184109254,0.9947738336469094,0.2142992693493471,0.3806307365481166,0.2753599517775758,0,-0.1872037914691943,0.4194312796208531,0.11611374407582939,-2.4615419089554336,1.0,유지
11650581,반포4동,2021,⑦ 일반,0.2123716418986456,-1.20120737349112,12.68337152974828,-0.9334364804808892,5655404.23,10.541157315951622,0.3877068557919622,-2.4615419089554336,0.360343777523456,1.0999300535012062,0.2112755606861218,0.3760208582236797,0.2744025410020819,0,-0.1536643026004728,0.40850167501372503,0.1274186862066261,-5.67375886524823,0.0,하락
11650581,반포4동,2022,⑦ 일반,0.1936529985821529,-1.87186433164927,11.960745616168513,-0.7226259135797672,7421555.8,31.229448827568596,0.3309692671394799,-5.67375886524823,0.3581151488616357,1.0737654056610924,0.2096267778157579,0.3962805652122298,0.2770924502568636,0,-0.1371158392434988,0.44628191769464337,0.1545830392255723,-10.165484633569738,0.0,하락
11650581,반포4동,2023,⑦ 일반,0.1681838786326883,-2.54691199494646,10.548825257324395,-1.4119203588441174,8248793.29,11.146416092431721,0.2293144208037825,-10.165484633569738,0.3315836554547657,1.0575102102753882,0.1999929915591844,0.3717500838061401,0.2615475536974568,0,-0.08274231678486998,0.5384580910445588,0.2278578871298444,0.0,1.0,유지
11650590,방배본동,2020,⑦ 일반,0.2428915602270944,,6.559701375367178,,878936.2,,0.523696682464455,,0.354687311108505,1.0902128136003792,0.2331501272190657,0.3738465207472869,0.29279341317601,0,-0.18246445497630331,-0.016587677725118488,-0.0995260663507109,-13.36257604786394,0.0,하락
11650590,방배본동,2021,⑦ 일반,0.227963709767219,-1.492785045987541,5.880388655793769,-0.6793127195734092,843294.26,-4.0551225447307715,0.3900709219858156,-13.36257604786394,0.3560743592766072,1.0293202577206413,0.2514837820334433,0.3714767455321464,0.3092640713565803,0,-0.054373522458628865,0.0696447178246109,0.007635597682991019,-1.1820330969267212,1.0,유지
11650590,방배본동,2022,⑦ 일반,0.2240322437985677,-0.3931465968651293,4.903252927899404,-0.9771357278943649,1012506.61,20.06563521492486,0.3782505910165484,-1.1820330969267212,0.3794753270129744,1.0397725372629885,0.2397315676092492,0.3812339011303352,0.3009490005617414,0,-0.009456264775413725,-0.0014733398317143265,-0.005464802303564026,7.5650118203309695,2.0,상승
11650590,방배본동,2023,⑦ 일반,0.2069135658379035,-1.7118677960664215,4.346501896417716,-0.5567510314816877,1092710.21,7.921291496556249,0.4539007092198581,7.5650118203309695,0.3715714910879605,1.0570613513214282,0.2538643855074032,0.3766199178683569,0.3122603924619716,0,-0.09456264775413709,-0.11266848173170646,-0.10361556474292177,0.23640661938534868,1.0,유지
11650600,방배1동,2020,⑦ 일반,0.2659729693777425,,9.631859418280927,,982411.66,,0.2061611374407582,,0.2606393623288327,1.17463398558057,0.1856568613988805,0.326211217718132,0.2409593066562765,0,0.2559241706161137,0.49763033175355453,0.3767772511848341,-0.5215510963216902,1.0,유지
11650600,방배1동,2021,⑦ 일반,0.2665675779021542,0.05946085244116772,8.632124345592104,-0.9997350726888232,999443.55,1.7336815811001216,0.2009456264775413,-0.5215510963216902,0.2582211383414032,1.16477873728544,0.1868896914519965,0.3560249024586163,0.2480103410390915,0,0.3475177304964539,0.4625614825271979,0.4050396065118259,0.9456264775413697,1.0,유지
11650600,방배1동,2022,⑦ 일반,0.2825773224198625,1.6009744517708313,8.09372640708795,-0.5383979385041542,1185432.83,18.609283135600798,0.210401891252955,0.9456264775413697,0.2733853772350881,1.1980442950074128,0.1969591857877391,0.343169869681464,0.2609296064496473,0,0.4562647754137116,0.4246691987944383,0.44046698710407495,-1.18203309692671,1.0,유지
11650600,방배1동,2023,⑦ 일반,0.2592410399275686,-2.3336282492293914,7.431183517696346,-0.6625428893916032,1262328.4,6.4867083190196295,0.1985815602836879,-1.18203309692671,0.2625417040132783,1.2759881210507833,0.1760478951357883,0.3258318052387483,0.2367945236735885,0,0.44208037825059104,0.4293805250243689,0.43573045163748,0.47281323877068904,1.0,유지
11650610,방배2동,2020,① 레전드,0.3313948917279127,,14.94571347778435,,1485206.58,,0.9004739336492891,,0.4744188187858014,1.14570093433863,0.2596331666490102,0.4865051628604019,0.3401551587599226,6,-0.16113744075829384,-0.028436018957345932,-0.09478672985781988,6.406507344290935,2.0,상승
11650610,방배2동,2021,① 레전드,0.3542790268863001,2.2884135158387386,13.244956930031499,-1.7007565477528512,1364011.91,-8.160122075408538,0.9645390070921984,6.406507344290935,0.6193092817348075,1.2225233514573344,0.2411688988401834,0.5039717139633684,0.3311989513888675,6,-0.12529550827423164,-0.1398944573291654,-0.1325949828016985,0.9456264775413947,1.0,유지
11650610,방배2동,2022,① 레전드,0.3537050641612745,-0.057396272502557855,12.712304833440838,-0.5326520965906614,1953113.8,43.188911011781414,0.9739952718676124,0.9456264775413947,0.6984185354258157,1.2142613520482315,0.2639182144782884,0.5470824964877771,0.3630378215757063,6,-0.13238770685579193,-0.17778674106192505,-0.1550872239588585,0.0,1.0,유지
11650610,방배2동,2023,① 레전드,0.3458347291930805,-0.7870334968194004,11.819161404963838,-0.8931434284769999,2243942.4499999997,14.890512268153543,0.9739952718676124,0.0,0.6889158067476608,1.2030482548931245,0.2699117198070817,0.544769848163282,0.3665940538249578,6,-0.11583924349881791,-0.1801564093083705,-0.1479978264035942,0.7092198581560072,1.0,유지
11650620,방배3동,2020,⑦ 일반,0.21464711637198,,3.8481963913800667,,545379.13,,0.0071090047393364,,0.1975753612487762,0.9042415154385278,0.0795512901364446,0.1417811644900865,0.1056349694549104,0,0.17772511848341233,0.18246445497630331,0.18009478672985782,10.16380401779212,2.0,상승
11650620,방배3동,2021,⑦ 일반,0.1413045093604104,-7.334260701156961,3.7043805313877796,-0.1438158599922872,571347.35,4.761498666074737,0.1087470449172576,10.16380401779212,0.2530942326094065,1.4822341725942834,0.0998244698148363,0.1678264510768245,0.1348521520913012,0,-0.08747044917257683,0.05949940058037263,-0.0139855242961021,38.297872340425535,2.0,상승
11650620,방배3동,2022,⑦ 일반,0.142366011875058,0.1061502514647622,3.607488307143952,-0.09689222424382748,679609.41,18.94855380006577,0.491725768321513,38.297872340425535,0.2608687560764882,1.9241109203055804,0.0951492077525228,0.1774827862831216,0.1364152129052584,0,-0.4491725768321513,-0.3092613133452097,-0.3792169450886805,-45.153664302600475,0.0,하락
11650620,방배3동,2023,⑦ 일반,0.1831353394408599,4.07693275658019,3.3796508028319057,-0.2278375043120464,882142.32,29.801369289457003,0.0401891252955082,-45.153664302600475,0.2591083706565726,1.2993076969595998,0.0963892361451086,0.1776101557317967,0.1357522578724603,0,0.1631205673758865,0.16597201214525,0.16454628976056826,4.01891252955083,1.0,유지
11650621,방배4동,2020,⑦ 일반,0.282631026107603,,7.275819248849724,,1413459.11,,0.2322274881516587,,0.2825586168537654,1.0694317715149004,0.2183363917615158,0.346910122928459,0.2748908807960014,0,0.3080568720379147,0.34360189573459715,0.32582938388625593,0.18150650398306156,1.0,유지
11650621,방배4동,2021,⑦ 일반,0.2866569657256154,0.40259396180123974,7.035701559427136,-0.24011768942258804,1541157.61,9.034467222755381,0.2340425531914893,0.18150650398306156,0.2953277093199188,1.1674957314788326,0.1985985772699043,0.3241371188423976,0.2560961052512504,0,0.4137115839243499,0.31098114349097505,0.3623463637076625,-15.13002364066194,0.0,하락
11650621,방배4동,2022,⑦ 일반,0.2340498735984555,-5.260709212715989,5.907242208130905,-1.1284593512962315,1705568.63,10.668021163649822,0.0827423167848699,-15.13002364066194,0.3174096153551299,1.0189871055482842,0.1749491576386221,0.3124411634617405,0.2284984145790808,0,0.3404255319148936,0.37460365477911106,0.3575145933470023,4.255319148936171,1.0,유지
11650621,방배4동,2023,⑦ 일반,0.2204693395230859,-1.3580534075369606,5.329712870125889,-0.5775293380050153,1787012.59,4.775179290205411,0.1252955082742316,4.255319148936171,0.3150245309097907,1.1035139225502988,0.1748688142242202,0.3156761962359488,0.2322144005848339,0,0.3120567375886525,0.32257179030396743,0.31731426394630996,1.8912529550827477,1.0,유지
11650651,양재1동,2020,⑦ 일반,0.3066265803155484,,6.805385944511562,,3365060.29,,0.4786729857819905,,0.3840906145157924,1.1892635102013551,0.1913343616298729,0.3303213021287086,0.2515741679445232,0,0.18009478672985785,0.05687203791469192,0.11848341232227488,-28.481955788600942,0.0,하락
11650651,양재1동,2021,⑦ 일반,0.3085961562996778,0.19695759841293903,6.66610156138589,-0.1392843831256716,3559808.65,5.787366145526018,0.1938534278959811,-28.481955788600942,0.3843576617244511,1.0431842133247748,0.186349344604342,0.3098037421019974,0.2425448817056726,0,0.5366430260047281,0.3227342498291374,0.4296886379169328,6.14657210401891,2.0,상승
11650651,양재1동,2022,⑦ 일반,0.2842307939668749,-2.4365362332802896,6.53313785636436,-0.1329637050215302,4527592.2,27.18639244836938,0.2553191489361702,6.14657210401891,0.4397464773065125,1.027081081495514,0.1831048038156981,0.3407673552122387,0.2425981550938726,0,0.41843971631205673,0.2707472017747303,0.3445934590433935,-12.529550827423169,0.0,하락
11650651,양재1동,2023,⑦ 일반,0.2943800007671719,1.0149206800297017,6.7865222039200885,0.2533843475557287,4636028.89,2.395018924186676,0.1300236406619385,-12.529550827423169,0.4113676674013862,0.9719017609083858,0.1712458836631769,0.3123981368211723,0.2232109180880893,0,0.624113475177305,0.44580574322431743,0.5349596092008112,7.8014184397163095,2.0,상승
11650652,양재2동,2020,⑦ 일반,0.2545197472712304,,4.341006409552868,,4514149.5200000005,,0.1184834123222748,,0.4334386512350154,0.9790139821208949,0.1417562132641447,0.2705502640647859,0.1867116702568441,0,0.2796208530805687,0.14691943127962087,0.2132701421800948,7.06418831859994,2.0,상승
11650652,양재2동,2021,⑦ 일반,0.2365882809368498,-1.7931466334380586,4.297934355409925,-0.04307205414294302,4622390.05,2.3978056003780557,0.1891252955082742,7.06418831859994,0.4344722314211476,1.1272341199007152,0.1439032551819007,0.2616977472725054,0.1907691384064626,0,0.19621749408983452,0.073907879847176,0.13506268696850526,-4.01891252955083,1.0,유지
11650652,양재2동,2022,⑦ 일반,0.2269454130365688,-0.9642867900281016,4.32771304577847,0.029778690368544858,5077384.93,9.843281832090312,0.1489361702127659,-4.01891252955083,0.4442698431887119,1.1074587085058862,0.140088793359205,0.2571218083475928,0.1863164186198583,0,0.2293144208037825,0.14016335585358475,0.18473888832868363,-0.7092198581560294,1.0,유지
11650652,양재2동,2023,⑦ 일반,0.2231390496291668,-0.38063634074019803,4.182301643238333,-0.1454114025401374,6255379.27,23.200808216051485,0.1418439716312056,-0.7092198581560294,0.472277792892124,1.0348658793779182,0.1435945856350435,0.2687084217351821,0.1909216594379599,0,0.32387706855791965,0.18517024637827298,0.2545236574680963,1.6548463356973993,1.0,유지
11650660,내곡동,2020,⑤ 성숙·정체,0.1814459622190533,,2.3682237826325685,,973138.61,,0.7109004739336493,,0.7094804377380148,0.9931951816260184,0.2276161619757951,0.2288517235769251,0.2613509291524531,2,-0.6350710900473934,-0.6777251184834123,-0.6563981042654028,18.744467973065326,2.0,상승
11650660,내곡동,2021,⑤ 성숙·정체,0.2049105077032907,2.3464545484237402,2.062437314149308,-0.3057864684832605,906265.12,-6.871938828940305,0.8983451536643026,18.744467973065326,0.7120944443205951,1.2217241048507257,0.2556999770369307,0.2413512950237744,0.2956228404513452,2,-0.6997635933806146,-0.8841271441856295,-0.791945368783122,-5.437352245862881,0.0,하락
11650660,내곡동,2022,⑤ 성숙·정체,0.2119137343908128,0.7003226687522096,2.0717236255857867,0.009286311436478734,1060599.48,17.02971421872663,0.8439716312056738,-5.437352245862881,0.7204907036108739,1.1130601980492096,0.2747655960640574,0.2447134886948502,0.3115156739053428,2,-0.5437352245862884,-0.8250142852341098,-0.6843747549101991,-0.47281323877068626,1.0,유지
11650660,내곡동,2023,⑤ 성숙·정체,0.1842848415733063,-2.7628892817506494,1.8456315854157201,-0.22609204017006657,1150459.83,8.472599854565278,0.8392434988179669,-0.47281323877068626,0.7484250708928518,1.0737722033783963,0.2639736243547782,0.2497634786622198,0.301709104192194,2,-0.6264775413711584,-0.8273951575857394,-0.7269363494784489,-12.765957446808507,0.0,하락
11680510,신사동,2020,⑦ 일반,0.4885086497371846,,22.383961874383438,,4848947.68,,0.5781990521327014,,0.3666254265424465,1.1158713631340222,0.2451167684719456,0.3691776544781794,0.3063171218341785,0,0.3744075829383886,0.3767772511848342,0.3755924170616114,8.137541595240494,2.0,상승
11680510,신사동,2021,⑦ 일반,0.437875219933401,-5.06334298037836,22.025332992435292,-0.358628881948146,4843989.92,-0.10224403988619013,0.6595744680851063,8.137541595240494,0.3962584567265199,1.2083153807777138,0.238338545600607,0.3535432541498156,0.3012807334890849,0,0.27895981087470456,0.2906624987395382,0.2848111548071214,1.4184397163120588,1.0,유지
11680510,신사동,2022,⑦ 일반,0.434908871429306,-0.29663485040949955,22.38258066504341,0.35724767260811774,5386912.43,11.208167625584164,0.6737588652482269,1.4184397163120588,0.4184685833508678,1.231445860073902,0.2394203125878618,0.3642604672255465,0.3049683509627899,0,0.26241134751773054,0.2717387650835267,0.2670750563006286,-7.5650118203309695,0.0,하락
11680510,신사동,2023,⑦ 일반,0.404912534966051,-2.9996336463255,19.777607654679873,-2.604973010363537,5305178.1,-1.5172760103694505,0.5981087470449172,-7.5650118203309695,0.4138262388422981,1.1922069700987428,0.2302438449919956,0.3678388747456835,0.295511039454936,0,0.3215130023640662,0.33317087380816335,0.3273419380861148,-2.127659574468077,1.0,유지
11680521,논현1동,2020,⑦ 일반,0.3853015727792664,,22.18017352525371,,3248017.15,,0.1587677725118483,,0.2364742793546369,1.0411714559916747,0.236152424732978,0.3170005065515632,0.2864750973632969,0,0.6895734597156398,0.7890995260663507,0.7393364928909952,12.964830313826988,2.0,상승
11680521,논현1동,2021,⑦ 일반,0.3784257256533967,-0.6875847125869694,20.85260674270494,-1.3275667825487716,3086380.94,-4.976458021473196,0.2884160756501182,12.964830313826988,0.2669484672080424,1.1907763040391368,0.2334635402408831,0.3221917179681929,0.2891035976672432,0,0.5862884160756501,0.6404938769565169,0.6133911465160835,-14.420803782505908,0.0,하락
11680521,논현1동,2022,⑦ 일반,0.3822330333534649,0.38073077000682076,21.045157822608093,0.19255107990315423,3876533.0100000002,25.601249014970918,0.1442080378250591,-14.420803782505908,0.3057648672970756,1.0497106126775575,0.2110993403144708,0.3239454012746423,0.2678776224507259,0,0.7423167848699763,0.789441251274467,0.7658790180722217,7.801418439716312,2.0,상승
11680521,논현1동,2023,⑦ 일반,0.3807299979792465,-0.150303537421842,19.812739488802563,-1.23241833380553,4076036.08,5.1464303150613455,0.2222222222222222,7.801418439716312,0.3212578830183799,1.1293216158464194,0.2085028443506108,0.3239182101379044,0.265533934825517,0,0.6784869976359338,0.7114270668773038,0.6949570322566188,9.219858156028371,2.0,상승
11680531,논현2동,2020,⑤ 성숙·정체,0.3923704018272138,,11.372930898561155,,3442780.7,,0.6729857819905213,,0.5262763810451659,0.9937612304187686,0.2245461290572374,0.3777977505863826,0.2849395355900764,2,0.1872037914691944,0.09715639810426546,0.14218009478672994,-6.305670397633689,0.0,하락
11680531,논현2동,2021,⑤ 성숙·정체,0.3573942535005407,-3.497614832667306,11.544843676058623,0.17191277749746803,3424630.26,-0.5272029089741448,0.6099290780141844,-6.305670397633689,0.5398431630358191,0.9974319541409374,0.2110045704931389,0.369309792063112,0.273803996578893,2,0.2364066193853428,0.1578434338341569,0.19712502660974984,8.747044917257686,2.0,상승
11680531,논현2동,2022,⑤ 성숙·정체,0.3673791976578677,0.998494415732698,11.190235090145748,-0.3546085859128745,3813962.5,11.368591948375762,0.6973995271867612,8.747044917257686,0.5740552780897494,1.0344250439222629,0.2107456044001054,0.3978337876924149,0.2771687430046894,2,0.17730496453900713,0.06089431167579795,0.11909963810740254,3.0732860520094607,1.0,유지
11680531,논현2동,2023,⑤ 성숙·정체,0.3300736770141352,-3.7305520643732493,10.097261026542512,-1.0929740636032363,4016083.46,5.299500453924222,0.7281323877068558,3.0732860520094607,0.5883648639045572,1.0329071082236796,0.1960371999448532,0.413288892326126,0.2657163694808891,2,0.09456264775413703,0.030161451155703345,0.06236204945492019,-2.127659574468088,1.0,유지
11680545,압구정동,2020,⑤ 성숙·정체,0.4549610217742681,,18.5380560044766,,4293256.8,,0.8317535545023697,,0.5754952990448015,1.095269976093712,0.2495905945674201,0.3556721885146023,0.3086309291717566,2,0.08530805687203791,0.07582938388625593,0.08056872037914692,1.4582142897157535,1.0,유지
11680545,압구정동,2021,⑤ 성숙·정체,0.4330791802646313,-2.188184150963679,19.885016279047182,1.3469602745705807,4833409.42,12.58141884268371,0.8463356973995272,1.4582142897157535,0.5972429834103438,1.1179644666834987,0.2607296989728608,0.3491404646369309,0.3192295865773537,2,0.08747044917257685,0.07072591397488037,0.07909818157372861,1.654846335697402,1.0,유지
11680545,압구정동,2022,⑤ 성숙·정체,0.4233959113847706,-0.9683268879860707,19.094032830041286,-0.7909834490058962,6715637.61,38.942039178630154,0.8628841607565012,1.654846335697402,0.5981594055517202,1.1806257411030825,0.2716851288024346,0.3505185741598394,0.3314314394032026,2,0.06619385342789597,0.05417745061790635,0.06018565202290116,-1.891252955082745,1.0,유지
11680545,압구정동,2023,⑤ 성숙·정체,0.4129567409604023,-1.0439170424368316,17.896391172169235,-1.197641657872051,7076739.65,5.377032844391372,0.8439716312056738,-1.891252955082745,0.5871082200993706,1.164559362532173,0.2694874617032076,0.3481747066676421,0.3277813467710418,2,0.08274231678486998,0.06835064367584287,0.07554648023035643,-3.782505910165479,1.0,유지
11680565,청담동,2020,⑥ 쇠퇴 주의,0.4000042592505686,,14.163780807742182,,4251827.73,,0.7180094786729858,,0.4600864174696464,1.1118097173269188,0.2529987861329146,0.3540630958430401,0.3117542718705373,1,0.15402843601895733,0.13033175355450233,0.14218009478672983,-3.7158414843198595,1.0,유지
11680565,청담동,2021,⑥ 쇠퇴 주의,0.3756366633999492,-2.436759585061937,14.201051091532843,0.03727028379066155,4241035.02,-0.25383695401979267,0.6808510638297872,-3.7158414843198595,0.4602678707822087,1.1012588993045136,0.2523661838294075,0.3546188279918556,0.3113990251433517,1,0.18439716312056742,0.16275083190481,0.1735739975126887,-3.0732860520094496,1.0,유지
11680565,청담동,2022,⑥ 쇠퇴 주의,0.3652480994099966,-1.0388563989952637,12.851236793680995,-1.3498142978518484,4762553.44,12.296960943274659,0.6501182033096927,-3.0732860520094496,0.4783308725543011,1.1305958597077126,0.2473614960101168,0.3483229413607051,0.3072151925584342,1,0.2222222222222222,0.15793866872822193,0.19008044547522207,-11.583924349881801,0.0,하락
11680565,청담동,2023,⑥ 쇠퇴 주의,0.3414075951691803,-2.3840504240816296,11.408374296712543,-1.442862496968452,4571023.85,-4.02157356159768,0.5342789598108747,-11.583924349881801,0.44933100676484,1.0819331560848673,0.2434559108831007,0.3352709516921336,0.2996570069545447,1,0.3120567375886525,0.2477115615161395,0.279884149552396,-8.03782505910166,0.0,하락
11680580,삼성1동,2020,① 레전드,0.3578108843515727,,14.109452066053185,,4657842.82,,0.5924170616113744,,0.4528553999924358,1.0088638400186756,0.2268905409088471,0.3868626301947189,0.2892537796655273,6,0.2109004739336493,0.2488151658767772,0.22985781990521326,27.04670991451268,2.0,상승
11680580,삼성1동,2021,① 레전드,0.3967792293026994,3.8968344951126666,14.21976446510548,0.11031239905229562,5356093.85,14.990867167132095,0.8628841607565012,27.04670991451268,0.5849927999312738,1.1088422150326516,0.2536093234189784,0.3921737169651804,0.3198683588263243,6,0.03309692671394793,-0.016912596775458533,0.008092164969244697,2.127659574468088,1.0,유지
11680580,삼성1동,2022,① 레전드,0.3839450358625824,-1.2834193440116992,13.111442725408432,-1.1083217396970486,7467785.51,39.42596450209699,0.8841607565011821,2.127659574468088,0.6839876250040532,1.0220502094313944,0.263040959462234,0.4211635960318786,0.3301443199928152,6,0.004728132387706752,-0.06899487972393092,-0.032133373668112086,2.8368794326241065,1.0,유지
11680580,삼성1동,2023,① 레전드,0.3524732968064909,-3.1471739056091463,12.270950062705186,-0.8404926627032463,8089689.51,8.327823545108748,0.9125295508274232,2.8368794326241065,0.7126572639059682,1.036416908475413,0.2605762714375392,0.4216680942263275,0.3288102290483774,6,-0.04255319148936165,-0.1044726787895085,-0.07351293513943508,0.23640661938534313,1.0,유지
11680590,삼성2동,2020,④ 잠재 후보,0.3323176129054909,,11.155633385680412,,1764275.44,,0.1279620853080568,,0.3082917687141617,0.985614893941495,0.1709937756352774,0.3482746428190419,0.2286350745688963,3,0.6184834123222749,0.6279620853080569,0.6232227488151658,11.55367326588462,2.0,상승
11680590,삼성2동,2021,④ 잠재 후보,0.3221921971617751,-1.0125415743715782,10.730182191766376,-0.42545119391403574,1799062.09,1.9717244377669418,0.243498817966903,11.55367326588462,0.411084374857034,1.0274780709346822,0.1580117796670328,0.3615346673275814,0.2224496699534856,3,0.5200945626477541,0.5053163479098741,0.5127054552788142,-2.6004728132387718,1.0,유지
11680590,삼성2동,2022,④ 잠재 후보,0.3069268114477082,-1.5265385714066881,9.673753808662882,-1.0564283831034942,2045727.79,13.710794161640072,0.2174940898345153,-2.6004728132387718,0.4466603915054168,1.024644856953424,0.1560662525003124,0.3484695238857132,0.2174629340769482,3,0.5342789598108747,0.5052547253313614,0.519766842571118,13.2387706855792,2.0,상승
11680590,삼성2동,2023,④ 잠재 후보,0.2926612806094018,-1.426553083830645,8.678469631839029,-0.9952841768238532,2246195.45,9.79933209980004,0.3498817966903073,13.2387706855792,0.4938207197305494,1.0008032960321906,0.1624035298557768,0.3696875902316481,0.2261410761368915,3,0.39716312056737585,0.3586490089968965,0.3779060647821362,7.565011820330975,2.0,상승
11680600,대치1동,2020,⑦ 일반,0.1207232574268657,,3.8959012468969787,,2227635.52,,0.2369668246445497,,0.1769320298134602,1.0670375241800167,0.2662369578123036,0.3798681531784998,0.3231614995795993,0,-0.22985781990521328,-0.033175355450236976,-0.13151658767772512,0.18038609346464896,1.0,유지
11680600,대치1동,2021,⑦ 일반,0.1063666380148518,-1.4356619412013896,3.8343339614178045,-0.06156728547917423,2446210.24,9.811960620918825,0.2387706855791962,0.18038609346464896,0.1522594756109365,1.0951057964470463,0.2875199852477458,0.3925656361643062,0.3471374971103393,0,-0.2293144208037825,-0.051566894110001926,-0.14044065745689222,0.23640661938534036,1.0,유지
11680600,대치1동,2022,⑦ 일반,0.1001511540072176,-0.6215484007634207,3.6189532663183566,-0.2153806950994479,2925213.79,19.58145469949466,0.2411347517730496,0.23640661938534036,0.1549646513475795,1.117305617879241,0.2935309029290955,0.3947362664346618,0.3544133254519639,0,-0.22695035460992907,-0.05393096030385533,-0.14044065745689222,-4.728132387706852,1.0,유지
11680600,대치1동,2023,⑦ 일반,0.0898040747333855,-1.0347079273832092,3.4636660330509184,-0.1552872332674382,3104957.5500000003,6.144636696793371,0.1938534278959811,-4.728132387706852,0.1585790119071542,1.0899100979538765,0.2700165410985125,0.3950217677709765,0.3326119462516205,0,-0.18439716312056736,0.03363472376278667,-0.07538121967889035,-5.67375886524823,0.0,하락
11680610,대치2동,2020,⑦ 일반,0.2378269036334118,,6.956621421585672,,3137179.34,,0.0924170616113744,,0.2860529367298545,1.0071245392129329,0.1680649823745686,0.3024855202727329,0.2196150931372244,0,0.20853080568720378,0.462085308056872,0.3353080568720379,13.689735919240809,2.0,상승
11680610,대치2동,2021,⑦ 일반,0.1959010596099959,-4.1925844023415895,7.193587230173904,0.23696580858823157,3577728.91,14.042855771197328,0.2293144208037825,13.689735919240809,0.3246721086451348,1.12281808856661,0.1846882364247975,0.3417568869050163,0.2432767907105453,0,-0.07092198581560283,0.3417756265895824,0.13542682038698978,-0.47281323877068904,1.0,유지
11680610,대치2동,2022,⑦ 일반,0.1717830411212351,-2.41180184887608,6.430185000105467,-0.7634022300684373,4564479.56,27.580363823596677,0.2245862884160756,-0.47281323877068904,0.3103278247976887,1.1445032944258453,0.176712316523956,0.3792756008970865,0.2409820966514083,0,-0.11347517730496454,0.2872620528161518,0.08689343775559363,1.4184397163120588,1.0,유지
11680610,대치2동,2023,⑦ 일반,0.1520457650636504,-1.9737276057584712,5.821328869229718,-0.6088561308757487,5131069.67,12.413027653036535,0.2387706855791962,1.4184397163120588,0.2878189499793703,1.2156803369695344,0.1724045464257413,0.3621930814641542,0.2366109786548906,0,-0.14184397163120568,0.25885964617435825,0.05850783727157628,-13.947990543735228,0.0,하락
11680630,대치4동,2020,⑦ 일반,0.2613650208025175,,8.552620817251306,,3685097.08,,0.7654028436018957,,0.4392430862780231,1.0252173117061578,0.2467416441590744,0.4628603657772793,0.317967267734019,0,-0.32464454976303314,-0.1161137440758293,-0.22037914691943122,-32.33224653513047,0.0,하락
11680630,대치4동,2021,⑦ 일반,0.2058115744165756,-5.55534463859419,8.054386232716409,-0.498234584534897,3856379.63,4.6479793145639325,0.442080378250591,-32.33224653513047,0.3569855481320831,1.0705312356764782,0.2177001692574264,0.4112395099985781,0.2866810333717207,0,-0.24113475177304966,0.18351203881102035,-0.028811356481014655,1.8912529550827395,1.0,유지
11680630,대치4동,2022,⑦ 일반,0.1979471679638936,-0.7864406452681993,7.548436112646647,-0.5059501200697616,4823809.39,25.08647625026481,0.4609929078014184,1.8912529550827395,0.4012192569227744,0.9922044089264392,0.2258123474638229,0.4422660710309438,0.2973487142657678,0,-0.24349881796690306,0.1385331585492925,-0.05248282970880529,14.184397163120572,2.0,상승
11680630,대치4동,2023,⑦ 일반,0.1891433776541532,-0.8803790309740406,7.185470135400437,-0.36296597724621016,5219578.4399999995,8.204491886027853,0.6028368794326241,14.184397163120572,0.4172295355145899,1.0213800575211744,0.2363955923592828,0.454409548217199,0.306804770209618,0,-0.34988179669030733,0.010907196396759744,-0.1694873001467738,3.0732860520094607,1.0,유지
11680640,역삼1동,2020,④ 잠재 후보,0.451152310151352,,27.82900822008947,,10022527.17,,0.3744075829383886,,0.4579294347545264,1.025159149208746,0.1705924508518396,0.3494690484704303,0.2308056020541272,3,0.537914691943128,0.6018957345971564,0.5699052132701422,-1.5069521472667602,1.0,유지
11680640,역삼1동,2021,④ 잠재 후보,0.4263459084089228,-2.4806401742429207,25.723834175518313,-2.1051740445711573,9977293.48,-0.4513202033055608,0.359338061465721,-1.5069521472667602,0.4463115150175439,1.0821352194230964,0.172439186052369,0.3454969201125514,0.2359390831507434,3,0.5721040189125295,0.6122259195769331,0.5921649692447313,8.747044917257679,2.0,상승
11680640,역삼1동,2022,④ 잠재 후보,0.4364107803012497,1.006487189232691,24.33875408759171,-1.3850800879266032,12485689.280000001,25.14104456311934,0.4468085106382978,8.747044917257679,0.4935916722472481,1.0792109948107156,0.177506734690076,0.363061692052891,0.2437918445172915,3,0.49172576832151305,0.5129071291721287,0.5023164487468208,6.382978723404259,2.0,상승
11680640,역삼1동,2023,④ 잠재 후보,0.4349526413836623,-0.14581389175873927,22.764613690032192,-1.5741403975595176,13258753.92,6.191605626757979,0.5106382978723404,6.382978723404259,0.5185031466348107,1.0674598794922654,0.1747921230691073,0.367232512632195,0.2411705883823523,3,0.4326241134751774,0.4443380054451952,0.4384810594601863,5.437352245862892,2.0,상승
11680650,역삼2동,2020,⑦ 일반,0.33791231119874,,9.108245269035299,,2046566.21,,0.1966824644549763,,0.3900986323241819,1.0272645603077364,0.1664564613820452,0.3163531474528198,0.2185634605993254,0,0.566350710900474,0.48815165876777256,0.5272511848341233,1.6083492991832204,1.0,유지
11680650,역삼2동,2021,⑦ 일반,0.3212422831718849,-1.6670028026855077,8.685381105146158,-0.42286416388914105,2246538.15,9.77109555619997,0.2127659574468085,1.6083492991832204,0.3855826573916575,1.0737606925180323,0.1667511727455814,0.3246921378563718,0.2241095724210866,0,0.5484633569739953,0.45785015629726733,0.5031567566356313,3.5460992907801385,1.0,유지
11680650,역삼2동,2022,⑦ 일반,0.2945934029935924,-2.664888017829253,8.25275389933258,-0.43262720581357783,2527812.08,12.520327331187332,0.2482269503546099,3.5460992907801385,0.4351913026741989,1.078067377115452,0.1656800545574266,0.334197162895836,0.2234841378536959,0,0.458628841607565,0.39869248092501086,0.42866066126628793,-8.747044917257679,0.0,하락
11680650,역삼2동,2023,⑦ 일반,0.2738663014851897,-2.072710150840268,7.510377571623689,-0.7423763277088913,2631183.96,4.089381517632429,0.1607565011820331,-8.747044917257679,0.4462905459140115,0.9835391737443188,0.1595445987701204,0.3249021808379737,0.2145950925896999,0,0.5342789598108747,0.47668425711180573,0.5054816084613403,0.0,1.0,유지
11680655,도곡1동,2020,⑦ 일반,0.2532572287938291,,6.78125826997173,,1606943.22,,0.0592417061611374,,0.2995333193679751,0.969253299102824,0.1598981354926323,0.2692961567208407,0.201526627989024,0,0.33649289099526064,0.47156398104265407,0.4040284360189573,-0.014005131480170074,1.0,유지
11680655,도곡1동,2021,⑦ 일반,0.2394232258512059,-1.3834002942623214,7.08463159721079,0.3033733272390604,1913517.0,19.078071719298208,0.0591016548463357,-0.014005131480170074,0.2889921202530457,0.948103691648288,0.1526585198579397,0.2909537559026847,0.2023071970901224,0,0.33806146572104023,0.49303104657546526,0.41554625614825275,-0.7092198581560301,1.0,유지
11680655,도곡1동,2022,⑦ 일반,0.2168707470179284,-2.255247883327749,6.7428539093998054,-0.3417776878109846,2416166.54,26.268360301998882,0.0520094562647754,-0.7092198581560301,0.3098521612892486,1.0112698045380952,0.1498159686322644,0.290771257383194,0.2021799218802581,0,0.2718676122931442,0.48827490392479805,0.38007125810897113,-0.7092198581560301,1.0,유지
11680655,도곡1동,2023,⑦ 일반,0.2191533598090614,0.2282612791132982,5.959427225741057,-0.7834266836587487,2677475.77,10.8150338842123,0.0449172576832151,-0.7092198581560301,0.3062909228244473,0.9076794774041798,0.1480684245433859,0.2882246933517076,0.1966879392167546,0,0.3877068557919622,0.46456141530256684,0.42613413554726454,-0.7092198581560301,1.0,유지
11680656,도곡2동,2020,④ 잠재 후보,0.2359268490463649,,4.845781042951309,,1376042.57,,0.2085308056872037,,0.3858886920606126,0.9350349633610204,0.2032684318552305,0.3328322923004749,0.2562648094367363,3,0.08056872037914692,0.1374407582938389,0.1090047393364929,32.574815412367094,2.0,상승
11680656,도곡2동,2021,④ 잠재 후보,0.2285729763603228,-0.7353872686042096,5.401877452987008,0.5560964100356989,1573349.65,14.338733721006891,0.5342789598108747,32.574815412367094,0.4368336353087224,1.1626755501728705,0.2020146062286452,0.3404232582855793,0.259665425130803,3,-0.1938534278959811,-0.1314353579151401,-0.1626443929055606,-12.765957446808512,0.0,하락
11680656,도곡2동,2022,④ 잠재 후보,0.2096515583390667,-1.8921418021256105,5.036143233770161,-0.3657342192168471,1920659.63,22.07455793440447,0.4066193853427896,-12.765957446808512,0.414305276072396,1.1487603122191603,0.2047832918000268,0.3411474410990846,0.2646911266382844,3,-0.12529550827423164,-0.017993792925727947,-0.07164465059997979,-0.47281323877068626,1.0,유지
11680656,도곡2동,2023,④ 잠재 후보,0.1926619509139318,-1.6989607425134916,4.52463581159491,-0.5115074221752502,2153458.18,12.120760303583843,0.4018912529550827,-0.47281323877068626,0.4448940048388372,1.095498962818671,0.1971327954085078,0.3400617960598243,0.2562308861526778,3,-0.11583924349881797,-0.04170167949536713,-0.07877046149709255,6.85579196217494,2.0,상승
11680660,개포1동,2020,⑦ 일반,0.0393964514250247,,1.7839435604838842,,370459.59,,0.2417061611374407,,0.6224587437362327,0.7273481072786303,0.2019376621722493,0.2674853791312973,0.2344227585484421,0,-0.23933649289099526,-0.23459715639810427,-0.23696682464454977,70.62843825977839,2.0,상승
11680660,개포1동,2021,⑦ 일반,0.2435613162614988,20.416486483647407,1.9744714737673061,0.1905279132834219,425800.53,14.938455230704118,0.9479905437352246,70.62843825977839,0.6474647411513373,1.265252486333651,0.2744702896800512,0.3623293315996517,0.3169806583981167,0,-0.5248226950354611,-0.9361422025029972,-0.7304824487692292,-0.7092198581560183,1.0,유지
11680660,개포1동,2022,⑦ 일반,0.101688094345815,-14.18732219156838,2.0127024944354175,0.03823102066811135,472456.81,10.957309047971343,0.9408983451536644,-0.7092198581560183,0.2195686649687971,1.985189504373177,0.2526547188850463,0.3781926934569126,0.3398952357255053,0,-0.9243498817966903,-0.9266803356749913,-0.9255151087358409,-26.47754137115841,0.0,하락
11680660,개포1동,2023,⑦ 일반,0.0518806301377946,-4.980746420802039,2.0134233807617017,0.000720886326284198,621017.92,31.444379011067713,0.6761229314420804,-26.47754137115841,0.2982756303665262,1.4919427241185037,0.239200364873305,0.3352097647413672,0.3074347723235719,0,-0.6737588652482269,-0.6500565807311799,-0.6619077229897035,-31.678486997635936,0.0,하락
11680670,개포2동,2020,⑦ 일반,0.2028600090078172,,2.9592223828619595,,828465.28,,0.6208530805687204,,0.3883750156772304,1.0821020153319771,0.2357900917982309,0.4059358383632422,0.2988874311766892,0,-0.47393364928909953,-0.5260663507109005,-0.5,-8.421005456399222,0.0,하락
11680670,개포2동,2021,⑦ 일반,0.1862797910746227,-1.6580217933194503,2.9196198029457205,-0.039602579916238945,885828.01,6.923975136290572,0.5366430260047281,-8.421005456399222,0.3614136148611793,1.1393571321995954,0.234959584666946,0.3869480538637623,0.2985955554412967,0,-0.40661938534278963,-0.44659563263979923,-0.4266075089912944,9.692671394799056,2.0,상승
11680670,개포2동,2022,⑦ 일반,0.1871049475720377,0.08251564974149916,2.806608553615204,-0.11301124933051643,1056577.34,19.275675195685004,0.6335697399527187,9.692671394799056,0.4180740652896399,1.1454070947281496,0.2427844140616959,0.3876803258590939,0.3071860615988566,0,-0.4728132387706856,-0.5435223465877898,-0.5081677926792376,-6.14657210401891,0.0,하락
11680670,개포2동,2023,⑦ 일반,0.1858792867355181,-0.12256608365195931,2.663133734811059,-0.14347481880414525,1375378.92,30.17304724706662,0.5721040189125296,-6.14657210401891,0.4350690294690777,1.067727526718017,0.2428586505753394,0.3888738750142108,0.3044786826624947,0,-0.3498817966903074,-0.4654689478224822,-0.40767537225639483,8.037825059101655,2.0,상승
11680690,개포4동,2020,⑦ 일반,0.1979875518426443,,3.33889737773397,,656417.0,,0.2109004739336493,,0.3779276393835292,0.922852538180576,0.1972670775218579,0.3643705790274411,0.253747680068179,0,-0.08293838862559244,-0.08530805687203794,-0.08412322274881519,10.352032984885662,2.0,상승
11680690,개포4동,2021,⑦ 일반,0.207435274744948,0.9447722902303696,3.7843457188485976,0.4454483411146275,754929.97,15.007681092963775,0.3144208037825059,10.352032984885662,0.3282985156093649,1.1138298227704269,0.2049374658581332,0.363872240368817,0.2650306892267665,0,-0.10638297872340427,-0.1319563488062026,-0.11916966376480344,-14.184397163120572,0.0,하락
11680690,개포4동,2022,⑦ 일반,0.1904016922122024,-1.7033582532745588,3.8143563833902885,0.03001066454169088,881559.21,16.773640606690975,0.1725768321513002,-14.184397163120572,0.3189150579165866,1.039378757020304,0.2018800073452293,0.3596876225910782,0.2618953952155946,0,-0.0023640661938534313,0.054911319507467526,0.026273626656807048,9.219858156028371,2.0,상승
11680690,개포4동,2023,⑦ 일반,0.18412956197667,-0.6272130235532414,3.401144091260709,-0.41321229212957933,1034992.61,17.404775341182145,0.2647754137115839,9.219858156028371,0.3322878853063858,1.1446521008746693,0.1947205865110304,0.3512837575068026,0.2580819228694078,0,-0.05437352245862884,-0.053874939777934616,-0.054124231118281727,3.3096926713947985,1.0,유지
11680700,세곡동,2020,⑦ 일반,0.2616173629581391,,3.4676512014698595,,1169591.97,,0.1066350710900474,,0.2613964987829951,1.008658331546939,0.1862027256440609,0.3372918469976014,0.239361128762755,0,0.3364928909952607,0.03554502369668246,0.18601895734597157,4.46651653165719,1.0,유지
11680700,세곡동,2021,⑦ 일반,0.242848016179729,-1.8769346778410079,3.472143455950664,0.00449225448080437,1236957.82,5.759773641400767,0.1513002364066193,4.46651653165719,0.2560651157693703,1.1511799854864144,0.1888303803487823,0.3360613102902854,0.2467908239080128,0,0.26713947990543735,-0.013859478112780516,0.12664000089632843,-3.7825059101654803,1.0,유지
11680700,세곡동,2022,⑦ 일반,0.2365976355946151,-0.6250380585113902,3.312240159561316,-0.15990329638934808,1380941.23,11.64012286207139,0.1134751773049645,-3.7825059101654803,0.2882552641823475,1.0300249008049245,0.1927244349119022,0.3379934551001667,0.2484780588428925,0,0.3191489361702128,0.04055325871399282,0.17985109744210281,4.255319148936169,1.0,유지
11680700,세곡동,2023,⑦ 일반,0.2262580384291562,-1.0339597165458903,3.0557718164687206,-0.25646834309259514,1466721.1,6.211695916994242,0.1560283687943262,4.255319148936169,0.2902865419009343,1.127786626389508,0.1864815933662967,0.3362499023058369,0.2442770183893968,0,0.32860520094562645,-0.004369601021814384,0.16211779996190603,-0.47281323877068904,1.0,유지
11680720,일원본동,2020,⑦ 일반,0.3500013990195525,,2.0034368461341034,,1204499.66,,0.7772511848341233,,0.8230047778824211,0.9235641416199823,0.190582306465416,0.259598412025013,0.2303217058842978,0,0.01421800947867291,-0.7630331753554502,-0.37440758293838866,-4.202659854570722,1.0,유지
11680720,일원본동,2021,⑦ 일반,0.3037209757673068,-4.628042325224574,2.1379453129945785,0.13450846686047502,1279182.86,6.200350442606206,0.735224586288416,-4.202659854570722,0.8008361654308878,0.9555563636699036,0.1800669917069011,0.2427420015435085,0.2184781840185113,0,-0.014184397163120477,-0.7162672403168521,-0.3652258187399863,-3.3096926713947927,1.0,유지
11680720,일원본동,2022,⑦ 일반,0.2643747153688794,-3.934626039842737,1.9072608221241187,-0.23068449087045972,1489471.69,16.439309544844892,0.7021276595744681,-3.3096926713947927,0.7995233020721814,1.000918054502424,0.193599217428004,0.2315708629251611,0.2317001492160167,0,-0.12765957446808507,-0.6950186548351316,-0.41133911465160833,0.23640661938534313,1.0,유지
11680720,일원본동,2023,⑦ 일반,0.2388956757805951,-2.547903958828432,1.640321538234078,-0.26693928389004085,1660201.94,11.462470293745564,0.7044917257683215,0.23640661938534313,0.7965767726834087,0.9817196125064396,0.2082837083246767,0.2212676474122681,0.2428723032021769,0,-0.15130023640661938,-0.6997523892754305,-0.42552631284102493,-9.219858156028371,0.0,하락
11680730,일원1동,2020,⑤ 성숙·정체,0.2914002270398608,,4.275869623395947,,542819.17,,0.7819905213270142,,0.4471423614158886,1.2771363096644843,0.2027555816071728,0.3758698134976976,0.2720548583657131,2,-0.2014218009478672,-0.5284360189573459,-0.3649289099526066,-32.09976135255958,0.0,하락
11680730,일원1동,2021,⑤ 성숙·정체,0.2568201250589685,-3.4580101980892284,4.061841495374381,-0.21402812802156568,604575.29,11.376923184197786,0.4609929078014184,-32.09976135255958,0.4261408600676567,1.1060645718819295,0.1820557087955155,0.3739834640212108,0.2491565504466707,2,0.035460992907801414,-0.22876541964975966,-0.09665221337097912,32.15130023640663,2.0,상승
11680730,일원1동,2022,⑤ 성숙·정체,0.2680351817713039,1.1215056712335414,4.227097771565156,0.16525627619077543,682102.51,12.82341856876088,0.7825059101654847,32.15130023640663,0.4840222338429339,1.2833551825788632,0.2085535108858181,0.3877243386220809,0.2821237414961986,2,-0.18439716312056742,-0.5076243935778069,-0.34601077834918714,-8.037825059101655,0.0,하락
11680730,일원1동,2023,⑤ 성숙·정체,0.2573303435255403,-1.0704838245763626,3.8813884235649776,-0.3457093480001787,760635.03,11.513301717655322,0.7021276595744681,-8.037825059101655,0.4876447237925604,1.1775318193140336,0.1974545034761201,0.405476466555721,0.2718129419422928,2,-0.07328605200945626,-0.4177674700010084,-0.24552676100523232,12.29314420803782,2.0,상승
11680740,일원2동,2020,⑥ 쇠퇴 주의,0.3818989446873297,,2.4763934707956268,,510668.04000000004,,0.8507109004739336,,0.7132548749364838,0.9792215634880614,0.2062228566848417,0.3710565999692466,0.2630436141469672,1,-0.01421800947867291,-0.8056872037914692,-0.40995260663507105,2.1629525057981325,1.0,유지
11680740,일원2동,2021,⑥ 쇠퇴 주의,0.3352418769550255,-4.665706773230421,2.4313960831643606,-0.04499738763126615,578650.27,13.312411326935592,0.8723404255319149,2.1629525057981325,0.7199364507031472,1.023718040146312,0.2174044851069402,0.3770015727152718,0.2816529699046822,1,-0.06382978723404265,-0.834425733588787,-0.44912776041141483,-28.605200945626486,0.0,하락
11680740,일원2동,2022,⑥ 쇠퇴 주의,0.2659134786147095,-6.932839834031601,2.518092405697817,0.08669632253345627,684972.48,18.374174438733082,0.5862884160756501,-28.605200945626486,0.6441213515212588,0.8816732772298208,0.2051390356275854,0.3626397650314616,0.267085935342263,1,0.0,-0.5341557146538491,-0.2670778573269246,-17.257683215130026,0.0,하락
11680740,일원2동,2023,⑥ 쇠퇴 주의,0.2439133021029771,-2.2000176511732388,2.579427681598292,0.06133527590047505,701899.5,2.4711970910130665,0.4137115839243498,-17.257683215130026,0.5038407508482197,0.8921340998697342,0.2416920741268604,0.3427549185305754,0.2954721939782435,1,0.15839243498817973,-0.32840352705231196,-0.08500554603206611,-17.730496453900702,0.0,하락
11680750,수서동,2020,⑥ 쇠퇴 주의,0.2691711818950658,,6.82321418773022,,1875304.9,,0.7535545023696683,,0.279188235434825,1.772000387199837,0.1123997330086079,0.3395451439198382,0.1945518220974141,1,-0.2725118483412322,-0.21563981042654035,-0.24407582938388628,-44.14977647810158,0.0,하락
11680750,수서동,2021,⑥ 쇠퇴 주의,0.3272204113731758,5.804922947811003,6.843848722540839,0.020634534810619165,2121191.1,13.111798513404427,0.3120567375886525,-44.14977647810158,0.4014513748052313,1.2057678909517178,0.1316496218361354,0.3318680446785249,0.1988180272382272,1,0.4728132387706856,0.2211186178615845,0.34696592831613504,-13.711583924349888,0.0,하락
11680750,수서동,2022,⑥ 쇠퇴 주의,0.3095406810977602,-1.767973027541564,6.451768759512394,-0.3920799630284453,2698722.73,27.226760945772387,0.1749408983451536,-13.711583924349888,0.4294424587404655,1.0695423438142198,0.1416891181796329,0.3225457100337783,0.1999678846332611,1,0.5839243498817966,0.3392771111335193,0.461600730507658,5.67375886524823,2.0,상승
11680750,수서동,2023,⑥ 쇠퇴 주의,0.282008009871801,-2.753267122595915,5.931057991603125,-0.5207107679092688,3015974.2199999997,11.755616331878581,0.2316784869976359,5.67375886524823,0.4792531342103113,1.0239711877643445,0.1496458433535639,0.3249865114239275,0.20469683244279,1,0.4869976359338062,0.2730608494952551,0.38002924271453065,7.8014184397163095,2.0,상승
11710510,풍납1동,2020,⑦ 일반,0.2006378737169731,,4.783033873635216,,588970.74,,0.2701421800947867,,0.3373099955979098,0.9879423656755824,0.2175600584485034,0.367467297166922,0.2751951066794427,0,-0.13033175355450238,0.06398104265402843,-0.033175355450236976,6.0827087044693195,2.0,상승
11710510,풍납1동,2021,⑦ 일반,0.2320781246862534,3.144025096928033,5.249279291400448,0.466245417765232,572225.03,-2.8432159465171303,0.3309692671394799,6.0827087044693195,0.2613483031998782,1.1133708612611333,0.2352191122370429,0.4010257820343191,0.2997875007910822,0,0.028368794326241176,0.057656325277581744,0.04301255980191146,8.03782505910165,2.0,상승
11710510,풍납1동,2022,⑦ 일반,0.1638701794798361,-6.820794520641732,4.54721399640015,-0.7020652950002981,599980.56,4.850457170669387,0.4113475177304964,8.03782505910165,0.3012533175522102,1.1819379627897837,0.2434108332712175,0.3773601495120192,0.309996697737718,0,-0.32151300236406616,-0.07722429498168126,-0.1993686486728737,-12.529550827423158,0.0,하락
11710510,풍납1동,2023,⑦ 일반,0.139472110678107,-2.4398068801729096,3.7973792397411166,-0.7498347566590335,606102.75,1.0203980608971541,0.2860520094562648,-12.529550827423158,0.3106960741129333,1.0545695523852678,0.2354470854232152,0.3762478873927242,0.2952496169999425,0,-0.2364066193853428,-0.011170492868587067,-0.12378855612696493,-1.4184397163120588,1.0,유지
11710520,풍납2동,2020,⑦ 일반,0.215609300858892,,2.760995782506271,,1376341.11,,0.1161137440758293,,0.2976503786734639,1.0679017350138065,0.1560695582431563,0.3202307677395644,0.2117149896534315,0,0.07109004739336491,-0.04265402843601897,0.014218009478672973,-6.41042878110539,0.0,하락
11710520,풍납2동,2021,⑦ 일반,0.1785577921169663,-3.7051508741925696,2.8778642068554134,0.11686842434914224,1421377.35,3.272171387803713,0.0520094562647754,-6.41042878110539,0.2120976333174959,1.0569067973400763,0.1620358711442696,0.2794934002111137,0.2102776746519048,0,0.04018912529550827,0.03329860060726251,0.03674386295138539,2.6004728132387696,1.0,유지
11710520,풍납2동,2022,⑦ 일반,0.2010540312764224,2.2496239159456115,2.8561442451236756,-0.021719961731737847,1608346.64,13.154092401993033,0.0780141843971631,2.6004728132387696,0.2581969691539311,1.112913326334044,0.1624990149556419,0.3141124238416091,0.2193630645305486,0,0.15130023640661938,0.023881550199993273,0.08759089330330633,0.0,1.0,유지
11710520,풍납2동,2023,⑦ 일반,0.1834258519883747,-1.7628179288047718,2.3311376933056636,-0.525006551818012,1740145.6,8.194686190285449,0.0780141843971631,0.0,0.2489159755908547,1.0911211512992838,0.1610677646068163,0.3099330699000877,0.2162497445165209,0,0.1276595744680851,-0.025881482975362177,0.05088904574636146,-0.23640661938535007,1.0,유지
11710531,거여1동,2020,⑤ 성숙·정체,0.2484078108077973,,4.892302100486719,,557682.65,,0.8696682464454977,,0.3975053429883418,1.432823089487449,0.2149645395398906,0.3999034919204997,0.2906803013307966,2,-0.49763033175355453,-0.518957345971564,-0.5082938388625593,-9.898266724928018,0.0,하락
11710531,거여1동,2021,⑤ 성숙·정체,0.2464523864105002,-0.19554243972970953,4.524600838677187,-0.36770126180953255,524909.95,-5.876585904187637,0.7706855791962175,-9.898266724928018,0.3764158268828767,1.44055326935663,0.1949572234357839,0.3619559476806043,0.2596017405175244,2,-0.32860520094562645,-0.4744770483905303,-0.40154112466807834,-21.98581560283688,0.0,하락
11710531,거여1동,2022,⑤ 성숙·정체,0.2836825216690588,3.723013525855856,4.005942066584779,-0.5186587720924081,634378.62,20.85475232466065,0.5508274231678487,-21.98581560283688,0.357465807084952,1.2265296405575066,0.2324439254614755,0.3662866936948028,0.2971771902313732,2,0.12056737588652477,-0.294903252551735,-0.08716793833260511,-21.276595744680854,0.0,하락
11710531,거여1동,2023,⑤ 성숙·정체,0.2585298303882259,-2.515269128083286,3.8938869471200217,-0.11205511946475699,755033.22,19.01933580296258,0.3380614657210402,-21.276595744680854,0.3218669718279527,1.1542685094436285,0.2090594716304535,0.3681168472667571,0.260552361726187,2,0.29787234042553196,-0.051331607901134946,0.1232703662621985,41.843971631205676,2.0,상승
11710532,거여2동,2020,④ 잠재 후보,0.2433440648593136,,3.3284206942572725,,558545.68,,0.3199052132701421,,0.2685215542149217,1.0543139961477803,0.2314098654535397,0.398739982777046,0.2931356469717484,3,0.028436018957345988,-0.19668246445497628,-0.08412322274881515,16.00002240821038,2.0,상승
11710532,거여2동,2021,④ 잠재 후보,0.2384777227870536,-0.4866342072259999,3.7210472923205775,0.392626598063305,652022.35,16.735725178288007,0.4799054373522459,16.00002240821038,0.3210262509453573,1.174597108174906,0.2220210445688821,0.3832753373732138,0.2875833723593199,3,-0.08983451536643028,-0.3092893236081701,-0.19956191948730018,-4.491725768321519,1.0,유지
11710532,거여2동,2022,④ 잠재 후보,0.2405130094336299,0.20352866465763175,3.7287517287324117,0.007704436411834159,937992.19,43.85890146250355,0.4349881796690307,-4.491725768321519,0.3493675422166269,1.1479503975021297,0.2353270251868167,0.3719995797818807,0.2979886868459341,3,0.023640661938534258,-0.21460903274959947,-0.0954841854055326,-1.654846335697402,1.0,유지
11710532,거여2동,2023,④ 잠재 후보,0.2154897484200942,-2.502326101353572,3.616552125661639,-0.11219960307077281,920631.0,-1.8508885452447,0.4184397163120567,-1.654846335697402,0.3482949418946435,1.128588550764125,0.2256312281549355,0.3747045869152024,0.2887267677793653,3,-0.011820330969267157,-0.17436388692817048,-0.09309210894871882,-0.23640661938533758,1.0,유지
11710540,마천1동,2020,⑦ 일반,0.1771555759210331,,2.3052258970520776,,454466.09,,0.2890995260663507,,0.1968352629178355,1.3755143087334971,0.1910637733812273,0.3089036971013461,0.2518402951347768,0,-0.22274881516587675,-0.2677725118483412,-0.24526066350710898,-21.58134740568945,0.0,하락
11710540,마천1동,2021,⑦ 일반,0.1043331117905397,-7.282246413049339,2.0967258544096246,-0.20850004264245303,443506.24,-2.411588068099879,0.0732860520094562,-21.58134740568945,0.0972618454172149,1.5105209341312786,0.1086925072114092,0.2292209257622232,0.1531188531279362,0,-0.06619385342789598,-0.05669837428433777,-0.061446113856116875,-4.01891252955083,1.0,유지
11710540,마천1동,2022,⑦ 일반,0.110585056198758,0.6251944408218302,2.086569835359106,-0.010156019050518772,492442.66,11.033986804785423,0.0330969267139479,-4.01891252955083,0.1099915375935905,1.2913034394371,0.1101924119336705,0.2464223257356043,0.1585253569900294,0,-0.014184397163120567,-0.009400244249493015,-0.011792320706306791,13.002364066193861,2.0,상승
11710540,마천1동,2023,⑦ 일반,0.0740851077371644,-3.64999484615936,2.160837885456615,0.07426805009750925,571061.35,15.965044539398754,0.1631205673758865,13.002364066193861,0.1049480412682532,1.799585295721771,0.1025828463191701,0.2545436102273367,0.1739356793029144,0,-0.15839243498817968,-0.12046653893986758,-0.13942948696402363,-14.420803782505912,0.0,하락
11710550,마천2동,2020,⑦ 일반,0.1914721668425331,,3.5668029491729856,,780281.12,,0.6066350710900474,,0.3638122940328481,1.146664263414897,0.2563958255346785,0.3529493209651939,0.3113271066948705,0,-0.504739336492891,-0.4573459715639811,-0.48104265402843605,-20.47438181349647,0.0,하락
11710550,마천2동,2021,⑦ 일반,0.1703659532004251,-2.110621364210799,3.4073953471399125,-0.15940760203307303,825115.29,5.745899631660967,0.4018912529550827,-20.47438181349647,0.2811961652697139,1.17461780478587,0.2632655220673674,0.3373542113449747,0.3182612063802559,0,-0.33096926713947994,-0.2715594994005804,-0.30126438327003013,-5.2009456264775435,0.0,하락
11710550,마천2동,2022,⑦ 일반,0.1521040878224439,-1.826186537798122,2.8369553430901626,-0.5704400040497499,905882.43,9.788588452893654,0.3498817966903073,-5.2009456264775435,0.2995042526290124,1.2136706116077915,0.2512163659357099,0.3192709349626014,0.3051929743904389,0,-0.29550827423167847,-0.25035573033959646,-0.27293200228563747,-5.67375886524823,0.0,하락
11710550,마천2동,2023,⑦ 일반,0.1326575982966461,-1.9446489525797777,2.472789379572787,-0.3641659635173755,951872.8200000001,5.076860801903393,0.293144208037825,-5.67375886524823,0.3104184460875637,1.1759913378612457,0.2374496010996676,0.3076092192538922,0.2897736342101409,0,-0.2482269503546099,-0.22679349713735109,-0.2375102237459805,-12.529550827423169,0.0,하락
11710561,방이1동,2020,⑦ 일반,0.2237087368963389,,5.09862436603418,,1542951.87,,0.8436018957345972,,0.4451024476272902,1.1464498685603517,0.2535723202453522,0.4485370526971644,0.3244672458733637,0,-0.6232227488151659,-0.4786729857819906,-0.5509478672985783,3.3466662185024587,1.0,유지
11710561,방이1동,2021,⑦ 일반,0.2077368106790579,-1.5971926217281025,4.819468505048201,-0.2791558609859788,1673557.57,8.464664552368696,0.8770685579196218,3.3466662185024587,0.4548310692789156,1.2068629806134563,0.2571832648209246,0.4667885791323519,0.3358739181100047,0,-0.6643026004728133,-0.5334666621850246,-0.5988846313289189,-16.07565011820331,0.0,하락
11710561,방이1동,2022,⑦ 일반,0.1945391288878027,-1.319768179125519,4.893012055743813,0.07354355069561169,1930635.75,15.361179358771615,0.7163120567375887,-16.07565011820331,0.4256748909414797,1.1148136368772623,0.2519025111153803,0.4482810426975063,0.3232074033185568,0,-0.5200945626477542,-0.34427414204564555,-0.4321843523466999,-22.69503546099292,0.0,하락
11710561,방이1동,2023,⑦ 일반,0.1888326057502067,-0.5706523137596009,4.8498465733630995,-0.04316548238071327,2079563.93,7.713945004903167,0.4893617021276595,-22.69503546099292,0.3869937490500666,1.00520642941749,0.2329155962523026,0.4371272895360431,0.3035245236219535,0,-0.24349881796690306,-0.08888776847837043,-0.16619329322263676,6.619385342789608,2.0,상승
11710562,방이2동,2020,① 레전드,0.4471781136998402,,19.16988490800188,,3408701.79,,0.9265402843601896,,0.5523066290393266,1.0685553837168105,0.2782858042953584,0.498387872018191,0.3565269801077754,6,-0.018957345971563955,-0.011848341232227444,-0.0154028436018957,1.6722126987328112,1.0,유지
11710562,방이2동,2021,① 레전드,0.419718948151777,-2.745916554806316,19.054168895951097,-0.11571601205078252,3517515.1100000003,3.1922217519650076,0.9432624113475178,1.6722126987328112,0.5590739269608263,1.156268817784136,0.2650359362509223,0.5200065144213064,0.3507470898379833,6,-0.01654846335697402,-0.030940136466001134,-0.023744299911487576,2.36406619385342,1.0,유지
11710562,방이2동,2022,① 레전드,0.4499526496542372,3.0233701502460186,19.53135210190404,0.4771832059529437,4591996.2700000005,30.546596855983378,0.966903073286052,2.36406619385342,0.6538821328156709,1.167983808979983,0.2929983440757195,0.5454021925595953,0.3816221343151176,6,-0.023640661938534202,-0.047471793665198936,-0.03555622780186657,-0.23640661938535423,1.0,유지
11710562,방이2동,2023,① 레전드,0.4383706971561918,-1.158195249804539,18.98339147201258,-0.5479606298914597,4908869.11,6.900546545957886,0.9645390070921984,-0.23640661938535423,0.6561696063221808,1.1585654670193073,0.2890560938099348,0.5293946167993099,0.3739779542079999,6,-0.016548463356973908,-0.045107727471345505,-0.030828095414159706,0.47281323877069736,1.0,유지
11710566,오륜동,2020,⑤ 성숙·정체,0.2712086109638901,,5.722958530003142,,1418903.17,,0.9928909952606636,,0.9908562313614528,0.9579764068293004,0.3654234870160528,0.308312732264638,0.4077730244387404,2,-0.5047393364928909,-0.5521327014218009,-0.5284360189573459,-1.6531657199198024,1.0,유지
11710566,오륜동,2021,⑤ 성숙·정체,0.2531942127654192,-1.8014398198470893,6.222283000031227,0.49932447002808455,1395319.21,-1.662126105476247,0.9763593380614656,-1.6531657199198024,0.957072192156853,0.8373436095416927,0.3825435616988196,0.2845259799170863,0.4205634662722247,2,-0.4964539007092198,-0.49531668403302964,-0.4958852923711247,0.9456264775413836,1.0,유지
11710566,오륜동,2022,⑤ 성숙·정체,0.2836001578371815,3.040594507176231,10.96518366767162,4.742900667640394,2074690.1,48.68928092805373,0.9858156028368794,0.9456264775413836,0.9217288102745134,1.0376448492553634,0.418240727688949,0.2951231026889626,0.458877834587733,2,-0.31678486997635935,-0.23226110046721116,-0.27452298522178525,0.23640661938534313,1.0,유지
11710566,오륜동,2023,⑤ 성숙·정체,0.3027317803159365,1.9131622478754995,13.165438336470547,2.2002546687989266,2901874.44,39.87026014150257,0.9881796690307328,0.23640661938534313,0.8949124917623651,1.0588110066303558,0.4307068472030679,0.2949723870045643,0.4693096498896195,2,-0.21276595744680848,-0.14694744154258121,-0.17985669949469485,-0.9456264775413614,1.0,유지
11710570,오금동,2020,⑦ 일반,0.1892116287644427,,4.125444444103828,,1487498.64,,0.2393364928909952,,0.2481680606219441,1.210134931389426,0.2111849403407144,0.3049202725129825,0.2642245800015159,0,-0.14454976303317535,-0.0023696682464454943,-0.07345971563981042,-7.148779312740191,0.0,하락
11710570,오금동,2021,⑦ 일반,0.2146359226610051,2.5424293896562395,4.169577136125412,0.04413269202158343,1579012.16,6.152175036610452,0.1678486997635933,-7.148779312740191,0.2656847349023467,1.228081404959172,0.1732689195912557,0.310855876529026,0.2346002942813891,0,0.08510638297872339,0.07859679786673837,0.08185159042273088,-11.111111111111109,0.0,하락
11710570,오금동,2022,⑦ 일반,0.1634149601196189,-5.1220962541386195,3.397912458369186,-0.7716646777562257,1900506.29,20.36045941533473,0.0567375886524822,-11.111111111111109,0.269451651185254,1.089691584441571,0.1572001101581877,0.2864954200630393,0.2140790122462348,0,0.028368794326241134,0.10676952035225706,0.06756915733924909,4.9645390070922,1.0,유지
11710570,오금동,2023,⑦ 일반,0.1486602774739092,-1.4754682645709698,3.2040826911998708,-0.19382976716931521,2177802.72,14.590660996970461,0.1063829787234042,4.9645390070922,0.2902934227385894,1.172123804317454,0.1605695942575374,0.2834209705758357,0.2153913921364742,0,-0.026004728132387703,0.061863466774226064,0.01792936932091918,8.74704491725769,2.0,상승
11710580,송파1동,2020,③ 급성장 신흥,0.3282210733164067,,22.33527514568451,,2058300.5,,0.3127962085308057,,0.3041802207795805,1.077105899956918,0.2045292792302332,0.3832131824890682,0.2681265731413372,4,0.41706161137440756,0.6398104265402843,0.5284360189573459,20.493428792309498,2.0,상승
11710580,송파1동,2021,③ 급성장 신흥,0.3345127866233627,0.6291713306955993,24.121306828723807,1.7860316830392975,2219208.95,7.817539275727725,0.5177304964539007,20.493428792309498,0.3538416976158763,1.135588163639876,0.2366641914259583,0.3802217272740122,0.3016072014184393,4,0.2836879432624114,0.43961547511008037,0.3616517091862459,1.654846335697402,1.0,유지
11710580,송파1동,2022,③ 급성장 신흥,0.359573437548484,2.5060650925121273,23.907086508091997,-0.21422032063181007,2697680.12,21.560438011030914,0.5342789598108747,1.654846335697402,0.3992463500064112,1.1307895222467594,0.2287636431209391,0.3835797471492564,0.2968341475758485,4,0.32387706855791965,0.42306701175310635,0.373472040155513,2.3640661938534313,1.0,유지
11710580,송파1동,2023,③ 급성장 신흥,0.3432681749557735,-1.6305262592710479,22.204667333770576,-1.7024191743214203,2840626.9299999997,5.2988791717826,0.557919621749409,2.3640661938534313,0.4143476529269126,1.1025450878678205,0.2308627386513906,0.3874830861692399,0.2951440834257506,4,0.2978723404255319,0.3923173450752355,0.3450948427503837,4.491725768321508,1.0,유지
11710590,송파2동,2020,⑦ 일반,0.2314845654442028,,5.415343558623299,,500740.16000000003,,0.2677725118483412,,0.2327745776405951,1.0865681301273564,0.2218968201316966,0.3965360748614723,0.2863740915169889,0,0.0,0.13507109004739337,0.06753554502369669,-17.08457979003507,0.0,하락
11710590,송파2동,2021,⑦ 일반,0.1736025156730619,-5.7882049771140895,5.685912591239379,0.27056903261608056,551028.52,10.042805434259549,0.0969267139479905,-17.08457979003507,0.1957620531830065,1.1294335269852702,0.1758004001252565,0.3335633130784975,0.2338431713477481,0,-0.018912529550827423,0.33435290690509,0.15772018867713128,-2.6004728132387704,1.0,유지
11710590,송파2동,2022,⑦ 일반,0.1861919377084893,1.25894220354274,5.254434930195831,-0.431477661043548,606686.55,10.100753042691867,0.0709219858156028,-2.6004728132387704,0.2286608312582075,1.0139902403243668,0.1893516424798085,0.3487593549149322,0.2510805419449349,0,0.08747044917257683,0.34376995731235926,0.21562020324246806,13.47517730496454,2.0,상승
11710590,송파2동,2023,⑦ 일반,0.1845759736339129,-0.1615964074576398,4.242939898842949,-1.011495031352882,612352.77,0.9339616973542464,0.2056737588652482,13.47517730496454,0.2761384872439489,1.1223758872744618,0.2135915650092755,0.3525903778404337,0.2768587293530345,0,0.011820330969267157,0.12607979563712143,0.0689500633031943,8.274231678486998,2.0,상승
11710600,석촌동,2020,③ 급성장 신흥,0.2963100920850572,,10.141128876109754,,1832160.13,,0.2298578199052132,,0.3119432570786553,1.0113619793294948,0.2153960336113734,0.3589780377667607,0.27421150224775,4,0.3815165876777251,0.4928909952606635,0.4372037914691943,22.640695550849838,2.0,상승
11710600,석촌동,2021,③ 급성장 신흥,0.2899082367491605,-0.6401855335896711,9.997697718882371,-0.14343115722738276,2025469.42,10.550894915500653,0.4562647754137116,22.640695550849838,0.3525425155731067,1.064677347376308,0.2299589185594344,0.4078045362848504,0.2960266391068867,4,0.20094562647754133,0.26648403975216517,0.23371483311485325,21.98581560283688,2.0,상승
11710600,석촌동,2022,③ 급성장 신흥,0.2859503944871723,-0.3957842261988198,9.426195798451742,-0.5715019204306291,2435448.88,20.241207097562608,0.6761229314420804,21.98581560283688,0.4253528772063845,1.1228771567859777,0.2493218578559992,0.4155443696288012,0.3193455208411485,4,0.004728132387706863,0.03714721073801441,0.020937671562860638,-13.238770685579194,0.0,하락
11710600,석촌동,2023,③ 급성장 신흥,0.2757088536378905,-1.0241540849281805,8.874842960939644,-0.5513528375120984,2854098.84,17.18984797578671,0.5437352245862884,-13.238770685579194,0.434509577364331,0.9636386397851064,0.2492176052574715,0.4112157703396065,0.3127742763663451,4,0.15602836879432624,0.16953491759380634,0.1627816431940663,-0.23640661938534313,1.0,유지
11710610,삼전동,2020,④ 잠재 후보,0.3101697811498325,,8.257418311618736,,1156308.26,,0.5071090047393365,,0.2684056523035385,1.0451920212947443,0.2687425297523796,0.4248134607254032,0.3315731946483568,3,0.1635071090047393,0.12322274881516582,0.14336492890995256,3.8990286040805344,1.0,유지
11710610,삼전동,2021,④ 잠재 후보,0.2721776952455839,-3.799208590424863,8.308460175160743,0.05104186354200735,1233826.7,6.703959720913866,0.5460992907801419,3.8990286040805344,0.2829192393774446,1.167658550465944,0.2646808748006667,0.4071559721441047,0.3299511711613629,3,0.03782505910165479,0.09608080400658803,0.06695293155412141,-42.55319148936171,0.0,하락
11710610,삼전동,2022,④ 잠재 후보,0.2562816447463035,-1.589605049928039,7.711908670237927,-0.5965515049228163,1189430.45,-3.5982565460773386,0.1205673758865248,-42.55319148936171,0.2866022214738964,0.9068426028725376,0.2232415504285797,0.386348937997675,0.2795762333862395,3,0.42080378250591016,0.493176699942859,0.4569902412243846,25.059101654846327,2.0,상승
11710610,삼전동,2023,④ 잠재 후보,0.2503299408474155,-0.5951703898887994,6.4490427838797775,-1.2628658863581492,1094790.3800000001,-7.956755268876781,0.3711583924349881,25.059101654846327,0.3112371419768532,1.138145458143626,0.2230861126712303,0.3887937909492945,0.2854890687576898,3,0.24113475177304966,0.1714956360010308,0.20631519388704023,24.822695035461003,2.0,상승
11710620,가락본동,2020,② 라이징스타,0.3418993332193034,,7.405838493583468,,1897703.55,,0.6492890995260664,,0.4168547632982951,1.027229225654986,0.2548654824565697,0.3985971318137989,0.318053271305114,5,0.12322274881516582,-0.06635071090047395,0.028436018957345932,14.267307541483198,2.0,상승
11710620,가락본동,2021,② 라이징스타,0.3118511583736754,-3.0048174845627997,6.91603756172822,-0.48980093185524787,2160557.67,13.851168692812955,0.7919621749408984,14.267307541483198,0.508221950057133,1.0808491044852866,0.2468011925214998,0.418593829304504,0.3163269047867495,5,-0.04964539007092206,-0.2516778147513249,-0.15066160241112347,0.23640661938534313,1.0,유지
11710620,가락본동,2022,② 라이징스타,0.2861649392990834,-2.568621907459201,6.563877496034104,-0.3521600656941155,2648229.04,22.571550705239908,0.7943262411347518,0.23640661938534313,0.5393276126311679,1.0850655416041812,0.2410228464486036,0.4267205257811757,0.3102887941732744,5,-0.11111111111111116,-0.2635205539309603,-0.18731583252103573,0.23640661938534313,1.0,유지
11710620,가락본동,2023,② 라이징스타,0.2580606104875965,-2.8104328811486887,5.870158570884184,-0.6937189251499198,3058610.05,15.496431909832076,0.7966903073286052,0.23640661938534313,0.5435596785156622,1.0864695604325965,0.233721089653157,0.4205769590873778,0.3029989345938648,5,-0.16312056737588654,-0.2943206390821598,-0.22872060322902316,-1.654846335697402,1.0,유지
11710631,가락1동,2020,⑦ 일반,0.2061421649990254,,3.7346767043577325,,1956109.8800000001,,0.0331753554502369,,0.051172595901274,1.1282458646679236,0.2220184238850964,0.2044137582964843,0.2569232579631998,0,0.12322274881516587,0.14218009478672985,0.13270142180094785,-1.1898759705556101,1.0,유지
11710631,가락1동,2021,⑦ 일반,0.1833836021289474,-2.275856287007802,3.5253791094162614,-0.20929759494147104,1903390.47,-2.6951149594929835,0.0212765957446808,-1.1898759705556101,0.0231061481107257,1.1871599114348814,0.2210821246037447,0.1604692940715359,0.249252711664011,0,0.09456264775413711,0.12564283553494,0.11010274164453855,-0.94562647754137,1.0,유지
11710631,가락1동,2022,⑦ 일반,0.1571013301306385,-2.6282271998308877,3.4710159359730266,-0.054363173443234825,2084209.1,9.499817974816294,0.0118203309692671,-0.94562647754137,0.0284548399771293,1.1201589917960553,0.2062945116784854,0.1482931833032956,0.2327030475555845,0,0.04964539007092199,0.1564261145283632,0.1030357522996426,-0.23640661938534002,1.0,유지
11710631,가락1동,2023,⑦ 일반,0.1562583002345449,-0.08430298960936111,3.4212177069044656,-0.04979822906856102,2392416.59,14.787743225955573,0.0094562647754137,-0.23640661938534002,0.0337813143824746,1.0631247679991656,0.1887055848824367,0.1558981151811253,0.2155933588429541,0,0.1016548463356974,0.2085532138975721,0.15510403011663473,-0.2364066193853499,1.0,유지
11710632,가락2동,2020,⑦ 일반,0.2433258360724555,,5.465627325169783,,1130831.4,,0.2132701421800948,,0.3044186889197548,1.0620919396956974,0.1928020986036343,0.3538793473422882,0.2506430051857096,0,0.13270142180094788,0.1966824644549763,0.1646919431279621,-5.251364099806169,0.0,하락
11710632,가락2동,2021,⑦ 일반,0.2217723140742005,-2.1553521998255,5.4338694011359125,-0.031757924033870566,1060202.33,-6.245764841690793,0.1607565011820331,-5.251364099806169,0.260149473556428,1.141457364942387,0.1980934151464645,0.3354768060112358,0.2590450381244049,0,0.14184397163120566,0.24682643720659247,0.19433520441889907,10.638297872340418,2.0,상승
11710632,가락2동,2022,⑦ 일반,0.2119514109885379,-0.9820903085662608,4.524939504127797,-0.9089298970081154,1221194.8900000001,15.185078870747247,0.2671394799054373,10.638297872340418,0.2805748229961917,1.2418002828622063,0.1949628194286556,0.3428868412729763,0.2581713335257459,0,0.035460992907801414,0.059874738104041314,0.047667865505921364,-9.9290780141844,0.0,하락
11710632,가락2동,2023,⑦ 일반,0.2086071702937494,-0.3344240694788503,3.759896001990225,-0.7650435021375723,1315509.79,7.723165300830881,0.1678486997635933,-9.9290780141844,0.2808647316718879,1.1850354491638715,0.1876591262749298,0.3279257574864122,0.2461967714056794,0,0.21040189125295508,0.10229348033119337,0.15634768579207423,-1.8912529550827395,1.0,유지
11710641,문정1동,2020,⑦ 일반,0.2689276121298075,,8.097777871051939,,999681.41,,0.8625592417061612,,0.5459702249625257,1.0585854583657095,0.2754650905789254,0.394123677158467,0.3367130338145864,0,-0.38388625592417064,-0.23696682464454977,-0.31042654028436023,-1.3859478112780543,1.0,유지
11710641,문정1동,2021,⑦ 일반,0.2463882858136842,-2.2539326316123294,7.498784182256353,-0.598993688795586,995626.2,-0.4056502361087344,0.8486997635933806,-1.3859478112780543,0.5526018790770583,1.0929182569832014,0.2845875949302775,0.3794476229299565,0.3442134334426874,0,-0.408983451536643,-0.25154336548911527,-0.33026340851287916,-10.874704491725772,0.0,하락
11710641,문정1동,2022,⑦ 일반,0.2456412066838493,-0.07470791298348767,6.900957231549376,-0.5978269507069767,1099540.65,10.437094765083522,0.7399527186761229,-10.874704491725772,0.5106992595807097,1.0741199377919537,0.2580140940228415,0.3998594078089634,0.3224935533625471,0,-0.25059101654846333,-0.17834134426853998,-0.21446618040850166,1.654846335697402,1.0,유지
11710641,문정1동,2023,⑦ 일반,0.2655372540686958,1.9896047384846516,6.611373510455852,-0.2895837210935239,1170666.88,6.468722188670339,0.7565011820330969,1.654846335697402,0.480986816403783,1.0962835188447948,0.2429537297717471,0.4273992484270055,0.3118979577075232,0,-0.08510638297872342,-0.194889807625514,-0.1399980953021187,-10.874704491725762,0.0,하락
11710642,문정2동,2020,⑦ 일반,0.2922927251409856,,7.551675956408402,,4201403.13,,0.1445497630331753,,0.3522110354641747,0.973758097576058,0.1931983265040514,0.2947705335308991,0.2401309781749089,0,0.44075829383886256,0.45260663507109,0.4466824644549763,-4.5258982891331385,1.0,유지
11710642,문정2동,2021,⑦ 일반,0.2616962481485058,-3.0596476992479804,7.192548788649184,-0.35912716775921805,4333124.17,3.1351678457001597,0.0992907801418439,-4.5258982891331385,0.3202738637368465,1.0578238382064238,0.1662412185324294,0.2707736418485933,0.2135299255778467,0,0.43026004728132383,0.4694295990050754,0.4498448231431996,5.200945626477539,2.0,상승
11710642,문정2동,2022,⑦ 일반,0.2749888895412186,1.32926413927128,6.307615923973763,-0.8849328646754211,5274402.3100000005,21.722851759403895,0.1513002364066193,5.200945626477539,0.3906956970447999,1.0082235456197397,0.1927830970409206,0.3000027164334597,0.2429513741294967,0,0.4869976359338062,0.3486997635933806,0.4178486997635934,4.01891252955083,1.0,유지
11710642,문정2동,2023,⑦ 일반,0.2856639941155255,1.0675104574306926,5.432877836850005,-0.8747380871237578,5756263.98,9.135853537118589,0.1914893617021276,4.01891252955083,0.3940169322202864,1.0776733463892942,0.1922130299230763,0.2909892501055691,0.2412268281943269,0,0.5437352245862883,0.26822627810829885,0.4059807513472936,-2.836879432624109,1.0,유지
11710646,장지동,2020,⑦ 일반,0.2661833975612316,,6.0558592777438545,,907638.66,,0.3222748815165877,,0.2874282631822196,1.0716570526875095,0.2169037283331246,0.3922901411338911,0.2773185716998337,0,0.14218009478672988,0.14691943127962087,0.14454976303317538,14.817429106024443,2.0,상승
11710646,장지동,2021,⑦ 일반,0.2314348245814006,-3.4748572979831,5.567208052385306,-0.48865122535854866,1033560.08,13.873518785548411,0.4704491725768321,14.817429106024443,0.3002010405652502,1.2116438788060178,0.2198644143504281,0.3792348070567104,0.2831048649045096,0,-0.11347517730496454,-0.058126897695315594,-0.08580103750014006,-11.82033096926714,0.0,하락
11710646,장지동,2022,⑦ 일반,0.230252892769753,-0.11819318116476074,5.307085259613931,-0.26012279277137473,1257462.18,21.663191558249807,0.3522458628841607,-11.82033096926714,0.3008583140475108,1.177429056783399,0.2214857047209652,0.383159110565757,0.2874055285628142,0,0.04728132387706857,0.06718541673669232,0.05723337030688044,-3.3096926713947927,1.0,유지
11710646,장지동,2023,⑦ 일반,0.208304342740607,-2.1948550029146,5.191104793389231,-0.11598046622470015,1253503.88,-0.3147848152379451,0.3191489361702128,-3.3096926713947927,0.2984197503137856,1.1240231039901682,0.2239545803990886,0.3772678743655235,0.2872915442225623,0,0.05437352245862881,0.11450035292931326,0.08443693769397104,-4.491725768321519,1.0,유지
11710647,위례동,2020,⑤ 성숙·정체,0.4417436500664353,,5.730972187408303,,1088565.22,,0.962085308056872,,0.7274253317345735,1.0628631865355394,0.3284662299611916,0.3719722520036227,0.3834991800066246,2,-0.056872037914691975,-0.5165876777251186,-0.2867298578199053,-0.7002565740087174,1.0,유지
11710647,위례동,2021,⑤ 성숙·정체,0.4384690899432946,-0.3274560123140702,5.254720252026292,-0.4762519353820105,1383817.53,27.123070310844575,0.9550827423167848,-0.7002565740087174,0.6684188916962296,1.1405680207824842,0.3337487140939288,0.3567761213416493,0.3890189526590806,2,-0.014184397163120588,-0.5640874816532778,-0.2891359394081992,-1.654846335697402,1.0,유지
11710647,위례동,2022,⑤ 성숙·정체,0.3916818463498071,-4.6787243593487515,4.642455452005377,-0.612264800020915,1684486.6,21.727508394838747,0.9385342789598108,-1.654846335697402,0.6824341317416465,1.1331859973894227,0.3399389766149874,0.3558158735011569,0.3945778229830538,2,-0.03309692671394804,-0.5973020514716592,-0.3151994890928036,0.7092198581560405,1.0,유지
11710647,위례동,2023,⑤ 성숙·정체,0.354470801894504,-3.72110444553031,4.270171794564293,-0.37228365744108416,1872910.83,11.185855084866802,0.9456264775413712,0.7092198581560405,0.6965687539053559,1.1369200613973676,0.330318348041388,0.3583704679300504,0.3838109449548231,2,-0.07092198581560283,-0.6091335865461105,-0.34002778618085666,0.23640661938534313,1.0,유지
11710650,잠실본동,2020,⑤ 성숙·정체,0.3906885562538407,,16.838968848350984,,2547642.34,,0.8127962085308057,,0.418133128722442,1.1595438801530096,0.2589360293136435,0.4345804414464864,0.3303520936382444,2,0.042654028436018954,0.07582938388625593,0.05924170616113744,-3.0290298365321044,1.0,유지
11710650,잠실본동,2021,⑤ 성숙·정체,0.3612565270082221,-2.9432029245618607,15.288882172040562,-1.5500866763104213,2587589.24,1.5679948230095997,0.7825059101654847,-3.0290298365321044,0.3963324300226802,1.1659024798440123,0.252804783040942,0.4506370362674933,0.3288761993559864,2,0.0685579196217494,0.08479266803356744,0.07667529382765842,7.092198581560282,2.0,상승
11710650,잠실본동,2022,⑤ 성숙·정체,0.3638821547777103,0.26256277694882146,16.061355233449547,0.7724730614089843,3436456.65,32.80533853201521,0.8534278959810875,7.092198581560282,0.4402044263772101,1.2277779171200898,0.27241023087623,0.4510657245746307,0.3505697486011708,2,0.011820330969267157,0.03282802818952868,0.022324179579397918,-3.78250591016549,1.0,유지
11710650,잠실본동,2023,⑤ 성숙·정체,0.3477865878571864,-1.6095566920523885,14.605384218967462,-1.4559710144820848,3779138.65,9.971957597660941,0.8156028368794326,-3.78250591016549,0.4411131474802207,1.1456494641062531,0.2698377112695309,0.4547859583224107,0.3444833493174568,2,0.047281323877068626,0.06117441430540149,0.05422786909123506,4.728132387706863,1.0,유지
11710670,잠실2동,2020,⑦ 일반,0.2409831294602253,,9.137078467424628,,1493242.84,,0.1753554502369668,,0.1658423762561369,1.1787084691481329,0.2180094225773847,0.3478851100148084,0.2754672322023357,0,0.14691943127962084,0.5118483412322274,0.32938388625592413,3.031830862828139,1.0,유지
11710670,잠실2동,2021,⑦ 일반,0.2425053558686359,0.15222264084105985,8.073638265170372,-1.063440202254256,1522206.42,1.9396429853298258,0.2056737588652482,3.031830862828139,0.1953523646823666,1.1902804388024315,0.2337724792743886,0.341681761245753,0.2920224155415143,0,0.21040189125295508,0.42228832644280867,0.31634510884788186,17.49408983451537,2.0,상승
11710670,잠실2동,2022,⑦ 일반,0.2554365882608099,1.2931232392174001,15.87220991412028,7.798571648949908,3062427.24,101.1834400225431,0.3806146572104019,17.49408983451537,0.2348977504171162,1.2937641250640688,0.2510080373071918,0.3438254571196477,0.3125103102113901,0,0.15602836879432624,0.49853226222087776,0.327280315507602,10.638297872340418,2.0,상승
11710670,잠실2동,2023,⑦ 일반,0.2161742450178314,-3.9262343242978504,14.048820887410626,-1.8233890267096537,3136978.21,2.434375224535934,0.4869976359338061,10.638297872340418,0.1976878833788879,1.4555535100412489,0.246419340709532,0.3349802137803999,0.3068757583440825,0,-0.07328605200945626,0.3779312740188005,0.15232261100467212,-20.330969267139476,0.0,하락
11710680,잠실3동,2020,⑦ 일반,0.3059614511577194,,10.954228136997928,,3776042.5,,0.3246445497630332,,0.2664187240166241,1.031526998698325,0.2759933733814182,0.3565395617546013,0.3288365949189049,0,0.32938388625592413,0.424170616113744,0.37677725118483407,-8.82379303776904,0.0,하락
11710680,잠실3동,2021,⑦ 일반,0.3191847831508884,1.3223331993168996,10.47642912515503,-0.4777990118428974,4638133.32,22.83053805670885,0.2364066193853428,-8.82379303776904,0.2209897227650982,1.1133303074131902,0.2767969072521351,0.3258915359702645,0.3296900255515133,0,0.5200945626477541,0.505299541752098,0.5126970521999261,-0.7092198581560294,1.0,유지
11710680,잠실3동,2022,⑦ 일반,0.2743534224170084,-4.483136073388,9.723363583086838,-0.7530655420681924,6529364.5,40.775696805541585,0.2293144208037825,-0.7092198581560294,0.3151846671129046,1.1268983394620886,0.2277603465149099,0.3166081504331473,0.2802185882445651,0,0.4042553191489362,0.4958040626085398,0.450029690878738,0.4728132387706807,1.0,유지
11710680,잠실3동,2023,⑦ 일반,0.2684423164344556,-0.5911105982552789,8.496920480753865,-1.2264431023329738,6971218.0,6.7671746614850425,0.2340425531914893,0.4728132387706807,0.2572942645609427,1.135170594671478,0.2552317683662957,0.3209542211275443,0.3058809074555452,0,0.442080378250591,0.457900574770596,0.4499904765105935,11.11111111111111,2.0,상승
11710690,잠실4동,2020,⑦ 일반,0.2476971707083755,,4.288986552999286,,506202.1,,0.509478672985782,,0.4357160009421749,1.0953430650560672,0.1918285870852445,0.3475251241078637,0.2500138061371427,0,-0.13981042654028436,-0.25118483412322273,-0.19549763033175355,-36.29065689668695,0.0,하락
11710690,잠실4동,2021,⑦ 일반,0.2568847686212995,0.9187597912924006,4.809229896707838,0.5202433437085521,535635.03,5.814462247390928,0.1465721040189125,-36.29065689668695,0.2219772824970836,1.1792563214434204,0.1944391432476845,0.33704657550994,0.2534016150918762,0,0.35224586288416077,0.19229045522279364,0.27226815905347723,-5.437352245862889,0.0,하락
11710690,잠실4동,2022,⑦ 일반,0.245773932436285,-1.111083618501449,4.644341832294257,-0.16488806441358062,743457.55,38.799277186930816,0.0921985815602836,-5.437352245862889,0.1930836636553006,1.2208758823296626,0.1795277416365481,0.3018177603345555,0.2374508832208054,0,0.39952718676122934,0.2514033141743135,0.3254652504677714,-2.6004728132387704,1.0,유지
11710690,잠실4동,2023,⑦ 일반,0.2022876261113809,-4.34863063249041,3.95768197498271,-0.6866598573115472,838379.39,12.767620693340188,0.0661938534278959,-2.6004728132387704,0.1733484927732665,1.1401551444208229,0.1802278751443414,0.2954160197758232,0.2345872128062277,0,0.26713947990543735,0.22764500913134572,0.24739224451839154,4.01891252955083,1.0,유지
11710710,잠실6동,2020,⑤ 성숙·정체,0.5540779779997531,,20.805613156694296,,5030012.44,,0.9383886255924172,,0.586617869276795,1.074546268925444,0.3347835160925635,0.4197224776193003,0.3988609738362157,2,0.040284360189573376,-0.007109004739336511,0.016587677725118433,3.5606646275195164,1.0,유지
11710710,잠실6동,2021,⑤ 성숙·정체,0.5694155138337209,1.5337535833967797,20.72411710435715,-0.08149605233714752,6315689.51,25.56011710380579,0.9739952718676124,3.5606646275195164,0.6415215345398644,1.1636826519562091,0.3612265294636534,0.3971728079571412,0.4188297638359494,2,0.014184397163120588,-0.05219432400031365,-0.019004963418596532,-50.35460992907803,0.0,하락
11710710,잠실6동,2022,⑤ 성숙·정체,0.4073714553021335,-16.204405853158743,18.842014710306543,-1.8821023940506052,8892591.03,40.80158652384416,0.4704491725768321,-50.35460992907803,0.4975978081652286,1.1949693353814068,0.1780932146523944,0.2929320433349594,0.2315464320498425,2,0.44680851063829785,0.44187310230468446,0.44434080647149116,51.30023640661938,2.0,상승
11710710,잠실6동,2023,⑤ 성숙·정체,0.5189847673606283,11.161331205849478,17.03422918099585,-1.8077855293106921,9970008.34,12.115898576300555,0.983451536643026,51.30023640661938,0.7607077330538752,1.192936664104711,0.3377164091670862,0.4104808810113499,0.3979823911883451,2,-0.0023640661938534313,-0.07823826650084587,-0.04030116634734965,1.1820330969267268,1.0,유지
11710720,잠실7동,2020,⑦ 일반,0.1352104581280939,,5.266600326510227,,384030.85,,0.0402843601895734,,0.0545623543989315,1.1453986351094905,0.1681816526370067,0.2979470579672261,0.2139519842918789,0,-0.021327014218009477,0.34834123222748814,0.16350710900473933,-0.24593010879186,1.0,유지
11710720,잠실7동,2021,⑦ 일반,0.1448790985993838,0.9668640471289902,5.132995874755775,-0.13360445175445257,358773.91000000003,-6.576799754498874,0.0378250591016548,-0.24593010879186,0.0613656317562643,1.1281162314946145,0.1693647213649189,0.3148081050985418,0.2247854598600762,0,-0.0070921985815602835,0.3389521920831793,0.1659299967508095,-0.9456264775413697,1.0,유지
11710720,잠실7동,2022,⑦ 일반,0.142307903124956,-0.2571195474427801,6.835291792019469,1.7022959172636947,663400.9400000001,84.90779889764002,0.0283687943262411,-0.9456264775413697,0.045968301898108,1.0808728981650748,0.1863754137559105,0.3230756212301625,0.243213423730172,0,0.011820330969267143,0.5261335753420052,0.2689769531556362,0.7092198581560301,1.0,유지
11710720,잠실7동,2023,⑦ 일반,0.1463405773596157,0.40326742346596944,5.691492605319054,-1.1437991867004156,753361.78,13.560553592221304,0.0354609929078014,0.7092198581560301,0.0442095200529493,1.099699178905182,0.1849805144821979,0.3255939851726577,0.2360876888016326,0,0.03782505910165484,0.4526906658599711,0.24525786248081297,2.1276595744680797,1.0,유지
11740515,강일동,2020,⑦ 일반,0.2948035883441212,,2.8286492028872487,,1355361.62,,0.438388625592417,,0.4022895586199234,0.9961172351960428,0.2170318303507371,0.3781861102541524,0.2741840232747771,0,0.15876777251184832,-0.3507109004739336,-0.09597156398104265,6.04293413106563,2.0,상승
11740515,강일동,2021,⑦ 일반,0.2596170815055841,-3.518650683853708,2.7525090385871547,-0.07614016430009407,1600712.7,18.102259675908485,0.4988179669030733,6.04293413106563,0.3872030116836668,1.1303292070084834,0.2039338335325605,0.3844317272244863,0.2698649182465118,0,0.011820330969267101,-0.42298858301681735,-0.20558412602377513,-13.475177304964536,0.0,하락
11740515,강일동,2022,⑦ 일반,0.2431609857939463,-1.6456095711637808,2.8357292950210136,0.08322025643385889,1951285.64,21.901053199615394,0.3640661938534279,-13.475177304964536,0.4009601290842643,1.0867768519194456,0.2034010103991816,0.3741463132886986,0.2659180178459298,0,0.10401891252955081,-0.2669097957491625,-0.08144544160980585,13.475177304964536,2.0,상승
11740515,강일동,2023,⑦ 일반,0.2029677352493245,-4.019325054462181,2.8669346125785125,0.03120531755749889,2126352.0300000003,8.971848427070906,0.4988179669030733,13.475177304964536,0.3787430644487464,1.1535001867867356,0.2105742009518301,0.3939164365717124,0.2776815901826344,0,-0.15839243498817968,-0.37322554984146195,-0.2658089924148208,-4.9645390070922,1.0,유지
11740520,상일동,2020,⑤ 성숙·정체,0.2292650617595708,,3.6891030786504664,,1650938.96,,0.8578199052132701,,0.4376827074609942,1.6120007186122975,0.1568013016834906,0.3156028756546765,0.2257452312566418,2,-0.5995260663507109,-0.6895734597156398,-0.6445497630331753,-22.425016526055142,0.0,하락
11740520,상일동,2021,⑤ 성숙·정체,0.2042889118646767,-2.4976149894894077,3.8879634653019983,0.19886038665153194,1817516.05,10.089839420834812,0.6335697399527187,-22.425016526055142,0.4357461037775292,1.2915779427460996,0.1617295195772768,0.3571674536601451,0.2284060740332716,2,-0.4373522458628842,-0.4392569437441879,-0.438304594803536,19.85815602836879,2.0,상승
11740520,상일동,2022,⑤ 성숙·정체,0.233584393383091,2.9295481518414297,3.622815452255194,-0.26514801304680446,2203270.11,21.22424503486502,0.8321513002364066,19.85815602836879,0.5319076339837796,1.2080317547606048,0.1967094445845591,0.4531199887073604,0.2770232133801582,2,-0.42080378250591016,-0.6402081722743213,-0.5305059773901157,5.910165484633567,2.0,상승
11740520,상일동,2023,⑤ 성숙·정체,0.2058398847653672,-2.7744508617723818,3.3822858414802432,-0.2405296107749506,2373597.14,7.730646788468443,0.8912529550827423,5.910165484633567,0.6072034416314781,1.1811207825716952,0.2205120773299361,0.4721339660677838,0.3030613189530217,2,-0.5366430260047281,-0.6827221493955384,-0.6096825877001333,-3.0732860520094496,1.0,유지
11740530,명일1동,2020,④ 잠재 후보,0.2455885755459682,,6.31542292329468,,1747243.08,,0.542654028436019,,0.3445636268630689,1.0979285216709862,0.2449386226606775,0.3782939749248338,0.3044829007594429,3,-0.18483412322274884,-0.049763033175355464,-0.11729857819905215,-4.620012772679916,1.0,유지
11740530,명일1동,2021,④ 잠재 후보,0.2214658775234616,-2.4122698022506577,5.925879536950453,-0.3895433863442266,1659238.42,-5.03677255943118,0.4964539007092198,-4.620012772679916,0.2996961129879049,1.1949980670175924,0.2445774900140548,0.3707619361278172,0.3067061648583344,3,-0.19858156028368795,-0.031998924405902296,-0.11529024234479512,2.6004728132387744,1.0,유지
11740530,명일1동,2022,④ 잠재 후보,0.2093391173664071,-1.2126760157054521,4.8794622035872495,-1.0464173333632036,2242920.13,35.17768772495033,0.5224586288416075,2.6004728132387744,0.3209328258833616,1.2000442598414678,0.2538982695978242,0.3740996811152432,0.3165927586200087,3,-0.2482269503546099,-0.1551600506425554,-0.20169350049858265,-0.9456264775413725,1.0,유지
11740530,명일1동,2023,④ 잠재 후보,0.1957646000116798,-1.3574517354727282,4.265643154348027,-0.6138190492392228,2661285.67,18.652716804498958,0.5130023640661938,-0.9456264775413725,0.3398205148119321,1.1627653060962329,0.249728026204679,0.3748333105405813,0.3119275131329668,3,-0.2056737588652482,-0.17887914131737864,-0.19227645009131342,7.092198581560282,2.0,상승
11740540,명일2동,2020,⑦ 일반,0.2077811446907864,,4.930500423815145,,1141193.29,,0.580568720379147,,0.3625861079737874,1.004950980911245,0.2590091859865402,0.4215847393213032,0.3222115462992022,0,-0.41706161137440767,-0.22274881516587686,-0.31990521327014226,-17.158526884250396,0.0,하락
11740540,명일2동,2021,⑦ 일반,0.2076288114075493,-0.015233328323710493,4.3976061749686695,-0.5328942488464756,1200969.98,5.238086354328275,0.408983451536643,-17.158526884250396,0.2998745822904679,1.0860553450794512,0.2419249228299607,0.4087376452345543,0.3078345960210962,0,-0.19858156028368792,-0.1364716031954108,-0.16752658173954937,-13.475177304964541,0.0,하락
11740540,명일2동,2022,⑦ 일반,0.200692324000953,-0.6936487406596303,3.698404441490355,-0.6992017334783145,1193765.06,-0.5999250705666981,0.2742316784869976,-13.475177304964541,0.2709668257715192,1.0831472146374654,0.2327340608231421,0.4037790769699297,0.2982461346713147,0,-0.049645390070922,-0.06570087279979386,-0.05767313143535793,13.71158392434988,2.0,상승
11740540,명일2동,2023,⑦ 일반,0.1739983388567886,-2.6693985144164407,3.330371820332766,-0.36803262115758884,1347059.2,12.841231925484564,0.4113475177304964,13.71158392434988,0.2784201565584121,1.1485184538678317,0.237587683897047,0.4090926267669513,0.3057779951611295,0,-0.24349881796690306,-0.22177405801485664,-0.23263643799087985,-7.328605200945621,0.0,하락
11740550,고덕1동,2020,⑦ 일반,0.2182101352389152,,2.6301265905482234,,708086.83,,0.6113744075829384,,0.3691979356264904,1.0931154095253444,0.2243786709047457,0.4285960659589466,0.2933181316371921,0,-0.4146919431279621,-0.556872037914692,-0.48578199052132703,-26.14926108926311,0.0,하락
11740550,고덕1동,2021,⑦ 일반,0.1664498356617162,-5.1760299577199,2.6186924600357377,-0.011434130512485652,692312.2999999999,-2.2277677442468447,0.3498817966903073,-26.14926108926311,0.3217055719617097,1.191393218243191,0.1861007292624408,0.3734108905237719,0.2553808104769162,0,-0.28841607565011823,-0.2930097587756154,-0.29071291721286685,-7.801418439716307,0.0,하락
11740550,고덕1동,2022,⑦ 일반,0.2032566818821596,3.680684622044339,2.5558794974120245,-0.06281296262371328,740225.4299999999,6.920739383079,0.2718676122931442,-7.801418439716307,0.3697028127622773,1.0636837771725125,0.1948233950697968,0.3742209670799445,0.2605344310376345,0,-0.035460992907801414,-0.21499557437845226,-0.12522828364312683,22.22222222222222,2.0,상승
11740550,고덕1동,2023,⑦ 일반,0.1952160288562621,-0.8040653025897487,2.357415662210307,-0.1984638352017174,767010.26,3.618469308734773,0.4940898345153664,22.22222222222222,0.3920561034201528,1.1366378581949927,0.1791569305401003,0.4330487544453075,0.2570143956595084,0,-0.19148936170212766,-0.4372177966006745,-0.31435357915140105,0.23640661938533758,1.0,유지
11740560,고덕2동,2020,④ 잠재 후보,0.2226192867695039,,2.364138984187734,,679077.25,,0.2819905213270142,,0.2901977313195383,1.0213608049068277,0.2461830327906299,0.3599244931181268,0.3017958391010621,3,-0.06872037914691945,-0.2511848341232228,-0.1599526066350711,14.354139356660284,2.0,상승
11740560,고덕2동,2021,④ 잠재 후보,0.2376042868493484,1.498500007984449,2.7402545559729505,0.3761155717852165,794659.02,17.02041557127705,0.425531914893617,14.354139356660284,0.3128924428106925,1.1164868939964745,0.2462776915315718,0.3758394860389901,0.3083921558024458,3,-0.037825059101654845,-0.3544418675002521,-0.19613346330095346,-10.401891252955082,0.0,하락
11740560,고덕2동,2022,④ 잠재 후보,0.2303495677219552,-0.72547191273932,2.6943679705670243,-0.04588658540592627,795939.91,0.16118737317045717,0.3215130023640662,-10.401891252955082,0.3267255451638945,1.0759041550678277,0.2505915749329901,0.3610404658061253,0.3093949916964645,3,0.08037825059101655,-0.2480532867242558,-0.08383751806661963,4.0189125295508275,1.0,유지
11740560,고덕2동,2023,④ 잠재 후보,0.2227329273180077,-0.7616640403947494,2.4603668275284427,-0.23400114303858155,800270.91,0.5441365542280696,0.3617021276595745,4.0189125295508275,0.3280820818773592,1.1103657750533056,0.2435598980677568,0.355832420467993,0.3019010916958889,3,0.09929078014184395,-0.29772108500554606,-0.09921515243185106,5.673758865248218,2.0,상승
11740570,암사1동,2020,⑤ 성숙·정체,0.2395715581972001,,4.89376722336732,,1066109.76,,0.7061611374407583,,0.353623774426745,1.0758298875548271,0.2755573574837969,0.4349044613991583,0.3422580092933148,2,-0.3909952606635071,-0.35308056872037913,-0.37203791469194314,-1.1125676447850452,1.0,유지
11740570,암사1동,2021,⑤ 성숙·정체,0.2278903339525665,-1.1681224244633608,4.701162096251277,-0.1926051271160425,1169712.06,9.717789282784551,0.6950354609929078,-1.1125676447850452,0.3611094819344464,1.1150639291385658,0.2730114218866216,0.4225518572908884,0.3405687423502491,2,-0.3617021276595745,-0.3703909112298746,-0.36604651944472455,-3.309692671394804,1.0,유지
11740570,암사1동,2022,⑤ 성숙·정체,0.216474256406955,-1.1416077545611496,4.387250772532478,-0.3139113237187994,1214382.6,3.8189347214219627,0.6619385342789598,-3.309692671394804,0.3708820932561281,1.1419394661400732,0.2749171426536335,0.4148295127836732,0.3417169893331264,2,-0.342789598108747,-0.35862099873393605,-0.3507052984213415,3.546099290780147,1.0,유지
11740570,암사1동,2023,⑤ 성숙·정체,0.2126263288742601,-0.3847927532694889,3.8624294958287906,-0.5248212767036873,1312874.45,8.110446411205153,0.6973995271867612,3.546099290780147,0.3871108339548703,1.1056481661596431,0.2783772487459239,0.4250853438371509,0.3451220003342971,2,-0.30023640661938533,-0.415409005859747,-0.35782270623956614,4.018912529550822,1.0,유지
11740580,암사2동,2020,⑤ 성숙·정체,0.3049475842070958,,4.166146999359483,,909155.39,,0.7606635071090048,,0.4458484178398159,1.061652452943288,0.2447533247374762,0.4367848003728406,0.3133954770724075,2,-0.11374407582938395,-0.5213270142180095,-0.31753554502369674,-6.3263979922243525,0.0,하락
11740580,암사2동,2021,⑤ 성숙·정체,0.2813771859711956,-2.357039823590018,4.022105921407191,-0.14404107795229137,847159.4400000001,-6.819070830125085,0.6973995271867612,-6.3263979922243525,0.4174710965512953,1.1542670543719225,0.2275917500735066,0.4061172530450279,0.2956272350664379,2,-0.0685579196217494,-0.47228104377443897,-0.27041948169809416,4.018912529550822,1.0,유지
11740580,암사2동,2022,⑤ 성숙·정체,0.2717564424709944,-0.9620743500201201,3.8412347652711607,-0.18087115613603055,1023283.72,20.789980219071857,0.7375886524822695,4.018912529550822,0.4309518265488888,1.1820151965930104,0.2418264069477994,0.4266034278663683,0.3148880214923773,2,-0.11111111111111105,-0.5029914960841652,-0.3070513035976381,-3.782505910165479,1.0,유지
11740580,암사2동,2023,⑤ 성숙·정체,0.2607943067967778,-1.096213567421661,3.550086494467087,-0.2911482708040736,1119227.66,9.376083888054044,0.6997635933806147,-3.782505910165479,0.4380485623965893,1.117235864986551,0.2427204371663296,0.4210005708100832,0.3135840069762023,2,-0.044917257683215195,-0.4675361052289559,-0.2562266814560855,7.328605200945626,2.0,상승
11740590,암사3동,2020,⑦ 일반,0.2572000794478597,,2.6398679566978474,,510977.83,,0.504739336492891,,0.3214014940033677,1.0703807456382055,0.2441492221298493,0.3943427868763212,0.3051288002558882,0,-0.08767772511848348,-0.4478672985781991,-0.2677725118483413,-31.797810717847025,0.0,하락
11740590,암사3동,2021,⑦ 일반,0.2287366198499971,-2.8463459597862615,2.7437949950252496,0.10392703832740224,579144.58,13.340451580844515,0.1867612293144208,-31.797810717847025,0.2987651640759965,1.0691769113624516,0.2183540091129214,0.3314015861446711,0.2717741615826484,0,0.15839243498817968,-0.11330151367461037,0.02254546065678465,10.638297872340418,2.0,상승
11740590,암사3동,2022,⑦ 일반,0.2033491063757952,-2.53875134742019,2.382548602383461,-0.3612463926417888,664292.01,14.702275207341152,0.293144208037825,10.638297872340418,0.2724201807348299,1.2768884258726885,0.2210519079045059,0.3152198325973842,0.2774118073373,0,-0.05437352245862881,-0.2457508431089151,-0.15006218278377195,-11.347517730496449,0.0,하락
11740590,암사3동,2023,⑦ 일반,0.1964209410264327,-0.6928165349362497,1.8796161496272505,-0.5029324527562102,691497.57,4.095421831131163,0.1796690307328605,-11.347517730496449,0.2622789014293473,1.1582332009283367,0.2131406002958572,0.3342831007301135,0.2714363580917775,0,0.13238770685579196,-0.16308135300774204,-0.015346823075975041,9.692671394799056,2.0,상승
11740600,천호1동,2020,⑦ 일반,0.2752996217812707,,5.130968804085282,,1211893.94,,0.6777251184834123,,0.2954942252119877,1.2378463590029922,0.222689011649366,0.4451816845816854,0.303091828947083,0,-0.17298578199052128,-0.3080568720379147,-0.240521327014218,-10.798516576473617,0.0,하락
11740600,천호1동,2021,⑦ 일반,0.2239226980690596,-5.137692371221111,5.13892764393472,0.00795883984943746,1206222.86,-0.46795184073614715,0.5697399527186762,-10.798516576473617,0.3426015453160391,1.1851261537724127,0.2232027754422854,0.4086717819244077,0.2954552996102171,0,-0.2529550827423168,-0.19059303328739657,-0.2217740580148567,-4.255319148936176,1.0,유지
11740600,천호1동,2022,⑦ 일반,0.2081558772171345,-1.57668208519251,5.243008301588915,0.10408065765419572,1327225.44,10.03152767308686,0.5271867612293144,-4.255319148936176,0.3686353614419266,1.092865864033269,0.2299459325400922,0.430406872033109,0.3004177779053771,0,-0.2624113475177305,-0.1172341545942433,-0.1898227510559869,6.619385342789597,2.0,상승
11740600,천호1동,2023,⑦ 일반,0.2011610162133395,-0.6994861003794983,4.969832133039292,-0.27317616854962345,1442743.7,8.703740639570622,0.5933806146572104,6.619385342789597,0.3581331333864335,1.133286744224982,0.2337316658873286,0.4419842275563381,0.3058572571516432,0,-0.2647754137115839,-0.1763190032828028,-0.22054720849719336,-11.820330969267134,0.0,하락
11740610,천호2동,2020,⑦ 일반,0.3160167784930234,,8.272950893009815,,2826695.13,,0.6350710900473934,,0.4276212234301072,1.0766624761499486,0.2601486062661819,0.348612440809932,0.3149712552147377,0,0.0545023696682464,0.0,0.0272511848341232,-6.7695203522570635,0.0,하락
11740610,천호2동,2021,⑦ 일반,0.2731241712578932,-4.2892607235130225,8.851702133070049,0.5787512400602335,2713019.67,-4.0214970052323995,0.5673758865248227,-6.7695203522570635,0.4210571048863493,1.1012527586401606,0.2558531131599013,0.3367123114060219,0.30956073924946,0,0.026004728132387633,0.10797956371214412,0.06699214592226588,-28.605200945626486,0.0,하락
11740610,천호2동,2022,⑦ 일반,0.2455837391168844,-2.754043214100879,7.035308629911893,-1.8163935031581557,2838702.33,4.6325745953769815,0.2813238770685579,-28.605200945626486,0.3827004645297732,1.1366997523490714,0.2165420388241454,0.2930590930840611,0.2669680750708564,0,0.2056737588652482,0.28976617032480695,0.24771996459502757,35.93380614657211,2.0,상승
11740610,천호2동,2023,⑦ 일반,0.2359090686107945,-0.9674670506089889,5.859470425972438,-1.1758382039394553,3079980.73,8.49960199948121,0.640661938534279,35.93380614657211,0.421638575771827,1.3366181492279494,0.2296370384636292,0.3113899190239987,0.2856643584526837,0,-0.1063829787234043,-0.140661938534279,-0.12352245862884165,-11.583924349881801,0.0,하락
11740620,천호3동,2020,⑤ 성숙·정체,0.4259554979648512,,19.45285613983732,,1958955.73,,0.8886255924170616,,0.5462877076761107,1.0900265061536232,0.2755640884385962,0.4202196547945169,0.3416034950495335,2,0.004739336492890933,0.033175355450236976,0.018957345971563955,-20.304639619956756,0.0,하락
11740620,천호3동,2021,⑤ 성숙·정체,0.3660584866789466,-5.989701128590463,17.029850023646986,-2.423006116190333,1611875.44,-17.71761784529965,0.6855791962174941,-20.304639619956756,0.4408884906452019,1.048711110772243,0.2507189867742375,0.4118375823640509,0.318241669095515,2,0.17021276595744683,0.21015540093890406,0.19018408344817544,16.07565011820331,2.0,상승
11740620,천호3동,2022,⑤ 성숙·정체,0.3921878275008928,2.6129340821946236,15.777072371871473,-1.2527776517755136,2127219.69,31.971716747542224,0.8463356973995272,16.07565011820331,0.5065132206432003,1.1249061919170926,0.2795810334126266,0.4366125372566038,0.3498797061039943,2,0.0614657210401891,0.030441553785306885,0.045953637412747994,0.0,1.0,유지
11740620,천호3동,2023,⑤ 성숙·정체,0.3680621247349147,-2.412570276597814,13.683671500108762,-2.093400871762711,2153434.99,1.2323738880021473,0.8463356973995272,0.0,0.5010156577014389,1.1660639548313383,0.2735806851988707,0.4223771940797505,0.341572706860983,2,0.04018912529550822,0.009114539567297464,0.024651832431402843,-1.4184397163120588,1.0,유지
11740640,성내1동,2020,② 라이징스타,0.2569231251036813,,5.394287295323984,,1165237.9,,0.5213270142180095,,0.3017487499962973,1.098985667159642,0.2767831980990995,0.357052345585368,0.3336720440909525,5,-0.10663507109004744,-0.1208530805687204,-0.11374407582938392,9.09661299900283,2.0,상승
11740640,성내1동,2021,② 라이징스타,0.2441292331866255,-1.2793891917055822,5.97641163912514,0.5821243438011559,1302283.79,11.76119400167126,0.6122931442080378,9.09661299900283,0.4187038863838876,1.0654211487783567,0.2924533953191983,0.3327065388487316,0.343726496791758,5,-0.1867612293144208,-0.14309883141182927,-0.16493003036312504,5.910165484633567,2.0,상승
11740640,성내1동,2022,② 라이징스타,0.2343511786762749,-0.9778054510350603,5.588620342030691,-0.3877912970944495,1499209.91,15.12159803509494,0.6713947990543735,5.910165484633567,0.4937589120561307,1.0552205241660708,0.2897599685791495,0.335877653492921,0.3418783822031526,5,-0.24586288416075647,-0.23300617346195646,-0.23943452881135646,15.36643026004728,2.0,상승
11740640,성내1동,2023,② 라이징스타,0.2083538610314086,-2.599731764486629,5.041028839155934,-0.5475915028747567,1560286.65,4.073928513452785,0.8250591016548463,15.36643026004728,0.4368808619512615,1.393306316139065,0.2695808725637355,0.3350542913351327,0.3295779658572642,5,-0.4491725768321513,-0.4032581537875477,-0.4262153653098495,-3.0732860520094496,1.0,유지
11740650,성내2동,2020,④ 잠재 후보,0.3755595033503513,,13.93176075738366,,1793902.97,,0.447867298578199,,0.4306210995296405,0.795744856653363,0.2584159602924612,0.4195844430729946,0.3160205881687676,3,0.3838862559241706,0.3909952606635071,0.38744075829383884,-2.706351607228891,1.0,유지
11740650,성내2동,2021,④ 잠재 후보,0.3122265173805157,-6.3332985969835605,12.957092938607188,-0.9746678187764726,1844588.22,2.8254175865487285,0.4208037825059101,-2.706351607228891,0.3828635086081801,1.0621351557388377,0.2150893894773284,0.3821194547460401,0.2837379018289481,3,0.3238770685579196,0.38962275777845007,0.35674991316818483,23.64066193853428,2.0,상승
11740650,성내2동,2022,④ 잠재 후보,0.3288630086125451,1.6636491232029371,12.152400188574063,-0.8046927500331247,1949281.84,5.675717694868521,0.6572104018912529,23.64066193853428,0.4439466759530852,1.1126930746992885,0.2401822125879424,0.4051554922865685,0.3070636373133417,3,0.1371158392434989,0.12478011943576128,0.1309479793396301,16.312056737588655,2.0,상승
11740650,성내2동,2023,④ 잠재 후보,0.3148989368918383,-1.3964071720706794,11.242529735698687,-0.909870452875376,2073321.89,6.363371753363278,0.8203309692671394,16.312056737588655,0.4552145583771052,1.30188558972304,0.240418720741102,0.4003008042076562,0.3145402493205458,3,-0.02127659574468077,-0.04071011618657072,-0.030993355965625746,-23.167848699763592,0.0,하락
11740660,성내3동,2020,③ 급성장 신흥,0.2321142385413594,,7.532896558827194,,2456834.48,,0.3672985781990521,,0.3059717423531694,1.0432088349039448,0.2380420619422794,0.3839158478222219,0.2990048254813722,4,-0.09478672985781994,0.22748815165876773,0.0663507109004739,22.84461026520117,2.0,상승
11740660,성내3동,2021,③ 급성장 신흥,0.210092956266175,-2.2021282275184406,7.229817982882785,-0.3030785759444097,2425967.9899999998,-1.256352035567343,0.5957446808510638,22.84461026520117,0.3388516546500449,1.1843788193874656,0.2452714467143644,0.3945382830537027,0.3129636237190707,4,-0.37115839243498816,-0.01991529696480787,-0.19553684469989802,-4.964539007092195,1.0,유지
11740660,성내3동,2022,③ 급성장 신흥,0.2018115674466137,-0.8281388819561308,7.036768572358228,-0.19304941052455682,3152342.41,29.941632494499657,0.5460992907801419,-4.964539007092195,0.3566525198242709,1.1588743865802922,0.2470183145621522,0.3876822963829763,0.313077648131859,4,-0.3120567375886525,0.02736042485966861,-0.14234815636449194,10.874704491725762,2.0,상승
11740660,성내3동,2023,③ 급성장 신흥,0.204391194547025,0.2579627100411319,6.81558905402526,-0.2211795183329679,3631426.25,15.197709439184926,0.6548463356973995,10.874704491725762,0.3815128718374178,1.2146367434009355,0.2508326769958122,0.3915753953141283,0.3177632889209451,4,-0.309692671394799,-0.0742776153182525,-0.19198514335652575,-2.8368794326241065,1.0,유지
11740685,길동,2020,④ 잠재 후보,0.2717949232160326,,8.292837995740273,,2974476.17,,0.4502369668246445,,0.3891919195927274,0.9937902758010888,0.2314576700326958,0.3755445098935943,0.2901661359057146,3,0.04028436018957349,0.18957345971563977,0.11492890995260663,6.04013310476959,2.0,상승
11740685,길동,2021,④ 잠재 후보,0.2616577894521716,-1.0137133763860995,7.85646855735689,-0.43636943838338293,3470118.26,16.66317232590233,0.5106382978723404,6.04013310476959,0.3806143387035621,1.1023790387192818,0.2367851259353049,0.3703970889918163,0.2979842365089816,3,0.01654846335697402,0.10547544620348903,0.061011954780231525,0.23640661938534313,1.0,유지
11740685,길동,2022,④ 잠재 후보,0.2527301565507979,-0.8927632901373717,7.370065581827304,-0.486402975529586,5021267.53,44.700184655954644,0.5130023640661938,0.23640661938534313,0.4095203200280719,1.100149819404104,0.2467917281995495,0.3612719415229627,0.307040130299854,3,0.01891252955082745,0.07467536105228956,0.046793945301558504,-4.018912529550822,1.0,유지
11740685,길동,2023,④ 잠재 후보,0.2351207322075446,-1.76094243432533,6.712452473229748,-0.6576131085975563,5656546.27,12.651760460968697,0.4728132387706856,-4.018912529550822,0.4218937396915227,1.0579063647482532,0.2440602729330769,0.3515290577312148,0.3002686089312733,3,0.05200945626477538,0.09353747212978836,0.07277346419728187,5.910165484633567,2.0,상승
11740700,둔촌2동,2020,⑦ 일반,0.2355000838306642,,4.091409152744293,,1607064.89,,0.8222748815165877,,0.4895508556148618,1.2103280082913412,0.2362318646567901,0.3760726915664931,0.2993603311006177,0,-0.5379146919431279,-0.5947867298578199,-0.566350710900474,-18.634107537001555,0.0,하락
11740700,둔촌2동,2021,⑦ 일반,0.2137391844169934,-2.176089941367079,4.335562137509381,0.24415298476508784,1484159.0999999999,-7.647842396706217,0.6359338061465721,-18.634107537001555,0.4861577374518293,1.1125136222765322,0.2315953080353411,0.3284323913717644,0.2849834249968196,0,-0.3971631205673759,-0.3657916260517854,-0.38147737330958065,-1.1820330969267157,1.0,유지
11740700,둔촌2동,2022,⑦ 일반,0.2245363413421001,1.0797156925106688,3.6904136782608323,-0.6451484592485488,1828937.78,23.23057413453855,0.624113475177305,-1.1820330969267157,0.5139028980926263,1.10219683534052,0.2283239236434983,0.3362527671407748,0.2821303725043136,0,-0.2529550827423168,-0.4179523377365467,-0.33545371023943177,12.765957446808507,2.0,상승
11740700,둔촌2동,2023,⑦ 일반,0.1919362227147191,-3.260011862738099,3.378771042572256,-0.3116426356885764,1974918.37,7.981714391618078,0.75177304964539,12.765957446808507,0.5461748479763261,1.162893759742471,0.2356377155135608,0.3370331078940806,0.291459189682168,0,-0.47281323877068554,-0.5479815804510773,-0.5103974096108814,-5.6737588652482245,0.0,하락
