행정동_코드,행정동,연도,상권티어,FB카페_비중,FB식사_비중,주류유흥_비중,라이프스타일_비중,기타업종_비중,월요일_비중,화요일_비중,수요일_비중,목요일_비중,금요일_비중,토요일_비중,일요일_비중,주말_비중,시간대_00~06_비중,시간대_06~11_비중,시간대_11~14_비중,시간대_14~17_비중,시간대_17~21_비중,시간대_21~24_비중,야간_비중,여성_비중,연령대20_비중,연령대30_비중,연령대40_비중,2030소비_비중,금요효과,총_매출금액,FB카페_비중_변화,FB식사_비중_변화,주류유흥_비중_변화,라이프스타일_비중_변화,주말_비중_변화,야간_비중_변화,금요일_비중_변화,여성_비중_변화,연령대20_비중_변화,연령대30_비중_변화,2030소비_비중_변화,금요효과_변화,20대_이동비율,30대_이동비율,2030_이동비율,HE_비율,WE_비율,EE_비율,트렌드_유동인구,20대_이동비율_변화,30대_이동비율_변화,2030_이동비율_변화,HE_비율_변화,WE_비율_변화,EE_비율_변화,분위변화_next,타겟,타겟_레이블
11110515,청운효자동,2024,② 라이징스타,0.23008447893536207,0.2728993101763093,0.01129857454845571,0.07832886783497778,0.40738876850489514,0.152854877658148,0.1423118540449092,0.12819642871590325,0.14750416400205865,0.17183730246427853,0.156304093427633,0.10099127968706936,0.25729537311470235,0.005905974345941953,0.09900222401727318,0.3176908596758411,0.25764190057100206,0.25802057921097843,0.0617384621789633,0.3197590413899417,0.5915144825404199,0.19275949615910132,0.17407070971830227,0.15689426515179944,0.3668302058774036,1.1649657731823777,105784347917,0.023371691497775654,0.0014681772636360169,-0.0031593850966315073,0.004819797470456702,0.004165429631354245,0.005733645870932169,0.0030125506929577772,0.00657942949169299,-0.0018224521405483252,5.43281884729796e-05,-0.0017681239520753178,-0.10580304010556407,11.470584011548718,13.48640392929925,24.956987940847966,39.71861085494637,4.60339386120732,55.677995283846315,2530511.26,-0.32761942642395603,1.3404558709918035,1.0128364445678457,0.6600145043000154,0.22883142529187328,-0.8888459295918878,,,
11110530,사직동,2024,⑤ 성숙·정체,0.126789765266197,0.5383548966824832,0.062178605057946444,0.055732327253177436,0.21694440574019594,0.14980965191088605,0.1649382062366444,0.16142855073784843,0.16276008546148982,0.16832799347968389,0.1163368746186563,0.07639863755479111,0.19273551217344742,0.017179369443100802,0.07664383518563601,0.33916670665641635,0.16470296454479053,0.2967633742353408,0.10554374993471552,0.4023071241700563,0.387350142140558,0.1155996586755246,0.20177475233827585,0.17198849509044592,0.3173744110138005,1.0342092964771237,414597056463,-0.006589473031352655,-0.004693305291681549,0.00024110019592924609,0.0014162939962051799,-0.006557521319512177,-0.014759338338478312,-0.005032914964949425,0.009891117631225022,-0.008529858790821243,0.000837527903188473,-0.00769233088763277,-0.019119689660491046,10.635343514546157,13.281905931373103,23.91724944591926,45.66674049977665,7.170277175921587,47.16298232430176,5414914.8,-1.6106167165005711,-0.206284420172393,-1.8169011366729642,2.24310756157076,-0.28090929809493037,-1.962198263475834,,,
11110540,삼청동,2024,⑤ 성숙·정체,0.3101552544141051,0.3489720811160347,0.026495346349110032,0.22125816898242986,0.0931191491383203,0.10752454487402896,0.10192197389102096,0.1333648986280035,0.12546557368528433,0.1485519941951405,0.21119603871804668,0.17197497600847506,0.38317101472652176,0.0011005531258072574,0.04724971567221688,0.35419085864361277,0.3002974801106028,0.2819232383809868,0.01523815406677348,0.2971613924477603,0.5197926995627431,0.16225766739361341,0.26337341225489513,0.1956796741925639,0.42563107964850855,1.1840060172025015,156408943797,0.07146517903622882,-0.008475452258333682,0.003886264966150809,-0.07496933261719982,-0.02800543037952169,-0.014274963289528542,0.01155942855765571,0.008907113737765981,-0.029123460410012708,0.010114321598243048,-0.019009138811769632,0.026277724737161723,11.960293138479045,14.274096566160042,26.234389704639085,33.92990425940385,4.3250805139054,61.74501522669075,1428163.24,-2.2611843774732403,-0.2150596510612406,-2.476244028534481,1.3953546493242186,0.18788850533187684,-1.5832431546561025,,,
11110550,부암동,2024,⑤ 성숙·정체,0.1388077510075945,0.2630981811121084,0.0055262012086814295,0.178948610865443,0.4136192558061727,0.1415462581770453,0.1345053685322195,0.14788756192155025,0.1518074641171523,0.1705850129613872,0.16248475265460371,0.09118358163604173,0.25366833429064545,0.010758481967702167,0.08502309540881253,0.29066825334146773,0.3119729191831727,0.25636594934005336,0.04521130075879148,0.30157725009884484,0.4462440496502445,0.08716348480778632,0.13049897211120967,0.22831195788415823,0.217662456918996,1.1236931856640724,30497122641,-0.020862848266220785,-0.025821585530204638,-0.0032074766233010713,0.01831254943798452,-0.012603985426856146,-0.018216980950801986,0.002416299124677279,0.021176621440625543,-0.025271918622989095,-0.004029467535058312,-0.029301386158047393,-0.06395467653941145,4.204049059165325,8.078019109633594,12.282068168798919,49.660734310593476,6.815954636586159,43.52331105282036,986754.66,-0.7056597797432431,-0.23339968311076653,-0.9390594628540097,0.319381157395064,0.11010090977443276,-0.4294820671694879,,,
11110560,평창동,2024,⑤ 성숙·정체,0.07399842815509386,0.4100165805355276,0.03881496217775381,0.05493058377453478,0.42223944535708996,0.1395538979009801,0.11136153282913587,0.1482014524585576,0.1448007568501176,0.1516852004406012,0.1629558513697518,0.14144130815085584,0.30439715952060764,0.017631703475954063,0.10046239690431498,0.267980428890877,0.22628067000760466,0.3204975982378001,0.06714720248344921,0.3876448007212493,0.4111865740188424,0.03678385047064788,0.0947810663384165,0.20001190569840704,0.13156491680906438,1.0475442514268738,34184622026,0.0034695632123737524,-0.014346139650327716,-0.011620650886318626,-0.003673736888256632,-0.00450537330339168,-0.013329202587014977,-0.0035952385839966294,0.018558316971552025,-0.007430092444659524,-0.016564873983242592,-0.023994966427902137,-0.06237839343608709,1.9009198083493513,4.597853639764964,6.498773448114315,54.215685378864755,7.3082283329062285,38.476086288229006,1245679.06,-0.6374007270738822,-0.5357571055247892,-1.1731578325986716,1.1610327131397682,-0.09007805998691865,-1.0709546531528602,,,
11110570,무악동,2024,⑦ 일반,0.062439271390761227,0.09547011404968701,0.007869085015329994,0.12117414583844259,0.7130473837057791,0.17770713816917466,0.17754618565861188,0.14885005452581035,0.1626113283023418,0.18826061046112247,0.08829458472889799,0.056730098154040835,0.14502468288293882,0.01810624250442606,0.22056735319241597,0.27962600693640716,0.26111964926731474,0.17039031796216025,0.050190430137275824,0.22058074809943606,0.46454290268570597,0.0518555152532042,0.10439209092844305,0.16356304775039487,0.15624760618164726,1.15773367345657,31864050968,-0.008894210228653797,0.0037293422188618836,-7.576918629806362e-05,0.009942160491440324,-0.005615162624292291,-0.02303205470466335,0.010397928555347685,-0.012703531946566038,-0.004524484836339562,-0.002213379318072861,-0.00673786415441241,0.08653864645916864,2.261403930998473,5.371591608381424,7.6329955393798965,54.31821146848384,5.312035507848113,40.36975302366805,615201.46,-0.49074415421156514,-0.05264813567000193,-0.5433922898815684,0.6484626480754372,-0.2410115793290979,-0.4074510687463331,,,
11110580,교남동,2024,⑦ 일반,0.03130898912998161,0.30566545573589116,0.0,0.08714622065410808,0.5758793344800192,0.17584781436456176,0.17977070312519536,0.1722032474696429,0.1781677691007437,0.17238579889187844,0.0824355500126894,0.03918911703528844,0.12162466704797784,0.008248457031100663,0.19130939171975023,0.3264894712236189,0.230054869870075,0.20368569657256397,0.04021211358289128,0.24389781015545525,0.40967267863482953,0.05034739564334746,0.1405356778449805,0.20095817834655358,0.19088307348832795,0.9675476084252036,38388158877,-0.0011475435037086312,-0.004771928160280436,0.0,-0.006511331571827206,0.000668363181294887,0.0031144163518285473,-0.003101302436649328,0.004587561993701472,-0.0034803243890145635,0.0019260289590189716,-0.0015542954299956058,-0.009164799162797999,2.7848673258015193,7.247632671584456,10.032499997385976,48.57721750037344,7.205989420710296,44.21679307891626,822486.22,-0.6513037931338483,-0.7294571693086462,-1.3807609624424941,-1.0073000724404864,0.027453138211464,0.9798469342290304,,,
11110600,가회동,2024,⑤ 성숙·정체,0.19743967356342298,0.6098814876257891,0.07346186556092432,0.04453139271037467,0.07468558053948887,0.11269599193586946,0.13946272121019332,0.14416538662801634,0.14910058997549042,0.1640539986095233,0.17592382139610963,0.11459749024479755,0.29052131164090716,0.004531183320916163,0.04963010404490268,0.33003767415211244,0.22888301423736046,0.3112092397133848,0.07570878453132342,0.3869180242447083,0.4819633305036867,0.1986662264321041,0.22397957327068366,0.15506389540663368,0.42264579970278776,1.1002907408782954,109138827537,0.021036633469975863,0.05711989001000206,-0.04398437447300389,-0.0033132263393520836,-0.015703181864938465,0.006363824523920869,0.007357407520177689,-0.013599531974399004,-0.013150466183989712,0.0020981036640674577,-0.011052362519922254,0.027304503657836987,17.661870353742504,14.90282848611579,32.564698839858295,38.05082458447479,5.1481493145371005,56.8010261009881,1493053.82,-1.7064533415250835,0.490491367291332,-1.2159619742337497,0.8429483798772281,0.07177592708672709,-0.9147243069639686,,,
11110615,종로1·2·3·4가동,2024,⑦ 일반,0.04659779118758821,0.2583645189009566,0.06006843269058404,0.03168472165613844,0.6032845355647327,0.16664069513748545,0.1623093283015503,0.15150413345639124,0.16018310321292634,0.174282489435032,0.11882758617782484,0.06625266427878986,0.1850802504566147,0.02160487953201312,0.09777953922689073,0.28675869536423665,0.275124123414317,0.24501816565173185,0.07371459681081062,0.31873276246254245,0.3517832856996442,0.09231802776622233,0.2119201386190438,0.17508000872191257,0.30423816638526613,1.088020433736783,2300110141756,-0.0008176326658150407,0.0025952155319362014,0.003636847859313626,0.002325354261918773,-0.001418731893458508,-0.0023570388773401785,-0.004532132266624966,0.00428806953178279,-0.0024172713119398476,0.004410489444479526,0.0019932181325396647,-0.035018209663346456,15.242748366121534,14.578351575369961,29.821099941491497,44.37127561672344,8.856789621899123,46.77193476137744,15756444.26,-1.09628091074452,0.37773498288045104,-0.7185459278640671,0.4626662034792375,0.0024957140775700992,-0.4651619175568129,,,
11110630,종로5·6가동,2024,⑦ 일반,0.02667855665580707,0.2256748652682368,0.0260166010006022,0.12683756922978384,0.5947924078455701,0.15001184808554688,0.15921845398243015,0.15104827707613305,0.1489362615301289,0.16779883228456943,0.15169899327668493,0.07128733376450665,0.22298632704119156,0.009743479066224896,0.10935630709301548,0.3162666345388814,0.3023013634869716,0.21978624911268918,0.04254596670221747,0.2623322158149066,0.3793869517366371,0.07176512707630289,0.14139150554090546,0.1433066801437347,0.21315663261720835,1.1266486116990706,428499526773,0.0024240293106154234,-0.018615017095753722,0.008572155366004058,-0.012132038913938048,-0.0090569190445913,-0.014999018380450646,8.021396377866363e-05,-0.00878626443391195,-0.006465304328576241,0.0016905962507859085,-0.004774708077790346,-0.008869863449390891,8.02050115311326,8.186756828373271,16.20725798148653,49.66066495646019,8.837372676099658,41.50196236744015,2823031.45,-0.7739984158390776,-0.5614829038675389,-1.3354813197066164,1.7473017815031184,-0.28977055886611325,-1.4575312226370158,,,
11110640,이화동,2024,① 레전드,0.16921140377900598,0.3659894862060558,0.06618011991381677,0.1510725211145949,0.24754646898652652,0.12935488677257284,0.1488299305072062,0.152546866338576,0.15125847377765136,0.15984670764519734,0.14948684273765026,0.108676292221146,0.2581631349587963,0.020632330989220776,0.10864104280359786,0.26414013977375933,0.1825620367919253,0.2986759888090039,0.12534846083249282,0.42402444964149677,0.4832339591713909,0.17777761069986178,0.21926753629022058,0.18696384105356892,0.39704514699008236,1.0567785305051445,146727417352,0.0025496944839571434,-0.0010001404434911154,-0.007955237353664851,-0.006609098448315476,-0.005834430539475688,-0.0038396580677987346,0.0019092657886418951,-0.0015549781170914878,-0.025655489985500962,-0.0031666891767010152,-0.028822179162201977,0.016521323346669226,18.013278855731,13.524890257111563,31.53816911284256,45.39327817717497,7.64744031096823,46.9592815118568,4804614.29,-0.6906573821588609,0.39959838009556137,-0.2910590020632995,0.004918068613115167,0.3083957430298909,-0.3133138116430061,,,
11110650,혜화동,2024,① 레전드,0.09603810936114222,0.4908310918421863,0.07520093576068035,0.07678159669092557,0.26114826634506555,0.12885903373092839,0.13392599621271278,0.14099298565899304,0.14098031654327198,0.15599784454363474,0.17153513729184194,0.1277086860186171,0.29924382331045907,0.04617233008911541,0.049619505141765836,0.21978392796735255,0.17954183343265004,0.36058530998278343,0.14429709338633273,0.5048824033691162,0.5114089022213583,0.2863421919088542,0.19568330246263177,0.14773372780790978,0.48202549437148595,1.1065221611681753,222384502757,-7.135870782230824e-05,0.010994520629009519,-0.002047416260303761,-0.005136973693790667,-0.003396212244157426,-0.010258088671231347,0.00048747760673253926,-0.0005809414529057699,-0.01203945179112248,0.006811237039404949,-0.00522821475171753,-0.00849000689979773,23.654482253719014,12.980911572149989,36.635393825869,44.12786594967314,7.32835205818639,48.54378199214048,3328063.5,-2.177961526242626,0.5223405914816492,-1.6556209347609752,-0.2907311517695419,0.03052054346438382,0.2602106083051652,,,
11110670,창신1동,2024,⑦ 일반,0.008895555888413684,0.11184294452638156,0.021131155928586727,0.07076223072703273,0.7873681129295853,0.1629465253045424,0.15021242056150932,0.1562219035651679,0.12800658693691633,0.15684929468569017,0.15174758980875938,0.09401567913741449,0.24576326894617387,0.013768731970361218,0.16199686562876398,0.3010759925741738,0.32595430557020055,0.16500280076549395,0.0322013034910065,0.19720410425650045,0.3743863177167622,0.05783627769995122,0.13909149203113033,0.1630428325478911,0.19692776973108156,1.2253220591139422,288624687339,0.002449981474050295,0.0109267349883745,0.009024274371595096,-0.0026370296385361813,0.00654928916306774,0.0177157910543517,-0.009338505093951899,0.007066848157673278,0.01022123063809327,0.01051298446807103,0.020734215106164328,0.159165830649439,14.991402599016212,10.895932117809522,25.887334716825734,45.81444277308304,8.649476701888437,45.53608052502854,1777891.95,-0.4502395359136937,0.2320949338925864,-0.21814460202110553,-0.3514892568139558,0.08440611925527897,0.26708313755869995,,,
11110680,창신2동,2024,⑤ 성숙·정체,0.010589600634085245,0.4127814138914818,0.04190208599131105,0.015020582813568752,0.5197063166695531,0.12512173436484417,0.14118944309345996,0.1342553861525945,0.14947624118336672,0.16253170664737007,0.17762873908205004,0.10979674947631453,0.2874254885583646,0.03679344602422092,0.10418742379653116,0.1916711515157122,0.20134491138077862,0.34247034549276606,0.12353272178999104,0.4660030672827571,0.418336966718646,0.07698378364847311,0.1319006129711305,0.17339012828800693,0.20888439661960362,1.087341408645591,52130840442,-0.0008901988750312333,0.01104347204434919,-0.007135777293745003,-0.005149181297859715,-0.0038475120797349938,0.008139429914264362,-0.008295044979637206,-0.024131738858075735,-0.004296858487655528,-0.006492873171103225,-0.010789731658758739,-0.12345528860809907,14.057541294863421,10.06256930449962,24.12011059936304,39.652890421051936,6.701458593161219,53.64565098578685,284884.1,-0.8951761338541004,0.40994931969846604,-0.4852268141556344,-0.572675495444237,0.1729155999751768,0.3997598954690673,,,
11110690,창신3동,2024,① 레전드,0.07957395614661295,0.31204546189669896,0.0,0.3433182663877449,0.2650623155689433,0.14396623173210632,0.10546692124298875,0.16439530727292098,0.15587718988707905,0.1496583021946049,0.15692938109344023,0.12370666657685975,0.2806360476703,0.020962695674819374,0.07269263617717289,0.20438312162639505,0.2447434442572968,0.3459541885372241,0.1112639137270918,0.45721810226431586,0.37428222315944754,0.09341083111622134,0.16114085390515026,0.1938841412028361,0.2545516850213716,0.9601039273483232,1988562523,0.015729872965958,-0.03553747105543953,0.0,0.025658978464648097,-0.020004252480737006,-0.032000616803225135,-0.004216496396096309,-0.06946363835304187,-0.004225224236296024,-0.03072761465172988,-0.03495283888802592,0.11714772370497972,5.052231749600209,7.672280999349063,12.724512748949273,50.73243504572659,8.35277174263682,40.9147932116366,142287.02,1.4215326625976585,0.34647722366384937,1.7680098862615097,-0.16230491725506369,-0.24756123507618888,0.40986615233126145,,,
11110700,숭인1동,2024,⑦ 일반,0.009501103027153707,0.21882796476520855,0.028379465639377637,0.12379269367110148,0.6194987728971586,0.17965023368190525,0.140820458572075,0.1232542873666897,0.13828516267800367,0.16114768960900028,0.1693424110192712,0.0874997570730549,0.2568421680923261,0.022830386041933715,0.11452202610919977,0.27302933563825516,0.2439693365719182,0.29552559696275127,0.050123318675941934,0.3456489156386932,0.4426545194825137,0.0658725166696172,0.1709376131385324,0.24817321761539238,0.23681012980814958,1.1653288500967516,15065949142,-0.0008701142156564579,-0.011623848560936262,-0.011844123589611583,-0.002860850874327095,0.03692971956304189,-0.03625061192090029,-0.009591647543230247,-0.044152829276096595,-0.019466087637838747,0.01073266987563301,-0.008733417762205764,0.08057807815974716,6.3974706244773305,6.10762496875428,12.50509559323161,46.36548552812557,8.743680798726649,44.89083367314779,615924.36,0.20475751922214602,-0.05357527697014497,0.15118224225200017,-1.2701313714874445,-0.20682061260188966,1.4769519840893253,,,
11110710,숭인2동,2024,② 라이징스타,0.028368559227652246,0.23942175084885736,0.027829885211540815,0.25142647168215226,0.45295333302979734,0.1495251676390616,0.13762041500935607,0.13558689285191183,0.13487651782258964,0.1649072128488673,0.15954872288003158,0.11793507094818197,0.27748379382821353,0.035003119698129824,0.09766515431026883,0.28365096263363043,0.25421983935402237,0.26348781546444283,0.0659731085395057,0.3294609240039485,0.42857595067111565,0.0940885681072777,0.1470956338565119,0.1567296141358825,0.24118420196378956,1.2226532498843028,119675822616,-7.090994778657586e-05,0.0304502073636298,-0.000721451090691258,-0.05234167391900035,0.008135774243720584,-0.008329678164873233,0.001808059489387781,-0.012724477588795635,-0.01278579045056992,-0.02333969376741904,-0.03612548421798897,0.06291752721512656,7.42502965621691,6.22793488061305,13.652964536829959,52.424101915864604,7.4007592386632695,40.17513884547213,2389246.08,0.24258144007965754,0.13822315064041035,0.3808045907200679,-0.70227714622078,-0.465883214117369,1.168160360338149,,,
11140520,소공동,2024,⑦ 일반,0.13315983468451625,0.43129172409686506,0.028844252837436465,0.05392609225690706,0.3527780961242752,0.16098341019521478,0.1735978093867127,0.17293329292090107,0.17799641225681742,0.1777763273411166,0.08507186563873158,0.051640882260505866,0.13671274789923743,0.050698951964699084,0.08681125198659803,0.3492150511981852,0.19374860014208226,0.2490726159872098,0.07045352872122561,0.31952614470843543,0.29569724826875177,0.05803304983409775,0.164201896752329,0.17909519045679353,0.22223494658642673,0.9987635429674657,616618829000,-0.02424089287172801,0.021454949045898786,0.0042330846957188,-0.017927638841772245,0.011137206127707466,-0.019010390906120167,-0.0004398055177453897,-0.01964756647796151,-0.017505632250481837,-0.013094574387655766,-0.030600206638137617,0.01609002475048582,11.615740597065171,14.842962834299062,26.458703431364235,44.02729377312472,7.835760774445107,48.13694545243017,5890972.98,-1.163416378407307,-0.527866359824591,-1.691282738231898,-0.10805336876781269,0.12478611732862266,-0.016732748560812638,,,
11140540,회현동,2024,⑦ 일반,0.04463657358725946,0.1346534931510415,0.01604862312942292,0.3037695059203017,0.5008918042119744,0.1475992620779485,0.17365067196089756,0.16759175648803223,0.163832151097962,0.1697763545090827,0.14302110276051014,0.03452870110556688,0.177549803866077,0.007890913086720729,0.16675760859959743,0.3596363337942026,0.3033100905572952,0.13935261872022847,0.023052435241955587,0.16240505396218405,0.5433272045821327,0.03372403441638508,0.12040437229281307,0.17057978815338265,0.15412840670919817,1.036282276532928,939756546613,-0.0022528685445721147,-0.006519317311434958,-0.00019058961964353235,-0.015143628738075732,0.01436871677821841,-0.014319737946985905,-0.018907984332398653,0.010730064339137813,-0.009186067549363283,0.0034746143272731678,-0.0057114532220901015,-0.12300750920409409,8.605761475895646,12.519281191932116,21.125042667827763,43.08962878757531,6.862213270080949,50.04815794234374,6532058.57,-1.299744959816648,-0.4208889868829111,-1.7206339466995573,0.721471449202916,-0.14674270681441293,-0.5747287423885084,,,
11140550,명동,2024,② 라이징스타,0.11480011498455243,0.41854055503310733,0.03198840287774168,0.1115995741913367,0.32307135291326183,0.15540996971795382,0.16609787758060948,0.1556892996984272,0.16158570256325966,0.17108151576091452,0.11418203010751235,0.07595360457132298,0.19013563467883535,0.008290333646574123,0.07373822309541832,0.3427450362704029,0.20012569755561452,0.2882309770098922,0.08686973242209794,0.37510070943199014,0.40120384705502693,0.1265510731159853,0.21033580487756884,0.18346950255993263,0.3368868779935541,1.0587664195966677,994283322289,0.00043123154361857097,-0.008322423686777602,-0.002160653085654246,-0.0009078036406903606,0.004655654402853399,-0.0102815727434305,-0.00027069246207528375,0.0017921473173144187,-0.010114888334353672,-0.005854260091203156,-0.015969148425556856,0.02906137139297793,14.911300247463377,13.757315883820734,28.66861613128411,45.44628612295179,7.636218530879438,46.91749534616878,9899832.58,-2.968891591410568,-1.3938660945758024,-4.362757685986367,3.0115126569357997,-0.14422882877630272,-2.8672838281594792,,,
11140570,필동,2024,② 라이징스타,0.1273912762504626,0.5110239857699602,0.08594878181400346,0.08367982066214308,0.1919561355034306,0.15572202632331092,0.1809050846174902,0.1646705051397426,0.17491031470744353,0.17362747849077223,0.09681388269833942,0.053350708022901094,0.15016459072124053,0.021418332520737927,0.08424828810170323,0.3646694098997406,0.1379840004759643,0.2903111202372616,0.10136884876459239,0.3916799690018539,0.33510691098965667,0.16967143619443087,0.16335045520487274,0.13751697490592757,0.3330218913993036,0.9926657486219895,147239143661,0.0033665791385501243,-0.007843490289517141,0.011414237322673604,0.00187994743765392,0.0062856592905016495,-0.011444520617278298,-0.0020643714397451662,0.007617623337186574,-0.010699737339838172,0.006777729887146949,-0.003922007452691223,0.07425580175967017,13.381014296401815,11.27761812870659,24.658632425108408,43.60689969355935,7.556784293322703,48.83631601311794,2736112.24,-0.8034187242699034,0.10323496249201014,-0.7001837617778932,1.5624792141672472,0.2469218030348026,-1.809401017202056,,,
11140580,장충동,2024,⑤ 성숙·정체,0.06561228960164218,0.3848500254550703,0.0362802617785697,0.2406181454083713,0.2726392777563465,0.10703211854521226,0.14879567740625904,0.15121462561265217,0.16829255422970446,0.1668053464705747,0.14025630805758155,0.11760336967801582,0.25785967773559737,0.019555823844491754,0.06756424208692852,0.2975404168507407,0.22566308199405843,0.31602721547536583,0.07364921974841483,0.38967643522378065,0.3876708006375728,0.0825341060976861,0.15753242916869592,0.13644065159473318,0.24006653526638203,0.9911629616299017,87232092627,0.00911731844179517,0.02194141916754455,0.011693011780917362,-0.05528621825556018,0.004562797039782351,0.04169773730802345,0.0095527451955921,-0.025097241126352365,6.815168855910103e-05,0.007358424154315313,0.0074265758428744,-0.02754798645535128,7.434197351414406,11.645630091110323,19.07982744252473,53.23011258206608,7.694922953979589,39.07496446395433,2261576.9,-0.4003309353401452,0.3669147120890255,-0.03341622325111615,0.11148789910968304,0.14611082538511866,-0.25759872449479104,,,
11140590,광희동,2024,⑦ 일반,0.022724579202157993,0.17412815880802118,0.030221408802487013,0.10075566309138044,0.6721701900959534,0.13590316493202542,0.16087609312283185,0.13915644606377406,0.14722096610827157,0.17714232276104405,0.14799629390043192,0.09170471311162114,0.23970100701205307,0.021002455748552765,0.15447620149165514,0.26117944542031846,0.27658908815917865,0.2278359715376439,0.05891683764265108,0.286752809180295,0.4283403630622997,0.10229625389035,0.16844412865425978,0.18357565571161624,0.2707403825446098,1.2032411377518555,670154778732,0.0014615599229690739,-0.003775159112090698,0.0056677628185032615,0.005860169326155407,-0.01295924365605941,0.009077745932152437,0.010561261666165112,-0.017617127248546527,-0.013980003714658504,0.012643091218562635,-0.0013369124960958545,0.06955192103864216,17.065837151753037,14.975019055710723,32.04085620746376,41.28256774916737,8.24107877117854,50.47635347965408,4797853.0600000005,-0.8518773290018764,-0.36128621999093546,-1.21316354899281,0.1078088034396032,-0.18722035552452532,0.07941155208492034,,,
11140605,을지로동,2024,⑦ 일반,0.024996438269018942,0.16250233217146315,0.04483914552448025,0.05189978481062165,0.715762299224416,0.1750974748759326,0.17039612541690508,0.1741134053051835,0.15997868143841362,0.1853643325723424,0.09260971599819565,0.04244026439302717,0.13504998039122282,0.011711386650653192,0.1412778582907193,0.3262711317721163,0.2915549883138082,0.17011667168811034,0.059067963284592635,0.22918463497270297,0.2932715898475264,0.0708909363748531,0.12719120637670148,0.17104952633247272,0.19808214275155459,1.1586814624653685,928778392471,0.0038599221171115583,0.01892491047344938,-0.006142515225239141,-0.002975496242035275,0.004239667824960408,-0.001668966328597643,0.010938860703912562,-0.010305980057243869,-0.008656320236131887,-0.025430934388678217,-0.034087254624810076,0.19629903787464986,20.298447155815225,15.841936884638926,36.14038404045415,38.07097125422308,10.345373309238033,51.58365543653889,2615132.31,-0.4425822079346382,0.6587186657834199,0.21613645784878344,0.9736672985645072,-0.15264195415153559,-0.8210253444129734,,,
11140615,신당동,2024,⑤ 성숙·정체,0.017337469531894904,0.20182496622568247,0.01059215809060108,0.573716041998621,0.19652936415320055,0.14702011071325427,0.1937479028943521,0.1492418197220771,0.15168326074824304,0.14696804280466882,0.12566031749913464,0.08567854561827004,0.21133886311740468,0.07616345884684234,0.11210781426296781,0.24966386028346532,0.23707472157332407,0.2049308364394395,0.12005930859396097,0.32499014503340046,0.5060053157432169,0.09424599719281244,0.1550017381374128,0.18587153748073976,0.24924773533022523,0.9689140520825147,290517603087,-0.0006201045975614619,-0.0035468857906314766,-0.0024961792658217043,-0.0044645675293515374,0.0201606114687585,-0.0005295989060149497,-0.013409054068814374,0.020625593429026146,0.007387823404483546,0.0017481931465812561,0.009136016551064802,-0.021327955629143913,12.2044683271495,12.297393450239031,24.501861777388534,45.91003106484723,9.17972771913115,44.91024121602162,2572576.63,-0.5553711485287529,-0.12382810879969774,-0.6791992573284489,-0.06965058075272168,-0.7357102274503422,0.8053608082030763,,,
11140625,다산동,2024,⑦ 일반,0.043292454384901674,0.26896939267984915,0.02704795213718644,0.16011753393060232,0.5005726668674604,0.14201000011747228,0.1474879898400963,0.15120698710934893,0.1621220914561393,0.17581443851074877,0.1475444339512485,0.07381405901494593,0.22135849296619442,0.025504094454149237,0.1001663092174315,0.2600434024006052,0.2284534992872709,0.30575465193415285,0.08007804270639031,0.3858326946405432,0.4312795180227988,0.09068877231950782,0.1984950229653354,0.17376368293359415,0.28918379528484317,1.0844570097241424,165640946578,0.0023242716054676996,-0.0006894446123795195,0.004071467561004193,-0.033656984349707625,0.02528110013946891,-0.017763880152054268,0.0013645890544073669,0.0061207237501263445,-0.02330213675801783,-0.00137595649575592,-0.024678093253773792,0.0006123278139356092,6.870913336390751,10.874627289192908,17.745540625583658,47.78072326963123,9.148985160091872,43.0702915702769,993518.28,-0.08265937834516901,0.29191958496473625,0.20926020661956812,0.5187506135222932,-0.13784501657748827,-0.38090559694480675,,,
11140635,약수동,2024,③ 급성장 신흥,0.027129566059277514,0.237011856556727,0.04342418789135753,0.0605807581560706,0.6318536313365674,0.15921585385997405,0.15461239492156173,0.1421715919205431,0.14825171125815545,0.1826686161742544,0.14540546939477306,0.06767436247073819,0.21307983186551124,0.022501561106991544,0.12157619351248078,0.2522446483977759,0.24321155571421785,0.28431865820815755,0.07614738306037638,0.36046604126853393,0.4877243841173716,0.08097981922363101,0.1798022318039741,0.17165654216840967,0.2607820510276051,1.2321518222219217,105490692433,0.0013101025309763016,-0.003981627730110682,-0.008028000023863398,-0.022209476910545325,-0.006351457526608317,-0.02154674024254921,0.006079150406087114,0.004134519835587991,-0.014826766008003964,0.004332442436722067,-0.010494323571281883,0.03925282153214704,5.977981801060131,10.408709407865071,16.386691208925203,45.44001287376126,8.317080747106488,46.24290637913225,1110351.49,-0.4381456801835686,0.08512080359733076,-0.35302487658623605,-0.8808856524254622,-0.17287920730447226,1.053764859729931,,,
11140645,청구동,2024,⑤ 성숙·정체,0.026346749105776765,0.16908430328022087,0.011131244533719708,0.359060791668313,0.43437691141196966,0.1595553885409429,0.1501760771529,0.1406186437846392,0.1521249587440737,0.17407667420374026,0.1525923150585552,0.07085594251514872,0.2234482575737039,0.023436278992195678,0.08793661894073375,0.24945951846752992,0.2957611876011148,0.27201314268027843,0.0713932533181474,0.3434063959984258,0.5686904420599186,0.05414424652437933,0.1846479162953069,0.22526721358450683,0.23879216281968624,1.1443005516050582,41619602426,0.000762853058571173,-0.002410594560195878,0.0012453037239669295,0.06002315905360417,0.0006019645632084347,0.022624845632187418,0.02802105826698076,0.0421546003463279,-0.02162847587213642,-0.038500331689944794,-0.06012880756208122,0.0850118887564264,5.937792134866346,11.326434899736142,17.264227034602488,52.38634873434446,9.080579664155712,38.53307160149985,539508.95,-0.27071264229998704,0.4872496279976879,0.21653698569770086,0.8567517579517343,0.48906927143828227,-1.3458210293899953,,,
11140650,신당5동,2024,⑤ 성숙·정체,0.024713996055855194,0.32393451324049594,0.12913761121881093,0.06848614151070838,0.4537277379741296,0.1463576751768673,0.1475934333461836,0.13699422768268774,0.14068147067859005,0.16767946603921852,0.16305850718909462,0.09763521988735814,0.2606937270764528,0.060089068444976544,0.11198714493885603,0.20427067841083318,0.18582905608860684,0.299128520993808,0.13869553112291938,0.4378240521167274,0.4591514000454403,0.09159838682210732,0.16934236576144668,0.14800696225191215,0.260940752583554,1.1919086801580987,113235286219,-0.00020359864578120904,-0.0009036198027569387,0.001390588162699935,-0.01660856265896328,0.001639050643007789,-0.01193872596893758,-0.009619375867501084,0.015286583959681466,-0.006330993309005065,0.0048168345266714485,-0.00151415878233363,-0.0512164277124465,9.239422714199838,11.175972889594618,20.415395603794458,41.81090981034836,11.249543901139317,46.939546288512325,712372.97,1.2142691543484183,1.4336113175063812,2.6478804718548012,-1.4262274143118887,-0.2266412975597234,1.652868711871612,,,
11140665,동화동,2024,② 라이징스타,0.006426125701028537,0.12177777310397889,0.007348181005950677,0.5365078532717525,0.32794006691728933,0.12984940041921503,0.12990875921642595,0.1309019603955924,0.17931310462336317,0.1567770024700395,0.15186588799287185,0.1213838848824921,0.27324977287536395,0.03386699237899105,0.0608264983393105,0.2433797757154041,0.24149262728954904,0.3421512542752294,0.07828285200151591,0.4204341062767453,0.5122680623556727,0.09679496447798698,0.1969171714645582,0.22515753034393243,0.2937121359425452,0.8743198262019978,92009664222,-0.003745518569481238,-0.07444782784182191,-0.005445686589546669,0.23808122312961144,0.013645277371516662,-0.0029129037909367272,-0.008625359286667439,0.02030202334615644,-0.03544006401779638,0.014484123080383104,-0.020955940937413264,-0.3293707296263124,6.543687837504934,8.795948832838805,15.33963667034374,50.3927090394823,7.924354337687981,41.68293662282972,669255.03,-0.10752660492077037,0.36137562984569094,0.25384902492492145,-0.1532970927460866,-0.4642009582903954,0.6174980510364918,,,
11140670,황학동,2024,③ 급성장 신흥,0.018868003809236665,0.2613100249097206,0.014225441902609149,0.04238051265737892,0.6632160167210547,0.1277996854707425,0.1520061622519272,0.15726145989065707,0.13791054367941954,0.17729563905937673,0.16096511031926514,0.08676139932861185,0.24772650964787699,0.027310383195919594,0.14794578121726817,0.2389568745544691,0.2836143750211773,0.22656364962393516,0.07560893638723068,0.3021725860111658,0.4532198529678202,0.06385971019669581,0.1763904444994865,0.13882139272737085,0.2402501546961823,1.2855843674397365,225546147808,0.009520110258781309,0.03747205334765061,0.004902580665266979,0.0032205523436535932,0.030076081886136002,0.009005869931602017,0.015058781266242549,-0.00937524380192506,-0.004953213872855564,0.022003955946402226,0.017050742073546676,0.27832159064119266,9.584983755888423,11.773292831677765,21.358276587566188,47.42659686332619,8.53219849997027,44.04120463670354,1935433.64,0.18934606736690363,0.2973708089145539,0.48671687628145577,-0.3549711410725749,-0.4763488304580008,0.8313199715305828,,,
11140680,중림동,2024,⑦ 일반,0.024403720837767134,0.3243369209460729,0.041265845484829325,0.030804855391079185,0.5791886573402515,0.16152094669629088,0.16438907528856314,0.1487188515988207,0.16174968274770601,0.1646872615490669,0.11622763895681033,0.08270654316274202,0.19893418211955236,0.011228326012677823,0.11747317413255662,0.3703159467774382,0.20561347127786245,0.19922155634222707,0.09614752545723783,0.2953690817994649,0.3448483239557431,0.05876737532038122,0.14821506683859906,0.1940457707881044,0.2069824421589803,1.0181612646866385,130079363598,-0.0026830412633886726,0.029944413048003604,-0.0054276232439238875,-0.011487705142285174,5.627424131821046e-06,-0.007644326845136329,-0.012035951856198324,-0.012428874169595039,-0.009696639212631586,-0.01875182200144143,-0.02844846121407299,-0.08257982520919249,7.504331540178971,13.024256858987199,20.52858839916617,46.80196272538787,8.964354072079576,44.233683202532546,940231.38,-0.4992786129533835,0.5319337965658679,0.03265518361248709,-0.0014837403760736834,-0.499617209253854,0.5011009496299224,,,
11170510,후암동,2024,⑤ 성숙·정체,0.06996471230747066,0.3277730096907513,0.01624293676432954,0.08788013257014266,0.4981392086673059,0.151561665737261,0.14870023055472467,0.1496483180097063,0.14910762157950735,0.1646621360669943,0.15229396483357172,0.08402606321823465,0.23632002805180638,0.012976462767028896,0.11177017796632727,0.2786085684088392,0.19428781216065608,0.32378700144107936,0.07856997725606919,0.40235697869714854,0.4346272327436372,0.08010375749017243,0.18257813371545142,0.19075113814310954,0.26268189120562385,1.1043173670313893,88218313153,-0.006327449327254778,-0.014768131211588653,0.000653971030967147,-0.00780049594333132,0.011829522183319785,-0.017978543444950756,-0.002393535795359114,0.013431610207540134,-0.008403510644811416,-0.0008776908301965924,-0.009281201475007994,0.04544663962834017,10.111237670969405,12.545383543626516,22.656621214595923,45.75496691668864,6.9411581234025075,47.30387495990887,766971.2899999999,-0.09759752440482039,0.8357371508366036,0.738139626431785,0.20467537630854338,-0.30640309551833855,0.10172771920980495,,,
11170520,용산2가동,2024,① 레전드,0.10892175841721315,0.4104923538413107,0.021553735132873092,0.11064865568305719,0.3483834969255459,0.10898929352386408,0.1202678007878265,0.11547538226823158,0.12553804167588747,0.1487541435521955,0.2125836542094903,0.1683916839825046,0.3809753381919949,0.04389495360833379,0.07663817066647326,0.15809600339603952,0.19138098351238267,0.38133245655717424,0.14865743225959654,0.5299898888167708,0.48591554880977333,0.23553222988606487,0.2716256496723268,0.16162177604166172,0.5071578795583916,1.184932802570292,55159711515,0.02310701651146907,0.027526676767481884,-0.007484015391405075,0.006782997603181282,0.01311501671739157,-0.0007876750640584129,0.004281139940746831,0.008485455474205705,0.02686984357124747,0.009360716314244066,0.036230559885491564,0.03409309829828877,26.13203052339164,22.478453237397527,48.610483760789165,39.90770169927474,6.480292406799775,53.6120058939255,1175291.41,0.13906100083290696,0.578024124207456,0.7170851250403558,-0.41300926124051784,-0.1627562696128919,0.5757655308534169,,,
11170530,남영동,2024,① 레전드,0.06047464285455421,0.502725011420095,0.13825063691517706,0.03747086475608736,0.2610788440540864,0.1528536837953496,0.16295358245670205,0.1522980950131343,0.16011075684679468,0.1725616718054107,0.12595944977613763,0.07326276030647101,0.19922221008260865,0.0454479092086068,0.05779080412431456,0.25327119766542927,0.12446057975973929,0.347335999460996,0.17169350978091408,0.51902950924191,0.3546754131458781,0.15275324889396016,0.23045923128814144,0.14965907036956078,0.3832124801821016,1.07776438762656,253251306549,-0.0010094677913381547,0.00033857781492563355,0.014110777427123536,-0.0027981773702032836,-0.0008946098276371162,0.0037793483620223167,-0.002054644708522818,-0.0004259309685432644,-0.017984495826626146,0.010885387654789969,-0.007099108171836177,0.04393586074005995,13.668584253774165,15.568840888961791,29.237425142735958,41.41006081782436,7.576901739790672,51.01303744238499,3124419.5599999996,-0.17624660881605259,0.6609422490390049,0.4846956402229523,-0.5374605845214759,-0.31819810193013964,0.8556586864516333,,,
11170555,청파동,2024,⑦ 일반,0.07775135644862444,0.29766196089881475,0.03711502048660857,0.09560981566243384,0.4918618465035184,0.14849432762060535,0.15493822851744213,0.14870392651536124,0.1568448261850105,0.164915743276981,0.1324889171480007,0.09361403073659909,0.22610294788459978,0.02229061605290745,0.11288487945776557,0.2695744152826719,0.21572010890767396,0.29918192318293,0.08034805711605111,0.37952998029898116,0.45090836072568186,0.16666441096945458,0.15226317780362,0.14201682999748635,0.3189275887730746,1.0514579746637625,160644640036,-0.008591930585481286,0.0023716025241940497,0.00036910769864527404,0.00034019536984591925,-0.0077032465515051995,0.0005949656891510724,0.0005242578754983962,-0.017095220453788307,-0.02211911640803904,0.010260329311370192,-0.011858787096668821,-0.023549888956282183,13.114795297557635,14.0090699213021,27.123865218859734,49.71555577293075,7.171009140112927,43.11343508695632,1891251.25,-0.47095099955426,0.5799026586707168,0.10895165911645677,-0.005791630126445568,-0.07457794768011006,0.0803695778065503,,,
11170560,원효로1동,2024,⑦ 일반,0.011260417063313087,0.10886602458412527,0.03215562654999164,0.01652042942666215,0.8311975023759078,0.2161756477843114,0.21104167722609257,0.13107706895743562,0.21868371624898475,0.16884841355610505,0.03691634987413963,0.017257126352930998,0.05417347622707063,0.010902757215377836,0.1492136144750522,0.3622187520923392,0.2765236947950694,0.16591934494723246,0.03522183647492893,0.2011411814221614,0.20599313637871705,0.06291885773770103,0.12765010610502586,0.17337818575100666,0.1905689638427269,0.7721124208620125,467322932571,0.00027018990685984123,0.009760032566932503,0.0027729395235271508,-0.0007483971635639693,0.001340282928133693,-0.002142325237140197,-0.005691549378206678,0.0047861209572596375,0.010366351604106351,0.013134160043269935,0.023500511647376293,-0.185208017231135,9.776094176056354,14.63107676934215,24.407170945398505,44.122257813724566,8.446744997154175,47.43099718912124,1096553.8800000001,-1.1695396175333848,-0.03863665661375748,-1.2081762741471422,1.4470337816116512,-0.1535238895708133,-1.2935098920408663,,,
11170570,원효로2동,2024,⑦ 일반,0.010212403223953538,0.039193042401463714,0.0037732105814666603,0.034022618431842115,0.9127987253612739,0.2382000030788376,0.18471428586795843,0.21688836274801312,0.12686685550603022,0.19092451529855292,0.027070487315404394,0.015335490185203296,0.04240597750060769,0.00473444606450378,0.25157895518686435,0.2622847533306519,0.35300751487240545,0.11204186453086971,0.01635246601470487,0.1283943305455746,0.18946605685532797,0.020256404145254953,0.08079316946397702,0.20044791711711288,0.10104957360923197,1.504920371337476,217234387083,-0.0018310137570892778,-0.006839078786726481,0.0006113654973448198,-0.003042977212163095,-0.006930604342679635,0.019015299294778992,0.011640165461340946,-0.04810671031873848,-0.0015577558121547194,-0.020000395521859768,-0.021558151334014494,0.46696071002443595,4.687315457577251,9.475287036077228,14.162602493654479,44.75008197519167,8.17415191148054,47.075766113327774,598016.29,-0.18919364496774627,-0.2610612647751438,-0.45025490974289006,0.32935580987712143,0.04036120161116585,-0.36971701148831215,,,
11170580,효창동,2024,⑦ 일반,0.057390860429442365,0.0826300832168694,0.0,0.11264247957192813,0.7473365767817601,0.16136258338125303,0.15635211292525628,0.17767315006932885,0.1513193577075833,0.1993277359554719,0.10726368081761499,0.04670137914349165,0.15396505996110665,0.0030445266203990443,0.14303279606351674,0.27626990427099724,0.3263686550138291,0.2255270604046174,0.0257570576266405,0.2512841180312579,0.573188893627572,0.03992516550998745,0.12296819668294738,0.2422387324519372,0.16289336219293482,1.31726527904422,44420578258,0.01736822551581514,-0.005456460053194459,0.0,-0.027184492525819753,-0.01798187315299979,-0.04906994027197864,0.030211463627652008,-0.05516960411522198,-0.008345915144231865,-0.020053404628122787,-0.02839931977235466,0.3177597769658723,4.555244323859577,8.622643149228699,13.177887473088276,52.294937341505786,6.897929721719796,40.80713293677442,442646.29,-0.3859895907827404,0.33017356481007276,-0.05581602597266766,-0.7238772222707013,-0.3786276779333031,1.1025049002040106,,,
11170590,용문동,2024,⑦ 일반,0.006290376916921339,0.1458789334236925,0.0168197495709333,0.03897357832177703,0.7920373617666758,0.1490703434720411,0.14499913890157418,0.14631470006618327,0.14784205203281373,0.1820837290325588,0.15998865094197273,0.06970138555285617,0.22969003649482891,0.00944440164980156,0.166835910125725,0.2192778093525294,0.2738986719411986,0.2776444969560304,0.052898709974715026,0.3305432069307454,0.5309413557457359,0.03894352230366713,0.09606343943898073,0.1671452987241564,0.13500696174264784,1.2316098601779761,114291719796,1.7665756721547445e-05,-0.003129823359765943,0.0021616993766394085,-0.0019191478319158517,-0.0036022378587769743,-0.0013821830195372975,0.008993049474725956,0.00020056594451600684,-0.007831057725568663,0.0027334287117707218,-0.005097629013797955,0.0342375354185156,3.8638537343578054,8.485520639274974,12.349374373632779,50.2408409316306,7.495211702332331,42.26394736603707,521020.24,-0.5407490293907768,0.20723717606098546,-0.3335118533297905,0.2516645055026103,0.3084370483754979,-0.5601015538780985,,,
11170625,한강로동,2024,⑦ 일반,0.00959983114831628,0.07694550163553746,0.0058752310326431545,0.006519905758925398,0.9010595304245778,0.1535237657792577,0.1668252098762605,0.14352828570491635,0.1522136009445635,0.17729237715491872,0.12061775909906662,0.08599900144101659,0.2066167605400832,0.0037720599998558,0.07342029533576426,0.29966478425020887,0.375027494871143,0.22512852288292423,0.022986842660103812,0.24811536554302804,0.26379633269818037,0.06216656785686103,0.15562202395926755,0.17048314857432367,0.21778859181612858,1.1647604159860128,2429295877677,0.002105331380452112,0.012152279033603289,0.001037302402421704,0.0011547148221067493,0.0016916683267807486,0.016100689986085076,0.018371529413393817,0.025918369177482276,0.0011918303855095388,0.027894025332412475,0.02908585571792202,0.17155722895979808,16.225441128483425,19.027860272809225,35.253301401292646,49.01669628048254,7.872982200055828,43.11032151946163,11019552.540000001,-0.5916908910997591,0.3278927079552574,-0.26379818314450176,-0.004643000371615358,-0.10325410891268927,0.10789710928431617,,,
11170630,이촌1동,2024,⑦ 일반,0.022847269788335168,0.3153141266899,0.030474244633965652,0.06828247779370783,0.5630818810940914,0.15189476064919738,0.15315449846242146,0.14751464484316779,0.1516267625983101,0.1701229776337683,0.14239382479715892,0.08329253101597608,0.225686355813135,0.018274410047783237,0.09063675200747844,0.27943176288788335,0.25866039375705496,0.28656445896997,0.06643222232983001,0.3529966812998,0.5213285138756295,0.03445136819930902,0.10882175051910999,0.19442022641721357,0.143273118718419,1.1219851609208225,136203632374,-0.010544055572363164,0.0014021920622546702,-0.00023731693915560875,-0.0025117536801609053,-0.006261111292489102,-0.008368530056341417,-0.002440950936499514,0.001832075032246805,-0.006996881288035349,-0.003674271614750063,-0.010671152902785419,-0.05576443511542717,6.198878488811098,10.095798323964575,16.294676812775673,47.568096450888234,7.370596344733167,45.0613072043786,1576702.95,-0.3618992208815053,-0.2743108801325036,-0.636210101014008,-0.2099348557104861,0.25846308230714676,-0.048528226596666,,,
11170640,이촌2동,2024,⑦ 일반,0.006111876071897979,0.03275493133956663,0.003514929459315627,0.09732236498210424,0.8602958981471155,0.12364657275284775,0.11971894158921256,0.22146150578295032,0.14086587862876113,0.2752861234234315,0.07346812809178192,0.045552849731014776,0.1190209778227967,0.01208920313405656,0.1287532060526672,0.17804068298191017,0.4772672492484949,0.150936840395403,0.05291281818746816,0.20384965858287116,0.6853746411876477,0.04941146943633349,0.0874437551460053,0.1601381192644673,0.13685522458233879,1.954242759873187,24914311941,-0.0025116639548718265,0.011500431261460844,-0.0006661088616735783,-0.02329578260251068,0.0010904430462721354,0.02196526965672413,0.0823064757522046,0.06590336942375663,-0.028339722201373423,0.003846429403404711,-0.02449329279796872,0.24045110892138055,18.882932400866014,11.729353093008282,30.612285493874296,38.68614872323263,7.059099562060807,54.25475171470657,551980.74,2.5056809543500727,0.10260755929832577,2.6082885136483966,-1.5429433760940299,-0.08631252239104725,1.6292558984850913,,,
11170650,이태원1동,2024,① 레전드,0.05196968545839388,0.4083300575501085,0.17559487842602556,0.16401223438325893,0.20009314418221316,0.09895135270267795,0.09769999372346848,0.10863827542758284,0.10393608455018782,0.15145489923285874,0.23582864065028936,0.20349075371293482,0.43931939436322415,0.21327729837046555,0.05231214016038201,0.142080974430218,0.1608207661866084,0.2523582681413486,0.17915055271097743,0.43150882085232606,0.35818115270562834,0.2299178028492328,0.32020423011098803,0.16179977552460847,0.5501220329602208,1.4571926572789589,298125595611,-0.005031727171938193,0.027698791645094645,-0.006744169075825368,-0.0041444715234240925,-0.0070951902929518584,0.0005832201990217389,0.005339012740414567,-0.0020053219069278705,-0.008049162819778272,0.006976166128532413,-0.001072996691245942,0.07309839811691599,34.05664958395708,26.280639405056057,60.33728898901314,34.45777484954428,7.094312850655971,58.447912299799754,2696369.67,0.2148326131089675,0.7306829198525797,0.9455155329615437,-1.397411472327029,0.012092563788080213,1.385318908538956,,,
11170660,이태원2동,2024,⑤ 성숙·정체,0.06457958878128324,0.48299929302313066,0.1511737959490279,0.11403761841563617,0.18720970383092203,0.11856420058061723,0.12311928648475194,0.1314676762951836,0.14276032410978168,0.1696879172528455,0.19966864934423045,0.1147319459325896,0.31440059527682007,0.08724469623071641,0.05996937192592263,0.17894948102060193,0.17806966865291501,0.31305231771515213,0.1827144644546919,0.495766782169844,0.39674062838487234,0.15649002114028948,0.3030927282613757,0.1610692442867976,0.45958274940166516,1.1886209863348076,67377125143,0.0010577583867697332,-0.019435401086478288,0.025710632964830032,0.0013260423123921672,-0.008109984944841109,0.009154316960018283,0.009326614290529833,-0.021044545923739888,-0.014444447485083278,0.010332964229898212,-0.004111483255185067,0.0004734515899920133,20.237542375944344,23.795280969945047,44.03282334588939,40.33570438214892,6.218478211462433,53.44581740638865,1370379.49,-1.2616671446516747,0.6309316745013263,-0.6307354701503485,-1.5453869566865706,-0.0063643684941334655,1.551751325180689,,,
11170685,한남동,2024,⑤ 성숙·정체,0.04264817541012425,0.40128773475420115,0.10300660780408404,0.18103590833869632,0.2720215736928942,0.12194579375995102,0.1344223681652524,0.14143038624126406,0.14494079908535093,0.17074447764044662,0.17126622460407773,0.11524995050365722,0.28651617510773497,0.059052026442203934,0.06686870932859909,0.20114984773991842,0.2117819918862831,0.3140405645476497,0.1471068600553457,0.46114742460299546,0.43946874372548944,0.17746936558875023,0.26457228864288734,0.15190843461170353,0.44204165423163755,1.1780290899314054,378703378789,-0.0014023711977012576,-0.009098479903106194,0.007907748438494705,-0.0023304641596038622,-0.0004571466590797546,-0.002273626601297485,0.003965445308354132,0.0006180883460863984,-0.006529056473224132,0.003104517949661989,-0.0034245385235621706,0.0527116934925802,18.70329105210319,22.590968144689164,41.29425919679235,43.742089527404985,8.602508010038058,47.65540246255695,3891660.66,-0.6350690640379071,0.4524660932612292,-0.18260297077667786,-0.05013363509306856,-0.08900076519544164,0.13913440028849067,,,
11170690,서빙고동,2024,③ 급성장 신흥,0.01204149734750236,0.25384404782061887,0.0,0.2250645734399564,0.5090498813919224,0.1407269126871716,0.17035021317712615,0.15165140194497154,0.14329010998501251,0.17330588215819298,0.1410422277932573,0.07963325225426794,0.22067548004752527,0.020975661745416468,0.10288663328256353,0.2932680757207344,0.2655169310308391,0.264167628682996,0.05318506953745052,0.3173526982204465,0.28275047161693306,0.04519282033206906,0.14070083214433765,0.20663901438491863,0.1858936524764067,1.2094755330728686,13177256401,-0.004097231623179829,-0.0038911648111898955,0.0,0.04211245758564028,-0.030737531811728808,-0.0013691610804906218,-0.008443265111843234,-0.01991520234768812,-0.0038868749600345157,-0.020942804755736427,-0.024829679715770936,-0.0923094883657507,5.770968462327813,11.131896185030623,16.902864647358435,59.23004060595658,6.078956840582219,34.69100255346121,2181517.38,-0.45354109633965844,-0.2723847922931082,-0.7259258886327693,0.654460742959742,0.11153285255392831,-0.7659935955136703,,,
11170700,보광동,2024,② 라이징스타,0.018359362122364054,0.3393767971940273,0.05003290819332142,0.09256902568510256,0.4996619068051847,0.14778348209195408,0.14724884483449568,0.14218372045878883,0.14421933217772842,0.16319972393201548,0.14930095738842278,0.10606393911659472,0.2553648965050175,0.04592147257731375,0.08820470617046937,0.22896115691880892,0.211922545600163,0.29907629786830214,0.1259138208649428,0.424990118733245,0.4266659302682243,0.0791948566358659,0.17267260040351604,0.19154969873164557,0.2518674570393819,1.1316078189219223,45100566157,-0.0024474970951212406,0.09243008457943114,0.007342506867263787,-0.013108993940678298,0.004821647609298763,0.0457609684456568,0.0010194929620402637,-0.0566461611770096,-0.006392508990832796,-0.005644311054742834,-0.012036820045575658,0.04262912348927528,12.441010225626657,14.635092443466558,27.076102669093217,45.09301045228828,7.884955659609625,47.02203388810208,603013.41,-2.242554401152084,-1.7334558825506114,-3.976010283702692,0.12736176957323408,0.34595324734372834,-0.4733150169169704,,,
11200520,왕십리2동,2024,② 라이징스타,0.03254888714830086,0.18874408401383558,0.028297156388413378,0.1541537577621859,0.5962561146872642,0.15651661288148133,0.1428046920220651,0.13807746512331248,0.14557901692711947,0.20909029372272833,0.13331790884472364,0.07461401047856962,0.20793191932329325,0.01989616731084136,0.11210442991816438,0.23171596432551417,0.22013894224240896,0.34407491786866923,0.0720695783344019,0.41614449620307115,0.5361498468122873,0.09156736773579431,0.1545594547320048,0.14094162065969326,0.2461268224677991,1.4362666965075344,52527917597,-0.0014081798469765192,-0.005307322157367955,0.0013717788040751647,-0.006246782324230732,-0.008580854363905321,0.023625940657236444,0.035532965753236834,0.027266310603563437,-0.011268899552529896,0.00859342388350956,-0.0026754756690203496,0.24747407969951052,4.898699540979284,8.34474384134913,13.243443382328415,50.007666071676724,7.55828817084606,42.434045757477215,451469.82,0.31926198540926887,-0.09605358011152632,0.22320840529774344,2.4937158709249587,0.11638936751220097,-2.610105238437164,,,
11200535,왕십리도선동,2024,⑤ 성숙·정체,0.014614915513762683,0.34279842109443487,0.08848069270077112,0.11227050793844064,0.4418354627525907,0.16019715113239147,0.1658020507191941,0.148782654388993,0.14939276711195174,0.1724026636250548,0.1346143141838649,0.06880839883854996,0.20342271302241488,0.058544600668477394,0.11561595544663703,0.19400796265764894,0.18055819065401485,0.3056329012597705,0.1456403893134513,0.4512732905732218,0.37477535560392866,0.11572051039342486,0.16490794867757774,0.13014483723018433,0.2806284590710026,1.1540228282662437,165868153854,-0.00018380507310622116,0.009129446024273735,0.01253687821236682,0.025275426071970045,0.013274201642847316,-0.019283664955437874,-0.012075240790432706,0.038199263575324216,0.005634914596723897,0.013222960239256065,0.01885787483597995,-0.02571266306108666,11.210198461703952,12.385463374981512,23.595661836685466,48.35808088907251,9.281899810571739,42.360019300355745,2848714.33,-0.789375054251229,0.23951096674688443,-0.5498640875043428,1.185751290306456,-0.2104531806085923,-0.9752981096978672,,,
11200540,마장동,2024,⑤ 성숙·정체,0.03330446653440543,0.3983544127013899,0.03309770888763104,0.07745538695767525,0.4577880249188984,0.1488835323073028,0.15321623029881273,0.1528384068941214,0.15367439677376385,0.17139079296078993,0.1442314588198984,0.07576518194531087,0.21999664076520928,0.03117426569934631,0.12442077026654177,0.24700675102316788,0.19068748062994265,0.2992388229241739,0.10747190945682748,0.4067107323810014,0.2995632919021412,0.06234215828214038,0.15698628022936947,0.1740051763273399,0.21932843851150985,1.1152852821222248,108038664342,0.00527635159752737,-0.03719469987162388,-0.0018833289935435496,-0.008658566114689514,-0.014756554750026157,-0.03349234359871511,0.00459979722121398,0.002648080010073217,-0.007919611963523136,0.003509360722667859,-0.004410251240855312,0.04614443259014833,7.190341448558274,8.769924613665166,15.96026606222344,46.53533319637349,10.351902897789007,43.11276390583751,1380307.19,-0.5665221813284385,0.04760681978990888,-0.5189153615385322,-0.09011959867648045,-0.02133414244495313,0.11145374112145134,,,
11200550,사근동,2024,⑤ 성숙·정체,0.07781053954302285,0.3852932608112058,0.10764803667052586,0.12803768759094744,0.30121047538429807,0.15107787041237716,0.1536379609773342,0.15670041179766803,0.1569056397297453,0.16548072068840983,0.1259001243370197,0.09029727205744581,0.2161973963944655,0.08109228393369196,0.07803660198257113,0.21317640390072765,0.14549063718127597,0.304158107357087,0.17804596564464628,0.4822040730017333,0.33245191431489546,0.41093931011946705,0.1699202557688607,0.07822009367902169,0.5808595658883278,1.0546511965626875,151403723097,0.007307376342078412,0.016185773841093265,-0.003360040954964824,-0.003209186660476343,-0.012740412356514214,-0.012866200106727399,-0.0012474949187681883,0.0005563017979215434,-0.033603872484639696,0.019549301257882457,-0.01405457122675724,-0.022895722246073502,20.60991300319561,10.204411260716524,30.814324263912134,47.40881792033718,8.65192492080536,43.93925715885746,1814785.05,-1.7790368424036878,-0.030352073451711092,-1.8093889158554006,-0.5279971235877241,0.10938047370866144,0.41861664987904845,,,
11200560,행당1동,2024,③ 급성장 신흥,0.03206529314886738,0.3121035144057474,0.020781641453779094,0.05073521224263154,0.5843143387489746,0.15515420236650176,0.15107745477336992,0.13952244650410628,0.1477885728598404,0.16908662907575678,0.16048476043162352,0.07688593398880135,0.23737069442042488,0.012758215929791247,0.09639622063898658,0.24198156504272345,0.22890308020439598,0.3306788668910832,0.08928205129301953,0.41996091818410275,0.4811928679960202,0.1236059338426183,0.18609844821143032,0.20056235811001658,0.3097043820540486,1.1441116576456491,164759995721,0.001188005499554473,0.010378067354706089,-0.002994325603087787,-0.00500839153834505,0.005541554830838569,0.003596337072340139,-0.005069036641063979,-0.005369882325795661,-0.01133017431360435,0.0060758789495586885,-0.005254295364045702,-0.002371179280050484,12.36326626154913,12.256841714132065,24.620107975681194,53.33767999575056,8.893269155621228,37.769050848628204,4185970.35,-1.9093501398051078,-0.1531411205681188,-2.0624912603732284,0.09111124127915815,-0.21066632576149757,0.11955508448232166,,,
11200570,행당2동,2024,⑦ 일반,0.02337561083318544,0.12369344151847038,0.0019933227174787566,0.151997449956533,0.6989401749743325,0.162089631911853,0.15792931395779683,0.1565048698464701,0.14579505435548593,0.16038539950073594,0.15761984063929466,0.059675889788363544,0.2172957304276582,0.013277341644034272,0.1336391701501469,0.23671091532847094,0.2516201583881416,0.3093327733455279,0.05541964114367842,0.3647524144892063,0.5461066254302049,0.05417630485282435,0.14848905567218845,0.317536867190837,0.2026653605250128,1.1000743489533946,24080395803,-0.0010835409958200141,-0.014010576068985939,-5.1017595425339665e-05,0.013812050022341926,-0.006050415071771925,0.011051257288200056,-0.01812072068153267,0.013651752454879262,-0.0011725094204455694,-0.0017815293571942226,-0.002954038777639806,-0.17986526794104196,4.062278971006754,7.784452064396495,11.846731035403248,46.363931183609175,6.49090282405522,47.145165992335606,677300.85,-0.47905737155426475,-0.7261389679885362,-1.2051963395428018,-1.254799881336254,0.1158295586781124,1.138970322658146,,,
11200580,응봉동,2024,⑦ 일반,0.08739388175767461,0.14633610955659201,0.0,0.007529446803012454,0.758740561882721,0.17160751777253383,0.15228738060671768,0.1565798068424395,0.15688787312848074,0.1499496337989807,0.12461499422175974,0.0880727936290878,0.21268778785084755,0.024533797065034366,0.09941692851396731,0.19013083150010945,0.23431708382190453,0.3473860945633392,0.10421526453564516,0.45160135909898436,0.47637681798852427,0.04310387483523629,0.1266317762073995,0.357307395171423,0.16973565104263577,0.9557758086004642,10730830181,0.04971167444189398,-0.000389867178625658,0.0,0.0036501347765492084,0.026908901669274593,0.014195115283324844,-0.04123467362595168,-0.025788358903509168,0.005260689166949266,0.014855096817701696,0.02011578598465094,-0.330694249643007,2.782672593002309,6.462459491123776,9.245132084126086,50.66396192935024,7.001051006930406,42.334987063719346,474402.2,-0.581026953143668,0.03910382043907834,-0.5419231327045892,1.3374221294807356,0.022217559319091862,-1.359639688799831,,,
11200590,금호1가동,2024,② 라이징스타,0.06285482696751422,0.23278366866427708,0.02397985031622744,0.3010161338387763,0.37936552021320497,0.16555691138804543,0.16204963612119241,0.16200835489104862,0.14804193142167532,0.16910506705125838,0.11582552693233385,0.07741257219444597,0.19323809912677983,0.026384127488964692,0.09662372976761932,0.18836753338296414,0.27185775973986576,0.33137633054536936,0.08539051907521675,0.41676684962058613,0.48685840518106166,0.045100890880497874,0.14212481056002552,0.4379273238792924,0.1872257014405234,1.1422781736722136,20646962240,0.0005868744801463127,0.039472511457935205,-0.02589796323248898,0.04077342983839527,-0.00498620499006272,0.015099743629740703,-0.00012843692133976403,0.02339748042280937,-0.016229660438075846,-0.010307931547092447,-0.02653759198516828,0.013145481353575406,3.023310477172782,8.429691433061972,11.453001910234754,50.730879672751705,6.833021392641241,42.43609893460706,684104.4,0.05274340553389223,-0.0534778664413782,-0.0007344609074859676,-0.5339303654649754,-0.08770045375739155,0.6216308192223607,,,
11200615,금호2·3가동,2024,⑤ 성숙·정체,0.02739264195009996,0.34490538874704835,0.03201215650995405,0.10665562620656847,0.48903418658632913,0.1481695975933387,0.14924652379867506,0.14577985074096322,0.14293877238910108,0.16223304146398693,0.16368621319056276,0.08794600082337221,0.251632214013935,0.021766221668715027,0.09234090710137993,0.24273697819871318,0.2398308768736957,0.3301640557043952,0.07316096045310096,0.40332501615749616,0.48143133819844264,0.04567208351780314,0.13184899845592765,0.17669244388747454,0.1775210819737308,1.134982753471283,74076480454,0.0019594240320912407,0.03422567546022226,0.0007600588069392525,0.0008773818925230104,0.0059154797030732675,0.014292094553283119,-0.007385366092955148,-0.009564844164384079,0.0004625786567578269,0.009541320303677936,0.010003898960435742,-0.016871921661803624,2.088302106551168,8.38091965199157,10.469221758542739,49.70383680195404,7.014206723043307,43.28195647500265,710831.06,-0.5216393023064962,-0.6201627825039555,-1.1418020848104522,-0.03311141472067192,-0.06379409710824646,0.09690551182891483,,,
11200620,금호4가동,2024,⑦ 일반,0.009557454441787787,0.1929776493276812,0.042306378507518165,0.04909791623005995,0.7060606014929529,0.16239392298233313,0.16900428328380124,0.14137422578218947,0.14144465268380282,0.1715720793731429,0.16684148679130198,0.04736934910342848,0.21421083589473044,0.02884780603569377,0.17416032640471435,0.2586131955471646,0.22918017362975607,0.22785906882632337,0.08133942955634782,0.30919849838267116,0.5018392071341817,0.05781638679821214,0.16388576158689244,0.1995818180871983,0.2217021483851046,1.2129979897980976,68522026235,-0.005906093159272031,0.008511029427267891,-0.01188542346302994,0.0066356754658547165,0.008145956659723536,-0.007932646776821317,-0.0016573367440762543,0.00729506420902204,-0.010508602330034582,-0.0006055285234461416,-0.011114130853480703,0.018697074819401527,3.145342473182526,9.04261419355926,12.187956666741785,49.436535639707756,7.659008881080427,42.90445547921182,747707.45,-0.19992204972085714,-0.47834517670545473,-0.6782672264263123,-0.8774433706350919,-0.15354951587288035,1.030992886507974,,,
11200645,옥수동,2024,⑥ 쇠퇴 주의,0.036266058897393226,0.22423196321577146,0.019607688989926698,0.03132594414165615,0.6885683447552525,0.1713911144387467,0.163866624215128,0.1446695988292038,0.14313289376226684,0.17589602166977353,0.13751608480930708,0.06352766227557409,0.20104374708488115,0.012843301404108741,0.12290381016098949,0.23083900249639883,0.25391969918560864,0.29464997533605863,0.08484421141683568,0.3794941867528943,0.5333776568965759,0.04975787666085131,0.2045974513156058,0.32699788440643224,0.2543553279764571,1.228900059562296,44793536171,0.0027854338013640276,0.012274700791795184,-0.0006890017942804277,-0.006999326487454403,0.0054805066348476705,0.00011109607558695833,-0.0038971867681059924,-0.018018999604863417,-0.006178709014347472,-0.004174177544899099,-0.010352886559246599,0.10964134196065833,3.305034728013884,9.871552068080973,13.176586796094856,47.159641878224484,8.182406907086529,44.65795121468898,1129497.36,-0.3023701715392164,-0.532846301814276,-0.8352164733534941,-0.03992068584965125,0.023337771210181657,0.016582914639457158,,,
11200650,성수1가1동,2024,③ 급성장 신흥,0.07610055460017595,0.35545453309728103,0.048890623632453424,0.05990051087782442,0.4596537777922652,0.1378209127210003,0.15322507388406775,0.15443315625969178,0.1548391683456285,0.14553220850338036,0.15241922091101032,0.101730259375221,0.2541494802862313,0.017169155269750568,0.11596910797755224,0.27722360915420496,0.24164353039107656,0.27837485782395754,0.06961973938345811,0.34799459720741566,0.4027565277569698,0.10181400216176843,0.18771328670766257,0.15005354030868198,0.289527288869431,0.9398927290705067,81964301440,0.00647794805221627,-0.002367260764959911,0.007059546469900341,0.027109568442936827,-0.006626490743211921,-0.011360063726051695,-0.004996442513879984,-0.04084590765476592,-0.008773478028020573,0.0006207095444546173,-0.008152768483565942,0.03617129972255373,15.36961414454559,15.266229258806959,30.63584340335255,45.29156789805203,6.615059965005203,48.09337213694277,2083012.41,-1.7394035613694214,0.14458661682498963,-1.59481694454443,-0.2002431794030386,-0.17992248951673862,0.38016566891977277,,,
11200660,성수1가2동,2024,② 라이징스타,0.1023887789957257,0.3510195765445259,0.04832586061240487,0.16931255199212525,0.32895323185521824,0.1500565755586632,0.14434941205878415,0.15063447073784084,0.16280819638323876,0.17817747016605104,0.12534757584623651,0.08862629924918551,0.21397387509542204,0.013460424999984934,0.06882197563734964,0.35872673536013855,0.2154133845301208,0.26351160687247605,0.08006587259993009,0.34357747947240613,0.41147951466839106,0.12839781216015153,0.20852692068816184,0.14851994300179597,0.33692473284831337,1.0944011058671401,252279842873,0.0034779791315967257,0.018758568627557037,0.0095454340061316,0.009919144944797897,-0.009035360905766482,-0.010210864159876987,0.017176320123048067,-0.009201607017102043,-0.003760506018912868,-0.017162242368662955,-0.020922748387575796,0.134461187863681,26.003684303466418,18.385115617383217,44.388799920849635,41.72848603601788,6.850025723285835,51.42148824069629,2576362.15,-2.3647336495183353,0.7111603866548926,-1.6535732628634463,0.5230798424010459,-0.15107872747313067,-0.37200111492791166,,,
11200670,성수2가1동,2024,② 라이징스타,0.03851718714370092,0.17713821854841905,0.026039449965805723,0.3613120253548226,0.3969931189872517,0.1224846005702668,0.1472552729464526,0.14593032918508944,0.15199862217143265,0.14658961648269447,0.16444384832071385,0.1212977103233502,0.28574155864406403,0.017721675929924546,0.07146703759850576,0.2649340997978808,0.29815769480887344,0.29238683907271223,0.055332652792103226,0.34771949186481543,0.4899415422592848,0.187688645619554,0.22365088825825818,0.15907101899666298,0.4113395338778122,0.9644141136842834,321803506257,0.0044694658614412575,0.017602597819257354,0.0001581153253779749,-0.0686686753456166,-0.0020789115913764644,-0.019166833630786972,-0.01731611599804997,-0.013442065618691823,-0.051749560782764104,0.016267858269267577,-0.03548170251349653,-0.19555814553825446,26.03471510071121,16.973853852395102,43.00856895310631,35.361172684763204,7.183059559971506,57.4557677552653,1695196.58,2.5233346311801306,0.46311545216948957,2.9864500833496166,-2.766438577481324,-0.5369045195274174,3.3033430970087494,,,
11200690,성수2가3동,2024,③ 급성장 신흥,0.05572320627689883,0.25368431506290234,0.03225981022650186,0.23022360918705473,0.4281090592466422,0.14319366314546614,0.1590104318096812,0.1524697871187229,0.16765851105438873,0.167336278935689,0.13343657534195677,0.07689475259409531,0.21033132793605208,0.02441992611661619,0.10407202560598272,0.2814667671015618,0.26012623078924324,0.2610256440195812,0.06888940636701474,0.32991505038659596,0.4047871517903737,0.17633698367547707,0.20724033461158362,0.1610939546326802,0.38357731828706065,0.9980780449696633,482163508799,-0.0009099800440807715,0.006311245091359691,-0.0018672638398904914,0.022065725615422888,0.009966617481559886,0.00232046054660473,-0.013840891494081992,0.00879989779021706,0.0027114255009774157,-0.0002002624302565037,0.002511163070720912,-0.17931064249656115,27.94923204838537,17.49882376363401,45.448055812019376,41.36415897953699,7.867981451350971,50.76785956911204,4508638.87,-2.039686481913062,-0.011367417111845413,-2.0510538990249074,0.5059054713407889,-0.354736907477335,-0.15116856386344324,,,
11200720,송정동,2024,⑦ 일반,0.014651511735165266,0.18193146458957074,0.018863506139682996,0.17621961842995854,0.6083338991056225,0.15811544133390604,0.17933026960310847,0.1488488713505981,0.15941966769069255,0.17473130878098622,0.11908171955493363,0.06047272168577503,0.17955444124070866,0.024358568539407755,0.16049748271917577,0.2540316042775057,0.24072775952517272,0.2626232651614963,0.05776131977724174,0.32038458493873806,0.31240189218822434,0.08097011984591554,0.16705143979159864,0.15167471064313487,0.24802155963751418,1.096046123493379,29081694142,-0.004373785656149572,0.005174120890582556,-0.0005804011836592626,-0.042299294970822604,-0.024070304285970207,0.009024465080837818,0.00720694773358041,0.006750374887854849,-0.021514811308387505,0.00986257588642353,-0.011652235421963947,-0.0033807832092123125,12.92035181213377,10.070654346758062,22.99100615889183,40.633039124717804,9.305626374728284,50.0613345005539,348246.09,-0.1252164427919098,0.5945368376725284,0.4693203948806186,0.08185229296297791,0.4213443639856571,-0.5031966569486599,,,
11200790,용답동,2024,⑦ 일반,0.031307811863133306,0.2625286029953915,0.03192745860576487,0.0961014471511362,0.5781346793845741,0.17269533004111973,0.15764508421182924,0.1495585076364045,0.15166530933487743,0.16679660593668283,0.1222466745324222,0.07939248830666404,0.20163916283908623,0.02753096780122969,0.12603895603657947,0.2727094275154581,0.22024882784266214,0.27275173647808443,0.08072008432598611,0.3534718208040705,0.34782481364509704,0.08843075092532894,0.14422109312061598,0.1439233360052279,0.2326518440459449,1.09976768364607,134918528975,-0.0018288709441482906,0.01413610208916527,0.002366459896274393,0.002319505041546585,-0.0019669534625363916,0.0050068778044091156,-0.000285808890722522,0.00998870603532448,-0.011395123716092359,0.00988141985681909,-0.0015137038592732965,0.04033188577087876,7.22760818841752,8.131407215746277,15.359015404163797,51.160037484153456,10.423989198402648,38.41597331744389,1091223.79,-0.8429897536379158,-0.06802435074062174,-0.9110141043785394,0.9556413472164351,-0.11047823846247162,-0.8451631087539511,,,
11215710,화양동,2024,⑤ 성숙·정체,0.09960019347812954,0.3827254369844109,0.14918416089547934,0.12008500192016576,0.24840520672181443,0.13772712375315704,0.13570625988527865,0.139410921218133,0.140258412727082,0.16263600757669125,0.17132285061526242,0.11293842422439564,0.2842612748396581,0.10499744707290488,0.06120945273261676,0.15178686641666395,0.1481753489532185,0.3269483097083809,0.20688257511621502,0.533830884824596,0.4755048012783154,0.3784162912475788,0.22392219300514027,0.11662842516473525,0.6023384842527191,1.1595454733481982,360220368908,0.004247896258790573,-0.0010836252617947295,-0.0036154189829572247,-0.01546378489146251,-0.008041102460780436,-0.008391088636996558,0.0010028451837403862,0.005336060789533359,-0.026265688904202333,0.011339232475899519,-0.014926456428302814,-0.026260776561093158,34.40020495017879,13.854794670445084,48.25499962062388,39.19558224365426,9.31049965746878,51.493918098876954,4685587.5200000005,-2.314095360592603,0.839633486610504,-1.4744618739820936,-0.5957669841923661,0.05559100006488649,0.5401759841274654,,,
11215730,군자동,2024,③ 급성장 신흥,0.0471502899300514,0.3266077551676069,0.07055012682247098,0.06299658170619657,0.4926952463736742,0.18757272884582496,0.13617134362368605,0.1425974508131304,0.15086210912541578,0.15979396080314276,0.1364139572307878,0.08658844955801219,0.2230024067888,0.03852086667501359,0.08640027003678166,0.24946344423522665,0.22962375223688042,0.2852850629237138,0.11070660389238388,0.3959916668160977,0.3394072288988281,0.11655591432310894,0.23429698130777754,0.15229426666332097,0.3508528956308865,1.059205401074578,164608900041,0.002167876317593069,0.04059543569361185,0.002136649313828287,0.00338544733656964,0.0029245158062360943,0.014480524177895915,-0.015744663879941695,-0.00022142528250834737,-0.00356844023394437,-0.04069133845398937,-0.04425977868793374,-0.23719943791906983,15.026281888455811,12.306832964992612,27.33311485344842,48.60601135941188,9.894047723164613,41.49994091742351,1668681.46,-1.0753316939470157,0.13084819304228645,-0.944483500904731,0.3387921259839075,0.5643772044321942,-0.9031693304160981,,,
11215740,중곡1동,2024,⑦ 일반,0.006282164156943745,0.15654716263598484,0.051618682744200214,0.06755074678047844,0.7180012436823927,0.15036914669676868,0.15542573135520052,0.1332380105883337,0.14901669745177182,0.15974706808123662,0.1629163881500835,0.08928695767660517,0.2522033458266887,0.03997191252495273,0.12478705162041372,0.24424785920642897,0.24103175524536352,0.27004986760246796,0.0799115538003731,0.34996142140284103,0.4488205250134417,0.07214970182785044,0.16921772655494743,0.1765513863113981,0.24136742838279787,1.0720078408188962,222360742270,7.036465899899844e-05,-0.006407545227666428,0.004399398370393999,-0.003448089034142482,0.0017133777778547965,0.005024190988329347,-0.00417033306800893,-0.002399858745475436,-0.0005296226911323393,0.005631291398321747,0.005101668707189422,0.003126448080786437,6.34462407902871,9.204432014265697,15.549056093294407,49.57042220465734,9.878330660342396,40.55124713500026,875610.9,-0.24501605977010144,0.28119051431047026,0.03617445454036883,1.4871722072814393,-0.25851663610806774,-1.2286555711733698,,,
11215750,중곡2동,2024,④ 잠재 후보,0.02311646333927573,0.19842417416144836,0.05399742443903771,0.12675974051947078,0.5977021975407674,0.16160428899579807,0.1627559713328442,0.14748855737762354,0.14433213741875825,0.1691970505827985,0.1453973399895669,0.06922465430261063,0.21462199429217751,0.032689562374341376,0.11557273212012985,0.24489855660266904,0.22970284713293695,0.2875679188170027,0.08956838295292001,0.37713630176992274,0.4571407697088218,0.07803146416154455,0.1699779201806542,0.1838566036370889,0.24800938434219874,1.172275652593562,157329125551,-0.001330255511034481,0.0018684648592872943,0.003844466240803264,0.005369815562979871,-0.0073041172352184824,0.003192670769341044,-0.005463477746923573,0.004392353613762556,-0.0077929821831114465,-0.004652166704500915,-0.012445148887612362,-0.08003277595144564,7.8099484890320285,10.172078625735708,17.982027114767735,49.3547772885367,9.188930433597193,41.4562922778661,1290981.37,-0.6364861752516253,0.23461304465672406,-0.4018731305949039,0.52683541551513,-0.25455306537079814,-0.2722823501443443,,,
11215760,중곡3동,2024,⑦ 일반,0.06765338117639462,0.17901926234556367,0.08201757529010661,0.09806181081742575,0.5732479703705093,0.14698144522111467,0.1549747827054899,0.14308760720769295,0.1621531199137377,0.15249191192597333,0.1526691905504857,0.08764194247550573,0.2403111330259914,0.053755344621679246,0.1442619495958224,0.2483550969744643,0.21000515726375552,0.2634570143170431,0.08016543722723542,0.34362245154427856,0.42885588590861395,0.07717622750290927,0.1881763756445686,0.20294040199749377,0.2653526031474779,0.940419228486606,76348685789,-0.00011723951986496173,0.004400730997915936,0.009693089956540002,0.004874155604418298,-0.004906003347549676,-0.018280775382076175,-0.002148745369280808,-0.019641217204382,-0.014795808814219713,-0.0027248105522033883,-0.017520619366423074,-0.14384776996448956,3.4959978535656355,7.453248561105108,10.949246414670743,53.52153708775664,8.073348944935804,38.40511396730755,786867.76,-0.617531807985356,-0.11845071378074667,-0.735982521766104,1.255321027394416,-0.40514037745125187,-0.8501806499431694,,,
11215770,중곡4동,2024,③ 급성장 신흥,0.045970162869179626,0.20702826262318158,0.0601764645941443,0.11374204730261699,0.5730830626108775,0.14630370955273567,0.14266517270173892,0.1429337484989576,0.13834592658840272,0.1545638987264905,0.17864778614764434,0.09653975778403018,0.27518754393167455,0.025260009098638854,0.0971606594750665,0.2692280729943067,0.250395458125984,0.28361884175353275,0.07433695855247123,0.357955800306004,0.48536517838923654,0.08159276272412197,0.18580968367806197,0.19083137259936608,0.2674024464021839,1.1172276809156685,130831896857,0.0020313970379661345,0.022960801292561256,-0.0024240889191483456,0.008224403397667585,-0.005624635829948765,0.006815560010623223,0.012441272128809577,-0.011899271983899284,0.0013898769121582638,0.006086806125615324,0.007476683037773546,0.1115153089135208,4.319198389074736,7.729754639078346,12.048953028153083,51.826830176608226,7.21344789167071,40.95972193172106,1835238.46,-0.2549058177478454,-0.16660407861693205,-0.42150989636477654,0.20947613762440653,-0.2420593049359212,0.03258316731151467,,,
11215780,능동,2024,① 레전드,0.051380699187365174,0.37725521869292417,0.1029518486544506,0.05336502246637362,0.4150472109988864,0.1438755662793226,0.13487055367938208,0.13777345696061344,0.13289094173387989,0.16599629917056616,0.17481929287404055,0.1097738893021953,0.28459318217623586,0.05688852708310518,0.05244331997893297,0.1821504602210321,0.1831764367321955,0.36401912486861954,0.16132213111611476,0.5253412559847342,0.4165164144837822,0.13419062029826997,0.24306784404292198,0.17681439822514303,0.3772584643411919,1.2491167344045258,102352125860,0.005273636932146719,0.02162420767237372,-0.007984929701023394,-0.013053639460220992,-0.014242072329582522,0.039388902629119815,0.012473231927153633,-0.0028468488767927624,-0.005531945899580809,-0.009489252919731517,-0.015021198819312354,0.1323385986617962,7.760163042341331,13.56071103475635,21.32087407709768,58.23605618242519,6.454707193974161,35.30923662360064,2315064.89,-0.8079793000693734,-0.3050678338949684,-1.11304713396434,1.2435370685514044,-0.056947122238722336,-1.1865899463126723,,,
11215810,광장동,2024,⑦ 일반,0.08127885994561335,0.19038587562342982,0.009859505479163465,0.17174827055673209,0.5467274883950612,0.15105030636147837,0.1537716885353147,0.1394352814637109,0.15027439912692028,0.15817232216807953,0.15115096193175295,0.09614504041274327,0.24729600234449622,0.010728901826695062,0.11039697691793728,0.2731183626272551,0.28694907388723895,0.27245622225100286,0.046350462489870764,0.3188066847408736,0.5076735717703691,0.05737188868827512,0.13486828915118512,0.2793144259396215,0.19224017783946024,1.0525566768993615,162931131931,-0.013482534032204618,0.007915607364781918,-0.0012950829633154026,-0.024539159498184887,-0.009390995659829093,-0.024469487995290917,-0.0032582942811456572,-0.009462608963524244,-0.0032556477877120696,0.0009877375598633664,-0.002267910227848724,-0.08357020286816641,4.812415319381149,8.915394033018478,13.727809352399627,50.37562314854962,8.04595840110328,41.578418450347094,2282126.39,-0.5085524623229158,-0.5748497265203643,-1.08340218884328,1.3877131814737425,-0.20189004471579253,-1.1858231367579677,,,
11215820,자양1동,2024,⑦ 일반,0.011622547508671095,0.19843015003540773,0.0193810449267986,0.11053048148899816,0.6600357760401244,0.15737485705743362,0.1495351943596813,0.14466075096414718,0.14574899171280908,0.16318819223967584,0.15869512612495765,0.08079688754129535,0.239492013666253,0.023914165141877743,0.12316181452478066,0.2583609882010444,0.24325889530359407,0.2893133458435818,0.06199079098512128,0.3513041368287031,0.4762580523075134,0.0804465002477838,0.14849601180868732,0.17911622336927757,0.22894251205647112,1.119652289336106,168889001102,-0.0017550397451962189,-0.00858734812521425,-0.0004822443259409892,-0.003265822193409082,-0.004864721113052417,-0.005864785643959758,0.0013930263015309863,-0.0010640863227130981,-0.009236168335042177,0.0008633761140026119,-0.008372792221039566,0.05057727170762649,11.118520082026532,10.737559959699134,21.856080041725665,49.08691794239187,8.917479912344493,41.99560214526363,1549128.02,-0.9251325111516326,0.3799962038143363,-0.5451363073372981,0.5377861788755496,0.2548150984344879,-0.7926012773100268,,,
11215830,자양2동,2024,⑦ 일반,0.055807217167659184,0.22840630476005844,0.057856571964263165,0.07616905826924682,0.5817608478387724,0.15460377301772,0.1585325916439118,0.13294995922798233,0.14521838142546287,0.16486138058459376,0.15079481469984432,0.09303909940048496,0.24383391410032929,0.030873358783323136,0.1141109921803592,0.2367360283126109,0.20576555035662802,0.30367620080271673,0.10883786956436202,0.4125140703670787,0.3952512408024444,0.06481151451297901,0.17123238943514227,0.2322049809854359,0.23604390394812128,1.1352652396088934,71136201131,0.007472777870462972,-0.01616753150685704,0.0033661515993726188,-0.005745531371872406,-0.003865057592019494,-0.0077374349591693425,-0.00390138669011586,-0.014020308270031256,-0.010052782023127066,0.00852223592054166,-0.0015305461025853784,0.023358177627204935,6.068323408959246,8.753925939244075,14.822249348203322,46.64852379245727,8.449803453963023,44.90167275357971,1257654.46,-0.4119635066744003,0.05615528957238958,-0.3558082171020107,-0.28941254742719735,-0.17313845608944511,0.46255100351663714,,,
11215840,자양3동,2024,② 라이징스타,0.0930906015443801,0.21194027858599435,0.00398736566456867,0.23183911439865745,0.4591426398063994,0.14604617399221864,0.1332076132481227,0.13462202103706863,0.13788758886704522,0.15567622953848845,0.16472409225141083,0.1278362810656455,0.29256037331705637,0.01184682373117459,0.0705894740671948,0.22912510394267435,0.25159605664634377,0.3574807970809535,0.07936174453165902,0.4368425416126125,0.5395645619639121,0.15261742636793385,0.19701830323688155,0.2728285153443271,0.34963572960481537,1.1290082799880958,181360035631,0.011097112616822738,0.005174577225856486,-0.002764474422059616,0.030847240804191767,-0.024345524623224535,0.0013809218108088994,-0.003415859135442928,-0.004579193177100871,-0.00877066736833354,-0.03580280454346821,-0.044573471911801776,-0.07473678587053056,12.978460673049904,13.475747201040713,26.454207874090617,47.789802481655656,7.5222664668218515,44.6879310515225,3749856.26,-2.204165444123719,-0.8120375526242629,-3.0162029967479818,0.13650022490107716,0.2088134366247747,-0.345313661525843,,,
11215847,자양4동,2024,⑤ 성숙·정체,0.02849105010246937,0.3470633102758186,0.05358690169041732,0.1967422856710836,0.3741164522602111,0.1378772075705353,0.13382062210177254,0.1334903537815276,0.13677086421764348,0.15622336439579865,0.18056764171291464,0.12124994621980784,0.3018175879327225,0.04088021798041192,0.07086442556754069,0.1893891859613504,0.2070542356255878,0.3558752816494071,0.13593665321570203,0.4918119348651092,0.4575101744247476,0.21039111107671046,0.20200502012712745,0.1496340902573642,0.4123961312038379,1.142226930343881,179433767538,0.0008561883831974607,0.004121887578462213,-0.0025899940487231973,-0.014588327352331315,-0.010399882374300506,-0.0071676639729020275,-0.0016658292386131923,0.006083411614260681,-0.025063523784213837,0.003707379428950719,-0.021356144355263118,-0.04360440355656503,24.92032374741769,14.683719512326551,39.604043259744245,41.54482530520044,9.255161587414312,49.20001310738526,3201248.6999999997,-2.539446320808736,0.6085009513284803,-1.9309453694802556,-0.07385708569653815,-0.3054670349532085,0.3793241206497626,,,
11215850,구의1동,2024,⑦ 일반,0.02337316117883113,0.29389459436947263,0.091075387406379,0.0478130968948991,0.5438437601504181,0.15032455102525027,0.14992461317803357,0.16353258134157622,0.14907251728198315,0.15689496906471798,0.15399975460017942,0.07625101350825939,0.2302507681084388,0.05638890886656266,0.11835738594277363,0.20758779027716812,0.19968562586044708,0.2892241874742383,0.12875610157881023,0.4179802890530485,0.3860689616041386,0.10060836875542588,0.1845374851205605,0.21793357502523247,0.2851458538759864,1.0524741375899491,229936875542,-0.0023672009255731145,-0.0024748543713714044,-0.003623718657427208,-0.0017761559445301014,5.1321819103195e-05,-0.019419967806625082,-0.005561712140899844,-0.021698936119041834,-0.0192077329459064,-0.00495739408824683,-0.02416512703415319,-0.029561409282627515,11.358447246359402,12.134647148673697,23.493094395033097,45.11344798986461,10.505300667968676,44.38125134216672,1423258.3599999999,-0.9827310446028505,0.2559606508663066,-0.726770393736544,-0.7416560836139965,0.187600797759929,0.5540552858540764,,,
11215860,구의2동,2024,② 라이징스타,0.025509882210966818,0.3119570576426443,0.028965999878320933,0.0669976967071678,0.5665693635609002,0.15513585290577564,0.13770526799070115,0.13922995408870137,0.13954441428784234,0.16735795487090854,0.15818357374366274,0.10284298211240821,0.26102655585607093,0.019154850660968597,0.10206820626977854,0.25180433142479897,0.21844181789437023,0.3215714582749897,0.08695933547509403,0.40853079375008367,0.4060526829642194,0.06810175778042178,0.14901499218598044,0.20430513895051222,0.2171167499664022,1.1993167603663046,122500987741,-0.0025684271617627125,0.008345394315821042,0.0008541825277889326,-0.00812453202230179,-0.007030663012077054,-0.0032445424547388746,0.010034273103990743,-0.005900811120289784,-0.01814887252090437,-0.0006813522961629792,-0.018830224817067365,0.09027743380457887,4.670133883971282,8.20912583345831,12.879259717429592,52.803262020920435,7.544747744767108,39.65199023431244,1787269.9600000002,-0.6622419099041306,0.08483873567296207,-0.5774031742311685,1.0302332410197153,0.20453610361468044,-1.2347693446344152,,,
11215870,구의3동,2024,⑦ 일반,0.024413990468993233,0.13589189315137426,0.0076673463348407985,0.05034529457601804,0.7816814754687736,0.14916770998308923,0.12154746144037087,0.14604352324970135,0.14833719877551083,0.16246582974146564,0.160891527841027,0.11154674896883503,0.27243827680986205,0.010933169285597058,0.08749903561915398,0.23665185901151214,0.3116480720708058,0.3084303810333906,0.044837482979540426,0.35326786401293103,0.3699244924473026,0.06985077295434482,0.14017892099336496,0.28765567307078566,0.21002969394770976,1.0952467154738217,472450551443,0.0013735443990179515,-0.0006715290270755403,-0.0028543449980997565,-0.002700891074200483,0.0025946343071576172,0.009598743452873704,0.00872066924498971,-0.01877926800352514,-0.004837003721333291,-0.005653920898463977,-0.010490924619797282,-0.0023920092120062186,8.960151507318255,9.763958909819543,18.724110417137798,48.55029990848515,7.893697971188714,43.55600212032614,3157476.52,-0.9621692684863081,-0.029610288800547835,-0.9917795572868577,0.6514112111193171,-0.2529166017348574,-0.398494609384457,,,
11230536,용신동,2024,⑦ 일반,0.02707116582660651,0.19957552688142596,0.021241635282875402,0.10711335511521185,0.6449983168938803,0.16684558156332455,0.15160957245792828,0.1436555819656563,0.15528785091697414,0.16795242848476538,0.14117175849735197,0.07347722611399939,0.21464898461135137,0.05164528687889597,0.2563366996737815,0.2607283354564348,0.2015536577995436,0.1772618755443998,0.05247414464694438,0.22973602019134418,0.49782975750218483,0.045950305673489136,0.12608124031161352,0.17152773954570105,0.17203154598510267,1.0815554951208801,454277663207,-0.003447287963264725,-0.01505013603265895,-0.0013348917373759636,-0.005412490325404223,0.006566087181135383,-0.009603393120016734,0.0029392472231883904,0.030374792926276428,-0.009187414782754671,-0.01907425537550539,-0.028261670158260033,0.05370258205435685,6.156541923124354,6.7714959719595385,12.928037895083893,53.944098526110274,9.379076294550838,36.67682517933889,4303832.14,-0.6691437346715263,0.27550833438835376,-0.3936354002831717,0.3410834581506066,-0.08631593164259144,-0.2547675265080187,,,
11230545,제기동,2024,⑦ 일반,0.0006592058635801869,0.020808695936659585,0.0009318023907041483,0.005273288148423201,0.9723270076606328,0.14122151664151147,0.14064609321746827,0.13424045123756534,0.14358193441144937,0.15485087507484513,0.17810261365711286,0.10735651576004761,0.28545912941716045,0.027621041431867187,0.2517509194282011,0.30420976081128437,0.30135417936104886,0.10951041481626062,0.005553684151337873,0.11506409896759849,0.5089459301414123,0.01717774451625355,0.07677517439405365,0.1251126523258036,0.0939529189103072,1.0784843908781967,3115378860325,-0.0001269884586774172,-0.0005799176789547354,-6.703176219731303e-05,-0.0010334482567143947,0.014766117296923342,0.001042813384609459,0.0055469721786935156,-0.005831289305961773,-0.004480189882430336,0.012097438813592334,0.007617248931162002,0.07123929508904703,6.508306835928939,5.586587059903859,12.094893895832797,55.206583694890774,8.416057669457482,36.37735863565174,3339600.69,-0.6543912683829891,0.425302576599349,-0.229088691783641,-0.15303471560156368,-0.27843533223754946,0.4314700478390989,,,
11230560,전농1동,2024,⑤ 성숙·정체,0.021457393960818416,0.1610040531213268,0.029464456451068956,0.11375007619413705,0.6743240202726488,0.13530616332238318,0.13532029144372412,0.12071470130876005,0.14299412884802032,0.16353507455700442,0.1785088373937899,0.12362080312631803,0.30212964052010793,0.029866426598292025,0.09016636843908174,0.22700684073799843,0.2332990645293611,0.3252717283693372,0.0943895713259295,0.4196612996952667,0.4495239319283537,0.12028098098318214,0.1915706953701019,0.20319471127340452,0.31185167635328404,1.1436488747787388,184159658401,-0.0046910609250839334,-0.030630937491510996,-0.001931078632088263,-0.018772373700601308,0.02074943562071485,-0.008377440327243746,0.0026434109636439274,0.002012000500622335,-0.03387472013839203,0.009676920983799187,-0.02419779915459286,0.044418863300417,8.228923343304096,10.40907693542822,18.638000278732317,50.91188900447781,8.046241127669324,41.04186986785287,4255050.21,-0.9359273234648757,0.06639369035844211,-0.8695336331064318,0.17658216830763962,-0.39211381891784036,0.2155316506101954,,,
11230570,전농2동,2024,⑦ 일반,0.04642330086482208,0.17547582876805126,0.039111460125294366,0.07376920818680134,0.665220202055031,0.1529199722197167,0.17223231244020815,0.146373300512123,0.14762194676783266,0.17048006955123207,0.1381480595623252,0.07222433894656222,0.21037239850888742,0.018103745055424184,0.12551472635252417,0.2513359385198862,0.2449825007275254,0.29195106318091135,0.06811202616372865,0.36006308934464004,0.4410973857699849,0.07370251293212637,0.11473318828916385,0.27737514946044894,0.18843570122129022,1.1548423068783176,59426296808,-0.0017781445131869536,0.00937772299227857,-0.00010677182115485101,0.004566950573110365,0.00031362028463138847,0.012657354205550309,0.009602934202203067,0.0054587761490269004,-0.0026951575582206677,0.002824576142406665,0.0001294185841859974,0.10522378588934189,6.640289042932568,7.125599632921439,13.765888675854008,52.787173404884726,7.603602112982943,39.60922448213233,779408.09,-0.6183769240013985,-0.4773052600508523,-1.0956821840522508,0.22045460147817408,-0.027873654487407862,-0.19258094699076622,,,
11230600,답십리1동,2024,⑦ 일반,0.028564431153270665,0.1386002930046069,0.026504622158163776,0.23221885652022367,0.574111797163735,0.17899140566370225,0.15774572559945502,0.1404783737115232,0.14832781636824222,0.16951145600547413,0.12657839977903626,0.07836682287256698,0.20494522265160323,0.020956214682068236,0.23830701800855889,0.23012846922781538,0.25496670306483177,0.20742266289826639,0.04821893211845935,0.25564159501672573,0.405933130784411,0.04751457753285189,0.1255296214738432,0.20093309340214768,0.17304419900669507,1.142816365506527,143565678518,0.0016054317488740089,-0.0031834290319260883,0.0046451642788361246,0.001088882777764727,0.010914888087308144,-0.01571448050641061,-0.01383420630488505,-0.006565765932512624,-0.009252679113454301,-0.005146586036250178,-0.014399265149704493,-0.08122861031397766,5.569803448607171,8.30060589998868,13.870409348595851,50.4951659375041,8.962158005416576,40.542676057079326,1550381.28,-0.5915198994951147,-0.13714867894495342,-0.7286685784400682,0.48521338725898744,0.19140645749349083,-0.6766198447524872,,,
11230610,답십리2동,2024,⑦ 일반,0.03035294540944392,0.3206758300378259,0.02516758082629158,0.05983269300683844,0.5639709507196001,0.15709784592439838,0.1537178939230779,0.14711955690595802,0.14831396736414681,0.16751280338456428,0.15919595005964204,0.06704198243821255,0.2262379324978546,0.024671824180316687,0.134389799705448,0.2539603575632721,0.22631389157413742,0.2930966537026768,0.06756747327414894,0.36066412697682576,0.4143439868254594,0.06076313790259726,0.1490322870214241,0.19006731479273367,0.20979542492402137,1.1294472554515358,120118153702,0.0017135566108652557,-0.0001476230059884731,-0.003549572502926826,-0.005792133742221456,-0.00497688659937684,-0.026141348330783576,-0.0007648500044883932,0.003969617098500577,-0.006732776635733191,-0.0051559013855722036,-0.011888678021305388,0.0017116451228573748,3.7166282284595127,7.749411650829606,11.466039879289118,49.792566116220094,8.992159581576303,41.21527430220361,1090347.42,-0.21160820744545106,-0.027908038501092136,-0.2395162459465432,0.5052049827789276,-0.03192869699061163,-0.47327628578831593,,,
11230650,장안1동,2024,⑦ 일반,0.0117199343305557,0.13753967306877968,0.025547339348266345,0.11563944962855544,0.7095536036238428,0.18739655122637125,0.1843473831779509,0.14898292187996418,0.16406923804175066,0.1798635251889463,0.08638617725931134,0.04895420322570534,0.13534038048501668,0.03443562222597613,0.19035671078101443,0.3029781741928518,0.2618197273422829,0.15848333829104053,0.051926427166834176,0.2104097654578747,0.4192490881339976,0.035453831322087105,0.1370568654433085,0.2056543361068147,0.1725106967653956,1.0962659870656342,647566704637,-2.95984572812151e-05,-3.991405804093517e-06,0.001115037590203885,-0.011801160705924407,0.0026663630009687578,-0.010113923768798383,0.014602670835527493,-0.039702486043557306,-0.007867812357868646,0.006852899858915823,-0.001014912498952858,0.20690491173975567,6.082617727600465,9.341400672476652,15.424018400077117,48.241745035973054,11.41059905496091,40.34765590906603,2158477.91,-0.6332633487479402,-0.20657653070137094,-0.8398398794493112,1.1145668384679794,-0.3480452500448816,-0.7665215884231102,,,
11230660,장안2동,2024,⑦ 일반,0.026688883249121612,0.1744114023840628,0.025837336382321035,0.06742272167495143,0.7056396563095431,0.1505955999959216,0.14784515820803562,0.13751208934191814,0.1413495607205097,0.1558980546364042,0.15587187292496812,0.11092766417224259,0.2667995370972107,0.03511337212115204,0.17027011212868626,0.22022394935788436,0.2241978990075617,0.27348132220208377,0.07671334518263186,0.3501946673847156,0.44370782667224534,0.04463868287784972,0.13043295882119613,0.25146564920261333,0.17507164169904585,1.1029256393987754,384977583479,-0.0018264046905222403,-0.009873623683584187,-0.0028899327343379563,-0.002997441233606013,0.01208712880661117,-0.0015701908055474334,-0.00304944926287512,0.014480193638791106,-0.007316117331457678,-0.002891944213693126,-0.010208061545150804,-0.025554599783482734,4.557088085376921,8.481975107118977,13.039063192495899,50.368636765652354,9.52786706995127,40.103496164396375,2265807.64,-0.3102039994535577,-0.0011219336480134956,-0.3113259331015712,0.6457819730573675,-0.1010388313740922,-0.54474314168327,,,
11230705,청량리동,2024,③ 급성장 신흥,0.020801828650039395,0.22561018218841056,0.03250245263583237,0.1288964716920062,0.5921890648337115,0.14211039250985402,0.14583196668404325,0.13672862755396537,0.14221966886468598,0.1576067255479308,0.1684302543216599,0.1070723645178607,0.2755026188395206,0.027755937661759288,0.13451218816183647,0.26034037005892047,0.2595582458096154,0.2624029201821706,0.05543033812569776,0.31783325830786835,0.4518475834785769,0.06445269397134788,0.1231794452816808,0.14358338564772904,0.18763213925302868,1.1081921847102927,217557476515,-0.004521953761807893,0.03429010290235934,0.0019479866618376841,-0.002045168430074018,0.017806209608572265,0.00900790338676477,-0.016025812855565702,0.000916587409879821,-0.006000317692487864,0.004536798156875951,-0.0014635195356119124,-0.1697064788073661,4.4002777746474475,5.328592553748916,9.728870328396363,53.009208607765466,9.062802266207079,37.92798912602745,2080895.4500000002,-0.3065120037709024,-0.06207592491397751,-0.3685879286848799,1.4462175811539169,-0.6582510526335863,-0.787966528520343,,,
11230710,회기동,2024,⑤ 성숙·정체,0.13477536728427525,0.38662582658943506,0.11374767738972122,0.04559198213110172,0.3192591466054668,0.15376827646613303,0.1551293579266214,0.14953902613242898,0.15789949550384674,0.15797128223167484,0.13323953089648385,0.09245303084281116,0.225692561739295,0.06071949183837058,0.09653401906823511,0.23251901046432652,0.17051424336896936,0.2980158918314026,0.14169734342869583,0.4397132352600984,0.4372644422907842,0.2942454235857698,0.17753601175045877,0.13935323043015282,0.4717814353362286,1.0004546355743509,128229162667,-0.005959476852729573,0.021519790398205174,-0.02302447456474363,-0.002647627780370726,-0.016148003280599676,-0.00629466951680252,0.0004761453273827987,0.0015315768777373062,-0.020740746203420424,0.00811193395748655,-0.012628812245933818,-0.028723717579883123,33.11858605926057,8.809586832248943,41.92817289150952,48.920287272720294,8.178666543890747,42.901046183388964,1308182.69,-3.2021473504151174,0.15501822348994843,-3.0471291269251637,-0.04099496639890532,0.23255668152700348,-0.1915617151280884,,,
11230720,휘경1동,2024,⑦ 일반,0.05745678176141374,0.29790565125488416,0.041399558713000044,0.09142900270528541,0.5118090055654166,0.15804679794262702,0.16364030952228711,0.136701071820308,0.14267948387625676,0.15139991748718098,0.14218719826542867,0.10534522108591149,0.24753241935134013,0.03082322727040456,0.1484778591445936,0.2260414253135917,0.2040732758432645,0.2878597890186807,0.10272442340946493,0.3905842124281456,0.45026505863660987,0.16841791514772597,0.1498950782246224,0.18802292578462731,0.31831299337234836,1.0611190437055917,78014811230,-0.00015565040754034198,0.002296389563430923,0.0013694796873882364,-0.011099713363054944,-0.0037368358366170473,-0.02943205533722204,-0.0016937012598551293,-0.008959650573431288,-0.023732500957269392,-0.006021022711351021,-0.029753523668620385,-0.030536119071123524,20.466754375359596,7.64825167624576,28.115006051605356,46.43652962374325,8.716165296166299,44.847305080090464,1209009.77,-2.52829242786569,-0.17985613029574132,-2.708148558161433,-1.6498297759558938,0.4344723934616379,1.215357382494254,,,
11230730,휘경2동,2024,⑦ 일반,0.013254515154873511,0.13331226417417275,0.01982060857869971,0.10790758872273,0.725705023369524,0.1692094171552097,0.18034742691971659,0.13702919272645434,0.17239391838675946,0.11413318258232445,0.06039680356378213,0.1664900586657533,0.22688686222953544,0.022636780856324906,0.19442374465720852,0.2794254078749119,0.260085263686856,0.1805316732701611,0.06289712965453757,0.24342880292469868,0.4364639072099888,0.09772561886941465,0.13600265895741587,0.21817237835642703,0.2337282778268305,0.662048775562203,59518660606,-0.0007745731168360363,-0.004688221114922342,-0.001126840523783132,-0.016752687659391183,0.008066486054562949,-0.0164045618644785,-0.004430132917782811,0.013022543514903895,-0.020152313580121498,-0.027434122520316184,-0.047586436100437696,0.006957378858822083,7.886144334854794,5.568053420180805,13.4541977550356,55.58045445906762,8.788831508997028,35.63071403193535,1111963.29,-0.6324429776558649,-0.2626452735357132,-0.895088251191579,-1.0675377038118157,0.1957129216273028,0.871824782184504,,,
11230740,이문1동,2024,⑤ 성숙·정체,0.11382963769378684,0.28973212435588497,0.027644992838294725,0.20946280436069176,0.35933044075134174,0.14724924780473847,0.15749114745271062,0.14620830178451208,0.15080668090172034,0.15987621105569805,0.13826462945793716,0.10010378154268329,0.23836841100062048,0.03781631669851836,0.08989728374197536,0.2364397269540141,0.20041841578617586,0.336956382707066,0.09847187411225027,0.4354282568193163,0.4487213007807463,0.25587976491673986,0.16068983908326806,0.16652094816893565,0.4165696040000079,1.060140108513417,106885806601,0.00681447147674695,-0.0015948955908716145,0.00020637364445222697,-0.005062571313696584,-0.009001570403596115,-0.014643698718880216,-0.001058056617681269,-0.005017138808879051,-0.01413342023113856,-0.0030013511469721976,-0.017134771378110814,-0.024326229390305043,21.55363031140811,8.86818910837038,30.42181941977849,55.48880446937062,7.075867569804931,37.43532796082444,1642232.12,-3.146758670824962,-0.20737959629062885,-3.354138267115591,0.6008201889941347,0.32353686369899926,-0.9243570526931393,,,
11230750,이문2동,2024,⑦ 일반,0.0485332387429233,0.17051094215469534,0.033910878486483845,0.12371970385565809,0.6233252367602394,0.15918125110564,0.14956462254392,0.14440236138826962,0.1440913644902393,0.154549254385766,0.1477606104609723,0.10045053562519277,0.24821114608616507,0.02794902282087999,0.13776397037590046,0.20715132130391825,0.2268507218614295,0.3122834355579441,0.08800152807992773,0.4002849636378718,0.4438931532113557,0.05546792111504983,0.15840523874213347,0.2902116541045469,0.2138731598571833,1.0725781862953703,33566537371,-0.000758449889138535,-0.0036230907014576375,-0.005536273925862707,0.029864417989097142,-0.012303410722566854,-0.026661609913180784,0.005041756575223905,-0.00953162710156008,-0.000763158275093552,-0.006641831737893206,-0.007404990012986751,0.029494554524932548,4.015770541017362,5.8542695034885375,9.870040044505899,51.12372878105732,8.876360669705575,39.999910549237114,699826.34,-0.6475638255388869,-0.20515265632540114,-0.8527164818642881,2.100388634041721,0.04992365531843923,-2.1503122893601443,,,
11260520,면목2동,2024,⑦ 일반,0.031679348254091216,0.2319851128100502,0.028428676902287592,0.037806311042194396,0.6701005509913766,0.1622077259590358,0.1552888861942434,0.13901280033850064,0.1425948620491193,0.16394057811296991,0.15161328494318052,0.08534186240295046,0.23695514734613096,0.026108700544994135,0.14554323768270366,0.23185725267556295,0.2225301368333712,0.2892800541983853,0.08468061806498277,0.3739606722633681,0.41523610579234904,0.050402016997768494,0.12162033487473543,0.1814864191110973,0.17202235187250392,1.1496948470450337,102979103321,-0.0014692198554029229,0.017808467611090117,0.0021293572585583155,-0.00878428017507743,-0.003460764466399119,-0.003700942699951748,-0.0021686233964779422,0.01766469540825255,-0.006836062110991914,-0.002461994459778946,-0.009298056570770874,0.013138392343236882,3.6544997747204544,6.8535335909385955,10.508033365659049,48.556973479544595,9.600941703566168,41.84208481688923,886920.29,-0.3518175079103436,-0.057269409389044235,-0.40908691729938873,0.037362263914715754,-0.0249103091272751,-0.012451954787444208,,,
11260540,면목4동,2024,⑦ 일반,0.03765921648758602,0.11497095718065363,0.030768217368295898,0.12110322081616276,0.6954983881473017,0.1655523340654339,0.1544146368245528,0.14664815944086002,0.16162118316782584,0.15892972159241153,0.13856677316369165,0.07426719174522425,0.2128339649089159,0.030950222323281207,0.14314110780458916,0.22576796824305476,0.25955468745291654,0.26373756168237783,0.07684845249378047,0.3405860141761583,0.3766457168929339,0.05450189805903301,0.14118175277430578,0.2195062758968369,0.19568365083333877,0.983347098921931,49789254368,-0.0007950616345342582,-0.007402429177451236,-0.011797614045180694,-1.1532525235294355e-05,-0.0009878539497483463,-0.015162238092246705,-0.0029251490961289817,-0.020958813226021167,-0.011572401577179522,-0.011019283276959363,-0.0225916848541389,0.004118635192570386,3.287099261870662,6.95938775337255,10.246487015243211,54.183354378352725,8.202304580953914,37.614341040693354,826007.0,-0.3040679174827372,-0.1941732527184099,-0.49824117020114755,1.3762088683520304,-0.004844040291290597,-1.3713648280607487,,,
11260550,면목5동,2024,④ 잠재 후보,0.0,0.2535725275316691,0.021117848899353864,0.043574549825522384,0.6817350737434547,0.15771654652712208,0.1524296522965065,0.14899269289618278,0.1402703843097296,0.16447689110598998,0.15091149510286736,0.08520233776160169,0.23611383286446905,0.0237357923284936,0.10028943857988172,0.2093844342449809,0.2203579317498718,0.34709574229512125,0.09913666080165072,0.446232403096772,0.3617429568590014,0.0567646543573574,0.16072449522682228,0.17986186162928505,0.21748914958417967,1.1725703320439347,36834538106,0.0,-0.0485279199202735,-0.011365019324702963,-0.00816219760345823,0.031045812140638618,0.05843719322367452,0.008546114399951343,0.079687020767918,0.002155411738665694,-0.00041647941366246277,0.0017389323250032174,0.007281418811536211,2.565535853608493,7.5582331148926425,10.123768968501135,51.88479201250469,8.201690969148402,39.9135170183469,692418.31,0.060635445868943094,0.09181879004560667,0.15245423591455065,1.397310676122288,0.1700054475900945,-1.567316123712395,,,
11260565,면목본동,2024,⑤ 성숙·정체,0.014194958843027523,0.2666208903823528,0.04887993368651773,0.08229368869708137,0.5880105283910205,0.13831419254434185,0.13813341134299478,0.13360039067720425,0.14235845264077163,0.1760986107245973,0.15856819295673014,0.11292674911336008,0.2714949420700902,0.03589923738874552,0.11683851419595415,0.21191560957462316,0.22903508191294752,0.3185669742457132,0.08774458268201644,0.40631155692772963,0.5029686646863886,0.06672904671910022,0.14204558664072484,0.1505998898599889,0.20877463335982507,1.2370084631993423,228375288428,0.00064883117787185,0.0002717115048428975,-0.00493027795820241,-0.004773897028935145,-0.0054929551274820465,-0.0180665954769621,0.01333029230460317,0.00862363716466985,-0.012274956207698265,0.004745289378065065,-0.007529666829633186,0.08498118372191299,4.8349858282671745,7.830827706032613,12.665813534299787,48.818739508838966,10.52199925947415,40.659261231686884,1586764.32,-0.521755537560117,0.05010363394883921,-0.47165190361127785,1.3544497400022308,-0.2872344805687579,-1.0672152594334818,,,
11260570,면목7동,2024,⑦ 일반,0.03594423726339732,0.14201307365010155,0.020576554585913214,0.12101030535352932,0.6804558291470586,0.1489265683641616,0.16559103307107592,0.13453025209167838,0.16060152786724927,0.174795302425352,0.13821775156136945,0.0773375646191134,0.21555531618048285,0.02248660712813782,0.1462728701206487,0.2619154417123021,0.2577159521176168,0.25668821975471107,0.054920909166583494,0.3116091289212946,0.5099489201422838,0.05494080403510341,0.13677891053640062,0.1739642564863473,0.19171971457150402,1.0883788264445096,185927240298,-0.004142918309032212,-0.011694377680429274,0.00027604106878096474,-0.007402500614008475,-0.016145875602155163,-0.02203221828308005,0.008807227483960928,0.0012387257264123708,-0.01134855768979793,-0.001878702844492458,-0.01322726053429038,-0.02653977616596448,3.266386393021882,7.190558660484779,10.456945053506661,50.75890936781759,8.3424708606467,40.89861977153572,758018.71,-0.761730792905897,-0.39495488296469894,-1.1566856758705946,-1.1835857723195247,-0.12422983313187963,1.3078156054514238,,,
11260575,면목3·8동,2024,⑤ 성숙·정체,0.029504028644957797,0.2563432036649234,0.08281802818824151,0.08783749853110616,0.5434972409707711,0.15325456083020367,0.1524700786856645,0.14315401516118484,0.1418264624658925,0.16262158719301156,0.156811579774528,0.08986171588951491,0.24667329566404292,0.054602901446694836,0.12252959737994443,0.22285152871488548,0.2083896953040451,0.2798885766740013,0.11173770048042887,0.39162627715443016,0.4695339608019277,0.09611154244694817,0.15868922729404608,0.16785495512499585,0.25480076974099425,1.1466237285028527,151638885382,0.001679545967066657,0.011399104656085512,-0.0010034172103453726,-0.00740339900533947,-0.0025633080029493216,-0.014281126719020876,-0.00017974673935222674,0.01043296444781322,-0.015130783091137079,0.0010356446134542618,-0.01409513847768279,0.06199984727984176,5.4288615485942024,7.954363419967232,13.383224968561436,53.04872027717633,9.326308056386354,37.62497166643731,1831882.23,-1.0214054495795066,-0.11670385258069427,-1.1381093021601991,2.078883707322241,0.00633221333407441,-2.0852159206563172,,,
11260580,상봉1동,2024,⑤ 성숙·정체,0.03629625267947355,0.2961877572435697,0.039255781355019836,0.07918700416854686,0.54907320455339,0.1493887056581265,0.14483992179722716,0.1352483836498261,0.13675940381351384,0.15639506951414062,0.16123609689459653,0.11613241867256928,0.2773685155671658,0.01785525629082841,0.11686336655925994,0.2195488710244319,0.22771294003643205,0.33388103533559754,0.08413853075345014,0.4180195660890477,0.45817350560313064,0.08916206100629347,0.14617635537561374,0.17811217122366874,0.23533841638190722,1.143578175636113,51591357861,0.00551738677732902,-0.013648589988238813,0.0034678085664917174,-0.003850285751632987,0.009776755901313439,0.003049335697444089,0.004529444470624838,-0.01602513440177894,-0.0034733479649384363,-0.010615887503804322,-0.014089235468742717,-0.009091744843824134,3.7197493096807364,8.01828238970002,11.738031699380757,46.10884156822515,8.662687957371626,45.228470474403224,746672.63,-0.3689203592743695,-0.5132389750930546,-0.8821593343674241,0.59475748257654,0.1901450559267719,-0.7849025385033102,,,
11260590,상봉2동,2024,⑤ 성숙·정체,0.02337948739472424,0.3676482653219365,0.07733692654692097,0.0865186037903382,0.44511671694608007,0.13785229703811858,0.13533191492963678,0.1326429303884535,0.13461537796332917,0.17261151220595308,0.17624660300879816,0.11069936446571073,0.2869459674745089,0.0769263297854276,0.08423756185500271,0.18443731084933637,0.18996530162815767,0.3100385516274366,0.15439494425463904,0.46443349588207566,0.4057387101120901,0.1451674515656559,0.2547300186078312,0.16961301062658035,0.39989747017348704,1.2822570111787266,276305574324,0.0005328929474893995,0.021371433853392408,-0.005221360221147914,-0.014780222650283073,0.0014534247622651764,0.001411057400607152,0.008386937897177649,-0.018964605886806152,-0.021876074896362757,0.02031149643271521,-0.0015645784636476034,0.1480304541871862,9.293599603241262,12.300697548928653,21.594297152169915,52.53655150529531,9.786447750116533,37.67700074458816,3756439.0,-0.5777686691202533,0.598497455338924,0.020728786218668915,-0.0641524067672421,0.13340984082702967,-0.0692574340597858,,,
11260600,중화1동,2024,⑦ 일반,0.005340424540906812,0.057137399283407955,0.006152666839066404,0.048421445804530075,0.8829480635320888,0.1428856830561766,0.15526648002110213,0.1359996189586865,0.145963055348891,0.1682942024566843,0.14905261937226968,0.10253834078618979,0.25159096015845944,0.019027297552595256,0.21030517046263733,0.25520173194153184,0.28614084830730496,0.1977824587679999,0.03154249296793075,0.22932495173593065,0.5564639275627274,0.03219844448937686,0.09351828034217083,0.1554188609628243,0.12571672483154767,1.1529917762711654,82846974545,-0.0002972709451533927,-0.004198979612042311,-0.0007682882103963902,-0.020756629665702603,-4.5226718724589166e-05,-0.025596276731770506,0.0020766862289796073,0.010885720513482022,-0.011640564934831933,-0.012344379793576651,-0.02398494472840859,0.06471360926128678,3.8935050983642006,6.607865608914075,10.501370707278276,48.77087513414191,8.204407676526126,43.024717189331966,622605.58,0.2754278248564619,-0.17291346605708569,0.10251435879937709,-0.7649619318660044,-0.37423180143864343,1.1391937333046513,,,
11260610,중화2동,2024,⑤ 성숙·정체,0.018516271182847564,0.282980186859746,0.058390113329981085,0.05313697983252526,0.5869764487949001,0.143711251763134,0.14000237900834892,0.1303686989606034,0.1446313398627316,0.1550994197770773,0.16624614091239664,0.11994076971570812,0.28618691062810475,0.040841738070010764,0.10632614909364317,0.21902406913428443,0.21095913429898844,0.3102849662680459,0.1125639431350273,0.4228489094030732,0.43286735028465434,0.0744357383358081,0.14752938612371866,0.16411511126539383,0.22196512445952676,1.0723776736375454,153888119042,0.00048673607230609317,0.024786208326955772,0.0024690820842361363,0.005692923014521886,-0.009606480260150818,0.012502573069901213,-0.014349493718076839,-0.0010892776917333924,-0.0067916092157251085,-4.407822998431232e-06,-0.00679601703872354,-0.19298839372937215,4.302605336473174,7.292094201150971,11.594699537624145,49.188238902673476,9.532955029961247,41.27880606736527,1191253.81,-0.01241600198621473,0.1868658877816145,0.17444988579540066,0.9974667152535162,-0.29628326933245575,-0.7011834459210675,,,
11260620,묵1동,2024,⑥ 쇠퇴 주의,0.03607101349017359,0.20294972915529438,0.023542758458091548,0.033352665684155396,0.7040838332122851,0.11871781013118832,0.21951916579556596,0.14708277689889926,0.15553498487212677,0.15708281274270666,0.11967428537683952,0.08238816418267349,0.20206244955951302,0.015262642709532715,0.0807752079460524,0.4156952825290061,0.1774488120951601,0.25042656829471727,0.060391486425531375,0.31081805472024865,0.35027738779106843,0.05460805261593712,0.119252361233536,0.16968815749981717,0.17386041384947312,1.0099516380308418,192899987573,-0.003216631830199372,-0.020744620753985005,-0.0008287970840623361,-0.0009034705495472098,-0.04546851102771668,-0.04136169087959274,-0.006651605833100288,-0.029014902959518085,-0.010888034136855913,-0.014046547971908241,-0.024934582108764147,-0.06402055405222984,3.82096841098634,6.653591685608674,10.474560096595015,53.67312484572375,8.502577814017368,37.82429734025888,1412279.93,-0.5500014909886066,-0.39531253985349046,-0.9453140308420966,0.2840536078860225,0.05648632336241022,-0.3405399312484363,,,
11260630,묵2동,2024,⑦ 일반,0.00962340667986183,0.24843215240088715,0.047780814654311166,0.05208964219159075,0.6420739840733491,0.14393401789640656,0.14538045785224776,0.14046816150146457,0.1438970422318184,0.16222994828915305,0.16252420447284102,0.10156616775606864,0.26409037222890963,0.04337447589909059,0.10310198337125784,0.22731849503789012,0.210415174331632,0.3175431870457807,0.09824668431434871,0.4157898713601294,0.44766645905787694,0.07735866224984525,0.15677161274417187,0.18782673826970744,0.23413027499401712,1.1274029387469986,118283580531,0.0018613080823918432,-0.01124103595684714,-0.006499282150612677,-0.028322679781830465,-0.0073213401001627765,0.0064450887070443,0.003382027693938111,-0.006876315267216659,-0.003576941804504727,0.016602433910858666,0.013025492106353925,0.026395892668037435,5.433018364206959,7.645556656894935,13.078575021101894,52.47630009653052,9.059802423822045,38.46389747964742,1620067.78,-0.38310998850862443,0.011834246602686171,-0.37127574190593826,1.429244422352923,-0.029194112736938393,-1.4000503096159918,,,
11260655,망우본동,2024,④ 잠재 후보,0.018909936058381763,0.24770019187228443,0.045510238081138736,0.09450770684696853,0.5933719271412266,0.14813045278726733,0.13992586674880558,0.13422648263994305,0.14785192565593852,0.15593793722381366,0.17190010067218203,0.10202723427204981,0.2739273349442318,0.03051734213298096,0.11690258104771803,0.2601373454702172,0.2407648563120547,0.27670534985926015,0.07497252517776898,0.35167787503702913,0.4688350672430659,0.05343576447391511,0.13127974356615257,0.16812025631421978,0.18471550804006767,1.0546899306992583,273970078376,0.00027727083737166813,0.009993302778277424,-0.002120550922630665,-0.006398575445225568,0.0023300068129252782,-0.00855419198681534,-0.0034083198385714275,0.005926643209446414,-0.009281710941845017,-0.0008351148246198425,-0.01011682576646486,-0.035716703929092875,5.535681086136897,10.49321178416851,16.028892870305405,55.50111635430732,8.532371883280119,35.966511762412566,3541514.53,-0.07596704477701,0.22317522945510326,0.14720818467809238,-0.054341359088283525,0.004874503322790602,0.0494668557654947,,,
11260660,망우3동,2024,⑤ 성숙·정체,0.05429963448108297,0.31593783726761626,0.026576112401091687,0.07646412787104062,0.5267222879791684,0.14181764471894087,0.15050342081509027,0.14247210970090302,0.14842882905348181,0.1556174096301272,0.14833878908044418,0.11282179700101262,0.2611605860814568,0.04994654978425133,0.10559390055126425,0.22196191860220638,0.21349330308095021,0.31225166256070314,0.09675266542062472,0.40900432798132785,0.36284406086247417,0.05252309447458969,0.15755650500554563,0.16863877749318934,0.21007959948013533,1.0484311614023123,58330537236,0.00222887305155698,-0.013045209602491559,0.003124271371721582,-0.004681119707785647,-0.009116347763136523,-0.026377441998972906,-0.01327931093112053,-0.02782445827033847,-0.011091205755541622,-0.004548326545595477,-0.0156395323011371,-0.160302547081683,3.431962331314585,5.896243506543359,9.328205837857944,47.807049537753855,8.739301381292599,43.45364908095355,418117.06,-0.3394877121408526,-0.5178697049170111,-0.8573574170578642,0.29666569960026834,0.03250634729881874,-0.32917204689908885,,,
11260680,신내1동,2024,④ 잠재 후보,0.034361218792900765,0.2946149760550837,0.034664050803282644,0.014271934614157706,0.6220878197345752,0.16226935210373802,0.16127434641676605,0.1522393741991618,0.14613561347936935,0.16286363558540984,0.1254706168068788,0.08974706140867612,0.21521767821555493,0.023595220574390143,0.11034694725816435,0.22674192701435303,0.23636374513203234,0.31397251146405486,0.08897964855700526,0.40295216002106016,0.43845223780759157,0.05252674192958738,0.12435443063022163,0.24145922220914298,0.176881172559809,1.1144691681087175,145431950686,0.0029462363617893533,0.013533682826971538,-0.0016059024789569012,-0.002753533343272564,-0.008636562061930558,-0.011864497262823681,-0.002750822076171222,0.004339080514201676,-0.010428566214834817,0.0064653489237757045,-0.003963217291059112,0.049220968495424566,3.1512005380495527,8.233995613046217,11.38519615109577,50.4590765337106,9.097896016529445,40.44302744975996,2132190.23,-0.4422027863788429,-0.00455859352806165,-0.44676137990690457,0.8458163430741976,-0.09480222342055633,-0.7510141196536253,,,
11260690,신내2동,2024,⑦ 일반,0.058055884018730415,0.1324462399553402,0.015571188578046175,0.02145251851277134,0.7724741689351119,0.16189641916695596,0.16289490695893044,0.1437612157117699,0.1385503320298989,0.16543290823226525,0.14005547434937599,0.08740874355080355,0.22746421790017954,0.019386576603772472,0.12399732638043848,0.2224639698268412,0.246805440903589,0.30069311595280906,0.08665357033254982,0.3873466862853589,0.4991218849043528,0.050095569466871,0.13899301577975237,0.3056887137676804,0.1890885852466234,1.1940275119410406,132066207579,0.022726869547408726,-0.026239019185455764,-0.0007197622559132078,-0.0023439919408191935,-0.0013167477252081783,-0.027665010518166777,0.002783521076492518,0.003998515215528575,-0.00900488412714101,0.0016514673956420645,-0.0073534167314989185,0.06990727065801261,2.5478499905826775,6.493389286934626,9.041239277517302,54.08325038512953,7.600395006603143,38.316354608267325,735187.71,-0.7968155763976599,-0.6164141619130143,-1.413229738310676,0.9192888056117283,-0.20209537657308374,-0.7171934290386375,,,
11290525,성북동,2024,⑤ 성숙·정체,0.06436998509393832,0.3723863463402324,0.006938772651337888,0.10882544666261897,0.44747944925187244,0.1492463970335478,0.14647899167050923,0.14581712269086144,0.14155417123012332,0.15731617132877562,0.15883689142897592,0.10075025461720669,0.2595871460461826,0.006609158343663362,0.09305260294063313,0.3030329519731606,0.23890379408428206,0.3093907267047019,0.04901076595355897,0.3584014926582609,0.4891567771321818,0.05751769067268885,0.11747387716589504,0.21638314127840788,0.17499156783858388,1.1113495982610655,112274279782,-0.0011077793608667147,0.003932902765003632,0.00010907144366525783,-0.00937852957482345,-0.005132143120849919,-0.0019001742940719102,0.0025814458370144178,-0.0026089024811525863,-0.004570678133358895,-0.0013668625396799916,-0.0059375406730388935,0.030944050883024765,5.615821340569181,8.472928798637613,14.088750139206795,50.39070541234405,7.33150486771202,42.27778971994393,2117892.34,-0.18423414881219813,-0.16264853208079622,-0.34688268089299257,0.49116135006246964,-0.03327431802136438,-0.45788703204111414,,,
11290555,삼선동,2024,④ 잠재 후보,0.014296356268711691,0.2143021757163391,0.03554009911791602,0.08944050752885985,0.6464208613681733,0.16130756053390796,0.15188676258028014,0.13940103243908597,0.14522682471793855,0.167836801183097,0.15159780927651906,0.08274320926917134,0.2343410185456904,0.022448086629311952,0.1156946613279774,0.24255117693428746,0.23446914522837564,0.3026114878571823,0.08222544202286527,0.3848369298800476,0.5216251824154289,0.09435089932241691,0.1542259874761331,0.188342205795914,0.24857688679855,1.1556873291767678,243582018561,-0.00015652642517836705,-0.006234687777703557,0.0013356511821693562,-0.006640988008967508,-0.005221816951038377,-0.01121804131352977,-0.002981546192686424,0.01320348513803482,-0.002044562979916134,0.011732531551754466,0.009687968571838346,-0.02536433739416344,10.507421250335476,8.766902846799503,19.27432409713498,50.96512588480845,8.754270563467154,40.28060355172439,1954911.82,-0.6792181303664293,-0.13973966953386352,-0.8189577999002928,0.6018015395598582,-0.057555408651841944,-0.5442461309080215,,,
11290575,동선동,2024,⑤ 성숙·정체,0.1341429015587338,0.3159522615199061,0.09493223873185146,0.06631565173551596,0.38865694645399274,0.14196344678947148,0.14413555908151074,0.1341986715899204,0.13360693457980832,0.16063418064102253,0.17321801437539688,0.11224319294286965,0.2854612073182665,0.06373932764034429,0.06229334270246632,0.1930334421203051,0.2005847565988102,0.3398716524564354,0.14047747848163866,0.4803491309380741,0.5414428241749911,0.2382541426924397,0.1995424487203648,0.20200263578272346,0.43779659141280447,1.2022892460351287,268766139826,-0.0020610177455198664,0.03968539723950065,0.004543046775693713,0.000666260891503595,0.00114849870406597,-0.015546006947492141,0.0029278767058992794,-0.00575470314719273,-0.019899032155942548,-0.0016475064088601332,-0.021546538564802764,0.034329494328819044,19.315657083272598,10.226838074389086,29.542495157661683,49.04523214097082,9.200155757702433,41.75461210132674,2614599.43,-1.4946905602699907,0.36936322380556597,-1.125327336464423,-1.1049751585512126,-0.050512250235074774,1.1554874087862714,,,
11290580,돈암1동,2024,⑦ 일반,0.002995310530861697,0.02713116803176253,0.004585318350497848,0.0419277998572958,0.9233604032295821,0.1780909914031925,0.16459045496127897,0.14532950714139026,0.16536025754665334,0.16505151329919018,0.12626238555673025,0.05531489009156446,0.18157727564829473,0.014659401952325731,0.17462104654035945,0.20710742037125243,0.26255993532457184,0.2635393019116119,0.07751289389987867,0.34105219581149054,0.5333795384503294,0.029295976425639907,0.07396793729126515,0.3989459477780744,0.10326391371690505,0.9981328993311706,35256718431,0.000359914800490785,0.0032161589789887583,0.00015723689900635097,-0.0004923727767433203,-0.0024046035869721705,-0.04765394383224375,-0.00017404209732788112,-0.0070677915229150345,-0.00849484759380987,2.7071833246808397e-05,-0.008467775760563068,-0.018695922668608422,2.357474632328848,4.609631417974206,6.9671060503030535,51.382197627641006,7.952568377124394,40.6652339952346,532236.48,-0.3551354088619796,-0.5475437988501684,-0.9026792077121479,-1.0843890350721708,0.3840568272867788,0.7003322077853937,,,
11290590,돈암2동,2024,⑦ 일반,0.0858319630763882,0.07540921833937207,0.0,0.08080045741401164,0.7579583611702281,0.1649740348840801,0.1586434640571191,0.15006691152021448,0.16278549659860378,0.15264023404912078,0.14736343047118433,0.06352642841967743,0.21088985889086176,0.009268010329101715,0.1501280682946885,0.24152090761355047,0.2751993075308148,0.28456526324196046,0.039318442989884086,0.32388370623184454,0.5835170953087421,0.04198269554284033,0.1292413098676357,0.321754372331066,0.17122400541047603,0.9376771102987193,31317004804,-0.012516205130072566,-0.018733618194959736,0.0,0.03857040844355208,0.016460109845081783,-0.02005695314992656,-0.004196151453099317,-0.008224666807338021,-0.00272752766595194,0.006076031777114008,0.003348504111162054,-0.055526308087134546,1.9421545248371708,5.685427477396161,7.627582002233331,45.43737197885211,5.364009673300615,49.198618347847265,304227.08,-0.21255965581419445,0.11446304737736135,-0.09809660843683332,-0.09766310843050974,-0.2876098745304425,0.3852729829609558,,,
11290600,안암동,2024,⑤ 성숙·정체,0.14083410105118843,0.3966789065216637,0.08894535589735493,0.09612913263544082,0.2774125038943521,0.15857122687054487,0.16722147417437017,0.15904453017289039,0.1628275072222692,0.1555471249168943,0.11839148626455688,0.0783966503784742,0.19678813664303108,0.05331919399616206,0.09770855189737915,0.27202146718799075,0.18124187766596805,0.28433020559997635,0.11137870365252359,0.39570890925249996,0.4036670806017302,0.29302163877837895,0.16435659238185604,0.13866077585571615,0.457378231160235,0.9552877616959599,160003449426,0.0011056138554482176,0.015972658911092563,-0.0017134788357430625,-0.004116938053405322,-0.0060043315765827,-0.003920432126790885,-2.1918591835839996e-05,0.005362680557042088,-0.018339066116019598,0.0046895951288306315,-0.013649470987188939,0.011311001420489464,21.17380656537051,7.8886054086701085,29.062411974040618,51.77932125658966,8.19701633363447,40.02366240977586,1666837.84,-0.6070707213398236,-0.10891753170636775,-0.7159882530461914,-0.1019945415754222,-0.1767650100715965,0.2787595516470063,,,
11290610,보문동,2024,⑤ 성숙·정체,0.04953526300301366,0.24495872835471758,0.05191572070555674,0.08711330367369888,0.5664769842630132,0.15079970549630706,0.15364614906225896,0.14819473418989929,0.14395017487390946,0.16684279898753035,0.14487554003796152,0.09169089735213336,0.2365664373900949,0.03290941264146376,0.11703196193165287,0.21191146591861948,0.22046025890553606,0.31376483833247015,0.1039220622702577,0.41768690060272784,0.42937171309081307,0.09285992000287033,0.16462675719764883,0.20215116465614566,0.25748667720051915,1.1590315825157786,57290154265,-0.004562900759649852,-0.03154784971980221,-0.0012557059053104266,0.0010479583941434417,-0.0038739192450446824,5.279811811770285e-05,0.0016542828671411713,0.0001497493728432886,-0.01195708552587288,0.0027261885002643205,-0.009230897025608586,-0.016112604650909246,14.015640838700325,8.66184450943274,22.677485348133064,50.34732563621065,8.655141319770932,40.99753304401842,955067.71,0.5617168171094953,0.5038173086569788,1.0655341257664723,-0.4006764874289459,-0.24843280517023203,0.6491092925991779,,,
11290620,정릉1동,2024,⑦ 일반,0.01713342424441611,0.2333574443140696,0.010499576381707145,0.10746905247604106,0.631540502583766,0.16210318666283857,0.16347640947691786,0.1449866854908717,0.16150579129587675,0.16362625388041535,0.140832059962667,0.06346961323041278,0.2043016731930798,0.024361569253676288,0.15718549651350408,0.21503510135387366,0.21333936509467347,0.3024117512772429,0.08766671650702962,0.3900784677842725,0.42662153415275755,0.07086181184397664,0.1360718776003227,0.24455882594052983,0.20693368944429932,1.0131293284750014,43320029634,-0.0040565949019279735,-0.010973300856048751,-0.001093479108568383,0.000786142907898274,-0.0124050613424804,0.009543534383204544,-0.006114957551188849,0.002861971256287177,-0.012541925864861303,0.007733795520202813,-0.00480813034465849,-0.10502319621412681,3.060557203447106,5.49257016613008,8.553127369577187,51.485884432347774,6.064324583106609,42.44979098454563,540431.33,-0.5441590297504608,-0.23144780424304923,-0.7756068339935105,1.36783880940051,-0.4453337049860462,-0.9225051044144479,,,
11290630,정릉2동,2024,⑦ 일반,0.03950049878580386,0.2783156033261247,0.02058052231535762,0.03568128632446206,0.6259220892482518,0.15720117853071347,0.1664591634089884,0.14249268260545864,0.14869713597184733,0.1641431520326465,0.14632494108939256,0.07468174636095311,0.22100668745034566,0.019681648171073787,0.12485005723396476,0.25933652908848487,0.2244813352587777,0.3029760380320554,0.06867439221564345,0.3716504302476989,0.4812251514217026,0.06320821234506448,0.1301592323247755,0.20307527721518773,0.19336744466983996,1.103875679648084,58882850660,-0.0033421175556430094,0.00551808635139861,0.0011169078342060691,-0.014654527179301283,-0.011711449389695178,-0.0046392530403204235,0.009637307731580252,-0.005218689682016553,-0.029236272935155697,0.0016912311026111293,-0.02754504183254458,0.07355488849456338,5.628513417664833,5.915873214296726,11.544386631961558,48.76123110451277,7.405721065398647,43.83304783008858,998984.56,-0.6452061153663244,-0.13233463689395553,-0.7775407522602809,0.23813901017574324,-0.12883087350766598,-0.10930813666808348,,,
11290640,정릉3동,2024,⑤ 성숙·정체,0.06675104044295851,0.28653133320715835,0.029924190547658245,0.23200759767219392,0.384785838130031,0.14449175846805942,0.14795552414322574,0.14103368586267204,0.147791626144746,0.1667265715133637,0.1631373850522885,0.08886344881564459,0.2520008338679331,0.04446439056636968,0.13177789856404284,0.23353367141859674,0.21756765400949354,0.27221790793298223,0.10043847750851499,0.3726563854414972,0.4025599249143261,0.13324544148061276,0.14020624583555732,0.17592122225903198,0.2734516873161701,1.128119203114207,46972373497,0.0212045466296137,0.00719929698513655,0.0018614426233980463,-0.0011520831223847672,-0.00973201575997773,-0.020225902378371796,0.01515274957631682,0.009244398916789576,0.0031289624482609135,0.020192237902844787,0.023321200351105686,0.13813203654158224,7.797626340372438,5.55650349638388,13.354129836756318,56.78160114268783,8.218238226011769,35.00016063130041,830161.99,-0.8598719594132875,-0.47745532174407224,-1.3373272811573607,0.0029208072686941478,0.1566472873419329,-0.15956809461061994,,,
11290650,정릉4동,2024,⑦ 일반,0.026695143301985604,0.20526375681601336,0.015013669493268253,0.07647893477182618,0.6765484956169066,0.14634412655981105,0.1482013610876706,0.13979543745297932,0.1392098176247421,0.15841801996727486,0.16310809841098728,0.10492313889653479,0.26803123730752204,0.020468128202334675,0.13161623213584273,0.24217286890604117,0.2441699994648553,0.30759589814179183,0.05397687314913429,0.36157277129092613,0.48092140899622426,0.07177904048558344,0.11152623157546188,0.17352271576843215,0.1833052720610453,1.137980227761744,89531896756,0.0004433778736325916,0.0032702958956599137,-0.001913541333357048,-0.007860935595758373,-0.00782067582635726,-0.00025914889436229327,-0.0026505015681437816,0.002621732789604314,-0.0030351916633620663,-0.007402080228788521,-0.010437271892150601,-0.01729987001195643,4.349854848196829,4.662632897151039,9.012487745347869,53.506898766667,7.577523743084773,38.915577490248246,1003139.45,-0.10081765287342837,-0.14667685819283172,-0.2474945110662592,0.12552163821640505,-0.03378929353790916,-0.09173234467848346,,,
11290660,길음1동,2024,⑦ 일반,0.0499716739210921,0.1333402178222598,0.02320160159450213,0.03317827511768319,0.7603082315444628,0.15834225109989636,0.15314323024762028,0.147856641196956,0.1519316017994314,0.1511921338764397,0.1638651409906758,0.07366900078898045,0.23753414177965626,0.01578382231605071,0.10241800775467585,0.20708001383026517,0.265912603891805,0.3300888629682036,0.07871668923899967,0.40880555220720327,0.5522417586674297,0.04180049956322365,0.1127960123427903,0.4397086334861276,0.15459651190601395,0.9951328893118108,49735350049,-0.003197734495192346,-0.020109589841059983,-0.006249842198025924,-0.00169745651940649,0.0017185217460743418,-0.015992286333822825,-0.008746622805827942,0.019035536121977392,-0.007641307338814934,-0.008224487383826404,-0.015865794722641352,-0.0879282169898652,3.083058689840595,5.365524889905291,8.448583579745886,48.327199247181504,7.219797169362903,44.45300358345561,1216750.1099999999,-0.05512514306135996,-0.27732067649878545,-0.33244581956014585,-0.3556765260981365,0.17958649886929123,0.17609002722887368,,,
11290685,길음2동,2024,⑦ 일반,0.056120756820081594,0.14324419952345246,0.0010048295756879828,0.10827746936356245,0.6913527447172155,0.14467447382690973,0.15525446873017076,0.14044993929833371,0.14154049095355817,0.15863804911106383,0.17474807381622892,0.08469450426373486,0.2594425780799638,0.011011528574259811,0.10703213535984957,0.2742080596226573,0.2851371010887149,0.2760764028478302,0.046534772506688166,0.3226111753545184,0.5268269052155942,0.05287896509927789,0.1378890039373592,0.3023575406437037,0.1907679690366371,1.120796233235588,88396455627,0.0007371777969265164,0.006605088099385814,-0.0007589134820586057,0.002510475082789329,0.029145405393606882,0.00269473002710624,-0.00375735564383331,-0.01595302250939723,-0.004012709069285303,0.00222686148052742,-0.0017858475887578829,0.04356990124464688,3.586871095377147,8.741937418564993,12.328808513942139,53.87344404792203,7.459647162036917,38.66690879004106,1890771.6,-0.4169746023032874,-0.6502213004897612,-1.067195902793049,-0.3948056377470621,0.08961533842634939,0.30519029932072783,,,
11290705,종암동,2024,⑦ 일반,0.049065469417431604,0.24434728567835312,0.0433048470150596,0.04033358960861602,0.6229488082805397,0.1575207962504365,0.17710134700333593,0.14180786969039022,0.16643654514624742,0.15156915805711338,0.1372782761706598,0.06828600768181681,0.2055642838524766,0.040379159490441394,0.18107533247448931,0.21695564566902034,0.2078567538576494,0.26989429324947983,0.0838388152589197,0.35373310850839956,0.42160371990185525,0.0630291987018502,0.11230227100734023,0.20379251220097866,0.17533146970919042,0.9106723401638138,164141680873,-0.00620209508434056,-0.02460403388356841,0.0012245655279572443,-0.0013487470964255385,-0.027328226484007206,-0.020474373402377732,-0.007995679942438078,-0.03134034891541393,-0.013241738605522177,-0.017108707893963696,-0.0303504464994859,-0.10525564799023235,7.115468775085568,6.696236232163876,13.811705007249444,50.80643624911077,8.283793887859957,40.909769863029275,1431413.21,-1.0619248342672725,-0.2118474980037579,-1.2737723322710313,0.955535474055786,0.042376708620622594,-0.9979121826764086,,,
11290715,월곡1동,2024,⑦ 일반,0.04715730727146722,0.16290457283377277,0.012629262393225673,0.09860818488082697,0.6787006726207073,0.16205705532455428,0.15395083204063248,0.1449241013285447,0.15265910376629716,0.1631592852395028,0.1564706774956968,0.06677894480477181,0.2232496223004686,0.020263917649885048,0.1754078788767168,0.2492005216533638,0.2547986281822144,0.2375898968218183,0.06273915681600169,0.30032905363782,0.4374997579154478,0.04782302806779502,0.12528823053167626,0.2875411544262901,0.17311125859947127,1.0687818886273575,74879313182,-0.00526892810404881,-0.0030197940581718485,0.0007708900894432217,-0.010385819599211851,-0.01657159184504925,-0.041567447968548665,0.00432348122344739,-0.011508104915307515,-0.016219764913654525,-0.021193652958836406,-0.037413417872490945,-0.032531282968395914,5.045723733751354,7.923528689810556,12.96925242356191,54.73486410949254,8.375629795146242,36.88950609536121,2192171.15,-0.09351996044497035,-0.5325409608346234,-0.6260609212795938,0.2409447051611835,0.05659268163439002,-0.2975373867955753,,,
11290725,월곡2동,2024,⑤ 성숙·정체,0.03976267831751293,0.33860320427668655,0.03438596896334027,0.10901528454376158,0.4782328638986987,0.16129637080942233,0.15683156834799492,0.14745016601653302,0.14872675048128722,0.15964847741563415,0.1407375369822798,0.08530912994684856,0.22604666692912836,0.024908521068032874,0.09398593056592718,0.2568263299687679,0.22841063839276315,0.30853909708364347,0.08732948292086544,0.39586858000450886,0.46609805105227026,0.10571824312248494,0.1338025420991494,0.20147967654667398,0.23952078522163434,1.0734348521634722,112951692568,0.0018011307164395238,0.01896907315362345,-0.014390222300729894,0.016388765212882503,0.00219490552378232,-0.010581050619306365,-0.0017284895376360743,0.01643051398334411,-0.007563657161122256,0.002665442418033487,-0.004898214743088769,0.0343102248133309,5.402537750714216,6.96674531151044,12.369283062224657,53.974329723080686,8.687427451708134,37.33824282521119,1374868.69,-0.5432485452335927,-0.12558061444721424,-0.668829159680806,0.3285365422490045,-0.15475915014943276,-0.17377739209957355,,,
11290760,장위1동,2024,① 레전드,0.022161548619373687,0.29807763024222117,0.06293744576511927,0.14394869668762805,0.4728746786856578,0.14602782489857058,0.13843745899126642,0.13832561593597556,0.13808905000519275,0.15769251704679893,0.16520726290380072,0.11622027021839502,0.28142753312219576,0.06737216914142859,0.09890968946630521,0.18464075069621388,0.1749386469688703,0.33415780775069576,0.13998093597648625,0.47413874372718207,0.4052485558220704,0.075574746644243,0.1787814085130615,0.23292116356599557,0.25435615515730453,1.1419625020294442,45448382886,-0.0014881680887713217,0.02080479349858838,0.0027020762395111725,0.0026635290724774663,0.00621333721787154,0.015825083253786176,-0.0007971087834258705,-0.018603127751727122,-0.0070342946726906636,-0.002993828917688096,-0.010028123590378746,0.017626552960091413,3.38450238801506,8.180272246162614,11.564774634177674,53.27013366031067,7.656504477305832,39.07336186238351,1107208.26,-0.4774106941374945,-0.3932703016856909,-0.8706809958231858,1.0012704413471099,-0.117581820592493,-0.8836886207545973,,,
11290770,장위2동,2024,④ 잠재 후보,0.008954912869289362,0.32288094497775544,0.02330715808798176,0.07592482594299728,0.5689321581219762,0.16874291696172936,0.15881913996376343,0.13840858166848047,0.15153043118913992,0.17697871366341858,0.14827447886404302,0.05724573768942523,0.20552021655346825,0.011080595650018753,0.12379266749164898,0.24405306983043845,0.2843922072856715,0.287684821890654,0.048996637851568346,0.3366814597422223,0.4335018887367836,0.045085394861197586,0.11044012031861351,0.17777148646445567,0.1555255151798111,1.1679417281041997,55523824660,0.0019305549314404293,0.023941100890555678,-0.0015897977747187653,-0.004037188490658247,-0.015109097529777044,-0.018587376075110462,0.011751404896797102,-0.018520743344913826,-0.007530688992776598,-0.004412554733673815,-0.011943243726450392,0.06537675960564648,2.9914940125895995,5.053976140168773,8.045470152758373,56.293895817630336,8.721191597975956,34.98491258439371,865824.23,-0.4601447383538706,-0.09374920988438351,-0.5538939482382546,0.4666407425325545,0.4798601493061945,-0.9465008918387454,,,
11290780,장위3동,2024,⑦ 일반,0.02543533223428178,0.1205518546791259,0.0004024713883565105,0.0014435140097113373,0.8521668276885245,0.13487204289532087,0.20222790124432227,0.15906034980896003,0.20123146933973526,0.14484691244870496,0.10743124674562625,0.05033007751733032,0.15776132426295655,0.0072810609799162426,0.08360051108528822,0.2765467388617502,0.30541143049404723,0.28158540859297515,0.04557484998602297,0.3271602585789981,0.386679869044216,0.025852451629009215,0.12446798832235752,0.25916250005656827,0.15032043995136674,0.7198024887656248,36500803349,-0.009303280465419804,-0.05238774129222075,-0.00019931129070835689,-0.0007666790758318546,-0.04997960896084194,-0.04589883442038534,-0.03655633191410543,-0.09179684948181482,-0.03157117702462772,-0.04039910461620637,-0.07197028164083408,-0.5718287050895176,2.353737035323631,5.904672034435919,8.25840906975955,52.15624070606582,8.154904225685701,39.68885506824847,479378.53,0.05317609978003901,0.8338177924433916,0.8869938922234306,-5.527858224301511,1.1634513387024015,4.364406885599109,,,
11290810,석관동,2024,⑤ 성숙·정체,0.03862542674789352,0.37691826441057935,0.059240903348181544,0.08283317958921436,0.44238222590413123,0.14112398256380718,0.14107774862532868,0.13876543087593718,0.1455074388994244,0.16396312207143318,0.1671834590157222,0.10237881794834718,0.26956227696406937,0.04279006483763392,0.0980137474742163,0.20329486220252055,0.19746345307505,0.32190708187065625,0.13653079053992298,0.45843787241057926,0.4167790713476351,0.08688089282664482,0.15462393827356363,0.18708924419843348,0.24150483110020846,1.1268366986018181,168206695253,-0.0014716329363606215,0.009062816083224734,0.004045243634673859,-0.007055484271230067,-0.0068730945658275755,-0.004479502017169568,0.0030598313079664152,0.00594126980279247,-0.003908541446047367,-0.0018184484491096664,-0.00572698989515702,0.0750979006484207,5.932920792175851,7.63655276615639,13.569473558332241,49.684290408196716,9.472085572581324,40.84362401922197,1357451.63,-0.25560402680081484,-0.32453682454358823,-0.5801408513444031,1.6184099062587691,-0.08238568440810212,-1.5360242218506528,,,
11305534,삼양동,2024,⑦ 일반,0.019457713666347593,0.13759719398915263,0.017422955381111906,0.0334609805887962,0.7920611563745916,0.16546250565235643,0.15662639515637913,0.14166966592815125,0.137995228967396,0.16667508216324262,0.15881404454117365,0.07275707759130094,0.23157112213247458,0.027694676598039487,0.13643163393588773,0.24480238335338936,0.24852850745489818,0.26956582885318847,0.07297696980459674,0.3425427986577852,0.45282413935795873,0.056293894533415954,0.11188695827225226,0.2147597176081631,0.16818085280566822,1.207832208478909,75545908384,-0.001344069762359748,-0.0052140165345468115,0.000362162474182786,-0.003712750044386544,0.001872427365758017,-0.02670342960396843,0.004556488747614357,0.011570826053090899,-0.008999982298974092,-0.01849447568446544,-0.027494457983439524,0.08451434833433558,2.8455186560727874,5.2276226256281495,8.073141281700938,48.993070938955405,7.856448693384217,43.15048036766038,698579.5,-0.39994233129154466,-0.43909185253018546,-0.8390341838217292,0.1019293348793866,-0.3065591960869858,0.20462986120760718,,,
11305535,미아동,2024,⑦ 일반,0.022920493897940687,0.2082102319488464,0.06463633056467032,0.11711642986571347,0.5871165137228291,0.1567914632649489,0.15219598874513726,0.14606697637522778,0.15291345831782197,0.16255976831013466,0.15540175885405033,0.07407058613267908,0.22947234498672942,0.034937642070105246,0.1352093185472994,0.23812736960702244,0.24269155778299523,0.25784236329355104,0.09119174869902666,0.3490341119925777,0.45608550051240027,0.06747530578661212,0.1255077091525128,0.16930468949743183,0.19298301493912492,1.0630834597453378,184551542032,0.0003985743190619874,0.012158689083610286,0.007191822218868854,-0.009195714423061385,0.007411347827972425,0.0019006152466106152,0.0033995549113123857,-0.030508700982094294,-0.04795486328343436,-0.004305621441208163,-0.052260484724642536,0.034148414642463765,5.315508536925181,5.912806373961067,11.228314910886247,54.62177927519735,9.3283456487881,36.04987507601454,1589958.8800000001,-1.0894773672184073,-0.4440717124718869,-1.533549079690296,0.20149129183070613,0.04627748584952762,-0.24776877768025685,,,
11305545,송중동,2024,⑤ 성숙·정체,0.027892075436552897,0.2441424570485441,0.052275855401235485,0.172889522455413,0.5028000896582545,0.13671641866699802,0.1400806296789779,0.13738084036770942,0.14103218650189092,0.1680106944154358,0.17626328778321196,0.10051594258577594,0.2767792303689879,0.047126959837928584,0.09503006542293298,0.20890631247748812,0.24347509159122047,0.3009293129967889,0.104532257673641,0.40546157067042987,0.5220999373142541,0.11506104755897559,0.17555981859935216,0.2060347880194617,0.2906208661583278,1.1912932684567232,316989521526,-0.004285029813519411,-0.011091910558437834,-0.011933815330615494,-0.024660117586425306,-0.011113146039396282,-0.029604078127965283,0.004192929631206044,0.011208713539026749,-0.018335837941817534,-0.0025909274396866133,-0.02092676538150412,0.010329135255140676,6.494882385272424,8.577228503094934,15.072110888367359,49.137058245430765,10.200872649147255,40.66206910542197,2652050.95,-0.7206993904326788,-0.17948204693412073,-0.9001814373668005,-0.6597250895034179,0.20541376947136847,0.45431132003204766,,,
11305555,송천동,2024,⑦ 일반,0.017989107707132895,0.2064569830705631,0.020846330069013545,0.05361007824587647,0.701097500907414,0.15449793336778875,0.16072816457546224,0.13765846939609944,0.1503478045808258,0.17242693658004313,0.14980551531980618,0.07453517617997449,0.22434069149978064,0.013957190223475312,0.13209746561301008,0.25426273113608094,0.2555479076174972,0.2800484843751528,0.06408622103478369,0.34413470540993646,0.4687315075753761,0.056517437608212186,0.12231201571702051,0.1871151202721411,0.1788294533252327,1.1468537040549054,170504735473,-0.0020499475121553735,-0.005066447468783708,-0.001039384635518656,-0.013464701705419975,0.00046614801985778165,-0.020433395668192078,0.0024128249860821405,0.022251152767606253,-0.004295541958808546,-0.007680024957151185,-0.011975566915959746,-0.022702322242507345,4.265827975170413,6.761485612740997,11.02731358791141,54.25997170565293,8.58392913156951,37.15609916277755,2409725.16,-0.7178835681522377,-0.34268424479961457,-1.0605678129518523,1.1231687258755088,-0.36178059876492163,-0.7613881271105996,,,
11305575,삼각산동,2024,⑦ 일반,0.028777504658430805,0.24057301256223762,0.014170358191869327,0.021839361087018058,0.6946397635004442,0.1583859576227867,0.1636917604059932,0.12631602616665433,0.15088181466169026,0.17203013101859857,0.155194823308601,0.07349948681567595,0.22869431012427693,0.012996188751694993,0.11262650202831036,0.24134697374372355,0.2579242971365038,0.31503241281824124,0.060073625521526106,0.3751060383397673,0.49864662170619983,0.03827756569548955,0.1284121542014175,0.31132788355072916,0.16668971989690703,1.1401647799923895,51398364610,-0.0005622066416553807,-0.0009905346894801825,0.002271171797344578,-0.006419218691068287,0.0032066342266207637,-0.003808006169215228,0.0042715486582155515,-0.004338102578471059,-0.013770374385215826,-0.006169629171449781,-0.019940003556665614,-0.02252540949963544,2.5711699368169483,5.280097796273461,7.85126773309041,47.38522730103773,6.966472007563437,45.64830069139882,644638.06,-0.2604581105993984,-0.28204679817257094,-0.5425049087719689,0.22416518173763222,-0.07551371355120473,-0.14865146818643638,,,
11305595,번1동,2024,④ 잠재 후보,0.024384717551557578,0.21158651370274523,0.06316470401029137,0.07027951485674226,0.6305845498786635,0.1477494321716676,0.15585627780894315,0.14578961998067846,0.14767790464783032,0.16670652939745503,0.13709930803571013,0.09912092795771532,0.23622023599342545,0.0341830445764353,0.10053796997915537,0.2501573972652496,0.24083045108178988,0.2918095307145099,0.08248160638285995,0.37429113709736983,0.4242650744670404,0.10197394227127567,0.17587336005221405,0.22938186724935067,0.2778473023234897,1.1288522124890825,251469462873,-0.0003918019633571343,-0.0032210613108125397,0.0015751189940256122,0.0004802759538769241,-0.0042357232656537736,-0.005640093197169238,-0.0032949267301772,-0.010928847885078252,-0.015530763644497278,-0.0004095345165894271,-0.01594029816108672,-0.007294366527027085,8.39306746873247,8.197119232389797,16.590186701122267,50.648591243648255,9.75621059108431,39.59519816526743,2130664.75,-0.4846397286616302,0.22464522237038498,-0.2599945062912461,0.5354471103450322,-0.031805188725888556,-0.5036419216191419,,,
11305603,번2동,2024,⑦ 일반,0.03982729301500605,0.23595459139712968,0.014405327367445682,0.24279439552702023,0.46701839269339834,0.1430548511098101,0.15741099336835868,0.13167666962984542,0.1969750778900018,0.17017156534566855,0.12984116021162406,0.07086968244469138,0.20071084265631547,0.014964127256427536,0.18295145440239627,0.25938404249251173,0.2512792344611176,0.23445192522285127,0.05696921616469554,0.2914211413875468,0.3433051362737171,0.04184699782977016,0.10775562620552466,0.17554402307144898,0.1496026240352948,0.8639243460063444,20528672654,0.011415773558039688,0.0400879328742445,-0.0009540509318383683,-0.06224708827887229,0.00168761971360476,-0.030555234976355594,-0.004128361202063946,0.024290251200044077,-0.014795765696608974,-0.00841417917940919,-0.023209944876018157,-0.1861988238706993,2.5089174899622226,4.4494813608853025,6.958398850847525,57.41763335904587,8.008205759607586,34.57416088134655,647155.2,-0.1398181332319628,-0.32466782983125153,-0.46448596306321477,0.907653176265967,-0.3334510488737301,-0.5742021273922262,,,
11305608,번3동,2024,⑦ 일반,0.04084568966876726,0.2009311517497977,0.01208805269178219,0.002764391061742176,0.7433707148279107,0.17283830010363171,0.15245187952814257,0.15274735317610286,0.14073476388418968,0.16835876955765178,0.15206187940656277,0.06080705434371862,0.21286893375028137,0.008102898064042708,0.15299356707530024,0.2621905995211887,0.25395596489705696,0.27105985353181444,0.05169711691059689,0.32275697044241136,0.4859898675870064,0.03464494633263665,0.09198315454838153,0.23006171713416962,0.1266281008810182,1.1962841654119931,54440695849,0.005815916930997554,0.03683492927468654,-0.0080028396920309,-0.0011557179678664195,0.019546646784707772,0.01114297302636058,-0.03866394124042999,-0.04961007840946391,-0.005571708850964377,0.004247185223780078,-0.0013245236271842986,-0.4630207820556729,1.5850462497920894,5.638924092626778,7.223970342418867,55.31922778496919,7.5356389021889845,37.14513331284182,789823.01,-0.36087636259948197,-0.019859931997601166,-0.38073629459708336,-0.06295291683593263,-0.18260705617644568,0.24555997301238364,,,
11305615,수유1동,2024,⑦ 일반,0.007226492675965112,0.1110279853359987,0.011488048949420623,0.11804255888476566,0.7522149141538499,0.14391295347705046,0.13460390739581823,0.13838393647129515,0.1378523083413816,0.16488917727031552,0.16921505358255354,0.11114266346158551,0.28035771704413903,0.011395848530784219,0.13762917417382578,0.26549978459273305,0.33288331137398164,0.22486170716371992,0.027730174164955393,0.2525918813286753,0.5134418734609808,0.03421503192108884,0.09600746396820602,0.14473053942967523,0.13022249588929485,1.1961292433491866,231343081902,-0.00043225640439869054,-0.0025719385297367503,-0.0010477047382737737,-0.020151709939681614,-5.619750558372161e-05,-0.03758552107815083,0.004780095317156924,0.012442569775171664,-0.013084630295947544,-0.00039638801648017585,-0.013481018312427734,0.08933377803837561,3.8487690765494165,4.837677730684354,8.686446807233771,51.88212513929147,9.261833108920527,38.856041751788,738675.91,-0.09346118920159308,-0.1534479478236248,-0.24690913702521655,1.4290766344210795,-0.1725605172808624,-1.2565161171402295,,,
11305625,수유2동,2024,⑦ 일반,0.012446714052995134,0.2537929760433806,0.026669846978968605,0.08443402422397585,0.6226564387006799,0.15352694690994528,0.16514448129092513,0.15349487822799418,0.13716311669944692,0.1649962129235552,0.14099010658114966,0.08468425736698358,0.22567436394813326,0.03496385585218198,0.16252607169737082,0.21448278579506647,0.22849734461371704,0.27031430485795604,0.08921563718370762,0.35952994204166366,0.38834796686749207,0.04941572582492715,0.121733331347358,0.16407371798228867,0.17114905717228515,1.202919683467797,101825232636,-0.002595673073908733,-0.006413469046934628,-0.003506653014836797,-0.013376254594522768,-0.019503190926754205,-0.017415310120629024,0.005964971033112998,-0.0038205085738003963,-0.015539114600563467,-0.0027125282405064816,-0.01825164284106995,0.1288351564374457,3.8099765353006685,5.816638420514937,9.626614955815604,49.425680759007875,8.452995368021286,42.12132387297083,1141382.62,-0.8624032223300144,-0.278233157767378,-1.1406363800973942,-0.7831819344231832,0.22119944902929767,0.5619824853938695,,,
11305635,수유3동,2024,⑤ 성숙·정체,0.023993372603458796,0.28620786915528973,0.15758669156368868,0.10890386539660517,0.42330820128095764,0.14329589708594734,0.14070476340804028,0.13801237106359265,0.1403677341118601,0.16084198044093265,0.16643411220090532,0.11034314168872163,0.276777253889627,0.11040613028990104,0.08373786378093721,0.16332977646067104,0.17843994964299528,0.3041486659519655,0.15993761387352992,0.46408627982549544,0.42629336330413403,0.1525292638176213,0.2020759294677486,0.17444473060417925,0.35460519328536994,1.1458614863210406,363972124650,-0.004512793772378967,-0.013423286198593287,-0.004697948022636289,-0.027539943916635043,-0.014999400478861113,-0.017630099474798322,0.0006302999343528737,0.0030069119920099197,-0.03276330933418725,0.00442812822043781,-0.02833518111374944,-0.02305581155171188,13.518262911568357,10.249559304984317,23.767822216552673,50.28261456064818,10.261178777020897,39.45620666233093,3127508.71,-1.6963085712653783,0.21757171713375278,-1.4787368541316255,0.24841534081657102,-0.07751426424606223,-0.17090107657048748,,,
11305645,우이동,2024,⑤ 성숙·정체,0.07340778674412009,0.4670915759409887,0.0389865543306183,0.08035390303581555,0.3401601799484574,0.12450567045110741,0.1324025431257289,0.1345585879520251,0.1299844144913165,0.13533788601804422,0.17577621960838785,0.16743467835339002,0.34321089796177784,0.023789892869081244,0.09828467608050304,0.27518483593142085,0.24747208110676133,0.2978953807488293,0.05737313326340422,0.3552685140122336,0.42322875868925147,0.04767131161477376,0.12821612824668543,0.1728106025723388,0.1758874398614592,1.0411854878731277,124581095775,0.00030567727172191306,-0.0037113414889682894,0.0003512519543856854,-0.0016227150293192105,-0.015076264097143743,-0.0203098806608073,-0.005451281894643806,0.011082234665888868,-0.009476257303988253,-0.0016997942602121063,-0.011176051564200373,-0.13773003885415402,2.8198516218135397,5.997830552111781,8.81768217392532,56.05901402937552,7.168318375580915,36.77266759504356,2781952.0500000003,-0.5818589452198051,-0.23095110224106463,-0.8128100474608697,0.6611312621101462,0.04257074902456193,-0.7037020111347232,,,
11305660,인수동,2024,⑦ 일반,0.04322425392558762,0.20623427906584035,0.030109737547267833,0.09300943837007769,0.6274222910912265,0.15805253228931226,0.1526575201552995,0.1540278762046345,0.14410613372995823,0.17440014938694767,0.13964983025680774,0.07710595797704006,0.21675578823384783,0.024427957972171628,0.14256949356995952,0.24457733859482458,0.23831461297489648,0.2783311540601141,0.07177944282803371,0.35011059688814783,0.4320903759910235,0.05380870048141956,0.137561074861391,0.19061575644138168,0.19136977534281055,1.2102201681002536,84477163476,0.0027646618465956077,0.007914162613529285,-0.0006390589259924993,-0.005617799688698272,-0.006259217943289097,-0.004105830532971977,0.006334748605885093,0.012344501413948716,-0.002676194418374085,0.010599313421142925,0.007923119002768847,0.10005520105156163,3.26930833125637,5.852253623569118,9.121561954825488,52.61436663470517,7.702032740644029,39.6836006246508,1096913.67,-0.8535856639363906,-0.6451993512900591,-1.4987850152264492,0.9661962096916952,0.28963236193261555,-1.2558285716243205,,,
11320511,창1동,2024,⑦ 일반,0.07419383414403599,0.18937301643305263,0.02751087784847316,0.08086648829506346,0.6280557832793747,0.16579887567099355,0.16117276553219406,0.13275263443588078,0.13930924135406042,0.1659741560681617,0.15089753672408818,0.08409479021462128,0.23499232693870947,0.022595712808588107,0.1366179257747528,0.22418291106669033,0.23270902306303884,0.2988195537222776,0.08507487356465235,0.3838944272869299,0.5029239405721598,0.0967513531161935,0.16324994541819662,0.2144785818035242,0.26000129853439014,1.1914080821553772,111439158717,-0.0008259146763643088,-0.007137315045928516,-0.0049764800170882355,0.011163503256230889,-0.0030080924468302572,-0.012985758036780426,-0.0040085756515446935,-0.006119618759656942,-0.015664417084778975,-0.00797215684031144,-0.023636573925090387,-0.016559604783355608,4.783789524766214,7.09495225167155,11.878741776437764,51.55752886898475,8.826192096102083,39.61627903491318,1287753.98,-0.7693264570080656,-0.5797165853445794,-1.3490430423526458,-0.0879750900716374,0.03390403808372611,0.054071051987918395,,,
11320512,창2동,2024,④ 잠재 후보,0.014729207461979976,0.18778822751693103,0.013012790729186353,0.15022750001140855,0.6342422742804941,0.1493737935950874,0.1463016691861122,0.13739272434498206,0.14625304044087953,0.16034905058149945,0.1578063414943545,0.10252338035708485,0.2603297218514393,0.0271142341047792,0.12760775267805705,0.22293841051858873,0.24321211382199232,0.30231770127720603,0.07680978759937666,0.3791274888765827,0.4798325971684045,0.05376307214839828,0.12312549364528177,0.2094445722401823,0.17688856579368006,1.0963809716237525,82686834315,0.0004775176835382852,0.0008731961730488735,0.0017498120740980557,-0.006206959611875035,-0.0034814399151980036,-0.001264563189355139,0.004554393955655323,-0.004352950073840789,-0.007710630042457943,-0.013621752693094374,-0.021332382735552324,0.04835919120843957,3.9970943401734718,7.446663247766681,11.443757587940153,50.485948768219714,9.196628904693661,40.31742232708663,1793520.3399999999,-0.00988722264009878,0.06855373542483356,0.05866651278473434,1.9461592002838017,-0.0967472569361405,-1.8494119433476541,,,
11320513,창3동,2024,⑦ 일반,0.019724679576771813,0.24104890184411437,0.03483977061225137,0.033683431657613956,0.6707032163092485,0.1610974361558273,0.15134800560104003,0.1322007342038272,0.14995148067926226,0.15782929029247322,0.1415194454139149,0.10605360765365507,0.24757305306756996,0.021718055700997257,0.12088402023318924,0.23756833707553796,0.22245565248962246,0.31727319943321153,0.08010073506744153,0.39737393450065306,0.4361003651638525,0.04067135924110145,0.10030261861415057,0.1881976465710312,0.140973977855252,1.0525357240723827,66814198977,0.0004251776398068001,-0.012229717358189618,-0.00038089199244498856,-0.00230212290154503,-0.010903772202537437,-0.012637206703736525,0.005236706483194492,0.0031608306634385297,-0.013167587433447911,-1.033811711412258e-05,-0.013177925550562047,0.019562844894553733,1.8515158954922128,4.612135063653788,6.463650959146001,52.19573909798255,8.43075791815365,39.3735029838638,476472.82,-0.05876847943533203,-0.4877615171368248,-0.5465299965721568,0.9816654248169172,-0.6742094338715514,-0.3074559909453427,,,
11320514,창4동,2024,① 레전드,0.07515942290195576,0.33000932778802144,0.10522807122313901,0.06901275451991291,0.42059042356697085,0.1400085570433845,0.14636644213841826,0.13646274712732379,0.13670029200324663,0.17600796367034488,0.15977642617764679,0.10467757183963518,0.264453998017282,0.05991937883567063,0.08989417988893901,0.2139547804844654,0.1897537754750324,0.311733082199712,0.13474480311618056,0.44647788531589255,0.37956539402050676,0.07729194133420537,0.13541222274519554,0.21010903379584836,0.2127041640794009,1.2875463621260201,89810861704,0.01075877510159555,0.0022406074506248763,0.01652282138441935,-0.0009463774644284245,0.0044769518866626945,-0.01724749119492558,-0.0008762850138901712,-0.00652139131872298,-0.004012231436002975,-0.00016882569044437967,-0.004181057126447368,0.015373769637764045,2.5405800734685804,4.759217247093752,7.299797320562332,56.77728208978302,9.24509933634461,33.97761857387238,3111849.96,-0.0908413410608171,-0.0025150599012953023,-0.09335640096211328,0.8208133868078846,-0.03318820523003474,-0.7876251815778517,,,
11320515,창5동,2024,⑦ 일반,0.031006101261393748,0.15408188228293923,0.018893405981378005,0.16019554298149927,0.6358230674927897,0.15731366283359918,0.15482466831024677,0.13810328337705297,0.14240246423732383,0.16526858919274443,0.1563005353765779,0.0857867966724549,0.2420873320490328,0.015536738112941616,0.1277446373460409,0.2616274255749547,0.2592467021075095,0.27660470077943916,0.05923979607911416,0.3358444968585533,0.46499199752970605,0.06618382567998705,0.15328265852578468,0.22655824084692047,0.21946648420577175,1.1605739414545002,235758862663,-0.0021736606081665596,-0.005393432463761949,-0.005393824851900653,0.0001348070228647802,-0.005163122108297363,-0.010570472244270601,0.0024807556842115497,-0.0052005347558347625,-0.005300985353325849,-0.0036637187101543345,-0.008964704063480183,0.04556647722721974,4.449795782747374,8.113258297202107,12.563054079949481,51.08248587985322,8.132992110999908,40.784522009146876,1286066.66,-0.8074546808351677,-0.028128326145047566,-0.8355830069802153,-0.2511443594424776,0.15211423588707795,0.09903012355540142,,,
11320521,도봉1동,2024,④ 잠재 후보,0.02081188519960235,0.25430519200748436,0.035011375279932706,0.10032436624061,0.5895471812723706,0.12845165009991552,0.13534695172795203,0.1332800589523467,0.138245501403944,0.14306175731256485,0.16471461855035674,0.15689946195292015,0.3216140805032769,0.020150928457424666,0.09596604328082461,0.24828673695029732,0.3256161226721475,0.2545455577333746,0.05543461090593123,0.3099801686393059,0.4262410392995567,0.035677780553878186,0.08470721095175295,0.12668073914624814,0.12038499150563113,1.0348384277224911,187607055178,0.0021555061570366005,0.009627428535578353,-0.002176218309242181,-0.009738005659038082,-0.0175616269691663,-0.007359848892104892,-0.0009901752989306678,-0.002803435014036959,-0.007505543527248124,-0.008373848195632388,-0.015879391722880512,-0.1516476351007483,1.4846134919021579,3.555802138064908,5.0404156299670655,60.67709407952088,7.346699498881754,31.976206421597357,2403468.66,-0.23197670180740038,0.036127928241435736,-0.19584877356596486,-0.49117787205968,-0.19027811080197754,0.6814559828616495,,,
11320522,도봉2동,2024,④ 잠재 후보,0.03289515754340932,0.31750689373440816,0.039447855979985784,0.0631115368518517,0.547038555890345,0.16952759724189168,0.15802879059009858,0.15400929598594515,0.14742312819800243,0.16329446438748257,0.13515560087129744,0.07256112272528212,0.20771672359657958,0.021387039987021343,0.1318621807369293,0.2814068871870104,0.21746757962852453,0.2717698863716293,0.07610642608888513,0.3478763124605144,0.4177788567539939,0.05376068098491585,0.12479662939306113,0.1715021824245588,0.17855731037797698,1.107658387008065,48503987491,0.0012870475286204178,-0.011138417146117241,0.0009639567962480694,-0.0028516963025448233,-0.0023372119206382103,0.007568298674365426,-0.00374252309050932,0.019658382836902744,-0.002287781935084325,-0.0014215239162635729,-0.003709305851347877,0.12322984819748461,1.8133002303365353,4.625183554169946,6.438483784506482,46.88669277087229,7.766090744647039,45.34721648448067,1462538.28,-0.3433752189625816,-0.7027125925440201,-1.0460878115066015,-2.1521961424083287,-0.4355037017331487,2.5876998441414685,,,
11320660,쌍문1동,2024,⑦ 일반,0.05524101318220268,0.15362284448406835,0.014339972325236153,0.1327609595261285,0.6440352104823643,0.15517241958830338,0.15971702993846357,0.15192499599094553,0.14258664613622504,0.15385433804282342,0.13842992755093503,0.09831464275230402,0.23674457030323906,0.026204723299725233,0.12708930791770578,0.2165651567465154,0.25453717638648854,0.2936939219453047,0.08190971370426034,0.37560363564956506,0.4778833846595568,0.08648131201092216,0.14162992699081003,0.20777374467659937,0.2281112390017322,1.0790234724774534,50657262617,-0.0017881422097880476,0.0013962073235734007,-0.002501610780657408,-0.012845641962773158,-0.00636703251302817,-0.00033794123347991034,0.0016606343982885075,0.01673345592789277,-0.012331910372559318,0.009471413862423395,-0.0028604965101359237,0.06708338093425703,2.9234016254120254,5.324139802095674,8.247541427507699,54.92513867234957,6.999059664385553,38.07580166326486,820334.77,-0.14095841817289312,-0.4165212067574737,-0.5574796249303677,0.5670200776235674,0.1019537864974831,-0.668973864121071,,,
11320670,쌍문2동,2024,⑦ 일반,0.020098652928318552,0.21754807835722006,0.030578082841788878,0.03515934008224171,0.6966158457904308,0.15476014827737794,0.16114393928436493,0.13947257719696177,0.1290597967036999,0.15864966021539065,0.15749962750623867,0.09941425081596617,0.2569138783222048,0.023703426006292033,0.12416490751408572,0.23879920932600873,0.2606761399280628,0.2837325884464777,0.068923728779073,0.3526563172255507,0.4766632976810548,0.061703957600950446,0.12901453219665798,0.2098906938566296,0.19071848979760841,1.229272509855445,107235366454,3.2537606859856655e-05,-0.013592930754173255,0.0012401810247668343,-0.00010179931248528729,-0.005199287993719881,-0.015252997106634303,0.001937753713885243,-0.0029467979256094234,0.006021154219754819,0.005594288452919732,0.01161544267267453,0.1073479682084284,3.800664579833979,7.413519145596796,11.214183725430775,56.20768482474544,7.942482368932035,35.84983280632254,1298727.3399999999,-0.7978852499509341,-0.4277918542596959,-1.2256771042106287,0.30475501151084217,0.16627684383247043,-0.4710318553432913,,,
11320680,쌍문3동,2024,④ 잠재 후보,0.02284191565945827,0.20585238030951225,0.041108896753084365,0.19670031850128117,0.533496488776664,0.15719625750060065,0.15156500704213952,0.14851738799102338,0.1550044900356878,0.1670065227130083,0.15077189710606653,0.06993843761147378,0.2207103347175403,0.02845926284393555,0.15175051306166995,0.21534446141621452,0.23525624690261804,0.2959372134707734,0.07325230230478852,0.3691895157755619,0.4481034679800867,0.06772012846741246,0.1256437404691431,0.18395322484635734,0.19336386893655555,1.0774302258893094,124185210045,0.0011904291859585019,0.022005916864486663,0.007867511242399518,-0.020392828839051302,-0.011444899403792702,-0.009509499969603374,0.005887207907437991,-0.016833017723194788,-0.015010030797950755,-0.01001703316152236,-0.025027063959473128,0.04023090107342986,4.181304598777849,6.862950928618849,11.044255527396698,58.03565798315699,7.756906342434886,34.20743567440814,950381.85,-0.4524467840124027,-0.38953676987577346,-0.8419835538881753,0.6546597313814075,-0.01592518918891006,-0.6387345421924806,,,
11320681,쌍문4동,2024,⑦ 일반,0.011306008746744757,0.14100558008006422,0.0008035931857700014,0.027443478428190584,0.8194413395592304,0.17377393906726973,0.16473042943659286,0.1375026300523225,0.15398754548581126,0.1667719533560462,0.13265709685983945,0.07057640574211799,0.20323350260195744,0.004148277065528417,0.1454773303732292,0.2479704817609582,0.28021323502021567,0.2822365238718329,0.039954151908235584,0.3221906757800685,0.5693899508373466,0.034608005260513955,0.10318464691335442,0.2769483049600247,0.13779265217386838,1.0830223498264209,57291588350,-0.0011943490688919485,0.0011657384175074725,-0.0007559166733035472,-0.012951460631093144,-0.0027074929053748087,-0.0051189111458721515,0.0022647165967169536,-0.014079692174480352,-0.005343657687820996,0.0012979084286086073,-0.004045749259212389,0.03278727834868245,1.684026124782955,5.723878454110965,7.40790457889392,51.359286255103754,6.284587999871352,42.3561257450249,502770.11,-0.16496042817068868,-0.1628457120075275,-0.3278061401782164,-0.8610728503621843,0.1748166874616608,0.6862561629005342,,,
11320690,방학1동,2024,③ 급성장 신흥,0.05726858278596938,0.23887937878066146,0.047549325716468485,0.09072543431036764,0.565577278406533,0.14397155100724204,0.15575667073798333,0.13944359953029664,0.15286444673169547,0.1694854389647091,0.1537374807804164,0.084740812247657,0.2384782930280734,0.039337839141408246,0.14064428865723394,0.2229930965048617,0.22963939420697407,0.28000716599228487,0.08737821549723715,0.36738538148952204,0.43443276919734874,0.06321503968428302,0.1337302198697709,0.2137285829352009,0.19694525955405393,1.10873026781817,219194051229,0.002196268232262648,0.015910191066055707,-0.005711991920195211,-0.003298206248649807,0.002571166671179792,0.003284046049977396,0.010494533711546156,-0.00322106806040362,-0.010876941143044189,-0.00043812958095632015,-0.011315070724000537,0.03682665593559786,3.9714699433304803,8.147235985907276,12.118705929237755,53.93531843454375,8.737583769012316,37.32709779644392,2157226.7,-0.7095161535885524,0.028058798747004232,-0.6814573548415481,0.3906113391274104,0.04022231346932159,-0.4308336525967391,,,
11320700,방학2동,2024,⑦ 일반,0.009209098377357693,0.06436293704473509,0.006246431112976323,0.04491574571363933,0.8752657877512916,0.20650101766988052,0.16607431589241856,0.15033363216021747,0.16247245885076222,0.17486436855630977,0.08486538462510791,0.05488882224530355,0.13975420687041146,0.0066598518431968375,0.08392149100987488,0.29816620141551375,0.42208300292616996,0.16771211955474832,0.021457333250496244,0.18916945280524455,0.43998757069096656,0.016602127024229925,0.12862358930540266,0.12984234704676403,0.1452257163296326,1.0762708325657213,226503963529,-2.7558982562177897e-05,0.005442189437037441,-0.0003280173921984264,-0.00201699805031879,-0.000460259640484878,-0.002022365603561227,-0.012779465017659142,0.03268408539968626,-0.0057555235471459555,0.020002515901925852,0.014246992354779914,-0.1379374431591891,1.9843285630087069,4.314553105613797,6.298881668622504,52.09924306727052,8.02101794087886,39.87973899185063,615635.95,-0.35207682367447957,-0.14572363232098606,-0.4978004559954661,1.5117140467830126,-0.5021195794363305,-1.0095944673466661,,,
11320710,방학3동,2024,⑦ 일반,0.02516106320298374,0.3330440377817192,0.011790047426244501,0.05933383924060105,0.5706710123484515,0.14864431203685538,0.1511274627814371,0.13584858989507848,0.14238065185033938,0.15788679681004353,0.15610174541034577,0.10801044121590037,0.26411218662624614,0.015246865449165408,0.13997816847138536,0.27470472363967563,0.2388526897410158,0.2748479304477165,0.056369622251041286,0.3312175526987578,0.43384532909034274,0.04354460833385884,0.1104487651582907,0.2054020439124163,0.15399337349214953,1.1089062647079546,56058158895,-0.0002082118461600134,0.0018252602552389918,-0.0037245833154014134,-0.006416151413084353,0.0055364050214653515,-0.0015749602650881322,0.00550141999129744,-0.014228075309884458,-0.005707953392504898,-0.011422604714809229,-0.017130558107314148,-0.0005169952455517102,2.104466443880606,5.359308614528299,7.463775058408904,49.803190489272794,7.788483521466369,42.408325989260845,945660.6,-0.4931622565973277,-0.09878923478494617,-0.5919514913822734,0.5283936279872421,-0.08946837051622669,-0.43892525747100564,,,
11350560,월계1동,2024,⑤ 성숙·정체,0.0466123875195081,0.4315190924962136,0.05478025320824367,0.05811084751519325,0.40897741926084136,0.15209396877379386,0.1495316034773149,0.14226587257118278,0.14633591222137327,0.15791063606937839,0.1570369535042336,0.0948250533827232,0.2518620068869568,0.05356283722978254,0.09675577637773362,0.21813071805498283,0.18105507912587407,0.3140885633373623,0.13640702587426465,0.4504955892116269,0.37290383161393276,0.13544835306738956,0.15049685036109622,0.18267047378277534,0.2859452034284858,1.0790969466913576,92846647325,0.004726587043438937,-0.0058220824827306394,-0.010738767511118116,-0.0200456999276113,-0.007765925793546624,-0.017709666833078175,-0.0027462883284503636,0.012106809240182093,-0.020323843762438037,-0.003093217038875523,-0.02341706080131356,-0.04110844815298531,7.099498673253104,7.388680582657009,14.488179255910111,53.00245920876302,9.04700153143275,37.95053925980424,1661888.19,-0.3901510305122171,0.09295971193260222,-0.2971913185796158,-0.5085665613562682,0.01757046486524949,0.49099609649102405,,,
11350570,월계2동,2024,⑦ 일반,0.08508398826982043,0.1476262352676701,0.0,0.04139213306194971,0.7258976434005597,0.1540938155533512,0.15813835914994034,0.17292492622020236,0.17712930950109212,0.16851302969509294,0.10364645851502183,0.0655541013652992,0.169200559880321,0.005734643391813076,0.1191902277543049,0.23884520378430313,0.3232541112476431,0.2826077260751758,0.030368087746760017,0.31297581382193584,0.5524567493427089,0.06744864365953568,0.08262772083792293,0.19291920495779522,0.1500763644974586,0.9513559905457314,20679345148,0.00805559166804648,0.01588944387170166,0.0,-0.0020048700930239832,-0.01680554076252236,-0.03032772773618192,-0.029869119130282118,-0.011465995224756775,-0.004399145074887173,-0.01771418909773162,-0.022113334172618793,-0.29051071096320635,3.4068704372371714,5.722159045654072,9.129029482891244,52.525382722271864,8.083063617984694,39.39155365974344,664416.52,0.29293268380169035,0.084232447556988,0.37716513135868013,-1.0569867530730974,-0.2836684813975232,1.3406552344706242,,,
11350580,월계3동,2024,⑦ 일반,0.04574118817788163,0.35528074583989233,0.0,0.021074621181378483,0.5779034448008475,0.16267615572083904,0.15583814054220724,0.1461388032360697,0.1371233052146041,0.16495872586195282,0.145532754295396,0.08773211512893107,0.23326486942432706,0.01464406357727967,0.13535617459364885,0.27514575694272514,0.22091973534827164,0.288741628874209,0.06519264066386568,0.3539342695380747,0.49046679189749465,0.04368232421249964,0.08254676157909517,0.17119179173009216,0.1262290857915948,1.2029955491795143,33828645880,0.005942845870141933,0.026390110371059372,0.0,-0.003982838751861804,-0.0006942745326340982,-0.0029156350555677446,0.004480223197964289,0.010481918363868359,-0.005662378486573458,-0.010487158114104111,-0.016149536600677555,0.05926546419254852,2.4166804542842057,8.165203367352975,10.58188382163718,50.37357405701543,8.402995876523702,41.22343006646086,1455230.87,-0.23959892042003972,-0.3501154949346681,-0.5897144153547078,0.19857169364088634,-0.14269611206636768,-0.05587558157452577,,,
11350595,공릉1동,2024,② 라이징스타,0.04119505234783953,0.31388731723567587,0.056791755753907436,0.07438504198055951,0.5137408326820176,0.14591026554758071,0.1426992632411088,0.15319639183853168,0.14539740584836483,0.15377963265480155,0.15435184047354958,0.10466520039606286,0.2590170408696124,0.03781674066411356,0.10134178336673076,0.24065008201083715,0.22188198948052645,0.30112172239916085,0.09718768207863118,0.39830940447779206,0.4529745189794116,0.0884705148997804,0.14591917438971805,0.2024638966040835,0.23438968928949844,1.0576504563993292,256294809674,-0.0026390963321763564,0.016221861892335765,-0.0032768715466183623,-4.029342333176922e-05,0.002423795984242416,-0.007958340501104555,-0.004606446219707849,0.007671028755204201,-0.015247292744045557,-0.0002843907004183577,-0.015531683444463928,-0.08040221152608007,9.192820547446647,9.63248719534993,18.825307742796575,50.417435438011296,8.957419114545576,40.62514544744313,2938346.6,-0.776424426531559,-0.0034440805794524465,-0.7798685071110114,0.6237061282965897,-0.23146728927308224,-0.39223883902350565,,,
11350600,공릉2동,2024,⑤ 성숙·정체,0.06643492536971919,0.2792501955571737,0.05037224337200356,0.08254179423210771,0.5214008414689959,0.16087910969617594,0.16050212169284853,0.1465788445470602,0.14671816862669715,0.16281175122553368,0.14074265357049678,0.08176735064118776,0.22251000421168454,0.029504404769092843,0.10324023387759866,0.24600761007279878,0.2090746696266284,0.3176740837301982,0.09449899792368312,0.4121730816538813,0.46768331733580853,0.13391932819555658,0.15122404765767042,0.2571960858363135,0.285143375853227,1.1096904544915924,163368278185,-0.0007760890293556921,0.00029359464832368065,-0.009099436014874965,-0.004924603787689552,0.001373121696958024,-0.0021940008283206636,-0.0016745940653100366,-0.0001264153228468512,-0.01013613973466787,-0.0033032394693526257,-0.01343937920402044,0.0002384637155350422,8.978741153924737,8.379862520457678,17.358603674382415,53.89266045658358,7.439611696175944,38.66772784724049,2674643.76,-0.9330474881151325,0.040228299756522645,-0.8928191883586081,1.607420665966714,-0.15951547882561368,-1.4479051871410817,,,
11350611,하계1동,2024,① 레전드,0.015816388124632718,0.10900172404235067,0.003773555521900748,0.659697751046215,0.21171058126490092,0.12118366809262297,0.12577354474394312,0.19874783463111675,0.13695604459022498,0.12900701226440303,0.148865804286068,0.13946609139162117,0.28833189567768913,0.006040851309972724,0.09059701064164191,0.2620126047810483,0.3106030124883279,0.3035594813278043,0.027187039451204858,0.3307465207790092,0.5905536297725326,0.03965043688494891,0.09159637365805953,0.1865534517189322,0.13124681054300844,0.9419592442991064,228569463996,0.0017785332186578164,0.00481999191933799,-0.0006042421463627445,0.01226086342222854,0.003914016389161723,-0.007837343319716139,-0.001661057548649203,-0.0002447021946546668,-0.0026867827672278355,-0.010148622542421062,-0.012835405309648912,-0.016688153625206148,4.3419771004764565,7.150075076029765,11.49205217650622,60.42264626305,7.23565133349136,32.34170240345865,3008696.66,-0.15023625559534004,0.1957155320796211,0.045479276484279296,0.41476755994930414,0.11255149248891527,-0.527319052438223,,,
11350612,하계2동,2024,⑦ 일반,0.0,0.006643296627799541,0.0,0.01872614052222231,0.9746305628499782,0.17867845626314008,0.15162598877718772,0.13626908330563092,0.1426614805607899,0.1681415420718169,0.15794703705331012,0.06467641196812435,0.22262344902143447,0.007281272399665325,0.1680411654049588,0.23221855358787777,0.26885179643830975,0.2714226951333078,0.052184517035880555,0.32360721216918836,0.5461129546148064,0.05830989383925299,0.15056754685691073,0.2704890436778159,0.2088774406961637,1.178605054502919,11348992108,0.0,-0.0021189658381245884,0.0,-0.014731256599573896,-0.007501422288895776,0.022088892047261943,0.00183646850353536,0.016151346932523625,-0.005306176462484893,-0.0008618663516313241,-0.006168042814116231,0.015996267939863307,1.799123672422457,4.856125851474063,6.65524952389652,44.875708495927846,7.448906570033557,47.67538493403858,401110.28,-0.3387924591853575,0.130332286220046,-0.20846017296531194,-0.9169074791863352,0.03444227178377446,0.8824652074025394,,,
11350619,중계본동,2024,⑦ 일반,0.01996437401169599,0.13300109815152944,0.02276051317580221,0.044891818984146195,0.7793821956768262,0.14711306044601705,0.1637417213360187,0.14523007283456923,0.14387521355259286,0.15895297027745622,0.15475345452740907,0.08633350702593687,0.24108696155334594,0.014656693235152368,0.1198103828955589,0.22515364762881582,0.24455002706181225,0.3214375613600888,0.07439168781857186,0.39582924917866064,0.5185635282806819,0.03569295019317917,0.07226708262863045,0.41569814308466596,0.10796003282180962,1.1047974585236795,173112648760,-0.00478118080852168,-0.005715136131355325,0.01177740126660412,-0.008829007966425204,0.00604708437231305,-0.012493291777673443,-0.0026976545667501406,-0.0038795884805802316,-0.0034068533963335576,-0.008108781016449532,-0.011515634412783082,-0.04437101906481011,2.410887126991232,3.6612662305948183,6.07215335758605,59.56091064414469,7.391317487670149,33.04777186818516,1331496.18,-0.11827680435132626,-0.28741701808223574,-0.40569382243356245,0.27766013877138107,-0.2970093662894051,0.019349227518020484,,,
11350621,중계1동,2024,⑦ 일반,0.06417190471802102,0.07839240826386353,0.0,0.04154910634941843,0.815886580668697,0.16161000444941437,0.15407688211654316,0.1440056892825225,0.14522918315065653,0.14811274319521783,0.1641574576000785,0.08280804020556712,0.2469654978056456,0.007795685081275715,0.09015810393774218,0.19518811470220065,0.2907447754382642,0.34097842500672637,0.07513489583379088,0.4161133208405172,0.5146858803378332,0.02204172421177364,0.08521029349400075,0.5356816651200084,0.10725201770577439,1.0198552383343642,47181022728,0.001870444688910601,-0.011492382254538275,0.0,-0.004417603809407755,0.0016166031500925993,-0.01720995223510169,-0.006285641416782672,-0.005501218429112331,-0.0017386694737947482,-0.018648892369365677,-0.02038756184316043,-0.020492443665775184,2.3555926395497964,4.8725086016427825,7.228101241192579,57.30354662125614,6.822101658208244,35.87435172053561,1115641.54,-0.5331302437205587,-0.2837910591907953,-0.8169213029113536,-0.20767516484583126,-0.002312077741878582,0.20998724258769386,,,
11350624,중계4동,2024,⑤ 성숙·정체,0.035412512310184566,0.28851907143270555,0.040900520448590716,0.032145508463029285,0.6030223873454899,0.1503612748984426,0.14617012606376903,0.13318093439095768,0.13990732774411688,0.16279952412269458,0.1635895950742034,0.10399121770581583,0.2675808127800192,0.02298520982675084,0.12020465430263302,0.2353192960853088,0.22023825934613583,0.3069188250413141,0.09433375539785739,0.4012525804391715,0.4750061630849993,0.048691621115328605,0.1282070374536393,0.23936807671301913,0.1768986585689679,1.1636239984545078,174688707054,-0.002079895190396204,-0.009972012944477637,-0.005775554885871045,-0.008238249879630198,-0.004765763767916098,-0.021367419622789652,0.0029907691208872766,-0.0006284593191867027,-0.008570103230954182,0.003098693593388352,-0.005471409637565816,0.021526862400781832,3.025404176508537,5.3459620182384295,8.371366194746967,51.94509854013334,7.649864807044398,40.405036652822254,1067844.1,-0.721297739392972,-0.18632623266719772,-0.9076239720601702,0.44954205718460116,-0.15586845783083536,-0.2936735993537809,,,
11350625,중계2·3동,2024,⑦ 일반,0.03343586676480969,0.0813673405892399,0.005684684738577127,0.32845191932036244,0.5510601885870109,0.12431273800391276,0.1503853474131189,0.13926847902258913,0.1417159706632595,0.15948308858917049,0.16637775589371798,0.11845662041423125,0.2848343763079492,0.007912216106897095,0.0833472307497416,0.3250214370357611,0.28515146550566756,0.2669553961240399,0.03161225447789275,0.2985676506019327,0.5411804027888955,0.058824156858519654,0.12122086082260533,0.25545348802211787,0.180045017681125,1.1253713173099495,213544625573,0.001835858581662228,0.002630208251291899,4.78251891600787e-05,-0.01326292619488445,-0.00576225543703307,-0.020166275117066257,0.0004105741780436045,-0.0006862610328097762,0.0024367662057519224,-0.016414526333176832,-0.01397776012742491,0.012509612035411566,3.959208853531029,7.330476406480743,11.289685260011773,50.71602471930603,7.328501860913497,41.95547341978047,1436786.29,-0.5938914283968937,-0.33179354786082005,-0.9256849762577133,-3.194745946749592,0.36957714081424076,2.8251688059353413,,,
11350630,상계1동,2024,⑤ 성숙·정체,0.02709493834196974,0.3657993647867303,0.05430160629347036,0.0611934420180024,0.49161064855982717,0.14483334114797475,0.14042087172645942,0.13061929363554978,0.14064785336128943,0.15427067778442163,0.17136167849483022,0.11784628384947475,0.28920796234430496,0.0257600758238055,0.09798527210401903,0.23903794846168788,0.22313464796952034,0.32098224988126833,0.09309980575969892,0.41408205564096723,0.4349629112553872,0.06608468459742296,0.1313645923777412,0.18699233602590976,0.19744927697516418,1.0968576775085115,189308430315,-0.0007955268626229049,0.022704801899672666,0.001132914246155338,-0.0059672894000403,-0.0054157256034071954,-0.011916302861131545,0.0018746770526633927,0.006188497353042222,-0.009619612437004155,-0.010737597195261211,-0.02035720963226534,-0.0018101734906954547,2.29403649140252,5.4279323646260185,7.721968856028539,53.23644744559775,8.252785833326913,38.51076672107533,2137729.29,-0.3629486429890516,-0.20042606366506366,-0.5633747066541144,0.5619386780840401,0.09245135575537056,-0.6543900338394337,,,
11350640,상계2동,2024,⑤ 성숙·정체,0.0645650979153829,0.32913046156013115,0.0636582931865761,0.0810603887040757,0.46158575863383416,0.13850175186619543,0.14171276060255825,0.1355134924087702,0.1354159500925976,0.1676915181718774,0.18003390881314904,0.10113061804485206,0.2811645268580011,0.061824512531089476,0.09504278393841452,0.2041062316253803,0.19827704315726222,0.30863952965263525,0.13210989909521823,0.4407494287478535,0.4666122258350761,0.155900453936063,0.18917937961636339,0.19001726987034773,0.3450798335524264,1.2383439178118216,354486979157,-0.019606740430446162,-0.0009305163832722396,-0.002666597670896928,-0.010654553785029122,-0.007853102020588698,-0.016295696552564465,0.0010278698209540693,0.006885970677082187,-0.01745709066665943,-0.0030845636761117345,-0.020541654342771165,-0.005395003643117402,11.154300469327657,10.32232448187366,21.476624951201316,56.22870495266119,8.795372960588658,34.97592208675015,4878742.97,-1.4813822387130706,-0.10995564681904924,-1.5913378855321199,0.4454966857871696,-0.06226993062565889,-0.38322675516150895,,,
11350665,상계3·4동,2024,④ 잠재 후보,0.038332236141231574,0.24539467460278722,0.03440053251581366,0.09303507189862549,0.5888374848415421,0.14687458980608578,0.14969968623679628,0.14156272129928335,0.15080778244728035,0.1519635892873702,0.15731650157021165,0.10177512935297237,0.25909163092318405,0.026475059687550807,0.11309394511236902,0.2164542250682145,0.21808847796455402,0.32234626034901986,0.10354203181829183,0.42588829216731167,0.4347473349902357,0.045805781019867174,0.09958109509575752,0.20514036504194244,0.1453868761156247,1.00766410606491,57625984455,0.020439672862404338,0.014324522268297696,-0.003548979124199811,0.0029795573475644016,0.004376475501521926,0.023915506785515517,-0.011245932775429623,0.0011982646055972435,-0.0042192417284003525,-0.006636670337337572,-0.01085591206573791,-0.15428003299429238,2.038093341171592,4.0387196090978295,6.076812950269421,52.42211845530817,8.388963745412509,39.18891779927931,1210983.3,-0.14981536823997876,-0.09009748519549898,-0.2399128534354782,-0.25575339785820717,-0.22842636729979837,0.48417976515800376,,,
11350670,상계5동,2024,④ 잠재 후보,0.028723869124905748,0.19051552062868884,0.05403465692888015,0.04668530441585352,0.6800406489016717,0.14880831945192544,0.14862331735653284,0.13933985007309993,0.1484895292730123,0.17572751917692067,0.14913169182667016,0.08987977284183866,0.23901146466850884,0.039316947679716656,0.12327196977107698,0.20060205035765094,0.23219975650183508,0.30749884443964937,0.09711043125007096,0.4046092756897203,0.39571852570885235,0.05201147699457765,0.11683429823770061,0.2522913433090806,0.16884577523227826,1.1834337413369311,94027626893,-0.0009424091730007855,-0.008079289158268804,0.011518342118642458,-0.0006231200207478665,-0.007730058202905538,0.0018896118448313848,0.013452470883998369,-0.03242675293127795,-0.0019044214238726,-0.01099406340785003,-0.012898484831722623,0.10215112125955361,3.567562524980232,5.4613934909971,9.028956015977332,50.81121621074337,8.324678573224462,40.86410521603216,870638.42,-0.11896953187440706,-0.0631381056221354,-0.1821076374965429,0.7220211396919751,0.196493495614666,-0.9185146353066429,,,
11350695,상계6·7동,2024,⑦ 일반,0.021014852475086845,0.15487400066425866,0.032168869709404586,0.05422202327469238,0.7377202538765575,0.16227150737910984,0.15821074759455608,0.13834729452174135,0.1514229769316614,0.1690218456218557,0.16006944364542589,0.06065618430564972,0.22072562795107561,0.03315103934206592,0.13023141581029496,0.2763262796863059,0.25306658917471947,0.2542093570501569,0.053015318936456855,0.3072246759866138,0.5456755691477914,0.10597750509395111,0.1891470652103567,0.23247054991780236,0.29512457030430783,1.116223238023757,413389087280,-0.0048103032940255384,-0.007340922570400532,0.0067931919141807455,8.435966032588338e-05,-0.009515805940576244,-0.015117810041868074,0.0002799750294360248,0.0035000576416424067,-0.017903090402699495,0.0032247406603756745,-0.014678349742323793,-0.015060927914753552,7.345810955790495,10.59471918454806,17.940530140338556,56.38936487781445,7.917677162874807,35.692957959310746,4580352.83,-1.287451443357333,0.06662067792949777,-1.2208307654278343,0.8838565687419901,0.054708128537058975,-0.9385646972790482,,,
11350700,상계8동,2024,④ 잠재 후보,0.062062851554712035,0.14687837742234977,0.021705061258528068,0.06349803078129407,0.7058556789831161,0.16819524208445455,0.16281352919447972,0.1508395974208899,0.1317436325030987,0.17740347829070666,0.149933631687471,0.05907088881889946,0.20900452050637047,0.00937250444088627,0.13755477882553788,0.23558061990538792,0.26167892753527705,0.2954993168899646,0.06031385240294628,0.3558131692929109,0.5365161532533682,0.06387778748966169,0.1499122715237002,0.2574275327304381,0.2137900590133619,1.3465810447160245,50713468849,-0.0076184426740767905,0.007954892783509637,0.0004302972439673147,-0.0046325931664858155,-0.004205377920806802,-0.013945077531328898,-0.002713996817868103,0.0020871090064294995,-0.012675350573150265,-0.004089979060972221,-0.016765329634122472,-0.053316885278311466,2.509900124646227,6.120157686490909,8.630057811137137,54.32807719428466,7.294200287093895,38.37772251862144,1077842.49,-0.4391341958448298,-0.005039223073282528,-0.4441734189181119,1.1056887577010954,-0.13683877462940686,-0.968849983071685,,,
11350710,상계9동,2024,⑦ 일반,0.043289951237416316,0.11476014388604328,0.0020147176118417956,0.034460788409501356,0.8054743988551972,0.17401365328607674,0.16105026149876864,0.1439165475841327,0.1381159839571493,0.16401863136311493,0.14373998467453322,0.07514493763622447,0.21888492231075768,0.0038006655996335155,0.12875508181827336,0.24819927480365192,0.27009567596166395,0.3091508129664249,0.039998488850352426,0.3491493018167773,0.5511474932769451,0.04832736079469804,0.12858338337814482,0.2511111333096194,0.17691074417284286,1.187542720717987,79880242300,0.008037384977997324,-0.025663713320321607,-0.000531677992031538,0.011311560989605039,0.003881049331910774,-0.012327389246961806,-0.007385943332658712,0.013937449588910522,-0.006436443396004916,-0.006849407199386287,-0.013285850595391197,-0.019148833306807944,2.8170990921141397,6.15589895021366,8.9729980423278,48.87974382347783,6.770581923425352,44.34967425309682,616150.14,-0.025788176390623807,-0.19703764884932884,-0.2228258252399531,0.33348679010713767,0.3417273845292792,-0.6752141746364231,,,
11350720,상계10동,2024,⑦ 일반,0.030696917431369205,0.14182757771502644,0.012443067477858425,0.0671909698746872,0.7478414675010587,0.15811275025614133,0.15524435712227597,0.1501412127955614,0.14885216889562028,0.1509457004538657,0.14239791831116885,0.09430589216536646,0.23670381047653533,0.013718994307434909,0.1155702355978304,0.25270511201088913,0.24710577564081934,0.31358926310814184,0.05731061933488438,0.3708998824430262,0.5598655633894832,0.11181085176868784,0.1478771143542243,0.21951732484888475,0.2596879661229121,1.0140645015371827,19724983766,-0.003729566607854864,-0.020667498456636735,0.006643292423016196,-0.0046035229981042786,0.0023494571778023554,0.0063693763103444545,-0.016497317165460296,-0.011464757028193162,-0.007678798945788004,-0.0106962476404934,-0.01837504658628142,-0.06343050632683345,7.235718239745902,9.063919518566106,16.29963775831201,48.355390071588964,8.12883873728113,43.5157711911299,678403.42,-2.0509014434004236,0.06254848816901593,-1.9883529552314059,0.6167172485317067,0.4907923663606901,-1.1075096148924004,,,
11380510,녹번동,2024,⑦ 일반,0.020666857427879652,0.2842782944972875,0.04704954362187514,0.025256615596787626,0.6227486888561701,0.18470308688259762,0.13521042918091572,0.15979656861239497,0.1487598626836047,0.17287580009361694,0.13797368222964232,0.06068057031722774,0.19865425254687005,0.028593610849927113,0.23820791840943614,0.22757039377586116,0.21392465959362927,0.21582595656495343,0.07587746080619286,0.2917034173711463,0.29124310452001406,0.04552374351985328,0.09768138158257843,0.16151105078341058,0.1432051251024317,1.1621132002609071,182357259402,0.0003365735011817139,-0.01190730902627879,0.0021111716532499075,-0.0023709658384400596,-0.02333858475234274,-0.02174614314734319,0.004547066622076407,-0.008770332610246179,-0.010706312007221414,-0.011382875520943248,-0.02208918752816466,0.12641862609458676,5.004683575501254,8.372581200829467,13.37726477633072,50.4281471818542,9.063115796865166,40.50873702128063,2054370.6400000001,-0.594885662004959,-0.1862279902343822,-0.7811136522393411,0.9430512858785036,0.14976565492725413,-1.0928169408057684,,,
11380520,불광1동,2024,④ 잠재 후보,0.024318523853403714,0.2156406742130826,0.04061147344222439,0.1105447300570748,0.6088845984342145,0.16102487165136883,0.15443547805104504,0.13784309546320272,0.1493561180728742,0.16160946237342266,0.15503620488797135,0.0806947695001152,0.23573097438808654,0.026538406733960792,0.11379087820715089,0.24086568678851197,0.24853441134455703,0.29383562817214026,0.07643498875367906,0.37027061692581936,0.5292533343617211,0.07869744258901881,0.1408286893703011,0.17348915183633015,0.21952613195931991,1.082041127331455,197258883266,-0.0010120140386750374,-0.003724350204366067,0.008352952776339025,-0.010809597377422667,0.003263270716154343,-0.0030351497744844913,0.0013166728468977373,0.004732653752642757,-0.007107613439106819,0.0026999209454996176,-0.0044076924936072015,0.004452138002876138,3.152281534867752,5.8650078306667135,9.017289365534467,49.54783380346737,7.66651366460231,42.785652531930324,1310526.98,-0.2090956059475726,0.18317080001009778,-0.025924805937474815,1.1806115559018053,-0.22002655835091556,-0.9605849975508747,,,
11380530,불광2동,2024,⑦ 일반,0.010851470434335216,0.2060224060677982,0.033151154184083195,0.07954437249345471,0.6704305968203287,0.15531129640058783,0.150354095711337,0.13847564610435098,0.14098777795516257,0.167128977043534,0.16178033265918682,0.08596187412584082,0.24774220678502765,0.013722185497565232,0.11398030770638505,0.27007171785660483,0.2635842143050321,0.29089403062856106,0.047747544005851766,0.33864157463441286,0.5199121631055725,0.05565625911536763,0.12057068438558462,0.15883195649146054,0.17622694350095225,1.1854146470532,125119312467,-0.0010631810540891844,0.0020358683821364854,0.0012808985650735877,-0.003344882282958761,-0.0004538480041306747,-0.011160173800510875,0.0015599103828355942,0.0031319528546068787,-0.010818197670077398,-0.000666290198402239,-0.011484487868479637,0.021821167905812233,4.05408264950485,6.212790918566095,10.266873568070945,49.822575559210605,8.526013919436704,41.65141052135268,1211211.37,-0.526449741597693,-0.15641589797501787,-0.6828656395727108,0.3860825641003629,-0.003949527825760413,-0.3821330362746167,,,
11380551,갈현1동,2024,⑤ 성숙·정체,0.016724916694607166,0.277470823730333,0.122606366026432,0.03820899642324405,0.5449888971253838,0.15211542682676266,0.14470511779364334,0.13111748753985183,0.13459249640163354,0.1645657392705576,0.16337509135649325,0.10952864081105779,0.27290373216755104,0.08922853838903363,0.10277124920591232,0.17782556983058992,0.19144452279170568,0.290714190269268,0.14801592951349046,0.43873011978275844,0.4671248663516682,0.1462354182545216,0.1923685218836205,0.1729352888848061,0.3386039401381421,1.222696239911338,183136244917,-0.004886230853778449,-0.0030229735906550648,0.00042883896122954124,0.0025341308153126116,-0.009246570830994283,0.0020563644784866164,0.0017924877367766212,-0.0035621657483224656,-0.022657747146256263,0.00915128284980568,-0.013506464296450582,0.01919515780987502,10.359526389671588,9.300367814132215,19.659894203803802,49.823626611418405,9.466741085197873,40.70963230338371,1864428.09,-1.2271792198930864,0.13085406224362472,-1.0963251576494635,0.11819249774303131,0.12333237502929251,-0.24152487277234513,,,
11380552,갈현2동,2024,⑦ 일반,0.026892091001000692,0.20031561721342736,0.05001209039215276,0.09360638159834854,0.6291738197950707,0.1476212891205484,0.1574704741580085,0.14531432553193102,0.14518549909091477,0.15808004277708088,0.1560259426242776,0.09030242669723887,0.24632836932151644,0.043497278137175764,0.1620488641890989,0.20018606673227954,0.2244908314871119,0.26726806751422116,0.10250889194011273,0.36977695945433386,0.5283465023189379,0.09368921912732381,0.12477108581604794,0.23433760839356282,0.21846030494337176,1.0888142670370378,221697655968,-0.001320017169832901,0.011251001926846887,-0.025112894201552362,-0.001749383600116533,-0.0007964959186533838,-0.018560306098490742,-0.002345813493282778,0.02158548275200045,-0.017814230404104778,-0.013866717378600998,-0.03168094778270575,0.020760439869556446,6.217812763925071,7.789063948509628,14.0068767124347,52.508261942186564,8.104057111198957,39.38768094661448,1086245.8,-0.3878321161083438,-0.03757248957959192,-0.4254046056879339,0.9940302682948143,-0.2332757974873978,-0.7607544708074201,,,
11380560,구산동,2024,⑦ 일반,0.03364636092366378,0.15170826318675648,0.009265953517067604,0.16518323778907587,0.6401961845834363,0.15923793032420844,0.16640296620884734,0.14878717809569503,0.14198417532348107,0.1665784932638077,0.15425914718851402,0.06275010959544643,0.21700925678396044,0.027498190074122495,0.13112411448746814,0.255553903723109,0.2396835770507654,0.27990587931231475,0.06623433535222024,0.346140214664535,0.4836145321335347,0.07320899295168762,0.13685278326031985,0.24815595968787837,0.21006177621200747,1.1732187258495086,63583554128,0.003237728856971281,-0.0020081165276788215,0.0067075374810198676,0.001392087701159006,-0.00255066936190268,0.022713550542552696,0.009725529235247415,-0.01289892145834809,-0.007692225144672563,-0.008483381675883556,-0.016175606820556132,0.1325238377562996,3.3117376437392085,6.210552270760982,9.522289914500192,49.54298323343524,7.099121966824912,43.35789479973986,1009156.63,-0.32980542025327564,-0.5841902477748313,-0.9139956680281056,0.018266095913176628,-0.3912084669978473,0.372942371084676,,,
11380570,대조동,2024,④ 잠재 후보,0.07954154410545218,0.21690023326846852,0.036480709155367316,0.0736169590346986,0.5934605544360134,0.13502784555437233,0.15691075974687302,0.13975275565999515,0.1476527613703877,0.15960292163136294,0.16675995504397678,0.09429300099303208,0.26105295603700884,0.025413735347848066,0.1384919223241393,0.24079490337914475,0.23467389516417608,0.2841190614407409,0.07650648234395088,0.3606255437846918,0.5355825282253159,0.09222239135547196,0.15598160538150496,0.21104825003902283,0.2482039967369769,1.0809342145047882,246333573334,0.01568876614353111,0.006912159714393407,0.0034582225553714332,-0.006944575278318474,0.002903347040088211,0.006065059281182894,-0.0007604052601558886,0.022044519948066554,-0.002453794467385556,-0.00153434618777748,-0.003988140655163064,-0.01578192238333531,5.291639682332531,8.390673356730577,13.682313039063107,53.21816157114899,8.631662987051328,38.150175441799675,3890868.66,-0.8596510804242072,0.04421901074984724,-0.8154320696743618,0.3635077967722893,-0.03387033666314032,-0.3296374601091543,,,
11380580,응암1동,2024,② 라이징스타,0.029823426627380963,0.2846243846684819,0.04442563244664082,0.09570850011781723,0.5454180561396791,0.15157183346608072,0.155224362023222,0.13713321449228957,0.14591248556180003,0.17506141069607678,0.15005945988499922,0.08503723387553161,0.23509669376053083,0.02219065948882936,0.11863545037238571,0.231789391957018,0.229557829220564,0.31084639491662297,0.08698027404457996,0.39782666896120294,0.457091778672786,0.08106405662812019,0.15467808414009815,0.23506234755430022,0.23574214076821834,1.1997699170296907,167009944606,-0.001023326395054775,0.009542908641734238,0.006658765688345884,0.0037864202734862185,-0.0011494087809346687,0.001942254246247055,0.01214725406021841,-0.010241755412060238,-0.008465336384372774,-0.004960220544930727,-0.0134255569293035,0.049043738006124604,4.788542522286865,9.924299874499631,14.712842396786495,58.01228637668545,7.964466041030178,34.02324758228437,2483347.27,-0.5575475200364295,-0.5253937365851087,-1.0829412566215382,0.9030499934866398,0.034653827131264414,-0.9377038206178909,,,
11380590,응암2동,2024,⑦ 일반,0.0014591063672138652,0.08413517805923709,0.023956745542720596,0.12044182696868196,0.7700071430621465,0.15195327336576472,0.14459516870548128,0.13997555237938927,0.14610039406978367,0.16580897360320856,0.15421759126576565,0.09734904661060681,0.25156663787637246,0.03442541306519472,0.1480743482027783,0.20881638813997852,0.24994518562374862,0.28509462935110047,0.07364403561719936,0.3587386649682998,0.4274439019448759,0.030326784257113073,0.12597307381419595,0.2397669162448293,0.15629985807130903,1.1348975111183564,67546048194,-0.00028957228690721683,0.007616041799609008,0.006404994081561088,-0.004649552126721648,0.0024857555836839407,-0.014077187941466618,0.005669836827292246,-0.006139481981341399,-0.00710879153763656,-0.004059833542982616,-0.011168625080619166,0.0373518615894719,2.3995595735120405,6.330660024952837,8.730219598464878,47.23105830202653,7.154472307450282,45.61446939052318,603306.13,-0.13525753570213972,-0.338516443635573,-0.4737739793377127,2.273513803776872,-0.08133092991328894,-2.1921828738635725,,,
11380600,응암3동,2024,② 라이징스타,0.021418257004763845,0.2285790732542525,0.07813070802669532,0.15464208786695105,0.5172298738473373,0.14351966832234928,0.14396726478179842,0.13453407886036092,0.13761637683167904,0.16896611296184497,0.16579404844477866,0.1056024497971887,0.2713964982419674,0.06503291125305029,0.11502316739298471,0.20586923787355635,0.22851442474316178,0.27220379780192777,0.11335646093531912,0.3855602587372469,0.4499478248033548,0.06818233992177053,0.15864731339164143,0.19383582224399096,0.22682965331341198,1.2278052718137633,197041212320,-0.0013467134883747532,-0.007570975974911798,0.007006864034395266,-0.0017170412884277286,2.0906076784843464e-05,0.0026163378532061965,0.0016659773674433664,0.009937137984385835,-0.012428270945705339,-0.005354180641046424,-0.017782451586751735,0.060890037954698606,4.601771269657635,7.676441651881556,12.278212921539192,55.67201693975257,8.61916382549492,35.70881923475252,1907848.41,-0.6763604210451168,0.06214908985898049,-0.6142113311861355,1.815682495734947,-0.09794294681529969,-1.7177395489196385,,,
11380625,역촌동,2024,② 라이징스타,0.026564711449566403,0.23658899224174315,0.04939495708958492,0.20687999045900846,0.48057134876009705,0.16686738352520894,0.1492940379469345,0.13853639610957474,0.14626820255614306,0.16511567590875678,0.15609894776800393,0.07781935618537805,0.23391830395338198,0.035807650933077105,0.12355144361743126,0.21695507923686486,0.22102190098882232,0.28993095794107415,0.11273296728273029,0.40266392522380445,0.4270310405130721,0.079907323702787,0.1429594619128806,0.23013733881087495,0.22286678561566758,1.1288555750548679,149542059154,-0.0015898716174048179,0.005694058026245091,0.0025182219093936725,-0.009749265988712036,0.00577343912718048,-0.009240054749362514,0.0053759000121897105,0.006035496552688591,-0.007725596261314596,-0.002627130817950657,-0.010352727079265267,-0.020862869233002845,4.770632035214854,8.05238453913814,12.823016574352994,49.80227033993925,8.445711680683605,41.75201797937716,1680440.8599999999,-0.7928931919500339,-0.21623126433330242,-1.0091244562833364,0.8445727518989372,-0.05294162808861458,-0.7916311238103049,,,
11380631,신사1동,2024,⑦ 일반,0.058100778582075234,0.21536735257343384,0.03146630568920727,0.10226636758193951,0.5927991955733442,0.15391804835225292,0.16553965462575643,0.13690400585128232,0.1418752795058511,0.16795709769514486,0.15603851047998507,0.07776740348972727,0.23380591396971234,0.02877538616836658,0.12700885908075246,0.21903906464852504,0.24035896882840432,0.2940851066705134,0.09073261460343822,0.3848177212739516,0.4714249740929802,0.08243048022249282,0.15348917233909115,0.21070034194609183,0.23591965256158398,1.1838362418043245,93651467481,0.007519115287925225,0.0026153309695750027,-0.0006765129192328051,-0.005258534234855228,0.009439193388002753,-0.0035667250978282383,-9.206941311643013e-05,0.0005353103706480233,-0.006618429411482621,-0.0027769055708129486,-0.009395334982295556,0.013837687800210885,4.962566666226445,8.117591321247001,13.080157987473447,47.88058670923358,8.139343243427202,43.980070047339204,1102477.28,-0.17845844395509936,0.3613370524525541,0.18287860849745563,0.438825120121372,-0.19346463188777996,-0.2453604882336009,,,
11380632,신사2동,2024,⑦ 일반,0.02095546211588292,0.11549280748191162,0.02349709445001615,0.05485857057377825,0.785196065378411,0.12629007498956504,0.14111315772680333,0.1379642141857268,0.2018030291114805,0.19041457116253202,0.14212712226475888,0.06028783055913349,0.20241495282389235,0.014402621271861425,0.14220550115546063,0.30591481286633915,0.2422384601129652,0.23927389543986186,0.055964709153511746,0.2952386045933736,0.3870063992769968,0.04434035351723409,0.10174660258874872,0.36058297663943034,0.1460869561059828,0.9435664667716299,44210679291,0.0007454826487242952,0.0033911411315497436,0.005132051972811028,0.007038645530998346,-0.020049190824382085,-0.016782281955034117,0.050151153357844286,-0.04539655996911379,-0.0006691959793400579,-0.00315971627841638,-0.003828912257756445,0.21318605549706116,3.0185618471225997,7.239496001574806,10.258057848697405,49.21176424209278,7.710997889608609,43.0772378682986,462430.81000000006,-0.2350039537489228,-0.14784982409845604,-0.3828537778473802,-0.5475590157171482,0.04658251269747282,0.5009765030196505,,,
11380640,증산동,2024,⑦ 일반,0.06683801448363758,0.1381090785772671,0.012288446408718836,0.09515205830156118,0.6876124022288154,0.16272575840260553,0.16487082816286158,0.14014853157993307,0.1648922748091351,0.1675029668953943,0.1262368039327945,0.07362283621727594,0.19985964015007046,0.015176694118427397,0.1610104200042741,0.23539376548648186,0.25757782399281637,0.2659395327073627,0.0649017636906376,0.3308412963980003,0.4996941551796767,0.04734425379943715,0.11818708320774918,0.19923822030899438,0.16553133700718634,1.015832713141238,55201637818,0.011882083873134518,0.012752871000028476,-0.0032726783087523685,-0.0011142526384039092,-0.009064923858990132,-0.0025963343708749753,0.011778840700879534,-0.017316332749170715,-0.0016236835602179422,-0.014031519680150761,-0.015655203240368704,0.11807781826884778,2.8037606203286316,6.5736022555619025,9.377362875890533,47.64557233793712,8.592076635944581,43.7623510261183,521292.72000000003,-0.09947417658387314,-0.1935418204653363,-0.2930159970492099,0.779187252874209,-0.3985705898010572,-0.3806166630731411,,,
11380650,수색동,2024,④ 잠재 후보,0.012428488407806585,0.32065920076742616,0.019360251460236372,0.01724239303565655,0.6303096663288743,0.1585117995544139,0.15629701265574103,0.14199908198364106,0.14956286165836852,0.1629396230200727,0.15811989609716026,0.07256972503060252,0.23068962112776278,0.01011464529260144,0.10458937472674129,0.2622692323571816,0.2546504798757536,0.31017630196235085,0.05819996578537121,0.3683762677477221,0.42630223621840596,0.02684961037739945,0.11153884642698657,0.15588199639384345,0.13838845680438602,1.0894390573527495,24209697119,-0.004414924946133596,0.02183611882023828,0.008436736882379402,0.01532684585387633,0.04029830867508688,0.060657210170551035,-0.003389977835320246,0.053356206719841925,0.00029319676375615805,0.011126357747580307,0.011419554511336472,0.07208918826481714,3.1923864526679218,8.73235073323595,11.924737185903872,47.21201341000531,9.665810893043268,43.12217569695142,939656.6,-0.11297550046283078,0.05255603315164592,-0.06041946731118486,-0.30112077622856503,-0.044774401087686044,0.3458951773162582,,,
11380690,진관동,2024,⑤ 성숙·정체,0.04850373250706765,0.33353743533054675,0.021820284014824505,0.1861527408088983,0.4099858073386628,0.11596385397608835,0.1234650405361833,0.13487029340776943,0.1321651269998395,0.13907814692935533,0.1916722582818264,0.16278527986893765,0.3544575381507641,0.013880335794973745,0.08304247110870953,0.2552553065629171,0.3155880696544975,0.27807738729092746,0.05415642958797466,0.33223381687890213,0.4446073070129565,0.05573650764851391,0.13042485626341863,0.24180337427874232,0.18616136391193253,1.052305930364855,134173393894,-0.0046796206272324,0.044087902013933256,-0.005337264928332988,-0.016298631407076908,0.012372953190371072,0.00013552758720297708,-0.005794648687575232,-0.010975171664129257,-0.010466322583034073,-0.010695757136542139,-0.021162079719576204,-0.059330881224386234,4.3840169153359545,10.548923598817893,14.932940514153849,54.19366535361393,7.683313673346287,38.12302097303978,4980361.03,-0.5297340355971061,-0.47191554015031123,-1.0016495757474164,0.29918063816173657,0.15341411685228135,-0.4525947550140259,,,
11410520,천연동,2024,④ 잠재 후보,0.016402760741744165,0.3255524084253362,0.03541866477219224,0.0215066926732812,0.6011194733874462,0.1523629188319698,0.1550589876221434,0.14658710328493338,0.1465493249217013,0.1856927355886265,0.1420937936836451,0.07165513606698047,0.2137489297506256,0.01045074908194713,0.12998618612621907,0.2527949161163417,0.23525105653746847,0.29589940131957815,0.0756176908184455,0.37151709213802364,0.44865121056789253,0.046410238941170884,0.12097772494784978,0.1834302049908182,0.16738796388902066,1.2671005866989755,71174788158,-0.0014105652692918136,-0.05079072553382652,-0.025636642980905136,0.0009952127823421725,-0.019892830597270372,-0.04597151811584754,0.018749798447982552,0.00822759405712753,-0.010118953490081448,-0.0010472561803342995,-0.011166209670415733,0.14723442010918686,2.7070505153205198,6.920359120190706,9.627409635511226,46.985228375079956,8.091324227744012,44.923447397176034,721586.83,-0.4581658654908547,-0.08898485380021359,-0.5471507192910678,1.7584804127239622,-0.20112425195279116,-1.557356160771171,,,
11410555,북아현동,2024,⑦ 일반,0.009390499318653734,0.16325268839102172,0.03830285472806837,0.12405556850351517,0.664998389058741,0.14935575474053103,0.13649390543076198,0.12861410066197917,0.1386358846304823,0.1591802847726591,0.1740997521880022,0.11362031757558423,0.28772006976358644,0.01875568926944463,0.09396676171666479,0.21977216913769268,0.280487381049617,0.3115401013443041,0.0754778974822768,0.3870179988265809,0.47578510939650653,0.0739662353376786,0.13278065577119932,0.1743298986262862,0.20674689110887792,1.1481896277932333,54731592172,-0.0007332309552659719,0.019713299808122864,0.002213840729358922,0.0020902079098633064,0.01898399861208866,0.004324486003450534,-0.0032429935361375506,0.01310998498222965,0.0005215193989339256,-0.0026181166579844206,-0.002096597259050481,0.008760837917929809,9.566174151840817,10.99419030634774,20.56036445818856,44.223503772061086,5.547168911121322,50.229327316817596,917616.37,2.5953544669276356,1.9271084589696539,4.52246292589729,-9.358392945105514,-0.4826069878235648,9.84099993292908,,,
11410565,충현동,2024,⑤ 성숙·정체,0.0768153176638361,0.48788352394806966,0.048439598413389476,0.14358775662491455,0.2432738033497902,0.1697951012645089,0.1835308277520639,0.16573594777864273,0.18057112649564197,0.1766380763976906,0.08679335821166305,0.03693556209978884,0.1237289203114519,0.03232186997175876,0.09704628183912159,0.3427443932722991,0.12842705244959912,0.28185569758467216,0.11760470488254927,0.3994604024672214,0.3471374427465554,0.08148409078485205,0.17790115277712648,0.1841489040299122,0.2593852435619785,0.9782188316909776,128993861854,0.0018152504674206066,0.000769452300825757,-0.006795189739660944,0.004050403270661668,0.011749356214926593,-0.005327920719024604,-0.0005806000109908893,-0.01395416523652615,-0.009487034702960348,-0.003324083492297042,-0.012811118195257432,0.050279736283817655,8.122102836099305,11.683502600206378,19.805605436305683,44.95107528944768,9.859868181643424,45.18905652890891,2702183.59,-4.519491827721621,-0.11823578744922436,-4.637727615170846,3.912320102760056,0.92703302033234,-4.839353123092387,,,
11410585,신촌동,2024,⑤ 성숙·정체,0.10066032952528306,0.36881693807882127,0.06485951416880095,0.0915694951287645,0.3740937230983302,0.1479859515434068,0.15913138378413128,0.1486313173525653,0.1515525875473604,0.15672883044427122,0.14700451098447068,0.08896541834379433,0.23596992932826502,0.04709564256596303,0.08272617143488512,0.2453319519616725,0.21355295213704087,0.29691556196065944,0.11437771993977904,0.41129328190043846,0.5058056494467417,0.2938964517516259,0.18894427837888242,0.13851400335888536,0.48284073013050827,1.034154764235175,515701376300,0.017810807930334724,-0.018944557266797724,-0.00821434373625321,-0.012877216972526168,-0.010186215510710306,-0.013030377511474733,0.000728648594903375,-0.005498974537644363,-0.026423572775279847,0.012648689875277869,-0.013774882900002006,0.01308532578572974,27.160272144556203,12.582456898518776,39.74272904307498,50.27759885246408,8.167549833290098,41.55485131424582,7151866.74,-2.3993785372234946,0.3086495163564109,-2.09072902086708,0.271079131912046,0.04578092150339508,-0.31686005341545354,,,
11410615,연희동,2024,③ 급성장 신흥,0.08242250728289086,0.2919206005016865,0.021221042695094998,0.11173534415244736,0.4927005053678803,0.14702025436743266,0.14930207553858027,0.1490453412198226,0.14871817106636717,0.15582089430205126,0.14565605185189204,0.10443721165385401,0.250093263505746,0.020283990164672406,0.0816948558185758,0.2635346257157607,0.26799978757567866,0.2998077120671785,0.06667902865813392,0.3664867407253124,0.4472068292013365,0.11832117496527565,0.18212436583586963,0.22790950944780994,0.30044554080114527,1.0477596193172278,249749010223,0.006362594196766186,0.002530721383072143,-0.0017445685400438796,-0.0033531072657838057,0.010149834423573895,-0.009335480576346533,0.0008245493173641982,0.00802758958915517,-0.004100303489907739,-0.0069856284211712305,-0.011085931911078983,0.026705494752261583,12.578288070198717,13.093104203991693,25.67139227419041,50.319133517631265,7.608848546622698,42.07201793574604,3043517.67,-1.091132810657017,0.26810123941541697,-0.8230315712416001,0.7150736262050685,0.032086743748172,-0.7471603699532352,,,
11410620,홍제1동,2024,⑥ 쇠퇴 주의,0.02354190494366327,0.28042280861238494,0.026762277195207768,0.059186188697320355,0.6100868205514237,0.15214754050419518,0.16088840602009058,0.13762303171407736,0.1611989977406251,0.15668582362703853,0.1519734093732319,0.07948279102074139,0.23145620039397327,0.024623924843396025,0.12779031379159447,0.24425846900016965,0.21071643881735977,0.3062635116512939,0.08634734189618617,0.3926108535474801,0.4553620430703269,0.06587571016998527,0.15388021788798859,0.22657433593513301,0.21975592805797384,0.972002467900896,82461676557,0.0012716342928793672,0.011509811062319297,0.0057998729972211435,-0.008763016211125213,0.010708009943786817,0.002874732811577685,0.0010645639212173152,-0.03617523229553754,-0.004960164754716695,0.003670700208793065,-0.0012894645459236298,-0.0816217371464859,4.360659092212456,7.439105853788987,11.799764946001442,50.07664990973658,7.511366837035833,42.41198325322759,1409114.51,-0.41533467839949445,0.09171969460674667,-0.3236149837927478,-0.09269046598159036,-0.27477724731378217,0.3674677132953761,,,
11410640,홍제3동,2024,⑦ 일반,0.01044941779269433,0.12216249521061016,0.013448793670577453,0.02722155897971325,0.8267177343464048,0.16131170717935917,0.1638059472427809,0.1496697566005616,0.14652854936266832,0.1636246081055666,0.15111374658048762,0.06394568492857583,0.21505943150906345,0.012782263065254141,0.21045818640540404,0.23817113563388845,0.270078264729745,0.2334840447222102,0.03502610544349821,0.2685101501657084,0.5660210837201369,0.03513498808475585,0.09404813558974309,0.1456470792734473,0.12918312367449894,1.1166739097415368,234086037091,-0.0007870385363560745,-0.0023669548839264226,-0.0012257871209587178,-0.0016616118666277595,-0.0046574206774638305,-0.02567988869361565,-0.004222867780984213,0.007775910398599484,-0.005203103664181578,-0.007182217883442574,-0.012385321547624145,-0.01184713259479575,4.5343975331430935,6.920999004686733,11.455396537829827,55.870262945273595,7.501010316988897,36.628726737737516,1330003.3699999999,-0.337967099360144,-0.08402424481206872,-0.42199134417221273,0.5139616280820505,-0.0025322246881858135,-0.5114294033938691,,,
11410655,홍제2동,2024,⑦ 일반,0.027783947471788216,0.20795007171438865,0.028382082843900834,0.02558772094696244,0.7102961770229599,0.1554741130424095,0.15382939491922548,0.14877659001368965,0.13950222731657833,0.16019549947869657,0.14543901408997242,0.09678316113942807,0.2422221752294005,0.042599133500264674,0.09004426648348937,0.20388356906156813,0.22347139730156515,0.34314320093757855,0.0968584327155341,0.4400016336531127,0.43281577190944387,0.10360733968201259,0.197236781985755,0.2493231546373344,0.3008441216677676,1.148336500141737,42664577602,-0.00831173742870199,-0.043216267600563046,-0.0020163081424549242,-0.002194592969741057,-0.0037930715861057007,-0.018968153239227237,-0.005358557722064422,-0.012059389950702382,-0.0036809841498869345,0.026327215195472764,0.02264623104558583,-0.07423571295768028,2.553941310772589,5.571565572601809,8.125506883374399,52.992080138554456,6.288282337697315,40.71963752374823,439474.86,0.1629673101047695,0.2482916009484546,0.411258911053225,-1.1549676216062679,-0.5528338453575987,1.707801466963879,,,
11410660,홍은1동,2024,⑦ 일반,0.02997016706375416,0.17870319671668286,0.0138927110629308,0.053694052030433016,0.7237398731261991,0.16123829291624234,0.14038905855111042,0.14157962875094057,0.15981825919189757,0.16119778529033718,0.1423512226184864,0.09342575268098553,0.23577697529947192,0.017347581501640237,0.1943947390734239,0.263703779010173,0.2197213984684733,0.2562166984256066,0.048615803520682954,0.3048325019462896,0.4318675975114343,0.02964385556329077,0.09053589245995397,0.1919248086171279,0.12017974802324473,1.0086318428533447,84658330953,-0.0015659557589601386,0.01813135276625183,0.006263284302071672,-0.002284904315132466,-0.013113754215952816,-0.009536816205249155,-0.013674723867198174,-0.01013464972636463,-0.007565118604255048,-0.01654248363083992,-0.024107602235094963,-0.2244869799064091,2.3640277809335664,6.038109367630815,8.402137148564382,49.62445171612732,7.1716822583903355,43.20386602548235,506564.69,-0.4691220484592993,0.05126110363248504,-0.41786094482681335,-0.11635254643162085,-0.13721742507252355,0.25356997150413463,,,
11410685,홍은2동,2024,⑦ 일반,0.04776448902803022,0.2711605930050414,0.030148402226167777,0.07741519849030137,0.5735113172504592,0.15524607003537289,0.15721754318400907,0.14553181333963225,0.1592572419940393,0.15235193486466034,0.1386740335908732,0.09172136299141294,0.23039539658228617,0.027059318836564993,0.10068889591262142,0.25267512589153823,0.24908031721794457,0.29181357348883247,0.0786827686524983,0.37049634214133076,0.4543793626362365,0.0782801089541969,0.11427211915283832,0.315609913132814,0.1925522281070352,0.956640545554359,88082194840,-0.03150690558808355,0.015678346625742245,0.004661172063110917,0.005238858990962311,0.01644772120750751,0.0055622589553951385,-0.017847962762793934,-0.004955482976926939,-0.0014985215821765735,-0.0006465085098357054,-0.002145030092012279,-0.1211370342351834,4.561905696921655,6.619553327879302,11.181459024800958,53.72953383965018,7.196350734854169,39.074115425495634,1326077.3900000001,-0.625259737014658,-0.32754716597729416,-0.9528069029919521,-0.1975248152943152,-0.22372489214708935,0.42124970744139034,,,
11410690,남가좌1동,2024,⑦ 일반,0.00125286653551904,0.14223551576605176,0.02533230876713861,0.046160370685308184,0.7850189382459825,0.1590978298555203,0.15753682909003083,0.14684271148188813,0.14568908912169276,0.16858410078459682,0.16444130725359526,0.057808132412675906,0.22224943966627117,0.016559990956105886,0.14198599560927722,0.2515027577553995,0.2848631996620311,0.27080836260460545,0.034279693412580865,0.3050880560171863,0.5636577743062412,0.020749494367711774,0.09800328369808693,0.2043356717332328,0.11875277806579872,1.1571498030561511,86202318394,-0.00019306762266596946,-0.006369342816731849,-0.007723941177682183,-0.017885669992273028,-0.003835233186757686,-0.009746271570747311,-0.002604703230384864,0.011475671453796354,-0.0059452154611313555,-0.00643235162280692,-0.012377567083938265,0.041703714308639395,3.4524856111294375,7.246637554494928,10.699123165624366,56.06973432252269,8.493057552520074,35.43720812495724,948627.27,-0.026709157841046327,0.4576277463145857,0.43091858847354025,0.7119161028306209,-0.06558703367429608,-0.646329069156323,,,
11410700,남가좌2동,2024,⑦ 일반,0.05410189510759596,0.2677611706463094,0.03986478018515571,0.0557737363587809,0.582498417702158,0.15872901318725544,0.15143949395680495,0.14125324753619473,0.15380579584254933,0.16382440061909945,0.1593463884696032,0.0716016603884929,0.2309480488580961,0.03329438251368598,0.12320833443128025,0.2511573338836748,0.23117766235901357,0.2773148625480701,0.08384742426427536,0.3611622868123454,0.4512349982628761,0.10509238586022485,0.15463826362474312,0.26178841763833016,0.25973064948496793,1.0651380185100834,114083801237,-0.0023043891489671134,0.012452885402080616,-0.002918662840457352,0.00931885915533548,0.002617853984828389,-0.002353165051152517,0.003784493512898446,-0.010306192172574502,-0.0033437902285269744,0.0007707291887150136,-0.0025730610398119746,0.012255052193279825,7.99433197103208,8.351881080679858,16.34621305171194,49.78364391573017,7.929447808616164,42.286908275653666,1184757.53,-1.5990244524803927,-0.48646126613659035,-2.085485718616983,1.9605103155858572,-0.20689008617637583,-1.7536202294094778,,,
11410710,북가좌1동,2024,⑦ 일반,0.0,0.06695122363885825,0.005120278241786879,0.15536417052681625,0.7725643275925386,0.1807813894152857,0.17089662961409138,0.13470956767517706,0.14747577706281995,0.1475524367714275,0.14236338211365718,0.07622081734754123,0.21858419946119842,0.022658552438579727,0.18762718809640708,0.15692522504737821,0.24094016150940345,0.3080028735639649,0.08384599934426662,0.3918488729082315,0.49946147634325244,0.029361570521556073,0.09922455999976935,0.48568893466448915,0.12858613052132542,1.0005198122032941,18034088899,0.0,-0.005130286241865803,-0.0011251648433105374,-0.036795163949240484,0.01194440161945387,-0.06446278367643843,0.02008459615448946,0.06228701788609797,-0.01841403052027519,0.005608799497130126,-0.01280523102314507,0.1890258311351819,2.2013962641626583,5.93752154868052,8.138917812843179,47.987249730425056,7.642035351730171,44.37071491784476,531355.04,-0.3336659931153054,-0.43127572993270125,-0.7649417230480058,0.7113870437267238,0.27295624516553385,-0.9843432888922621,,,
11410720,북가좌2동,2024,⑦ 일반,0.02496924500632159,0.20999947195080482,0.03088887580413215,0.06377254757802547,0.6703698596607159,0.16024407975626667,0.15727745956077735,0.13567752242636671,0.1455076731899399,0.16827027530132097,0.14624012848286597,0.08678286128246245,0.2330229897653284,0.029900054968919957,0.11767422822728558,0.22436736833926962,0.25418767289357647,0.2925303440728492,0.08134033149809913,0.3738706755709484,0.44505540848095654,0.06602389618427677,0.20423633294688337,0.2694486074437692,0.27026022913116016,1.1564357508601466,167696269228,0.0015495844956766626,0.019056892259217778,0.0031049538026410375,0.0035443059424740894,-0.01664812504268423,-0.02013356491414653,-0.010275606015407168,-0.015565854906226417,-0.007416069325440033,0.016967951019130678,0.009551881693690645,-0.3083349802851496,4.86704899003678,8.195462341600349,13.062511331637129,50.9507636445049,8.652107944793622,40.39712841070147,1725975.23,-0.8079926335728773,-0.4434332252391098,-1.251425858811988,1.5058085850337761,0.25807812943399,-1.7638867144677803,,,
11440555,아현동,2024,⑦ 일반,0.04168297510174727,0.09906515599709004,0.006119419766375822,0.06763007924235978,0.785502369892427,0.18084952043661354,0.16584835407987428,0.14185153828572777,0.1493947729030309,0.18412800411551145,0.14825579688645824,0.029672013292783784,0.17792781017924203,0.006822969241033381,0.14290611958567417,0.305057487925305,0.27198001878990297,0.24146981110770704,0.0317635933503774,0.2732334044580845,0.5453436148035102,0.06902926795348575,0.1962670554661699,0.24227997848555263,0.26529632341965564,1.23249294829763,153658836932,-0.002397139668473755,0.004535027150659177,-0.004268583139022821,0.004222115229418386,0.0004528145952322482,-0.011919565322165093,-0.002882437880338262,-0.0015264680900345384,-0.015146848470338786,-0.007841584452715017,-0.022988432923053803,0.0017840679113192426,6.058038132980262,11.213209602243627,17.271247735223888,53.33738407992732,7.4026899568365865,39.25992596323608,1503393.6400000001,-0.3163038971192673,-0.24385424196480976,-0.5601581390840771,0.815737654636095,0.06482990715678572,-0.8805675617929154,,,
11440565,공덕동,2024,⑦ 일반,0.03974973177980081,0.33140008807617116,0.06901405374544102,0.060964217472432455,0.4988719089261546,0.15935871932276974,0.15823976827135422,0.1513092145009211,0.1547994123606098,0.17483855517155825,0.13224775425761245,0.06920657611517446,0.20145433037278693,0.016508276551441048,0.09417379076288275,0.2621775222659109,0.21825920619934455,0.3038305772407438,0.10505062697967693,0.40888120422042074,0.41829926470666756,0.06084369046842347,0.18490928024704514,0.1896445489350476,0.24575297071546862,1.129452318360658,194978952586,-0.004957519788939289,-0.004422031372845969,0.0013496843287494897,-0.01724830593196197,-0.006216327023414209,-0.008562348320917068,0.0022185878446753238,-0.009864328253156474,-0.013491741077994238,-0.0004623839512087058,-0.01395412502920293,0.024359831377994468,6.472402566066584,13.073759671908663,19.546162237975246,47.41699218356417,9.127684148877341,43.455323667558496,2357148.5,-0.799239163044632,-0.3006596388819336,-1.0998988019265674,-0.010589257914297434,0.2864119209427951,-0.27582266302849234,,,
11440585,도화동,2024,⑤ 성숙·정체,0.05183394305819789,0.38807771434821586,0.09253544291931541,0.02339233834807335,0.4441605613261975,0.1787838899662209,0.19625681718972032,0.1412251780693976,0.14422324216314786,0.17655283050288745,0.10758345310453897,0.05537458900408688,0.16295804210862583,0.032873689557905116,0.09352394016426915,0.2457726672336941,0.16512975193544024,0.3161801447166753,0.14651980639201606,0.4626999511086914,0.273878235220822,0.06779008819270284,0.16589444278043255,0.26979433134238656,0.2336845309731354,1.2241635110599427,233760656572,0.004893898612770994,-0.04151411635107838,-0.007984466107302482,-0.0031891909098084523,-0.012788058801474267,-0.06443653809243882,0.01662890222314592,-0.026211498235476693,-0.017990912729535027,-0.006989435288798612,-0.024980348018333598,0.4307036794400665,9.036908942376218,14.646896193839243,23.68380513621546,45.16809232541904,10.195470454198261,44.6364372203827,1963605.71,-1.1725548069189902,-0.35979060615017566,-1.5323454130691658,1.5823262900001964,-0.24055618510184829,-1.3417701048983446,,,
11440590,용강동,2024,④ 잠재 후보,0.01944974333852222,0.2814523086098705,0.04553638470548027,0.17934112118832932,0.47422044215779763,0.15458195863840618,0.16563363208827056,0.15720362821985118,0.15490956901834183,0.17704980551677074,0.13480670834548783,0.05581469817287166,0.1906214065183595,0.014756900987098266,0.10131182817955041,0.26762121141285977,0.24116122950512245,0.28818333089020104,0.08696549902516806,0.3751488299153691,0.3941379992078098,0.03569172287175241,0.13743350723644218,0.23198588484826338,0.17312523010819458,1.14292362078554,355666975579,-0.0017988323937959752,-0.01729825281893632,-0.004242621721088677,0.001700429431665318,0.0037461755154039045,-0.02379541021946119,-0.0009478932671182771,0.002878006648526499,-0.008204301686293512,-0.013169946692798445,-0.021374248379091965,0.05761280742599939,4.93922671204628,11.449476617126725,16.388703329173005,46.555577217453134,9.776204310864609,43.66821847168226,1560189.57,-0.5311927497259434,-0.42343166014709155,-0.9546244098730341,0.08967243850980111,-0.06002508618318103,-0.02964735232662008,,,
11440600,대흥동,2024,⑦ 일반,0.03893703093734717,0.1378030548052766,0.011544839034797616,0.1083793545740116,0.703335720648567,0.17316199141841473,0.17026179248091391,0.15995215763873036,0.15463521807471572,0.1698838766849778,0.11590463983511744,0.056200323867130045,0.17210496370224748,0.02077460788542456,0.14564046371830766,0.24656243623657909,0.27845479233004,0.24097148747650948,0.0675962123531392,0.30856769982964866,0.42755535518018867,0.16213667595796794,0.16813730511102398,0.15995162660814066,0.3302739810689919,1.0986105157681112,225250677308,0.0018572164496028845,0.006451425050376908,-0.001550383209191408,-0.001659189591937421,0.004997589091353366,0.006803697932141084,-0.0016964474939498708,0.008298674969292374,-0.0071428212029222005,0.00046650351155966274,-0.0066763176913625655,-0.0047168483438491116,16.93664528515638,11.695669031485266,28.632314316641647,50.46574331591308,7.3476021461304954,42.18665453795643,2065050.5699999998,-2.1296708271951807,0.09550085633094874,-2.034169970864234,0.6904896741031976,0.0699668304874379,-0.7604565045906142,,,
11440610,염리동,2024,⑤ 성숙·정체,0.12348913997307642,0.3938557809745644,0.024848212114038145,0.048982383258363967,0.40882448367995705,0.1518847459186465,0.15061172408672752,0.14600959883063186,0.14952227423184952,0.1648614682140851,0.14796078126001716,0.08914940745804231,0.23711018871805947,0.023386624260842863,0.07127535796571287,0.25426541286220583,0.19175325259478457,0.3393341809763432,0.11998517134011065,0.4593193523164539,0.46972671110678027,0.09955542351702232,0.17869937681766915,0.2540727141420052,0.27825480033469147,1.1025880194843116,79269021528,-0.010242262630790977,-0.0013003252240220697,-0.013285508140634995,0.0016785226102435796,-0.013877839715266432,-0.036160543162821746,-0.002905285468422225,0.004858332864866977,-0.011910253303456755,-0.008622482691355626,-0.020532735994812368,-0.01768610634925749,7.7322937238656655,13.032830714100955,20.76512443796662,47.558780263443126,8.108196606023622,44.33302313053326,1389252.45,-0.8021427908089285,-0.0746480701593164,-0.8767908609682458,-0.04175955840575796,0.17464738336031793,-0.132887824954544,,,
11440630,신수동,2024,⑦ 일반,0.1064304397901325,0.2296850474307051,0.018293738844589322,0.04927264269655421,0.5963181312380188,0.1623916717274342,0.1740912266020841,0.16600436387955184,0.1710450937948336,0.156999630927734,0.11701026074230562,0.052457752326056636,0.16946801306836226,0.018356841708022265,0.13214876856475533,0.24100781066768204,0.2484152471052817,0.26504044773437346,0.0950308842198852,0.36007133195425867,0.3875782412738634,0.05640664728156407,0.13905443212145574,0.25670549775283835,0.1954610794030198,0.9178844446485735,63983705023,0.005223633963338345,0.0053298071561486415,0.00047870354269625645,-0.02432190727782771,0.00020289047288207795,-0.006088693258958389,0.0025799196725063978,0.001343253485667495,-0.005430932393853866,-0.0003937701685851336,-0.005824702562438999,-0.030387400632198136,6.378439654858678,8.404436129298409,14.782875784157087,50.502911884884284,8.027754116823107,41.46933399829261,979027.37,-0.4666559077414023,0.041753319522923604,-0.4249025882184778,-0.2610238945954819,0.1585234741101642,0.10250042048530617,,,
11440655,서강동,2024,⑤ 성숙·정체,0.143201504171721,0.28615334071527976,0.07730424180820365,0.14259642654912025,0.3507444867556753,0.11999342901846595,0.13163118694113404,0.14189292956333838,0.141661874045057,0.16525729551707352,0.17833024548117682,0.12123303943375431,0.2995632849149311,0.05421234899910694,0.06699629414104552,0.2027367014392599,0.1941462634181357,0.3317445701297253,0.15016382187272662,0.48190839200245195,0.4679073112335929,0.28132648402084426,0.2230000910059138,0.17858434445834126,0.504326575026758,1.1665615510953338,142769842700,-0.00889250550552137,0.007285458597897587,-0.00943726647694583,0.006603807566259778,-0.0043693331553477655,0.0014298375040120992,0.005289791001855643,-0.003818204206133491,-0.015617069313450083,-0.009432574725573656,-0.025049644039023766,0.0004001997492786291,31.130903710701734,15.526164405759179,46.65706811646091,36.099594291170796,6.915964760040551,56.98444094878866,2663013.28,-2.2157686615297685,0.6664487122001752,-1.5493199493295933,0.07399166258321088,0.07174076948682284,-0.14573243207002662,,,
11440660,서교동,2024,① 레전드,0.0914613297192205,0.2980966971435809,0.11286156010882684,0.16334958029988583,0.3342308327284859,0.12637097137690229,0.12673095107239432,0.1293596189974421,0.13509742904606978,0.15803272497498094,0.19423569202643523,0.1301726125057753,0.32440830453221053,0.0727396905504313,0.05101286927087156,0.18834527212438118,0.21075285711055244,0.33211938221896836,0.14502992872479514,0.4771493109437635,0.5373661456442758,0.34206510260845646,0.24064800670866007,0.135828009809269,0.5827131093171165,1.1697685595563034,1453682131390,0.007063463670069867,0.0045440013202930896,-0.012241636100158493,-0.00406039367629249,-0.008467172723458039,-0.009971711305767295,-0.00031052833484424003,0.011566594319174173,-0.01123045771988479,0.008859798058185792,-0.002370659661699026,-0.04130016156417704,36.82368726043614,17.437964377355904,54.26165163779204,46.63512402825565,8.057550069287572,45.30732590245677,17841511.1,-2.3595223988948106,0.7370450790799872,-1.62247731981482,0.5993816031609427,-0.16388158948109321,-0.4355000136798566,,,
11440680,합정동,2024,⑤ 성숙·정체,0.07582865661901972,0.3253837273404218,0.07302486898180853,0.04966210381417781,0.47610064324457213,0.18000627697894941,0.13450803505036468,0.11400257085311835,0.12358247528682437,0.20290349330371382,0.14614005379097667,0.09885709473605273,0.2449971485270294,0.04462088158816436,0.06213075680873777,0.2265436879130073,0.26199416307583184,0.26574845883073467,0.13896205178352403,0.4047105106142587,0.3536079054195846,0.17208620248746734,0.24159877398361335,0.1594078685447623,0.4136849764710807,1.6418468139013411,276047540380,-0.011909214513279157,-0.02717386028386759,-0.016037378878686184,-0.012960418648822455,-0.036955958236770975,-0.06935948761923855,0.03945632955864589,-0.04776863735832959,-0.03128132989436938,-0.038021155750522784,-0.06930248564489211,0.49912190348356433,22.84860408543536,18.454647890267566,41.30325197570292,43.99405103767259,8.580990462626808,47.42495849970061,2610559.48,-1.9339406262252226,0.19716873817444025,-1.7367718880507823,0.5741899465258484,0.0014347900098634625,-0.5756247365357083,,,
11440690,망원1동,2024,⑤ 성숙·정체,0.041093641840784054,0.2779089861598174,0.038369347921566585,0.0669624428809559,0.575665581196876,0.14064507119245992,0.13791060680957548,0.13371266196354778,0.139375534459533,0.16263642816649995,0.17238494651168643,0.11333475089669746,0.2857196974083839,0.03221908778079934,0.10097868268960933,0.23068472224557687,0.2350093263015087,0.31101769801311,0.09009048296939573,0.4011081809825058,0.5126741967908737,0.13815980281933413,0.22301828364344117,0.18948311424747333,0.36117808646277527,1.1668936646389734,206743868210,-0.005759257874999403,-0.008896228590694832,-0.004330992344870235,0.01137273962815178,-0.008934625429015575,-0.016558726087102738,0.0028238424280565833,-0.006793221241390035,-0.010412769983443537,-0.0006037601584825691,-0.011016530141926106,0.03880654657329985,19.276434413297874,16.214954211159508,35.491388624457386,44.95712581495166,7.255065909250703,47.78780827579763,2254606.12,-0.40168515785876835,0.1394512753015853,-0.26223388255718305,-0.23101094486009544,0.03888326647568796,0.19212767838440925,,,
11440700,망원2동,2024,⑦ 일반,0.040552206394965144,0.17641426944467928,0.03190396129438851,0.073912462866122,0.677217099999845,0.15289123172898597,0.14477957722924045,0.1498133433974201,0.14874316362650972,0.16007280482394803,0.15713854360477553,0.08656133558912016,0.24369987919389569,0.024563591541207203,0.13598250344199214,0.2305499350414362,0.26383243022106145,0.26609885201718986,0.07897268773711316,0.34507153975430305,0.4729772470722005,0.07986485874168692,0.18532223236448908,0.20756959242853748,0.265187091106176,1.0761691557528434,128078916950,-0.004054858803792458,0.005308992946021107,-0.0011132167959085684,-0.00940155648134694,-0.009512840481742557,-0.02263139922445606,0.0016788524650271364,-0.013303233485907173,-0.029625984571155256,0.010178188036120611,-0.019447796535034645,0.04495196576679472,13.510265397676523,13.09520557097259,26.605470968649115,44.822080082965485,6.861884838054702,48.316035078979816,1428603.69,-0.2904012360181767,0.07340460643526292,-0.216996629582912,-0.04496376867531637,0.0750316414377794,-0.030067872762465697,,,
11440710,연남동,2024,⑤ 성숙·정체,0.13707764097227657,0.5607810730420909,0.10199075909248369,0.08181343615742123,0.11833709073572765,0.11068861660038433,0.11586741352022986,0.12521458483781983,0.12456268720022286,0.1551456942842515,0.21651033157411237,0.15201067198297927,0.3685210035570916,0.053003603905246874,0.026801645588404522,0.17722132612263647,0.18914906053708663,0.37831268223274084,0.1755116816138847,0.5538243638466255,0.504922535538912,0.3484038725903431,0.2869969375068435,0.11995419760665424,0.6354008100971866,1.2455230195449245,149475125204,-0.004832087480893893,0.02972991212926268,-0.008013150677991437,-0.0019508437149191593,-0.009332869963146972,-0.004961487566555456,-0.004538224338276053,-0.011412536704337617,-0.0158931783477409,0.009574986565771493,-0.006318191781969462,-0.10404005823449047,36.8508156493753,19.48296833429815,56.33378398367345,33.65670694142657,6.527626627845325,59.815666430728086,2261450.27,-2.390437212947134,1.1958762557837233,-1.1945609571634108,-0.15023249678969108,-0.11189388135638634,0.2621263781460641,,,
11440720,성산1동,2024,⑦ 일반,0.023770321275674557,0.22733503376646425,0.026232526741323547,0.07896814309832313,0.6436939751182145,0.16873950634067536,0.15067854394224955,0.1434710698729904,0.14375559336278268,0.18097448561866603,0.13656984087928328,0.07581095998335269,0.21238080086263597,0.02555202476297362,0.17394134986287682,0.2679447771529038,0.2279893294906992,0.23803399055799399,0.06653852817255254,0.3045725187305465,0.4145950994567535,0.09427076455622671,0.17748446329891274,0.21713043149688763,0.27175522785513945,1.2589039590407969,131199445175,0.007950817601990859,0.06262131794448123,0.0009976883455788121,0.02350434880750943,-0.051280570207192705,0.012535713790899183,-0.03068143652648425,0.0138450478287096,0.007706897495997525,-0.05770930598007046,-0.05000240848407295,-0.7136944769110134,10.16068152658381,12.009680748384156,22.170362274967964,47.542548268836846,7.387714802970402,45.06973692819275,1264778.25,-0.6365017051436066,0.07128159924276467,-0.5652201059008419,-0.5393923294073133,-0.14298673091718683,0.6823790603244788,,,
11440730,성산2동,2024,⑦ 일반,0.06826944610083505,0.21772610558006397,0.003750531159160333,0.10500156192919002,0.6052523552307506,0.15584010385816938,0.14295359913151692,0.13194905706745422,0.1599476069742683,0.1666217704308128,0.14817577545164481,0.09451208708613355,0.24268786253777838,0.014465685279900236,0.1466782406914371,0.25427273907609327,0.23984503526191725,0.28103738388682986,0.06370091580382234,0.3447382996906522,0.4740582204187123,0.0848978210060421,0.16706587496012418,0.22387772788532853,0.2519636959661663,1.0417271854377803,133658190994,-0.0014631232053553267,-0.011033125645660169,-0.0007158361402342817,-0.02147615960308011,-0.012893094567203361,-0.024690238400925546,0.007145812942546209,-0.005418547227683201,-0.010303643096483697,0.005967166445013078,-0.004336476651470578,-0.0685758450711269,7.369292171848281,11.296176046588464,18.665468218436743,53.30016439829558,6.963547034289997,39.736288567414434,3533880.92,0.6021620335342694,0.6742540941464075,1.276416127680676,-0.35444173330565576,-0.5368383746994576,0.8912801080051125,,,
11440740,상암동,2024,④ 잠재 후보,0.10198253605533081,0.39833188461328506,0.05885734002140954,0.08243305828198162,0.35839518102799295,0.16591512371374756,0.1746809674560877,0.16373458373143465,0.17615635773903193,0.1712292122360467,0.09937174447602565,0.04891201064762584,0.1482837551236515,0.026938273949509046,0.0926052348714962,0.3320723326436327,0.16551322262139254,0.27721632417291103,0.10565461174105852,0.38287093591396953,0.3652426520715885,0.10188734787002701,0.222807877873968,0.2243256204877749,0.324695225743995,0.972029703802774,315503272850,-0.008092268310824408,-0.007401696555612625,0.0006735657368331371,-0.0005311686311374186,-0.0013579334802841792,-0.005888042176308894,0.0006012172167013663,0.017196166462754847,-0.01585097494190034,0.008798017928741575,-0.007052957013158778,0.015036170343688537,8.410038762832544,12.33294316914487,20.742981931977415,52.80794706968719,8.458232726702292,38.73382020361052,3501372.09,-0.873697240193259,0.18470852408840344,-0.6889887161048556,0.3464060840805203,-0.14530067642681033,-0.20110540765371354,,,
11470510,목1동,2024,⑤ 성숙·정체,0.0636597031508563,0.23965182082293934,0.050773466574780726,0.038987300558641816,0.6069277088927818,0.15109570678065734,0.14626450323995255,0.1395154843132221,0.14004655222582052,0.16122510863534253,0.16491686505723985,0.09693577974776509,0.261852644805005,0.03052865958373644,0.087839241300719,0.2176790247854632,0.22221869567228286,0.3280522922407753,0.11368208641702322,0.4417343786577985,0.4722910995685758,0.07574221861637782,0.14759879500025866,0.36663485246872024,0.22334101361663647,1.1512251181690805,337220046159,-0.0011088168624345945,0.0014928243502390082,9.33669386478514e-05,0.00021321226455219694,-0.003936124175886957,-0.0024450443738122107,-0.0022626915655700186,-0.006300341491641048,-0.008351152682789353,-0.013917317626564424,-0.022268470309353805,0.00987369991237319,5.9887055285049495,10.455152342064727,16.443857870569676,57.7820991535279,8.164280267477322,34.053620578994796,4576428.39,-0.9292465229203914,-0.44797138014239835,-1.377217903062789,0.2448711093528786,-0.08545301300842922,-0.1594180963444316,,,
11470520,목2동,2024,② 라이징스타,0.023101527602522463,0.23535792625678478,0.038168526086081934,0.14209531043760698,0.5612767096170038,0.13807679079135235,0.14691707473221088,0.13579564850341733,0.14746047568722415,0.1630667721558802,0.17326391078431336,0.09541932734560175,0.2686832381299151,0.03471939175552722,0.09280088774538732,0.18994838852575582,0.22047923439559114,0.34116551195411254,0.12088658562362595,0.4620520975777385,0.4394852060105619,0.08675765686974017,0.23668850586573625,0.21966415127291425,0.32344616273547644,1.105833759154272,115648179158,-0.0010322557250492977,0.015841458597711133,7.567577409536841e-06,-0.0006792975003168389,0.005529854656258215,-0.005804560058567221,0.0004094672893726614,-0.005735951935005312,-0.013368834706784613,-0.001193739515600395,-0.014562574222384994,0.03587781065080686,4.512291685360681,8.949114425286922,13.461406110647603,50.19059557900164,7.520839318822742,42.28856510217562,1064623.33,-0.9573384608081676,-0.338940640622992,-1.2962791014311588,0.4695337577599119,-0.13703806818401,-0.33249568957589304,,,
11470530,목3동,2024,⑦ 일반,0.02384159947814058,0.1465265874892975,0.044748029432252166,0.06800217176368557,0.7168816118366241,0.151762172300993,0.1420717372038333,0.13630814581800804,0.14066262668546825,0.16262418701010437,0.17062740728386439,0.09594372369772866,0.2665711309815931,0.02665233603445311,0.12363354991305625,0.25102666479192853,0.26202895946611154,0.2762161792596822,0.06044231053476835,0.33665848979445057,0.48968295876838985,0.06546995731339356,0.16311630077775374,0.20133280597653302,0.2285862580911473,1.156129320503475,148063317448,-0.004104118426281542,0.007048531588976559,0.003414405504642261,0.004536275119989969,0.015235651655325533,-0.007283531038527136,0.0021670722775592732,-0.012801875048929379,-0.003901898291928746,-0.0003575064960442964,-0.004259404787973042,0.04581882100130463,3.625060669868993,8.214499727207492,11.839560397076486,56.16533947972309,6.450362612185836,37.38429790809108,760468.1,-0.5931500073674294,-0.06776860806531104,-0.66091861543274,-0.3495801414329023,0.13894465276183254,0.2106354886710875,,,
11470540,목4동,2024,⑦ 일반,0.011321509442726495,0.16603074392783695,0.022695782401883045,0.061457240897204994,0.7384947233303485,0.14537107401164648,0.15046092524690832,0.1354978386144874,0.14376568590480393,0.15832349474072702,0.16453070815067133,0.10205027333075552,0.2665809814814269,0.025852096674095056,0.09027028105742803,0.21742403811451888,0.2677846640121221,0.3300985313182951,0.0685703888235409,0.39866892014183597,0.4830205337867172,0.04311038425474544,0.12405217296515059,0.27028367395525554,0.16716255721989604,1.1012606641445908,110931006802,-0.0008947740253135508,0.003215445495443031,0.002383851183282184,-0.006129573095697956,0.0019818262429427413,-0.012782843024792379,0.0003383943109797616,-0.005095902667576202,-0.0022916555871689906,-0.009864749606029177,-0.012156405193198161,0.03057808285344965,3.625013073235529,7.081829508879442,10.70684258211497,52.07628606132075,8.079161103819073,39.84455283486017,1061424.31,-0.521170516230721,-0.13836087503064842,-0.6595313912613712,0.6052160496354233,-0.39020709350238114,-0.21500895613304039,,,
11470550,목5동,2024,⑦ 일반,0.02585016455266845,0.07549108904171536,0.0010501209557084261,0.0521083260652253,0.8455002993846824,0.15192006533905913,0.14857060679647893,0.1428816960324702,0.14838720281972495,0.15773400358715786,0.15540952225719737,0.09509690316791158,0.2505064254251089,0.01302163425789892,0.10278383339514899,0.18286029450064284,0.276367190869252,0.3333831990443595,0.0915838479326978,0.4249670469770573,0.5315501724427107,0.021103515977118206,0.0635773886415071,0.53268897839519,0.0846809046186253,1.0629892645040848,283812357405,0.0002500998889848581,0.002314923887569334,-0.0002142900717588053,-0.0033425038097062987,0.00022232535790323027,-0.007966982353254992,-0.0025952959796884945,-0.003331532049311803,-0.0029046583168082715,-0.0041170170789976285,-0.007021675395805907,-0.02529689445421246,3.144953406314825,5.9073231235573145,9.05227652987214,57.56168510926266,7.828744432489162,34.60957045824818,2545848.21,-0.1828791851911853,0.08676030036403581,-0.09611888482714903,-0.42214865660267265,-0.03125332889668275,0.4534019854993545,,,
11470560,신월1동,2024,⑦ 일반,0.019728282118990716,0.20585755349043383,0.02962011082250694,0.04343913823247426,0.7013549153355942,0.13996050654128503,0.1395245852145462,0.13589661377573573,0.14679342122629918,0.16179176353556113,0.16638754062247627,0.10964556908409645,0.2760331097065727,0.031179245288823938,0.10661959147604598,0.23541271244672415,0.25424750114382716,0.29996394367495344,0.07257700596962532,0.3725409496445788,0.44581548045821956,0.04040019569161778,0.12858980187684266,0.20830360026987726,0.16898999756846045,1.1021731231820004,125280865262,0.00022725784313320369,0.008692348359293028,0.0010671340780917977,-0.0016392347524749676,0.007273305544034492,0.0047555582214818815,0.00026821340531305027,0.0028679630978299953,-0.006868200055222769,0.001948221170912423,-0.004919978884310339,0.022283150011495945,3.5012550289270026,7.458160830037637,10.95941585896464,48.10336290923001,9.246843302391346,42.64979378837865,915018.75,-0.31141870508262315,-0.37487438465777334,-0.6862930897403956,0.35034436114349177,-0.04758832437089566,-0.30275603677257124,,,
11470570,신월2동,2024,⑦ 일반,0.017020745402578457,0.18704814817119222,0.013808568463560003,0.030534866111120218,0.7515876718515491,0.1571668400571641,0.15345151240376206,0.13562603628646308,0.14627653854067413,0.1679450736479869,0.14923125621892075,0.09030274284502897,0.23953399906394973,0.005783466783171088,0.12788930270128274,0.24958889737541082,0.27079091330833815,0.30072206627469267,0.045225353557104504,0.3459474198317972,0.48763518764513136,0.02684676762810072,0.10912964666885572,0.22396068942593544,0.13597641429695642,1.1481340433912957,61114274751,-0.0018913771406813377,-0.004734149714985619,-0.0006419778056213164,-0.0241202062717586,-0.005093209667860421,-0.029097818032507605,0.005851562176800357,-0.002886383658651792,-0.007015684965381418,-0.005331282521376865,-0.012346967486758315,0.047965120718896026,1.7624294609952276,5.5295677514680355,7.291997212463263,50.375998080990016,8.975779471735597,40.648222447274385,481873.47000000003,-0.2556681654735724,-0.769603740508364,-1.0252719059819366,0.2952613945117122,0.12030463919270495,-0.41556603370441536,,,
11470580,신월3동,2024,⑦ 일반,0.045800884851248946,0.13143699059723038,0.02975951796115554,0.16528469524824418,0.627717911342121,0.17056044123767905,0.15461527963786292,0.15435548131581492,0.1468186655441281,0.15745258525925718,0.13564069461728467,0.08055685238797315,0.2161975470052578,0.042676831857777306,0.13328487428346486,0.219034751905934,0.28024651900238223,0.2486807127078884,0.07607631024255322,0.3247570229504416,0.4027272841275125,0.04525013216126262,0.15901962006460785,0.19283948694359457,0.20426975222587046,1.0724289358966619,42106530611,0.0007587785301533534,0.006006672438416488,-0.006895464860739605,-0.02267298464674869,-0.015678755190852767,-0.03292205356744482,0.004084010856861386,-0.02500946736460835,-0.015229761136624026,-0.002036727136305233,-0.01726648827292926,0.007697654415300681,2.491916404316193,5.370808499672168,7.8627249039883615,49.49311268669728,11.20910722773207,39.29778008557064,598128.01,-0.4650926298617115,-0.006510831635202052,-0.47160346149691357,-0.5041672099439509,0.18050817550988896,0.3236590344340726,,,
11470590,신월4동,2024,⑤ 성숙·정체,0.024961753190208553,0.2953356029583906,0.05473155864658477,0.1001739769196808,0.5247971082851353,0.15756318408395728,0.16405176217738487,0.13840484211680745,0.1348004590388755,0.1561343328697132,0.1587146647146282,0.09033075499863348,0.2490454197132617,0.04076456104840086,0.11790673899740825,0.23122764239268573,0.21774982561330394,0.2913122883152928,0.1010389436329084,0.3923512319482012,0.4196928812889772,0.05225981498075416,0.13378268003061414,0.24963281751948124,0.1860424950113683,1.1582626200455681,73133061692,-0.0009370719020746279,-8.263904515298792e-05,-0.0029524689873260193,0.0023846840606556313,0.0019704694673509104,-0.017430061761884164,-0.016563118012939554,-0.004355521348732072,-0.008569445220620989,-0.009196902773342591,-0.017766347993963566,-0.14099367741916624,1.896483194417988,5.675986947478579,7.572470141896567,49.04765190247849,9.136572151092642,41.81577594642887,466699.1,-0.20701077692081893,-0.46811023298067767,-0.6751210099014964,-0.5940999347011342,-0.20798507884307327,0.8020850135442075,,,
11470600,신월5동,2024,⑥ 쇠퇴 주의,0.031388225245139845,0.26141330442582217,0.0344204077315508,0.05843525018279221,0.6143428124146949,0.17818515822679626,0.16270216681743302,0.13792225381146286,0.14819463911759648,0.15836785582605273,0.13412984939878306,0.08049807680187558,0.21462792620065865,0.032506834243127954,0.1339678560314459,0.23956507681179234,0.23211017453464794,0.27397033003293203,0.0878797283460538,0.3618500583789859,0.3733552142866726,0.05257459896186975,0.12480472998795455,0.22538552016748906,0.1773793289498243,1.068647670179105,63273769590,0.0034222366691873327,0.026272147121068096,-0.002081888911424093,0.004108796713950445,-0.014561497534864909,0.037566743669761316,0.018026110865890982,0.04143769719707274,-0.0036840304420838674,0.008016310917218425,0.0043322804751345645,0.06443346210192735,2.0917984952046766,6.598076156687532,8.68987465189221,49.929687487512865,9.428977685937644,40.64133482654948,600618.56,-0.3965208416598065,-0.5295934883311402,-0.9261143299909467,0.370793988574043,0.03294845641897126,-0.40374244499300715,,,
11470610,신월6동,2024,⑦ 일반,0.0030332198170983904,0.1651849091477834,0.008428107100902315,0.05624820042900352,0.7671055635052124,0.17087503491124748,0.15034751086210182,0.13749482358212445,0.14830154985026453,0.16907390310405723,0.15978920514880585,0.06411797254139863,0.22390717769020446,0.007390512384802801,0.1554591604471917,0.2654175298128582,0.2696768251067734,0.2679224958658634,0.03413347638251049,0.30205597224837394,0.518551906532893,0.03843347260725059,0.1355911373752674,0.22134500674522098,0.174024609982518,1.1400683490817587,82601624382,-0.00040657858105581923,0.018322634908761043,-0.0014907721728600713,-0.00874953716761822,-0.002321627014221117,-0.009462381717313673,0.007704561760986023,-0.005469986942790328,-0.010529645446428558,-0.003791183902158629,-0.014320829348587166,0.07746233569525218,2.197697582973992,6.083892615261017,8.281590198235008,51.850787101248855,8.619221084554855,39.529991814196286,413972.79000000004,-0.43980434139190105,-1.032951809843608,-1.4727561512355098,0.15334810586296044,0.017107643436551356,-0.17045574929952068,,,
11470611,신월7동,2024,⑦ 일반,0.023299889531839646,0.1589709495200193,0.05078907412167238,0.06765043579430392,0.6992896510321648,0.16504718898528778,0.1505370325782376,0.15015834255402466,0.14788983714251178,0.16402044906608373,0.15590439259376357,0.0664427570800909,0.22234714967385447,0.026039966952790903,0.14652737088158332,0.24655177465743566,0.26344908952768525,0.2613244765972894,0.056107321383215426,0.31743179798050486,0.46222134053276454,0.04856483707827342,0.12327932207986764,0.20054151169940151,0.17184415915814105,1.1090718080109043,62830461535,0.001437010415087276,-0.014344803794481248,0.006182103776290054,-0.01078926933217357,-0.004781396574608715,-0.028679779400606897,0.0019975286127929814,0.019570286839556528,-0.010453801101300807,-0.009283303778764518,-0.01973710488006533,0.022276561396718852,2.4746121708128657,6.404230813331011,8.878842984143876,56.36290976948375,8.52120453909836,35.115885691417894,946357.99,-0.4715016856667731,-0.18703282348933037,-0.6585345091561035,0.5611326552437603,-0.056878616020879846,-0.5042540392228716,,,
11470620,신정1동,2024,② 라이징스타,0.01491772213179377,0.23550341782229686,0.054615594478996964,0.08296180808832203,0.6120014574785904,0.1477057004347827,0.15296220097329985,0.13926968943937892,0.1439919830366675,0.16983599583709763,0.16215965243240643,0.08407477784636694,0.24623443027877337,0.032415389766775056,0.10181593212211007,0.22056411878398827,0.22699625165334436,0.3137512959666156,0.10445701170716663,0.41820830767378225,0.4612118169528781,0.05304597337387367,0.11766359856874298,0.2908256147211494,0.17070957194261666,1.1794823034963617,137350504715,-0.006011642137254905,0.004868919392758325,0.0027323166195080684,0.00030192190910140193,0.007285355497794327,-0.010358859869794401,0.00206042517722016,-0.006235538651786443,-0.005657803395412497,-0.007956000495006471,-0.01361380389041894,0.022838187242652852,3.2814766955322177,6.3196011606044875,9.601077856136705,58.647765288595174,7.5131863878905385,33.83904832351426,1096094.33,-0.38375407529689376,-0.04412343500802596,-0.4278775103049206,1.5007689638389365,-0.4205335988425807,-1.0802353649963834,,,
11470630,신정2동,2024,⑦ 일반,0.03288420261019969,0.19586217324530128,0.015265792121871243,0.03904360906826694,0.7169442229543608,0.1584342546204187,0.16115500324500687,0.1470137679700584,0.14538654903890857,0.16067034258352633,0.14108473224795182,0.0862553502941293,0.2273400825420811,0.015320220997636535,0.11592775454789433,0.22584018992291743,0.25229796903267476,0.31455259938302,0.07606126611585691,0.3906138654988769,0.4535186053499918,0.03880923521833887,0.1057992611157209,0.35976250430532125,0.14460849633405978,1.1051252240709522,129625587536,-0.0028229644595440043,-0.0023505869489326703,0.0009449639817914676,0.005119547203887416,0.008489092025372402,-0.0036973702328442215,-0.0019303339988791524,0.004216032399477321,0.002057646235614316,-0.011837852325410902,-0.009780206089796573,-0.021990019938401106,3.082744545768823,6.800900083650426,9.883644629419248,52.564504401234004,7.995323850479914,39.44017174828608,819888.24,-0.32058110408315965,0.09516057437619807,-0.22542052970696247,0.18312103389082068,0.050102582618730906,-0.23322361650956935,,,
11470640,신정3동,2024,⑦ 일반,0.03761748084339702,0.11630093447564004,0.019665936535121532,0.042147363010930666,0.7842682851349108,0.16555942273484936,0.15759942044690523,0.14025943192188636,0.14693091566586583,0.15577348160813498,0.14311427635955645,0.09076305126280178,0.23387732762235824,0.020049311924955942,0.1167032091669596,0.23744309732635346,0.24433357467840516,0.3045883650203531,0.07688244188297275,0.38147080690332585,0.49214032247011325,0.06475092389198629,0.14518060139022657,0.2880043644058561,0.20993152528221287,1.0601817929344288,156960562925,-0.004768826794057081,0.0031771363067346625,-0.00042952300901051566,-0.00325058554618006,0.011022375648069016,0.00041208347308713256,-0.008522408322196223,0.014153223865035425,-0.011882436032781121,-0.007304257589816759,-0.019186693622597867,-0.040305385547880546,3.587534520047403,7.324425932021625,10.911960452069028,55.95940629763908,8.334237754719211,35.706355947641704,2225916.7,-0.4849953314600963,0.03603138587467836,-0.44896394558541886,0.6020770738921257,-0.0763878745728519,-0.5256891993192667,,,
11470650,신정4동,2024,② 라이징스타,0.02629229292974249,0.23522463733034596,0.07220516051466819,0.10152960312492433,0.564748306100319,0.15366852570621314,0.15195229475052852,0.14014941281012616,0.13906277468165912,0.16353414356606402,0.16008792542187794,0.09154492306353106,0.251632848485409,0.043339927013438535,0.11615597612033544,0.222398642919779,0.22085503336673085,0.29214046565419466,0.10510995492552153,0.39725042057971616,0.46388746178290907,0.07661900492568706,0.15862658958741724,0.25522416488045463,0.23524559451310428,1.1759735410171734,330334333571,-0.0012331063381260145,0.00756174260072906,0.00107502185176242,-0.007393810563485884,0.014191759725395797,0.0015427351906355247,-0.0004634373949052306,0.0024945255555731682,-0.011542717040466513,0.0037494600130238698,-0.007793257027442657,-9.999651142122978e-05,5.832801652306238,8.534594139115729,14.367395791421966,51.44842709188933,9.709095943183144,38.842476964927506,2287963.2800000003,-0.947658691473543,-0.19580532996793565,-1.1434640214414795,0.16337516241264893,-0.16652256854616532,0.003147406133486186,,,
11470670,신정6동,2024,⑦ 일반,0.05204212033382772,0.05128378714473783,0.0,0.033728070799447694,0.8629460217219868,0.18566481173113594,0.1623831865739964,0.14041501915164045,0.14381486807139082,0.16292396117942015,0.12840480868329837,0.07639334460911787,0.20479815329241624,0.013364997626142457,0.1118311208396996,0.16149124016268196,0.2659233896188657,0.33774828513628696,0.10964096661632333,0.4473892517526103,0.5500481710655842,0.011876850022878931,0.0703765266631848,0.6092974280374774,0.08225337668606374,1.1328728619251203,37867405005,-0.0021245785444752446,-0.003459032017424188,0.0,0.0011424772922946982,-0.0019258461151644424,-0.007162313957542299,0.0031161359823903556,-0.008757481012093948,-0.0019223642399111424,-0.026901208662146917,-0.028823572902058045,-0.009412253336916976,2.2550110138343404,6.149527525545768,8.404538539380109,60.010368872364715,7.369189657926004,32.62044146970929,1168130.88,-0.3115137842065794,-0.17806964071247045,-0.48958342491904894,0.5058512633775294,0.16829995766459493,-0.6741512210421092,,,
11470680,신정7동,2024,⑦ 일반,0.05547518021264504,0.11327971164900925,0.009617697787552509,0.08572768288912773,0.7358997274616654,0.16544070210046377,0.1613058073143889,0.1353341253904398,0.14673393830383608,0.16256316039616497,0.15126878244020558,0.0773534840545009,0.2286222664947065,0.011875666665013633,0.1427022983585132,0.23014163043456146,0.2728251388381498,0.2754096582009723,0.06704560750278961,0.3424552657037619,0.5291451937996652,0.03841391428563141,0.10245570306954443,0.4325112498584035,0.14086961735517584,1.1078770342792268,169451939227,0.005463415875316055,-0.01026686939533869,0.0037737427690460517,-0.010546891557200552,0.013762164553107303,-0.01955772018597579,0.005417035033877998,-0.004477539462411362,-0.004037533639868078,-0.005552851902510453,-0.009590385542378538,0.10015852700374994,2.75939946358159,6.299012760520039,9.05841222410163,56.294318712865945,7.547508732427577,36.15817255470648,1267562.76,-0.20137552784640844,-0.38733449731828173,-0.5887100251646888,0.04215181407294466,0.2602467125032524,-0.3023985265761908,,,
11500510,염창동,2024,⑦ 일반,0.06528006629359859,0.15816216784591647,0.01728721619759019,0.08614838164114878,0.673122168021746,0.1794352488540751,0.15604992073866059,0.14978770205194963,0.19628228876711462,0.15892155278958456,0.10380916726708482,0.05571411953153067,0.1595232867986155,0.011993509542833207,0.1677192756801476,0.28549789328842146,0.24854045841823943,0.2326743392619329,0.05357452380842535,0.2862488630703583,0.4336463512800947,0.06306539606602915,0.2222633609728285,0.23222392307837464,0.2853287570388577,0.8096581397527012,230001877778,-0.005782696301675008,-0.006805006435604721,-1.6971017767035412e-05,-0.011631763692475927,-0.004534201369448626,-0.023209105023900722,-0.020012836681984142,0.04425022271404322,-0.01454949965854617,0.026775858525090707,0.012226358866544551,-0.31178223816438444,6.403750584626806,12.190320770921696,18.5940713555485,47.08420800490735,7.854660889007577,45.06113110608507,1468394.01,-0.41479803917263336,0.06498067209038183,-0.3498173670822524,0.12431494759022144,0.1513886323659106,-0.2757035799561365,,,
11500520,등촌1동,2024,⑦ 일반,0.06670239830541676,0.20605841879978914,0.026519104314635354,0.14620616557676377,0.5545139130033949,0.15917034325821497,0.1694049695985806,0.15214405195193628,0.15545448444224405,0.1762535732373658,0.12859922419091638,0.05897335332074193,0.1875725775116583,0.019114810376819728,0.13731556024128247,0.27402877147302934,0.26221921146830085,0.24399147503117122,0.06333017140939642,0.30732164644056764,0.40144705315117296,0.07798587968913263,0.20789196433496152,0.23237792469130736,0.28587784402409416,1.1337953605503688,309897162683,-0.0010772341133007401,0.004037735988689173,0.0022373339068606814,0.0015157477881612702,-0.004686058121798203,-0.011886147684517956,0.0119288945709633,-0.016789961904481565,-0.011251657460839698,-0.023221108374877508,-0.03447276583571718,0.06878794219477102,6.581729054362418,13.55059884220189,20.132327896564306,49.96571907408944,8.714946212924508,41.31933471298604,1595435.32,-0.9610936365848968,-0.330577807449453,-1.2916714440343497,0.20217969721902307,0.07791181571024453,-0.2800915129292747,,,
11500530,등촌2동,2024,⑦ 일반,0.05729068710765735,0.24960604484826515,0.03422726072078576,0.0715014289514213,0.5873745783718705,0.1611615744791331,0.15258578199705122,0.15588518520421377,0.1473105421513194,0.17946529111872278,0.13832638307382825,0.06526524197573154,0.20359162504955977,0.030883027661815686,0.12719158187200494,0.21886086710322936,0.2527060181406023,0.27752192593275543,0.09283657928959234,0.37035850522234776,0.4135768671079482,0.06808505701630857,0.17626098453363592,0.19477683124904308,0.2443460415499445,1.2182786683004234,41637188720,0.006573217936980021,0.008217775581750575,0.0010776356598661344,-0.0015085929042336493,0.0002945496008261994,0.0057133776652412704,0.014871693873744318,-0.01757138108080253,-0.0032327495516025484,0.012388425860472174,0.009155676308869626,0.10200995975274152,3.934222614891857,8.488561634703471,12.422784249595328,46.65246015698025,7.705721967599516,45.64181787542022,562666.9400000001,0.6764092357967293,0.36241420165314686,1.0388234374498762,-1.4712919419548243,0.05091403015628515,1.420377911798525,,,
11500535,등촌3동,2024,⑦ 일반,0.034021659179265674,0.23443960739175318,0.015116743052315284,0.05510579919475401,0.6613161911819119,0.15583822135614434,0.1786798280764072,0.15151863166684534,0.163194387838511,0.1693639576943236,0.11266066556341199,0.06874430780435652,0.1814049733677685,0.016235483875704636,0.107123882654525,0.30605891555887393,0.233210994477412,0.26819579240872027,0.06917493102476417,0.3373707234334844,0.3958913925487288,0.06209507583814878,0.15782159441304777,0.2546155042483792,0.21991667025119654,1.0378050369104463,265324867739,0.0007943650097836027,0.005699780865695059,-0.0003976855205409108,-0.0046140597471147834,-0.001643199979062454,0.0023677230112895686,-0.00029518295004818396,0.0008987302289128474,-0.007693065675264017,-0.002059305732310973,-0.009752371407575011,0.006509105484878708,6.97553114216547,13.381461842511952,20.356992984677422,52.945096200212674,7.828351911903038,39.22655188788429,5487713.44,-1.4217672545543367,0.03713679097632472,-1.3846304635780093,1.0801306051677173,0.2324850233538731,-1.3126156285215913,,,
11500540,화곡1동,2024,① 레전드,0.03820353495040956,0.18948120587575415,0.12644200085697024,0.15282015894607848,0.49305309937078756,0.1437711502723886,0.15059128748546607,0.13787095018796455,0.12865594049119713,0.16138783181109467,0.16918111104881445,0.10854172870307449,0.27772283975188894,0.10381400488843459,0.10313461648580602,0.17884651340775698,0.19272595887439647,0.27920738517530724,0.14227152116829866,0.4214789063436059,0.40514629590632,0.12057733497635821,0.22403249330946765,0.24774289988947812,0.3446098282858258,1.2544141467151073,355643567163,-0.0015971378742783982,-0.0016158430662205903,0.027777353323928486,-0.0029177830899585755,0.0005888753275619107,-0.005542930579994443,-0.0009981242084648734,-0.01399340769474866,-0.009392620304277274,-0.016825060394085045,-0.026217680698362333,0.06647131675365081,7.576256082463286,10.492348293918425,18.06860437638171,45.27757866649197,9.831116017111418,44.89130531639661,2008787.3,-0.4175533715674966,-0.1067706211660795,-0.5243239927335779,0.13481129201603181,-0.13993005107404244,0.0051187590579999664,,,
11500550,화곡2동,2024,⑦ 일반,0.004003180443980535,0.09860015432049103,0.019815336386223202,0.08313998690195139,0.7944413419473538,0.15790750391360522,0.17025134502873954,0.15171028202525375,0.16047342974513026,0.16251292974806356,0.13708965507662754,0.060054854462580104,0.19714450953920765,0.017870315090898505,0.15115350997942528,0.2387656807614636,0.2581959361168851,0.2656609254421294,0.0683536326091981,0.3340145580513275,0.41090813798801595,0.039608364305583205,0.12850043923181476,0.23803004586068185,0.16810880353739796,1.0127092691056239,39896735417,-0.07697983864350477,-0.0016352586587209117,-0.000664017008481059,0.0038203991755171723,-0.011283590164832435,-0.0035269586375133444,0.014930435772003786,-0.02130109515677331,-0.006692904299031258,-0.016209093388238865,-0.022901997687270137,0.06604353401101926,2.6924304360656213,6.263102794919997,8.955533230985619,51.566318592456206,7.852928137343908,40.58075327019987,455890.33,-0.16212670372101057,-0.5249994938554288,-0.6871261975764398,0.6679784067602057,-0.03594593933296597,-0.6320324674272442,,,
11500560,화곡3동,2024,⑦ 일반,0.053064145046240276,0.23831604443134902,0.08496445369373383,0.030235962718486914,0.59341939411019,0.1612113483751329,0.1476350248766236,0.14080308372919093,0.14559539872433397,0.1682261315587166,0.15562455090932711,0.08090446182667488,0.23652901273600202,0.041534504958635386,0.09603891107774305,0.22049009894197905,0.22460899671339724,0.3076389885546138,0.10968849975363146,0.4173274883082453,0.48760227224775476,0.10963323086121719,0.19170194649909314,0.21418348202709178,0.30133517736031035,1.1554357694863078,122505784072,0.002650921275792556,0.006637079070777346,-0.014788803988799434,-0.006847723501709285,0.0006498050715846027,-0.028375737593614114,0.0038032386596923984,0.0018503194899163744,-0.023827379247065475,0.0029172606448007454,-0.020910118602264716,0.04715585873277628,6.387219784982142,9.709178307167653,16.096398092149794,55.652127533623116,8.313244496589649,36.034627969787245,1663593.92,-0.8811938589675181,0.15677740932568796,-0.7244164496418328,-0.6434451923375235,0.1793742773008482,0.46407091503668596,,,
11500570,화곡4동,2024,⑦ 일반,0.013116460452139508,0.15750907156183133,0.04730512101431403,0.10562999731711221,0.676439349654603,0.14448299075428672,0.14083396858019925,0.1410336389541955,0.14923158561067146,0.16113007404795596,0.1614260790190311,0.10186166303366001,0.2632877420526911,0.03428198040896239,0.09647350871515263,0.22755809281469974,0.27578347569146594,0.28535818506284105,0.08054475730687827,0.3659029423697193,0.49455117185858277,0.05352119290898906,0.1373087858125576,0.19999927732922224,0.19082997872154667,1.0797317028335163,149178856151,0.0016672406626831778,0.00035559509886931573,0.003769628062052069,-0.009915518264058149,-0.015961921001521773,-0.013274259440324898,0.0029756773428893657,0.007169947993173775,-0.0063321364881764874,-0.018453829888554957,-0.024785966376731416,0.07118702623742146,2.680699162126969,7.124407775195679,9.805106937322648,49.882534077115515,8.628470997827483,41.48899492505701,697623.6,-0.5688723547673367,-0.3546715207886635,-0.9235438755559997,0.22282796358825863,-0.09943516370307393,-0.12339279988518115,,,
11500590,화곡본동,2024,⑤ 성숙·정체,0.027630658611542066,0.20682802291493668,0.07511265227096639,0.07391987594946259,0.6165087902530922,0.14207928911648926,0.14638510197248472,0.1360890624040424,0.14191948095131715,0.16164098293562698,0.1713140040326477,0.10057207858739177,0.2718860826200395,0.03600087999436823,0.08202297698735996,0.19789947785180656,0.22818817192885246,0.3452719037513159,0.11061658948629689,0.45588849323761277,0.4947293615524859,0.08206768645643632,0.18488381356257416,0.2166347478027478,0.26695150001901047,1.1389626135334792,144024098989,-0.0014477280898790856,0.011978256417548294,0.0018893503042610449,0.008614366749340324,-0.0020591109662037033,-0.009153887733892307,0.0029565874890032373,-0.0005044836336410286,-0.00633302590001987,-0.006343132545186536,-0.01267615844520642,0.028773027495812453,7.105585089089842,10.4782554009766,17.583840490066443,46.375460262340745,8.461251531438757,45.16328820622048,1059330.6400000001,-1.151055116702259,-0.14105497185491522,-1.2921100885571732,0.7153002546802085,-0.32333660633395134,-0.3919636483462767,,,
11500591,화곡6동,2024,① 레전드,0.02531845604242621,0.32333062622017905,0.11657345698304108,0.11748943383624469,0.41728802691810896,0.1448428661029534,0.1478016318043325,0.13751769976350348,0.13919984811282426,0.15891927591985947,0.16285953422433255,0.10885914407219435,0.2717186782965269,0.11495672901631,0.09077353181927707,0.18680100448416356,0.16279632264162583,0.283229916762906,0.16144249527571752,0.4446724120386235,0.36556336624899693,0.10255550349640685,0.21260923577414004,0.1972630303540771,0.3151647392705469,1.1416627106593695,154507885767,-0.0004537449782409282,-0.007272940503601111,0.003407638751583786,-0.0022847944794708724,-0.00041391116076489043,-0.0015571236128383292,-0.0014227696188336414,0.0006865256905346229,-0.009403693168028388,-0.0002200924112953917,-0.009623785579323751,-0.007025300601225526,7.3071772915776485,11.471207129872111,18.778384421449758,50.77334045619334,8.999521748694425,40.227137795112235,1651621.21,-0.8551410401446073,0.1648523396677799,-0.6902887004768274,-0.06053153282047674,-0.2981846242588624,0.3587161570793356,,,
11500593,화곡8동,2024,⑦ 일반,0.02971864635670539,0.18034983176384028,0.028798006975443463,0.058425136916115186,0.7027083779878956,0.15521821176107578,0.15259730986717307,0.13710631191160283,0.14643392365929422,0.16969629455062993,0.15968953023566312,0.07925841801456106,0.23894794825022417,0.025773000269726558,0.11796751409569238,0.22266793518275269,0.24724984352330337,0.30654287507020644,0.0797988318583186,0.386341706928525,0.4739350657813391,0.07852589725900176,0.1745648550380083,0.19883529139637762,0.25309075229701006,1.1588591653492801,127631014262,0.00024830760618737777,0.0018538330299918138,0.005217286017700273,-0.0032486244235619133,-0.00016944593489182092,-0.0036472416872009306,0.009316960501807026,-0.0076841105742718185,-0.01479481081390814,-0.008173522613434042,-0.02296833342734217,0.04679101369471739,6.509969078306003,11.476778558243083,17.986747636549087,52.69509218206835,8.742135645683756,38.5627721722479,3912001.07,-0.8223987535307096,-0.3008627414979035,-1.1232614950286113,0.4221919082429437,0.11008208118099105,-0.5322739894239277,,,
11500603,가양1동,2024,⑦ 일반,0.03218001388676198,0.4079447591576422,0.02120456292049555,0.0849075100317335,0.45376315400336675,0.1465507794915728,0.16371488441745136,0.16578473271913827,0.16892608917988125,0.16394251513420433,0.12765997509729965,0.06342102396045236,0.19108099905775203,0.027036204450338563,0.06243260347887648,0.26532106922712917,0.19207230929607577,0.3392315544841304,0.11390625906344959,0.45313781354758,0.36395169891180085,0.11597892149281018,0.24597272435003123,0.19428984864415116,0.3619516458428414,0.9704984939278968,451995484035,0.004548050873194414,-0.01315658963875449,-0.0037743577739347348,-0.002086087762463107,0.00038351312501130885,-0.007997464949804967,0.003648362746357159,0.04193922436444558,-0.008208049973885884,-0.0007091305360169275,-0.008917180509902811,0.0151060322909089,10.555060046716603,17.25775253219024,27.812812578906843,50.26819839879757,9.984599455217422,39.74720214598499,4997388.15,-1.7355047081300015,-0.05616923568698695,-1.7916739438169884,-0.26632635784543623,0.004311878251037626,0.2620144795943702,,,
11500604,가양2동,2024,⑦ 일반,0.006379712110399185,0.05164724465369172,0.007270434510361669,0.11351551271363416,0.8211870960119133,0.17151686601840171,0.16222412648450554,0.14790613798123056,0.1525965833616646,0.18110893077505325,0.14402515062158655,0.040622204757557775,0.18464735537914434,0.014734142744085502,0.15734355222630622,0.2962633302064296,0.2757440812880745,0.20956162115212315,0.046353272382981044,0.25591489353510416,0.49091561597851907,0.0627878805078255,0.22710874147342874,0.21177196351503993,0.2898966219812542,1.1868478755242664,92265579044,-0.00011834074173962868,-0.0031243738734921117,0.00040264699737918054,0.013431112327363035,-0.007404163229805333,-0.013512062535033842,0.011661674600180832,-0.029229985175127315,-0.007461257521744452,-0.05008139249135207,-0.05754265001309655,0.059255939881529995,6.754676026572818,9.951466483598,16.706142510170817,52.16228699676905,7.848994086018353,39.9887189172126,822190.58,-0.7948689461456473,-0.6882950400433288,-1.483163986188977,-0.48382111964176033,0.03609733269237747,0.44772378694937487,,,
11500605,가양3동,2024,⑦ 일반,0.01987295647160016,0.16751526733852215,0.0,0.02414859318930634,0.7884631830005714,0.19514951169931918,0.18481316901935552,0.13549283842714152,0.1608678029571932,0.23603682283026323,0.05917475607982602,0.028465098986901357,0.08763985506672738,0.004621837316353883,0.1787485334187099,0.35625614173833825,0.27267144429771994,0.1662595712032979,0.021442472025580167,0.18770204322887807,0.36019633976227067,0.09773968901926525,0.19530873075171695,0.166486937121751,0.29304841977098217,1.467271999065422,48771663209,0.00025235840630591713,-0.0006898914737104578,0.0,-0.0031857440114655064,-0.012156473070701626,-0.05274273824826706,0.08718144171178968,0.008548308298963359,0.03165964938576199,0.00420514290152213,0.035864792287284064,0.25698526245687847,3.238210988425519,10.790031276343907,14.028242264769425,53.55524907952214,8.221679254635058,38.22307166584281,595370.1,-0.3956072135785176,-0.07871324329079599,-0.47432045686931446,0.3783092757907056,-0.018430099258248234,-0.35987917653244494,,,
11500611,발산1동,2024,⑦ 일반,0.02251248523075904,0.06183621070406625,0.0025341232505009725,0.018379838611524785,0.8947373422031489,0.1373121567023875,0.1337342598737715,0.13083195550229695,0.13588752773414597,0.16540306418480114,0.19509124181761542,0.10173979418498151,0.2968310360025969,0.03785392756219011,0.22406307765456604,0.2307164284560636,0.26644557897379123,0.2185322310647647,0.02238875628862433,0.24092098735338902,0.4496120516198659,0.03242731574509849,0.10303035873235232,0.21896445642897797,0.1354576744774508,1.217205632796559,633518501392,0.000531829552819104,0.006882096645272791,0.00032817584176671926,0.0008043086735081591,-0.022313224990996472,-0.00851467909443987,0.0020277362440243862,0.005982902300394888,-0.0036812979138861474,-0.010531531723698612,-0.014212829637584773,-0.022837251574469253,3.8634591557837625,9.522994364872952,13.386453520656715,50.910023685843065,10.063648683806361,39.02632763035056,2160957.49,-0.8206956085005137,-0.746118734223062,-1.5668143427235748,1.0430442447962918,0.17876204870594314,-1.2218062935022473,,,
11500615,우장산동,2024,⑦ 일반,0.04195574199548125,0.15658576400369276,0.015945755919762383,0.13532118060372403,0.6501915574773396,0.15424091857491076,0.15621676656824915,0.14249117173460965,0.14796286486553253,0.16680622150660546,0.1475960150524596,0.08468604169763287,0.23228205675009245,0.022228842346892312,0.10736409566871191,0.22867156264016678,0.2559163568602685,0.30336393920629856,0.082455203277662,0.38581914248396054,0.46030587328964745,0.05311821728225596,0.12477148432823576,0.3432662426035962,0.17788970161049172,1.1273519315687597,120438305883,0.003093381126917892,-0.009053944191483893,-0.0041166697180932965,-0.00017283400482448474,0.001568593061309853,-0.003813282671926932,0.008539197989177488,0.003993389828718941,-0.005279485195306494,0.0062637392554976135,0.0009842540601911198,0.0765545701962822,7.38213861381242,11.429220031838017,18.811358645650436,50.85370676656067,8.694476711994104,40.451816521445224,2256541.21,-0.11864251271585591,0.4161912970849535,0.2975487843690985,0.5525692099056485,-0.062312030049588074,-0.49025717985605866,,,
11500620,공항동,2024,⑦ 일반,0.016692399927421768,0.2792271468505655,0.0455787826600684,0.06444939603938879,0.5940522745225556,0.14409996973227682,0.1598710276643691,0.1704419295570814,0.15216714480322172,0.17297427034616625,0.1341343580307087,0.06631129986617602,0.2004456578968847,0.07380644696515193,0.20110651568348603,0.22050787772039585,0.19750588235286912,0.21946437073365857,0.08760890654443848,0.3070732772780971,0.42936548982659295,0.08104390002919555,0.1431400115824592,0.22772180870004988,0.22418391161165474,1.1367386210068653,171099377646,-0.0011144854838913767,-0.013204120529896723,-0.01317143709950152,-0.005028404828199856,-0.003764581258742822,-0.025038996392483748,0.011168111020755794,0.035733976501626796,0.0076809260120454526,-0.01089231880459296,-0.003211392792547535,0.17008805886201528,5.983565788132828,12.3838024715861,18.367368259718926,45.492828108977534,8.380522776143847,46.12664911487862,3785680.7800000003,-0.16722870619695662,0.14921413623230428,-0.01801456996465234,1.3717966421969692,-0.14297368746166583,-1.228822954735307,,,
11500630,방화1동,2024,④ 잠재 후보,0.026450982706514484,0.191395224659375,0.022392795359523095,0.10233297051182723,0.6574280267627602,0.1563746556755351,0.15584246249128791,0.14388069054791905,0.13836760335812695,0.16693532249751658,0.15206089730483371,0.08653836812478072,0.23859926542961443,0.024997407208016968,0.12542204833198786,0.2582613818064885,0.25369093842589885,0.27868348164169426,0.05894474258591355,0.3376282242276078,0.4423980268688875,0.054548944042709296,0.17161278552827536,0.21363804254887833,0.22616172957098465,1.206462484324816,256063320677,-0.0009307593975589196,0.013272296117786991,0.002172816280731637,-0.008043124392881018,-0.01306243920818731,-0.007186467129850049,-0.00328361448507275,0.002603933376656986,-0.005586191033432962,-0.005060559687649874,-0.010646750721082843,0.024638289536620395,3.96123745694145,9.565567194041737,13.526804650983188,49.75874041030394,8.382262346491128,41.85899724320494,1649103.3599999999,-0.5597213168373387,-0.3471484669419347,-0.906869783779273,0.3634285685501766,-0.1617399292150523,-0.20168863933511005,,,
11500640,방화2동,2024,⑦ 일반,0.012238190582255705,0.29080108167516977,0.06118336156770404,0.13201547909279482,0.5037618870820757,0.1540914175317455,0.15863788515096566,0.14647401154689677,0.15475644060795854,0.16040794800949448,0.14496005698547162,0.08067224016746742,0.22563229715293903,0.03568429853279654,0.11603250666892176,0.2392363391278373,0.2354190064621047,0.27861655128563034,0.0950112979227094,0.37362784920833975,0.36077730495115284,0.06250773944279073,0.153103354241476,0.186274663846862,0.2156110936842667,1.0365187218013938,116001204709,0.0008445968020559802,0.012585921515317455,-0.0006472379049032306,-0.01103803238192999,-0.008634955135519123,-0.009026848525818199,0.0014910172321836446,-0.006934633580507443,-0.005238570326094399,-0.00408140495197995,-0.009319975278074377,0.024484146238336946,6.302719776811595,14.828761083804915,21.13148086061651,51.69744873395087,8.51569476308839,39.78685650296075,4730855.1,-0.30338654818152655,-0.40141315705970193,-0.7047997052412285,0.10106689090711996,0.12426096346618287,-0.2253278543732975,,,
11500641,방화3동,2024,⑥ 쇠퇴 주의,0.12851056957948467,0.20752873162811095,0.02584980826482014,0.10519261133809005,0.5329182791894942,0.1623441979294664,0.15123240281231967,0.13630036109743082,0.15612724317753324,0.16323804304147327,0.15133621568420397,0.07942153625757266,0.2307577519417766,0.012623666555722177,0.12413645873872471,0.31236160909520033,0.21757203139379275,0.2782595293380204,0.05504670487853958,0.33330623421655997,0.4300321805393378,0.04897817054993584,0.14173739696302656,0.20285649140881773,0.1907155675129624,1.0455449011922557,51559454072,-0.010079292328687484,0.004384927321818499,-0.007412793291510851,-0.011189063275070535,0.0010106388517187037,-0.02800974254182481,-0.00923324067207848,0.03837358421749437,-0.009078027227630951,-0.0028535112849496225,-0.01193153851258058,-0.11795186243495048,1.9539630614874088,7.109594482482444,9.063557543969853,55.2006132128337,7.70547406612584,37.093912721040454,921350.5800000001,-0.45699711079387884,-0.5266757881020157,-0.9836728988958932,0.8147231555778092,-0.05144638182304018,-0.7632767737547681,,,
11530510,신도림동,2024,② 라이징스타,0.03624261421807938,0.2790944110248826,0.030196529826136007,0.04064811614327672,0.6138183287876253,0.14408321497788637,0.1493746521416853,0.1425565471957636,0.14185293307250146,0.17128177040124484,0.16207019425989483,0.08878068795102362,0.25085088221091845,0.027519236200639712,0.10678241237579275,0.20317227084428066,0.21840252563143092,0.3252429521776751,0.11888060277018084,0.44412355494785594,0.4463110816283803,0.09194971078647496,0.2063324074442486,0.28723551309382006,0.2982821182307236,1.2074601962139353,132603395690,0.0005419186647332291,0.019940772330603096,0.005660946162531818,-0.0022209554720524147,0.025156786541070536,0.009702284360130764,-0.0103154448851554,0.01753902163376797,0.00820902891651032,0.016345619716952753,0.024554648633463128,0.018107771116232962,8.595002304203113,15.741370881160089,24.3363731853632,49.39269056892148,9.472872799442007,41.13443663163652,3293871.9499999997,-1.1080734065389564,-0.5906399552163943,-1.6987133617553525,1.9291078750927966,-0.46068384328942,-1.46842403180338,,,
11530520,구로1동,2024,⑦ 일반,0.008480035076244714,0.10426869738071723,0.015035356971179775,0.04331457218474817,0.8289013383871101,0.17417085346232963,0.16838364390410665,0.1382816646770711,0.15060628920225222,0.17296411252769656,0.12567693488909845,0.0699165013374454,0.19559343622654385,0.008638000446702146,0.13841390158047087,0.21677580970003016,0.31705972959610873,0.27302606770716537,0.04608649096952277,0.31911255867668814,0.4662459348062114,0.03170946092950575,0.11775946201807273,0.2616681299758194,0.1494689229475785,1.1484521227092952,49732539336,0.0036444102410641745,-0.012910258258824248,-0.001125039424934006,-0.007269475741327233,1.344719265133909e-05,-0.01751325609353077,0.01960717065305001,0.0037805709304337687,-0.004023813064111183,0.0014951245813791814,-0.0025286884827319944,0.2483901575913745,2.708810330814854,8.12999218338595,10.838802514200804,42.3902006695528,9.78033298291244,47.829466347534755,449849.51,0.10862921629949485,0.23933573098158423,0.3479649472810795,-0.7891822010600364,0.005599462161695712,0.783582738898339,,,
11530530,구로2동,2024,⑦ 일반,0.009508828861897295,0.07256687478400554,0.012637983614589123,0.016247257985853514,0.8890390547536545,0.20976245054066037,0.19073101474576512,0.17287621693759753,0.18185970091212378,0.18084209863444853,0.04068098013336829,0.023247538096036403,0.0639285182294047,0.00503741747929548,0.19096830856157912,0.3182485916056586,0.36875847959634334,0.10192870067930226,0.015058502077821195,0.11698720275712346,0.2730385651836825,0.014987773487836274,0.0788780380024794,0.17596919531463,0.09386581149031568,0.9944044652412194,699279669092,0.0005277608525314711,0.004421903659240403,0.0009500701051107993,0.00152469993233313,-0.0017949911624946246,-0.019383476978803493,0.0004960845631157562,0.007386265094341038,-0.008890094841030087,0.00801282661600572,-0.0008772682250243607,0.027781638123000163,3.821022063044959,9.460295264747339,13.281317327792298,52.33295760509682,9.660585612605042,38.00645678229814,2067079.1400000001,-0.3103076897632113,-0.16102717096359953,-0.4713348607268113,0.4627684686090703,-0.2783724539136969,-0.18439601469537337,,,
11530540,구로3동,2024,⑦ 일반,0.04398316354066549,0.343879708443843,0.04422238830582733,0.08916703883010826,0.47874770087955587,0.1587828414361555,0.17358396481592134,0.1601901347024639,0.1885841196749531,0.17499646953662787,0.08501676744526808,0.0588457023886102,0.14386246983387826,0.04370803222327763,0.11899351026934664,0.28882109234208997,0.183855612503361,0.2522863124025293,0.1123354402593955,0.3646217526619248,0.33814143699646027,0.1322648038741862,0.24409533194016142,0.20411404208566675,0.37636013581434763,0.9279491286872663,615094895800,-0.0025458367027193993,-0.003224886685155859,-0.0008639777708345023,-0.001527502452849508,0.002080039257795069,0.00016276282048055535,-0.00040126159618580903,-0.014181142880917319,-0.022229448421778847,-0.00945920013037388,-0.0316886485521527,-0.00597130100109855,10.669952956519731,14.837567036762328,25.50751999328206,49.30525524917765,11.997642582105355,38.697102168716995,3323873.98,-1.1312155523796825,-0.5374170441340329,-1.6686325965137172,0.32352379764952843,-0.23775519064596473,-0.08576860700355837,,,
11530550,구로4동,2024,⑦ 일반,0.01950509623220703,0.21585843331362817,0.03692574055591618,0.06072691611666684,0.6669838137815818,0.15409948233267806,0.15260241118371679,0.13296118111711744,0.14426506422684202,0.1592301297627435,0.15043241269795946,0.10640931867894271,0.2568417313769022,0.02026413499566604,0.13384866728736122,0.264150069612935,0.24906370772571038,0.2672639090449788,0.06540951133334848,0.3326734203783273,0.4704239013745563,0.04260751225036738,0.12843589995643148,0.1823282807332028,0.17104341220679886,1.1037331221949236,210603037283,0.00060855454065303,0.014145302157936662,-0.004183365595913098,-0.008658696014832178,-0.0005091825659513383,-0.014635103879673428,0.0045100527922053435,-0.0032369918758888283,-0.00820230871001077,-0.009844878566493603,-0.018047187276504367,0.028339157521415803,3.0898130556289254,9.807967224286708,12.897780279915633,51.944072561439604,10.505261782248263,37.550665656312134,1783505.96,-0.5983411152742848,-1.0320824929337942,-1.6304236082080799,0.6768920082498511,-0.24832015544171782,-0.42857185280812615,,,
11530560,구로5동,2024,⑦ 일반,0.051351348228071414,0.26727163831800765,0.0709645186393917,0.036351186129912644,0.5740613086846166,0.15506334757955068,0.1360747145450667,0.14812895166568005,0.14856308907612106,0.1665551844343313,0.1572593751139425,0.08835533758530771,0.24561471269925023,0.025719481178396265,0.0831191715876132,0.25669520257115963,0.24336297575650234,0.29049239479572075,0.10061077411060779,0.39110316890632857,0.39288180742406664,0.09490470908881839,0.21242892015905723,0.22332756370812742,0.3073336292478756,1.1211074397422591,405594057930,-0.0016522831348453546,0.002881040689734382,-0.0026483176724760304,-0.004419792332741805,-0.0048575530203257,-0.023154281349620276,-0.011949000389628261,-0.008350907180114886,-0.012691592923407172,-0.0068443551082129905,-0.019535948031620176,-0.055824215493186724,7.757013624408826,14.31563805609548,22.072651680504308,52.695667952447124,9.036067694064302,38.26826435348857,5037223.33,-0.46199029327755703,-0.639784909125872,-1.1017752024034273,-0.7498742488177825,-0.17118177782476351,0.921056026642546,,,
11530595,가리봉동,2024,⑦ 일반,0.004755404663807738,0.15048340521217868,0.04872733373667492,0.04131344504935518,0.7547204113379835,0.1492797931501819,0.15723108061101293,0.13280951209312106,0.1376381449228697,0.15295803319987353,0.14065565623620427,0.1294277797867366,0.2700834360229409,0.03789633966891548,0.12379258601145772,0.1828868768423908,0.2163517396176583,0.34705507302614563,0.09201738483343207,0.43907245785957766,0.3818439795414431,0.056904447277975445,0.15430678801514877,0.1715534079150025,0.21121123529312422,1.111305541683876,68403215288,0.0010567461284346023,-0.002593960639472037,0.008139431335074561,-0.02392050841967938,-0.02800935910597019,0.00753321850558869,0.006165580964194922,-0.019046894224672872,-0.015530546515290955,-0.0012248538687252841,-0.01675540038401624,0.019620786580534455,4.092802089093176,11.753906703257414,15.84670879235059,46.76351160948237,11.4014929841207,41.83499540639693,455470.35,-1.6334853815479509,-1.9336536785709182,-3.567139060118869,1.9892475598197805,-0.6610691497626409,-1.3281784100571414,,,
11530720,고척1동,2024,⑦ 일반,0.01754082511670846,0.18362939035120387,0.023815234404711137,0.036722799536358076,0.7382917505910185,0.15149427957269654,0.15250097028426332,0.14357457999058898,0.15014977290428771,0.1603590661146606,0.14686263571944247,0.09505869541406038,0.24192133113350286,0.015575253755992382,0.17681244731885656,0.26546667150377135,0.2565719833619452,0.23651366379162142,0.0490599802678131,0.28557364405943453,0.30287696846358875,0.07444470990930323,0.11368963829407511,0.21639043216908765,0.18813434820337835,1.0679940636132748,221261037219,-0.003461710881997603,0.005422446921004159,-0.002697871670062777,0.002823198676041007,-0.003070051494451803,-0.004651719570173851,0.0035809194609171813,-0.0038746014847992893,0.00622395639947422,-0.008411154764054962,-0.002187198364580728,0.010793399676549242,6.357350680640181,10.537568285201008,16.89491896584119,55.62665857462202,8.277847242762608,36.095494182615376,2886522.2199999997,-0.7618960869485925,0.3188391659246932,-0.44305692102389926,0.203713390532954,0.15509272976664867,-0.35880612029959735,,,
11530730,고척2동,2024,⑦ 일반,0.018415028138949123,0.17048345032220644,0.02169815814868118,0.048643284433711825,0.7407600789564515,0.1558904361367782,0.14467555514148783,0.14297962290438987,0.14416979118001358,0.1581566617835829,0.1544598665579567,0.0996680662957909,0.25412793285374763,0.012958192790432954,0.13737006408339672,0.24611844457424384,0.2739308200986344,0.28220620285378245,0.04741627559950965,0.3296224784532921,0.47867777534285055,0.038558044783444705,0.11655106059609148,0.19223734280267338,0.15510910537953618,1.0970166529970555,113736413390,-0.00021025117232416346,-0.008130549430174772,0.00023926652749729077,-0.003901297292802121,0.0046332953136865584,-0.020181562860011326,-0.003533163674789924,0.0014005868243276987,-0.0014020871338239205,0.008273289596688826,0.006871202462864906,-0.03867618342487211,2.0625260469037463,6.21313512089636,8.275661167800106,52.63000084324469,8.065853545011041,39.30414561174426,685566.13,-0.23729732333390086,-0.08976572199670851,-0.32706304533060937,0.9804662769249788,-0.0657811100605894,-0.9146851668644018,,,
11530740,개봉1동,2024,⑦ 일반,0.032878517173689406,0.18803059791979876,0.02087206975444646,0.04688778667021688,0.7113310284818485,0.14533749778909436,0.13728220744826014,0.14348881731696597,0.1578067315984035,0.15632907250874992,0.16174416956608934,0.09801150377243681,0.2597556733385261,0.018668927532723433,0.12365376403734193,0.2270265962090576,0.23957110371303103,0.3196823674423788,0.07139724106546716,0.391079608507846,0.4682971635420811,0.05761106933328837,0.12787631322888332,0.1769859863635963,0.18548738256217168,0.9906362734042675,122804534057,0.00097453067586796,0.006493988651989746,-0.000694473327543698,-0.005291007049041965,0.0008530929704815282,-0.016906422186110104,-0.00042617297139774246,0.012761728097208214,-0.011174488860148504,-0.005753085422052218,-0.016927574282200736,-0.10731229222621641,3.977242911748688,8.893306530684425,12.870549442433113,49.7346551027637,8.184135510334258,42.08120938690204,1642867.47,-0.4574357298297058,-0.38111818001987885,-0.8385539098495851,0.6258766643468618,-0.004672443289992501,-0.6212042210568711,,,
11530750,개봉2동,2024,④ 잠재 후보,0.048381746192469294,0.22262146091416335,0.044023977187124544,0.03461284008910686,0.650359975617136,0.16077890438503697,0.1501182680763158,0.1391096495269967,0.13630717228972447,0.16292148761624262,0.16544625878702,0.0853182593186635,0.2507645181056835,0.024100357816776476,0.10208480299935957,0.2197346772651885,0.22925185286433045,0.33103218848035765,0.09379612057398737,0.42482830905434504,0.4916567430677368,0.07118124409659211,0.15961966880921188,0.23635102193086516,0.23080091290580398,1.195252493903613,106435831140,-0.0035982986315141255,-0.019559669608300856,-0.003860270396579074,-0.004979002178513166,-0.0026605749713796145,-0.012981806943502205,0.0017010093123516756,0.013337434756020894,-0.004826395476636186,-0.010592211005472724,-0.01541860648210891,0.04423767056891781,3.616397002747746,8.91481155966514,12.531208562412885,44.97983336891573,8.097071761052883,46.923094870031385,910375.16,-0.47004758214739617,0.24313564043510638,-0.2269119417122898,-0.8913976525683225,0.0686094599565763,0.822788192611732,,,
11530760,개봉3동,2024,⑦ 일반,0.029199420059398323,0.18051517059682165,0.026027916477308087,0.04584674960027288,0.718410743266199,0.15084001583121337,0.15080566224169845,0.15190100791278852,0.13387168631413315,0.17255759972927484,0.15420630338393737,0.08581772458695432,0.2400240279708917,0.0242616673616015,0.12657897839577273,0.22474252244208773,0.25206370211618767,0.29973704493319325,0.07261608475115715,0.3723531296843504,0.41590019451816196,0.03686000477389239,0.12666920974498536,0.2263734522949586,0.16352921451887775,1.2889775611279317,73340341885,0.0009131593485097698,0.003995932002145902,-2.5701199761456878e-05,-0.01549006491606656,-0.013558726907470592,-0.014839216666064692,0.005802613771182685,-0.015345352052067385,-0.012617308246740525,-0.0022754140455635563,-0.014892722292304067,0.1074517815408722,2.4848509429253767,8.552844983902071,11.037695926827448,53.82600272293173,8.427211442190544,37.74678583487772,1544937.74,-0.5083175142148706,1.6796805709430354,1.1713630567281648,2.070832902897905,-0.6063977387045387,-1.464435164193361,,,
11530770,오류1동,2024,⑤ 성숙·정체,0.03237808300022111,0.16941580891815042,0.0648618157181153,0.20699353823303684,0.5263507541304763,0.1539865888450994,0.15236616817886747,0.13827896474811327,0.13911314740161856,0.1629885455265977,0.16360551725569838,0.08966106804400523,0.2532665852997036,0.056221071661964876,0.12108442107816321,0.21927279677778522,0.2156542839055623,0.27519597075644675,0.11257145582007765,0.38776742657652435,0.46993316753581504,0.11839865180592507,0.19226904303883557,0.19505947547616576,0.31066769484476064,1.1716257490462136,141954927380,0.001941045968810319,0.01613452104191135,0.00663594754645043,-0.02027276790697266,-0.00030721061128080596,-0.01437334160307796,0.003339863450553371,-0.008926584538038074,-0.010093507053975243,-0.007327699657586451,-0.01742120671156172,0.07418380331435004,5.058450678687614,11.188874308192085,16.2473249868797,52.52379249180853,7.951819856410336,39.52438765178113,1569342.77,-0.48327616282954455,-0.8939948323846103,-1.377270995214154,-0.8324519787514362,0.06233191300956964,0.770120065741871,,,
11530780,오류2동,2024,⑦ 일반,0.03484836349828993,0.21896693756511568,0.017300156507561067,0.04472876032702479,0.6841557821020086,0.1613296853085226,0.16253700768150245,0.1445287849016764,0.14413917822529737,0.16411670560020822,0.15769377744196011,0.06565486084083288,0.223348638282793,0.00693347202878283,0.15077664428738125,0.23893722700467437,0.2412774875720248,0.3020690660194003,0.06000610308773643,0.3620751691071367,0.4570997145767509,0.04823873780703779,0.1345747789352839,0.2662541087524088,0.18281351674232169,1.1385988710417434,88392748605,-0.0056277468632605285,0.029493404858408928,-0.0007079341686152124,-0.005925512089037258,0.013161347711091897,0.006430695538139519,-0.014555479621692319,-0.019565287470291515,-0.01001996247210598,0.001383140793831561,-0.008636821678274426,-0.03403168151917191,3.0439897187368374,8.815394705091206,11.859384423828043,49.64203176169343,9.084691915964964,41.27327632234161,2251738.88,-0.4053836307797214,-0.26442397611292634,-0.6698076068926486,0.15618800699022017,0.04516902750068752,-0.20135703449089704,,,
11530790,수궁동,2024,⑦ 일반,0.035771410101342486,0.23298503373922663,0.02371070894452298,0.06444865194987123,0.6430841952650367,0.15767872475500389,0.16764906765606524,0.14578031690383675,0.1518750908766113,0.17034014613728346,0.13734022775152066,0.06933642591967867,0.20667665367119933,0.02452673837432474,0.11509280964396149,0.21964120252206773,0.23171831052301223,0.3143285258820971,0.09469241305453675,0.4090209389366338,0.39003570496852696,0.05756718932920778,0.1303681452488951,0.20397225700092916,0.18793533457810285,1.1215805380203776,51690135747,-0.002115212216103529,-0.0138884304843577,0.0027338717461844707,0.0006288457897341976,-0.007896654871166503,-0.009634276034007183,0.000599974099431938,-0.0055750111574994765,-0.009475362084513203,-0.00329633549953931,-0.012771697584052527,0.01991917128697307,2.32869353198799,6.335667077196982,8.664360609184971,58.043083232009565,8.395101987066734,33.5618147809237,993268.1,-0.5499099136048438,-0.5521304560734972,-1.1020403696783418,0.39661138316115085,-0.02860358013046138,-0.3680078030306717,,,
11530800,항동,2024,⑦ 일반,0.583410956961139,0.0,0.0,0.0,0.4165890430388611,0.09242561468355064,0.1634283499880032,0.10236222971597982,0.19762170743341886,0.08121932497660007,0.17514125844400286,0.18780151475844456,0.3629427732024474,0.017557961198519257,0.07618212686955998,0.4164389759648969,0.29868291349044784,0.15168336337764765,0.03945465909892839,0.19113802247657605,0.5842480777452969,0.04999283399827628,0.17529496959346327,0.2129976409330364,0.22528780359173955,0.4109838237480255,563654623,0.27745194131704326,0.0,0.0,0.0,0.07029778279763454,-0.0814249622685819,-0.03832650386166972,0.059356841634724544,-0.01366457528806786,0.015853324508950245,0.0021887492208823855,-0.2115112548858608,,,,,,,,,,,,,,,,
11545510,가산동,2024,① 레전드,0.017429284488042436,0.07957783018649815,0.008756597456488924,0.6836869935146543,0.2105492943543162,0.12869357148163732,0.12717050083863815,0.1262076437415343,0.12854124326740432,0.13491957221850132,0.17941701621817496,0.17505045223410962,0.35446746845228455,0.004314983523178171,0.05625322523910277,0.2919714747400637,0.34425250918876127,0.27879859221798536,0.024409215090908792,0.30320780730889413,0.4605412478407967,0.07960448949308774,0.21250973290133213,0.2478768533332165,0.29211422239441986,1.0496208748956017,3106657583973,-0.005777746467529446,0.0006389589875394341,0.0006477732837756444,-0.013458210041740748,-0.014132135255702727,-0.007428516909767091,0.0015370124453046863,-0.004258947468767149,-0.01231360767642986,-0.004024498205185051,-0.01633810588161494,-0.06888547533782186,8.174670029457658,14.972286520933576,23.146956550391234,49.76925740138256,10.64329755148738,39.58744504713007,3896215.98,-0.871706668363025,-0.41722323559312,-1.288929903956145,0.9852253839426979,-0.6158101197530126,-0.3694152641896693,,,
11545610,독산1동,2024,⑦ 일반,0.007002574686749803,0.06269764424304147,0.00999281104106735,0.03665940534629885,0.8836475646828426,0.14618141226973377,0.15823525401312075,0.1567554558485617,0.15845364858758276,0.18511286987750164,0.12386426090462678,0.07139709849887257,0.19526135940349937,0.015560410541253303,0.20610716253660422,0.3426561075204703,0.3072934233148732,0.10568322938507412,0.022699666701724814,0.12838289608679893,0.4872799110126368,0.02685857050072321,0.13993530784001823,0.16418268465194025,0.16679387834074144,1.1682461813126592,884526034934,0.0010146634364885986,-0.00015470495146534258,-0.0013646760355334377,0.00850003032863662,-0.005150653462132171,-0.0029851196871164276,0.002701943039752047,0.024394285664450566,-0.00637612940243492,0.011325849179794178,0.004949719777359252,0.0068933771129893184,6.319743132767283,12.447624561715696,18.767367694482978,45.61922270651965,9.61099215433376,44.76978513914659,2171110.71,-0.4772284061681882,-0.25101296869453016,-0.7282413748627192,0.6108767550066219,-0.44482644797904136,-0.16605030702758938,,,
11545620,독산2동,2024,③ 급성장 신흥,0.02342556232951796,0.20398209511759194,0.05319611332494718,0.07063422149241844,0.6487620077355245,0.1456386430137351,0.14652201404435553,0.14089276529136188,0.13670705629029437,0.15680777233594967,0.17051869593494795,0.10291305308935551,0.27343174902430345,0.035293806264374866,0.12233609325633309,0.23173811701495264,0.2247920941518897,0.3016973519542822,0.08414253735816751,0.3858398893124497,0.42670343972325736,0.05148340888310136,0.13652016178349827,0.16639179788707542,0.18800357066659962,1.1470349562861766,84314447065,0.0016431455819866624,0.015278806063995648,0.012713268543800164,0.006280108377478083,0.009597961625545992,-0.00020369610791970416,-0.004033958063997117,-0.02361922149880702,-0.0158112674153467,-0.003273350326050639,-0.01908461774139733,-0.031079781937940032,3.813364868467735,8.829617096384005,12.64298196485174,49.70246657352567,9.64760945262176,40.64992397385258,578892.94,-0.5460657681378089,-0.25766090263465813,-0.803726670772468,0.012108557666977049,-0.1738750804447431,0.16176652277777492,,,
11545630,독산3동,2024,③ 급성장 신흥,0.02229799701724572,0.237076216988861,0.03493362066673686,0.05541909549124198,0.6502730698359145,0.15167640379935368,0.14206897158565845,0.13552511669030842,0.1377751861873765,0.1605301537058507,0.16078508660679536,0.11163908142465688,0.27242416803145225,0.025408069863163407,0.1339226090076851,0.23456161123429375,0.23551697645609973,0.2921231590832194,0.07846757435553861,0.37059073343875804,0.4621449370161556,0.049293169585414395,0.1286086636998094,0.17505355792418625,0.1779018332852238,1.1651601289620257,150801127895,0.0026333983306763703,0.0011126502075632372,-0.007727493672293917,-0.0010761486704524773,-0.004619196746257548,-0.009190923881436108,0.0050402667253129085,-0.006661619938110985,-0.002875783652356724,-0.0021831852445991506,-0.005058968896955868,0.09102084588453341,3.66664761536397,8.191328218191124,11.857975833555095,47.47689499293133,10.89695360579802,41.626151401270654,704063.84,-0.31684664630163706,-0.6836912805438633,-1.0005379268454995,1.0724078172874556,0.22502772402656745,-1.297435541314023,,,
11545640,독산4동,2024,⑤ 성숙·정체,0.013421839369415064,0.2518822008268188,0.1171465725289739,0.11745022864802687,0.5000991586267653,0.15621959443677957,0.13757935173770056,0.13258204281794042,0.1425871290558915,0.1480887877768182,0.1680013118588706,0.11494178231599912,0.28294309417486974,0.07506610617776814,0.07809751975650313,0.15132265928940003,0.1822495722876561,0.33952848651438494,0.17373565597428767,0.5132641424886726,0.36035908125087224,0.08796152267588617,0.1732220374258648,0.17363443467243334,0.261183560101751,1.0385845395538482,69992846073,0.0013157268617444654,-3.082070408561011e-05,-0.010616147527067882,0.008469138462190384,-0.009752609584481264,-0.011990238233182793,-0.010126104617128817,-0.006535764759225182,-0.02554477228972886,-0.014571282654680162,-0.04011605494440901,-0.08886301340089364,6.270227202258072,11.181495844954163,17.451723047212234,51.13038183772996,9.493202450766098,39.376415711503924,1012176.56,-0.6920475827019876,-0.8375243389865421,-1.5295719216885324,0.6569889738693959,-0.15649276560920633,-0.5004962082601949,,,
11545670,시흥1동,2024,⑦ 일반,0.03368827675479983,0.18958698673298682,0.03893369019697609,0.0669076298619632,0.6708834164532741,0.15111287874833798,0.15735273355160356,0.14129601043985687,0.1484727204730206,0.16876450061097428,0.1508739554586111,0.08212720071759558,0.2330011561762067,0.023626005026095447,0.11705836757870793,0.2549583602823082,0.2661496747012058,0.2696651823534452,0.0685424100582373,0.3382075924116825,0.48738607240454096,0.04836629255442665,0.11901391895417761,0.18414420181762578,0.16738021150860424,1.1366700904604288,343141700810,0.001432155041615174,0.008472870503152069,0.00782525843335238,0.0012604000952277788,-0.0014377155288098353,0.005515198333113147,0.002414345754308045,0.011663385623595868,-0.0053110470023321685,-0.018493603026955505,-0.023804650029287694,0.03335764988655687,4.420652548945482,9.198474464751648,13.619127013697131,54.26678422981187,9.389164309055895,36.344051461132224,2182622.79,-1.0787912512410402,-1.1161786258282227,-2.194969877069262,0.2071728486579616,-0.1205253057616229,-0.08664754289635823,,,
11545680,시흥2동,2024,⑦ 일반,0.018259657909721182,0.032090192982196536,0.029527436814838492,0.0,0.9201227122932438,0.16774765753353885,0.1741439260951146,0.15790290691659634,0.13490451165487136,0.16953128157497016,0.14254728788513052,0.053222428339778215,0.19576971622490874,0.01366454422237188,0.1298935257750716,0.27233266555284585,0.2913166800081826,0.2508268354223751,0.04196574901915297,0.2927925844415281,0.5219579619227488,0.034948866745967595,0.11003345736513578,0.3261195058651763,0.14498232411110337,1.2566761444471561,19432619316,-0.005936892543851366,-0.010882312571494863,-0.006561762714381643,0.0,0.03637978904634617,-0.013272282997883023,-0.02857722506437993,0.02607966521773497,0.002197458020193721,0.012767703458872029,0.014965161479065736,-0.27738407841624135,2.0704604519158623,5.713785170616008,7.78424562253187,48.0443814451669,6.9622159038189215,44.993402651014186,570122.94,0.1173793396738727,0.1390424581171814,0.2564217977910541,0.2919254099765922,-0.053916216476103784,-0.23800919350047423,,,
11545690,시흥3동,2024,④ 잠재 후보,0.030176332961493173,0.22505747077348282,0.05489849496537355,0.03711109881149279,0.6527566024881577,0.15396119210048811,0.16049419285688515,0.15931211852109228,0.14684767693077533,0.17731192110324714,0.1309873264111562,0.07108557207635574,0.20207289848751195,0.019569390734809143,0.11432824105768111,0.23584184294385832,0.2587345222245015,0.2964694855092563,0.07505651752989367,0.37152600303914995,0.35056601398811665,0.0488345739529412,0.12877771871425034,0.1716352936164359,0.17761229266719156,1.2074547232152184,43855579493,0.001954799773514062,-0.0013672817509224056,0.008119561051916857,-0.007115363810015048,-0.004644835838070127,-0.021309926016534975,-0.002475598895726683,-0.006819095000163422,-0.00655825900505793,-0.007546479407477352,-0.014104738412535262,0.13979161293576103,1.8933603272558417,5.48441936606847,7.377779693324311,45.3437948156217,10.003258849013044,44.65294633536525,436196.95,0.11784745864699331,0.17443521884990254,0.2922826774968952,-0.4059703876477556,0.13541299322111655,0.27055739442662485,,,
11545700,시흥4동,2024,⑦ 일반,0.01389115023042238,0.14423173390575708,0.01762371811821387,0.2106495039303751,0.6136038938152316,0.17031223976861226,0.155547640314347,0.14602051280332987,0.14583261110986365,0.1627543047407098,0.148360666320692,0.07117202494244546,0.21953269126313746,0.033956537025597304,0.1373254037504876,0.21489404262429523,0.24326360790244375,0.2903016884790143,0.08025872021816187,0.3705604086971761,0.47795345820316404,0.0564384742298824,0.14428197582269556,0.18314182309136054,0.20072045005257796,1.116035045262257,51289324871,-0.0013490289665019518,0.004311504827567203,0.0013184075429035491,-0.017271796919594795,-0.012044040143637136,-0.008157754487053304,0.00182071897420219,-0.013774782385239492,-0.013651177414056949,-0.0064096670707473324,-0.020060844484804274,-0.0008349546059867041,2.2361026262971606,6.958016718922151,9.194119345219312,47.284150771252655,8.440819413161122,44.27502981558622,538887.61,-0.8074025933680709,-0.38552731850110966,-1.1929299118691805,0.24250054934749699,-0.17467258878521008,-0.06782796056228335,,,
11545710,시흥5동,2024,⑦ 일반,0.01967837563311266,0.16385605983203302,0.018063249651845067,0.13002100784277082,0.6683813070402385,0.15779943998311433,0.1567738301052176,0.13263384456839106,0.14670762634748563,0.16302805983453567,0.15858847180793623,0.08446872735331949,0.24305719916125573,0.02393418683952785,0.14164303336941453,0.24852131818011813,0.23343900697057052,0.2850796538072566,0.06738280083311235,0.35246245464036896,0.46680369885788847,0.05373969765082104,0.12146458057004211,0.1754211597417068,0.17520427822086315,1.1112446155211735,109689105404,0.0005202772470015334,0.01073717457374615,0.0028495933511115765,-0.009731463740406732,-0.0067195997531112606,-0.003325508750972095,-0.0001677155935464747,-0.01246797014650064,-0.010711224574461206,-0.002008236404784744,-0.01271946097924595,-0.024160008250910137,2.78166006956492,6.215309196930579,8.9969692664955,51.06564806826688,7.827362002201972,41.106989929531146,563649.03,-0.5932578327836384,-0.2572392599719482,-0.850497092755587,0.3763945150925636,-0.3580402492290693,-0.018354265863507635,,,
11560515,영등포본동,2024,⑤ 성숙·정체,0.016581030840170728,0.1843402652543797,0.016426537328911278,0.07799288095279122,0.704659285623747,0.12580658694950916,0.13304949895672818,0.12539465883155984,0.1283069834109934,0.14279571741366928,0.1822132962784142,0.16243325815912588,0.3446465544375401,0.011576105263115068,0.11805519139396813,0.2182934220253657,0.24447479168053832,0.33653228746964153,0.07106820216737125,0.4076004896370128,0.5327798624512294,0.16080695330644929,0.22710544757196222,0.17397382875154543,0.3879124008784115,1.1129224116840588,250940189552,0.0006148920595030957,0.007340785725817561,0.00014308407928635344,-0.003764329668927202,-0.005533702741967073,-0.018670862984466075,-0.0033737158624608243,-0.012834770409410945,-0.032411222117502525,-0.0005430540011154839,-0.03295427611861801,-0.0760158800654327,9.702434999808956,12.528269248984166,22.230704248793124,44.71008449113622,7.52027006705835,47.76964544180542,2636044.56,-0.18904285650145702,-0.011758955921278513,-0.20080181242273198,-0.9068279022208401,0.07194062232694787,0.8348872798938913,,,
11560535,영등포동,2024,③ 급성장 신흥,0.01867179563630868,0.20466091534180783,0.033901939414467286,0.07501643757143604,0.6677489120359802,0.1359132381652114,0.1461760775108374,0.14338834748713736,0.14051435445825985,0.15820907027812675,0.16352272468931567,0.11227618741111159,0.2757989121004273,0.04501552997449335,0.131988898508596,0.2264685721827491,0.24589011559568455,0.25107642910322087,0.09956045463525616,0.350636883738477,0.4052214241675677,0.12426597331889795,0.19619849182924828,0.14593095841261955,0.32046446514814625,1.1259281721649526,1123241322287,-0.000929629699231993,0.005951374827806916,-0.0016433453335120349,-0.0090805058554745,-0.006251627870672349,-0.03151634363617717,-0.007542413698118006,-0.002932293411596565,-0.01593529970337544,-0.006442840348434314,-0.022378140051809714,-0.029063417513076173,11.548475488115294,16.51466307366528,28.063138561780573,52.62991454444751,9.102474776313096,38.267610679239404,9557402.37,-1.6812271019256375,-0.18350341033307416,-1.8647305122587134,-0.12744175063901508,-0.2616292903248745,0.38907104096391265,,,
11560540,여의동,2024,③ 급성장 신흥,0.07860116878309233,0.45422190161841586,0.0740844520459225,0.0750199204377852,0.3180725571147841,0.16546259036040642,0.17845027041514397,0.16759342676385716,0.17607217516884532,0.1821887606775185,0.0808306665244936,0.04940211008973508,0.13023277661422866,0.019775011230585407,0.10256006282121113,0.3417895446370442,0.15040010742198892,0.2741330947072923,0.11134217918187801,0.3854752738891703,0.2917285655389228,0.0825506564475851,0.19332503947261553,0.17268122964911228,0.2758756959202006,1.0347390807366788,1402139296645,0.004237924460796391,-0.005616755507273252,0.0017828060870289653,-0.002801832081550118,-0.0006979314339679854,-0.010476350964441328,0.0016919043323535832,0.001037396793280465,-0.011661436224028682,0.0023990625066841187,-0.009262373717344563,0.04417900504251404,12.403613875188055,16.34412804250479,28.747741917692842,57.83595571229457,7.949459384373717,34.214584903331705,14448382.77,-1.45008529889156,-0.5175878498388435,-1.9676731487304053,0.0016611085421018856,0.09860552147394497,-0.1002666300160584,,,
11560550,당산1동,2024,⑦ 일반,0.01626947433540656,0.14715213265600458,0.034962609283739544,0.030512225393460383,0.771103558331389,0.13638743333421413,0.17159061742328627,0.16770555946608826,0.166014415124415,0.15654618393999864,0.1323051913823369,0.0694505993296608,0.2017557907119977,0.08471703761974356,0.2035303976083246,0.23104232387213017,0.19921110011720508,0.2013219865419717,0.0801771542406249,0.2814991407825966,0.3503963564122115,0.06273718452368085,0.16760624186881773,0.15403703677406438,0.23034342639249858,0.9429674153457056,584212431579,-0.0022995652047353154,0.0006494818312332007,-0.004428755555941674,-0.0020825561515360226,-0.007155780981678517,-0.007895002264550754,-0.008159876099229108,-0.016901816846437323,0.0058248409907296,0.02826054103156808,0.03408538202229766,-0.03166443293113452,8.587274407038354,12.9055028859277,21.492777292966053,52.382415357354496,10.043489771777045,37.57409487086845,2290568.47,-0.025084714360703586,0.6014742167838278,0.576389502423126,-0.07911287742810913,-0.17076967918572983,0.24988255661384073,,,
11560560,당산2동,2024,⑤ 성숙·정체,0.09125987196176412,0.35384324117669075,0.03712471002464576,0.06390567064914116,0.4538665061877582,0.1606522011231924,0.1595301675973118,0.15173350096548224,0.15450492433184088,0.17681229836070517,0.13819375840704481,0.0585731492144227,0.1967669076214675,0.018296472692406546,0.10109134580151466,0.248737584814736,0.18555620611228027,0.3339491346415705,0.112369255937492,0.44631839057906253,0.41672763803665885,0.12086957182196847,0.2429823602487175,0.20460276216695988,0.36385193207068595,1.144379696150999,231112711892,-0.003961527317644223,0.01449751259327009,8.954428599251135e-05,-0.0033530752685949905,-0.0022290446342217995,-0.0008576477896292678,0.0025614605541036395,0.0018582465575774365,-0.01869347033191443,0.013899848522307717,-0.004793621809606741,0.044761846437864294,11.899651224758657,16.108994671499094,28.00864589625775,46.560648717047165,10.744935702227533,42.69441558072531,2541955.09,-0.8498528913155745,0.553273464923878,-0.2965794263916983,-0.4653020210170382,-0.3468006469965328,0.8121026680135799,,,
11560585,도림동,2024,⑦ 일반,0.021185359346615126,0.16081622680024663,0.0466182790400307,0.06406731734428356,0.707312817468824,0.1529507022126437,0.1761438545299228,0.14245795733653366,0.14631721660939284,0.17956391853102613,0.13452223923753523,0.06804411154294562,0.20256635078048085,0.019974227614058065,0.12249561351195061,0.2677028830181137,0.21836680736874003,0.29854352369136733,0.07291694479577028,0.3714604684871376,0.402247060808469,0.044111991742254594,0.14954974096465073,0.22863820242174826,0.19366173270690532,1.227223444322266,55733484794,-0.0020767469924316967,-0.009855850093119067,0.002716685175327929,-0.01791936010954462,-0.0024612447879842347,-0.022876702682137873,0.027312949261733638,0.006868211636629762,-0.013534683141689138,-0.004209662800975539,-0.01774434594266469,0.3412545336790227,4.757765628947083,9.913837625855193,14.671603254802275,50.18371694617054,8.395649704815721,41.420633349013734,1077140.7,-0.4724818334103338,-0.1637451890145485,-0.6362270224248832,0.02050069046176617,-0.4503144680223823,0.4298137775606037,,,
11560605,문래동,2024,⑦ 일반,0.03323333368099519,0.1863679284157961,0.04048268577381015,0.041385430811998,0.6985306213174005,0.15516296371586596,0.19952330077671554,0.19491610517429653,0.15469569119699034,0.15334434244490902,0.10115821414693234,0.04119938254429027,0.1423575966912226,0.029391078079422785,0.23665050155939624,0.258000175317845,0.23264693254415492,0.1799909012047737,0.06332041129440732,0.24331131249918103,0.378206534670996,0.0744092790811574,0.16413449172996944,0.17833798931608272,0.23854377081112682,0.9912644706415222,630122335695,-0.004544148847944997,-0.020921024565462826,-0.010661992607863185,-0.009407924768977609,-0.007402508433189792,-0.037653094885355454,-0.025766628859381746,0.02023286729458379,-0.015817503395570684,-0.029268398748378027,-0.0450859021439487,-0.0005476701268553041,13.931325829167,17.55409263550492,31.485418464671916,48.738878856449766,10.04125798853146,41.219863155018764,3136519.85,-0.739822466907011,0.5014710566529992,-0.23835141025401185,0.4878260837382271,0.012888629638432292,-0.5007147133766736,,,
11560610,양평1동,2024,⑦ 일반,0.049907405732012994,0.2650362975145003,0.027803045802911826,0.057024262388158296,0.6002289885624166,0.16333012445772194,0.1586381230808416,0.15689193260327505,0.15365298360103444,0.16959118175777776,0.12780756451042924,0.07008808998891997,0.1978956544993492,0.023692978949805685,0.11727173673189666,0.3019969908356038,0.21854259637507775,0.26350770021584036,0.07498799689177582,0.3384956971076161,0.36579625023307843,0.0694932913831935,0.20157900470340503,0.2140096629032352,0.27107229608659855,1.1037285302453184,116224539423,-2.853326494588887e-05,0.015704106508139776,0.0006540917680402172,0.008992720917124268,0.008436099551902748,-0.012868569367341931,-0.0038105161467782422,0.0026089922149283296,-0.01506307273108902,-0.006542902769037934,-0.02160597550012694,-0.0009332166360440652,4.767024619400305,10.62467798015779,15.391702599558094,51.0572085585918,9.404214954102017,39.53857648730617,1166271.3,-0.4934343099613345,-0.10768370030510432,-0.6011180102664397,-0.39839357424644817,0.014942416103538747,0.383451158142897,,,
11560620,양평2동,2024,⑦ 일반,0.05294790061165927,0.3248312650686082,0.04627986007479912,0.051054711444095756,0.5248862628008376,0.1783044719922523,0.1824273533080406,0.1694385014432,0.15013115651367046,0.15880383515584012,0.11111935883171009,0.04977532275528642,0.16089468158699652,0.019944975636479755,0.1430253341109176,0.3156516281982911,0.20245213576971105,0.24369649757845555,0.07522942870614492,0.3189259262846005,0.3401510093075111,0.0626153937103458,0.19343455033061044,0.20427512998113623,0.25604994404095627,1.0577673471887226,187771596780,0.011032736320927904,0.09884609464949501,0.01738353128897876,0.016108353137486743,0.05363987731297827,0.09439625682827471,0.02792625529636314,0.08411278988397858,0.014511011250425046,0.07082257777388375,0.08533358902430882,0.27208806841550515,7.16904373368085,12.34373879296441,19.51278252664526,48.65972705612801,9.477083189389278,41.86318975448272,1595816.74,-0.7000928675959139,-0.17157472057931678,-0.8716675881752316,1.1183246924741894,-0.2537984339606112,-0.8645262585135711,,,
11560630,신길1동,2024,⑦ 일반,0.028766439534972505,0.23237920539559237,0.048706831100733455,0.0748509487330845,0.6152965752356172,0.16319142214351778,0.1508126056450121,0.14137185415951184,0.15424598079333254,0.16304611337605415,0.14664832416138843,0.08068369972118317,0.22733202388257157,0.029448699166052042,0.15284458367808554,0.2199277135886125,0.2218637808299442,0.280765854545311,0.09514936819199471,0.3759152227373057,0.3938247415160739,0.07550904365604515,0.15838110246659692,0.18627278937398578,0.23389014612264206,1.057052589230915,126285903599,0.00157546875511776,5.273195629604266e-05,0.004292204411540816,0.001390354832205426,-0.00426786931989126,-0.020536912216699788,-0.003727781510244249,-0.00467434767588204,-0.006771671679091873,-0.001699182137183619,-0.00847085381627552,-0.06394077495502537,5.413909195131194,8.643183680140622,14.057092875271817,49.91984695333173,9.19270823487601,40.88744481179225,1100307.52,-0.7183404401242921,-0.23398227142893369,-0.9523227115532258,0.15417763606644286,-0.18187007567658142,0.027692439610113695,,,
11560650,신길3동,2024,⑦ 일반,0.0034212930117603455,0.19437522208145125,0.01895790343187571,0.06773122957509815,0.7155143518998145,0.16416141152015826,0.1484958880840879,0.12862781934887102,0.13942104428507066,0.16238406569983313,0.167870723287836,0.08903904777414301,0.25690977106197904,0.018936041727877027,0.16205463121918315,0.23552498694539248,0.23970230798322975,0.2785499854684342,0.06523204665588338,0.34378203212431757,0.46153156161327347,0.04569461046637939,0.14535391137507958,0.23291074141512264,0.19104852184145896,1.1647026927140969,82456289780,0.00018599869166177792,0.017019775939922266,-0.0006529552422068034,-0.00894506574119766,0.012978267606307575,-0.004184815347023918,0.0027653221388171945,-0.0006794236261093989,-0.002570234022210932,-0.013852916371105362,-0.016423150393316294,0.0367196392674598,3.4671331870577844,8.580800490209137,12.047933677266922,53.42422938431412,8.472094584138445,38.10367603154744,675989.03,-0.2293803551610778,-0.31415033196195985,-0.5435306871230381,0.011122836599497532,0.13757674942737097,-0.14869958602686495,,,
11560660,신길4동,2024,⑦ 일반,0.018416030867466727,0.1713846835995134,0.01960059393846839,0.1341187051835613,0.6564799864109901,0.16485611838340739,0.15213322808314458,0.14347179321990292,0.14886850237535623,0.16793229390750586,0.15437972111278125,0.06835834291790176,0.22273806403068303,0.014201056757451631,0.15589663073770657,0.283159005542379,0.2272586292229264,0.2597537721692332,0.05973090557030319,0.31948467773953637,0.48126403382742333,0.05711275444650298,0.17764812471967323,0.21206587501580632,0.23476087916617622,1.128057925135045,33099771519,-0.0027455388908246975,-0.008220739057220011,-0.026078609671363284,-0.019703076606253395,-0.02455222709115598,-0.02788044417823038,0.008905195686489814,0.026005717922640614,-0.0023292347008939188,-0.001113049805586297,-0.003442284506480209,0.04514686182765559,2.859307242503977,8.013708801823524,10.873016044327501,51.53656004265248,8.96341729281923,39.50002266452828,463279.0,-0.3467146424445873,-0.9518236544803518,-1.2985382969249386,-0.6687277208137985,0.1963242211232945,0.47240349969048623,,,
11560670,신길5동,2024,⑦ 일반,0.007566934211764519,0.1696267756239524,0.03360075648138029,0.0,0.7892055336829028,0.14650856764559284,0.15793526762234028,0.16604469329927501,0.18806267830548798,0.1302440057666382,0.16548913468155413,0.04571565267911154,0.21120478736066567,0.01900889875989535,0.2024265799077844,0.26225429256521654,0.2626251287235832,0.201058043648698,0.05262705639482256,0.2536851000435206,0.23363540273640446,0.02607671618547428,0.11421306536467002,0.20787859215332052,0.1402897815501443,0.6925563697177095,48227492375,0.0004191993796460649,-0.009876946032310013,0.0019990944246817757,0.0,0.043804082403234273,-0.00587076571851014,-0.039443286547517775,-0.023696480502561873,-0.0041565575423770686,-0.020430213954508253,-0.024586771496885318,-0.4777146336842264,2.1418983778016885,7.552381376999925,9.694279754801613,50.37071944245921,9.456065188142738,40.17321536939806,429965.31,-0.7028650161027756,-0.6177336914382625,-1.3205987075410377,1.5592428755329095,-0.3908358843369353,-1.1684069911959654,,,
11560680,신길6동,2024,⑦ 일반,0.03939914290833465,0.2602134148693379,0.04525833768620217,0.041844246586377885,0.6132848579497474,0.15508409646775473,0.1520582992732447,0.13872579574337443,0.14161915307197956,0.1585285314944797,0.15339231754226892,0.10059180640689795,0.25398412394916686,0.028321226558746748,0.11390384420966362,0.22439154305912518,0.21080331984877312,0.32326882233273296,0.09931124399095836,0.42258006632369133,0.42426546586538777,0.06911858509621102,0.18153318867240623,0.23022328670161615,0.25065177376861725,1.1194003639741144,136946612533,0.0023332908846278796,0.022221471745788424,0.0017568903798021451,-0.002957014216411355,0.006415461885118934,-0.0049265744053665905,-0.0030252820639340428,-4.045649079398306e-05,-0.008216900679464581,0.005631820979836777,-0.0025850796996277903,0.04438517031206968,4.282318141766309,8.214473466450785,12.496791608217094,51.020203746860616,8.741511336429015,40.238284916710384,1256938.14,-0.4444885002647121,-0.7037770808517418,-1.1482655811164548,0.06670344922162741,-0.006901547655854046,-0.059801901565762705,,,
11560690,신길7동,2024,⑦ 일반,0.04797725337732162,0.31334268478275484,0.08249532150453058,0.005546488923218813,0.5506382514121742,0.1608159076951692,0.1639015031779692,0.14676961709589317,0.14932433137683312,0.16147914890331655,0.14084610979790488,0.07686338195291388,0.21770949175081877,0.026862675849291553,0.10896995624225916,0.2731421355415263,0.19487962091792643,0.28659371227110086,0.10955189917789575,0.39614561144899657,0.41809492198748177,0.07713349989854966,0.17858805873071737,0.2783776756581222,0.25572155862926704,1.0813987741609883,35495994083,0.003328175832519792,0.059472067823837904,-0.05877737598544534,-0.02259519095455197,-0.011373298927000508,-0.03901195535734625,0.002894932298273256,0.030425324433118184,-0.021537649254535593,-0.0092905997992688,-0.03082824905380438,-0.030324525967594607,4.908543287104831,6.810337591870182,11.718880878975014,54.0223426328142,7.8657132024693555,38.111944164716434,1047962.4400000001,0.08854423964048319,-0.25463449778916925,-0.16609025814868517,-0.1863289810747375,-0.08308580740591154,0.26941478848062417,,,
11560700,대림1동,2024,⑦ 일반,0.052030758421564065,0.16663344858353868,0.010722367263578907,0.08714287954466446,0.6834705461866539,0.16314289122577336,0.17018235791373273,0.1423481150890727,0.15622607131547928,0.15949954497959146,0.13068281658602926,0.0779182028903212,0.20860101947635049,0.023188477247886478,0.19688615802788084,0.2563431125734162,0.25645344632598216,0.21601997433056466,0.05110883149426965,0.26712880582483434,0.47916767571915453,0.052978875674191656,0.13966949993767255,0.1815625957876367,0.1926483756118642,1.0209534403352039,119204093889,-0.0030313073058233497,-0.0009567263079987287,-0.001713603525795495,-0.002226430452411207,6.206881209061543e-05,-0.01817576621626671,0.003788988829960066,-0.007102584828177938,-0.008563937721713342,0.0031881651677544975,-0.005375772553958852,0.03740853919596887,3.318503365731493,8.811207290885461,12.129710656616954,55.74512126445662,8.46007235592753,35.794806379615856,1098010.94,-0.7152902466866937,-0.6932299887433562,-1.40852023543005,0.3945146038691547,-0.25695889800384464,-0.13755570586529586,,,
11560710,대림2동,2024,⑤ 성숙·정체,0.008827338212357844,0.28355612348702286,0.05756041861000409,0.11268433530727993,0.5373717843833353,0.15046679644571934,0.1542149954555391,0.14324156620205486,0.12244208907784622,0.13665902879998476,0.14431380798097118,0.14866171603788453,0.29297552401885574,0.03179477963470984,0.12413037911520654,0.23534668768217615,0.2777763930505947,0.2476666577077608,0.08328510280955194,0.33095176051731273,0.49436016082275647,0.04174075979186223,0.13472416767126993,0.23541460799109848,0.17646492746313217,1.1161115416211145,162448966665,-0.000208675600066318,-0.03524269691037002,-0.006629318943814633,-0.008015159979246955,-0.030194240080356316,-0.029687277709639415,-0.005163975352162925,0.030910134048850957,-0.010181881416077558,-0.02155989733356306,-0.031741778749640626,0.014164834168680196,6.231305900779669,14.43324625358285,20.664552154362518,46.155266811853814,10.42332267698503,43.421410511161156,1663746.92,-1.27564004967818,-1.3693964829286802,-2.6450365326068592,1.3151273791272047,-0.1540015862292492,-1.1611257928979697,,,
11560720,대림3동,2024,⑦ 일반,0.00682485019434891,0.10892796987101748,0.019747280700476065,0.03998689990664005,0.8245129993275175,0.17533145748044593,0.19135390612126177,0.16188009361748326,0.1715030630480826,0.18404675738687803,0.07242061239486801,0.04346410995098039,0.11588472234584841,0.024845537108120964,0.14071348717132484,0.33459885284101665,0.32174307222458803,0.13520994575965076,0.04288910489529882,0.17809905065494958,0.28316303081454436,0.018211186036687674,0.11917681470270029,0.270511329651323,0.13738800073938798,1.073139768560744,507042969656,-0.0003114172837598468,0.0009819543694225552,-0.001170160802400351,0.003951735626399659,0.007820377041494589,-0.013663472830453022,-0.01860680360554079,-0.017088609536779875,-0.009425108239882012,-0.014978053821654944,-0.024403162061536948,-0.22827767300604518,7.043337317928799,15.346949573174703,22.3902868911035,47.34182755770363,11.164727042691405,41.49344539960496,2609332.22,-1.1356179118269658,-1.086396426292632,-2.2220143381195996,0.8558340896599574,-0.022957706252146437,-0.8328763834078217,,,
11590510,노량진1동,2024,⑦ 일반,0.006929855380264202,0.03689465398858012,0.006815630307872585,0.02109299695844045,0.9282668633648427,0.11530328205840602,0.12535350255377337,0.12660152079097506,0.11656378912511285,0.15636319425837314,0.2229116660757787,0.13690304513758084,0.35981471121335956,0.04903156612758233,0.17689883063389297,0.20806760429546592,0.22101629112966423,0.2999512733515142,0.04503443446188032,0.34498570781339455,0.3160341449218929,0.07555564078685004,0.16889196405087784,0.1516481610696531,0.2444476048377279,1.3414388416160863,1340431542692,0.0006621474105677257,0.00516032183083473,0.0008495595816393016,-0.0005961528737881902,-0.045426321911322454,-0.011399039868873806,0.005860444751593169,-0.014805420539388547,-0.009256815174365815,0.00689887787744517,-0.0023579372969206036,0.0686284934046466,16.36663217348412,12.165858492675538,28.53249066615966,46.25727732915983,9.59004241932019,44.152680251519975,1938489.34,-0.4303463743160343,0.3329010869308373,-0.0974452873851952,-0.9007200095487633,-0.00752217865943372,0.9082421882081917,,,
11590520,노량진2동,2024,⑤ 성숙·정체,0.001192963451361688,0.02320242697511244,0.0012553407444142863,0.003067943984668555,0.9712813248444431,0.10728018659386185,0.11775510311539565,0.11590255978425411,0.10770954424665209,0.15839477016398165,0.24617224757972508,0.14678558851612958,0.39295783609585466,0.027577973636546443,0.1722302103738624,0.20665734254287152,0.2265837381828229,0.33613395653421463,0.030816778729682116,0.3669507352638967,0.3106631075588599,0.06725582928821772,0.17944754741188645,0.1651394572901773,0.24670337670010417,1.4705732093830208,3191402852832,-0.0001005926440500978,0.0006073024663972963,-2.1404284635813224e-05,-0.0008828850056329064,-0.04571646639812804,-0.019768271250278358,0.005564004870299899,-0.018182478980952044,-0.007776448140548009,9.964268094309059e-05,-0.0076768054596049184,0.1082794942254921,7.890290761959645,10.618812475946315,18.50910323790596,51.8963904709737,10.919007043529788,37.18460248549651,1964356.0,-0.5229502972548614,0.3469069462369987,-0.17604335101786006,-0.07262334089846689,0.06294705318032001,0.009676287718136223,,,
11590530,상도1동,2024,⑦ 일반,0.06172490471556897,0.21582274657995906,0.027956193616163614,0.06904543181947015,0.6254507232688382,0.16302063792050217,0.1639206064470513,0.144881733954644,0.15610663619756276,0.15645177499398508,0.15933081724069761,0.056287793245557056,0.2156186104862547,0.01946821915399752,0.1757384967460226,0.23859739811784125,0.21611876720354048,0.2758286684802167,0.07424845029838145,0.35007711877859815,0.40609557861570444,0.13167540598432229,0.13067658124850456,0.18984052625720907,0.2623519872328269,1.002210916875984,239926982589,-0.003112602963001289,-0.000676830911324755,-0.005441224632845545,-0.004086757446072453,0.014539266837869852,-0.02759249319855306,-0.018822059465503416,-0.00652336913376772,-0.01648764179343265,-0.005725907831372112,-0.022213549624804707,-0.21272917117613854,10.973789143786048,8.614169830599955,19.587958974386005,51.98915803984242,7.970153823450392,40.04068813670718,1692321.29,-1.3218615380253933,-0.167151633454381,-1.4890131714797725,0.1284845600782134,0.054888748721102054,-0.18337330879932523,,,
11590540,상도2동,2024,⑦ 일반,0.03072467069649633,0.17000641885769752,0.04779265011325088,0.08413133608956073,0.6673449242429945,0.15862062092360193,0.16181763893442924,0.14492938086622342,0.15034028044022688,0.1608090629523934,0.14226407609101038,0.08121893979211471,0.2234830158831251,0.026940992173919792,0.11665927545237657,0.2510121414584874,0.23872824111628574,0.2937087736015235,0.07295057619740702,0.3666593497989305,0.47896403929915476,0.07008537592737317,0.15049990212289674,0.25714542080629527,0.22058527805026992,1.0696339163497088,106470973841,0.0017914105510237165,-0.019720807576684124,0.001899314968421259,0.02470802733030273,-0.0010612227854327472,-0.008274143201550621,-0.005155693056535571,0.005422065330896508,-0.007277629637010591,-0.0110846538165775,-0.01836228345358809,-0.07298592755290056,7.248673006638265,8.528596231563931,15.777269238202196,53.9692387454897,8.387874784914148,37.64288646959616,1288439.0,-0.40944531748565094,-0.4268233464734248,-0.8362686639590766,-0.17054786245146403,0.16664547452117162,0.0039023879303101694,,,
11590550,상도3동,2024,⑦ 일반,0.032872225810791654,0.1451688420315847,0.03654489842191862,0.05576702113538116,0.7296470126003238,0.15084471698101665,0.14962969842791757,0.14411529951944854,0.14228736733258177,0.16919151178094557,0.15570745734464056,0.08822394861344932,0.24393140595808988,0.019943299812781052,0.1280704948293373,0.25964901042822497,0.26312601904064614,0.269432562204604,0.05977861368440656,0.32921117588901055,0.5073936691956266,0.06537457428958576,0.12812785555523765,0.155699634090346,0.1935024298448234,1.1890831558185921,155999403068,-0.0036613588792714716,-0.011579996332271553,-0.00033883617173103425,-0.012455055079378531,-0.0061413557670320085,-0.014513413536730135,0.004040769905505254,-0.0014935174853821787,-0.012742513678134587,0.00038598626001562497,-0.012356527418118962,0.058216521105490804,4.899279419541858,8.04561605128896,12.944895470830819,51.37667853594604,8.152206128186114,40.47111533586785,741954.62,-0.4335849369420517,-0.046079464850874885,-0.4796644017929257,-0.07483306112573018,-0.1287196829029984,0.2035527440287339,,,
11590560,상도4동,2024,④ 잠재 후보,0.0255465025617722,0.2395779589649495,0.024281422015944045,0.061657942447215675,0.6489361740101186,0.1498263695968397,0.15344314745195406,0.1553120430267497,0.13935473968938422,0.15514301547405868,0.1622895430126343,0.08463114174837935,0.24692068476101364,0.021188040380381516,0.1310247472485165,0.23237695511909418,0.22767200625585773,0.3145142858251467,0.07322396517100334,0.38773825099615006,0.4915258540169056,0.06765156401480732,0.1457307804084341,0.2103678779802901,0.21338234442324142,1.1132955780324791,84893970075,-0.0002426208551383896,0.03386017371485986,0.004052065742112268,-0.010666604433526225,0.00029672973643751765,-0.009427435369617598,0.0023554829176193615,-0.014726094751338514,-0.002737612385650054,0.0070864420052079435,0.0043488296195579035,0.057633307235802844,4.22331115265852,7.7453627431618655,11.968673895820386,50.04443239016471,8.63705194619057,41.31851566364471,894325.06,-0.4778622162712134,-0.1435273662652321,-0.6213895825364464,-0.2680203438868318,0.19801466168362225,0.07000568220320247,,,
11590605,흑석동,2024,⑦ 일반,0.057295764108471106,0.23067492939640893,0.037964959836990095,0.06667129649526662,0.6073930501628633,0.1685779302594517,0.17173982058816115,0.1570743184858739,0.15715297417007532,0.1754275721886867,0.12012617370227835,0.04990121060547291,0.17002738430775124,0.021597817264769732,0.15997493405616253,0.2587254846495283,0.2411978812464128,0.2486806594786066,0.06982322330452002,0.31850388278312664,0.4774452795921111,0.1322556469741649,0.12968693988072527,0.19364524667421618,0.2619425868548902,1.1162854099015278,202020682438,0.0037937114394992477,-0.0002822872769958351,-0.000676197491516449,-0.011093036971833697,-0.0028912199807929473,-0.00925709841916078,0.006443972720117569,0.011228165969083492,-0.012894655576747682,0.0008959797606948039,-0.01199867581605285,0.06258991085375198,11.07752222513366,7.4926452551051055,18.570167480238766,52.86046909952914,8.712870146769,38.42666075370186,1609705.73,-1.6689915541699474,-0.059984601645073354,-1.728976155815019,0.2040199265247935,-0.18091659084232248,-0.023103335682478132,,,
11590620,사당1동,2024,① 레전드,0.04389211518181064,0.4013769741022964,0.11811190550866403,0.04669693145046141,0.3899220737567675,0.1392616387731593,0.14737081381544662,0.13913235275137262,0.14364580707673927,0.1806315531324556,0.16614926417011502,0.08380857028071155,0.2499578344508266,0.034712642183112305,0.06110106065403514,0.18787533185069138,0.1887903617280071,0.36130390784485655,0.16621669573929754,0.5275206035841541,0.43399838467633467,0.16416596608178036,0.2438971334175468,0.1465585235872815,0.4080630994993272,1.2574787723247474,261036680792,-0.003324968720615891,0.022442080968533895,0.0077557516487397615,-0.003430632892443816,-0.006295242369726395,0.007975211800281712,0.002741905827375213,0.005285664947191682,-0.013700648972504031,0.016469386555500398,0.0027687375829963945,0.00047192706510079674,13.450569038777092,14.775224845482986,28.225793884260078,45.75732696504401,11.087648067753095,43.155024967202884,2516761.7,-0.9626504511300809,0.730550641864296,-0.2320998092657831,-0.05774891646065328,0.16571858772602432,-0.10796967126537282,,,
11590630,사당2동,2024,① 레전드,0.061378917638037496,0.3064002143411633,0.07006256592648624,0.04426733686441219,0.5178909652299007,0.1342213185495726,0.14726331198270973,0.13743396866947113,0.13515717352163317,0.1726350307596171,0.17172466036278947,0.10156453615420684,0.2732891965169963,0.032166141629439385,0.07551315869659024,0.213314752174868,0.21853408871255425,0.3434502561097347,0.11702160267681347,0.4604718587865481,0.4914896824616542,0.10213214545586581,0.16858614886307244,0.18751784544163777,0.27071829431893824,1.2772909218317239,311112817362,0.0006689365162135044,0.025289671927040402,-0.011843395904916565,0.001468508169805413,0.0007714760390530873,-0.0005327490108400501,0.005311437966151078,-0.00802714721927189,-0.0088171590670819,0.0009089617930325145,-0.0079081972740494,0.0524268303110369,7.341347785052959,9.13256619709301,16.47391398214597,50.90096203940965,8.986545543309195,40.11249241728117,2887255.94,-0.8084841671433844,-0.16199025893006436,-0.9704744260734479,0.14722292628678701,-0.08440963074662022,-0.06281329554015969,,,
11590640,사당3동,2024,⑤ 성숙·정체,0.06825181220882359,0.25904767195623307,0.03289879144257829,0.04339702464598816,0.5964046997463769,0.17232682260250334,0.1483361205719887,0.15254908353254554,0.13641340864042062,0.18310453341550725,0.14545034807952845,0.06181968315750612,0.20727003123703455,0.012593329349765653,0.11895452660311219,0.26041196064861566,0.23055634928224902,0.3146041198068314,0.06287971430942606,0.37748383411625747,0.5000845223244811,0.06764537847919182,0.16269817302545733,0.19219273529416117,0.23034355150464914,1.3422766518367872,58858396649,-0.004473627211390371,-0.017487633609859554,0.003724303929907101,-0.013925983434050666,-0.0016140663651924014,-0.016628074418660266,0.00763238027056784,-0.006935246787749372,-0.0025010357050397336,-0.00875527579061916,-0.011256311495658894,0.07915581638464642,3.2529524167142663,7.26791717395968,10.520869590673946,50.09356989410383,6.635695965682614,43.270734140213555,585140.13,0.05211889822286775,-0.2938110710985722,-0.24169217287570532,1.4643555001374082,-0.24004113230010038,-1.2243143678373158,,,
11590650,사당4동,2024,④ 잠재 후보,0.01799996854362125,0.09750116875603171,0.013796395368697638,0.03664022975544342,0.834062237576206,0.14883893373597998,0.1593381511728149,0.15827436421845661,0.12198122032490079,0.18021028439876036,0.16107162000636577,0.07028542614272162,0.2313570461490874,0.009468652503554867,0.12569206794403384,0.26303305896852563,0.2616086575640304,0.29571719613975533,0.0444803668800999,0.3401975630198552,0.5239334370199056,0.05787420629629838,0.1348149186593555,0.2012756607834178,0.19268912495565388,1.477360891445131,88301009535,0.0010590747994122934,0.0036880955869521836,-0.0012625782172106716,-0.005846388697593442,-0.00028582101238344704,0.009666774887306828,0.005626319715437478,0.02731081364287219,-0.004976589282489112,-0.021396065084940658,-0.02637265436742975,0.11038942501136395,4.5496742690536465,7.753978152503134,12.30365242155678,53.65684931488811,7.358730225700899,38.98442045941099,721471.21,-0.5955720834405431,-0.21231913985407314,-0.8078912232946163,-0.09287941270433464,-0.013478126833526893,0.10635753953786065,,,
11590651,사당5동,2024,⑦ 일반,0.05042992352403486,0.2461284510691442,0.04837302303736477,0.011659541301063465,0.6434090610683927,0.17221147783152066,0.1600897915991118,0.12925356063758597,0.15004236749567798,0.16887789793011646,0.1398192348838537,0.07970566962213343,0.21952490450598713,0.029743218839161725,0.13994481210683146,0.2029821619282827,0.2392174410072452,0.2809908923524777,0.10712147376600119,0.3881123661184789,0.46299663842805355,0.0731774174382052,0.16645342593884926,0.2547557171014322,0.23963084337705445,1.1255347456109759,22167833736,-0.0012344007442905355,0.05795651710634972,-0.004814306714152977,-0.006343715540651083,0.006338107248078956,-0.011077224730351332,0.004464564772066054,-0.0072363911317205876,-0.005958968273461623,0.019580643196212305,0.013621674922750654,0.06209095324708769,2.618273777328563,6.211924193135697,8.83019797046426,52.55592643849285,6.866524574178985,40.57754898732816,508818.83,-0.4458386677164685,-0.434874271044551,-0.88071293876102,1.2642952737187514,-0.4179623428120145,-0.8463329309067333,,,
11590660,대방동,2024,④ 잠재 후보,0.030556168122957462,0.2630598120713306,0.02511831846219099,0.05946808328157146,0.6217976180619494,0.16087181988820598,0.15901900535592117,0.14281653212567647,0.14662304399215986,0.16026038638296178,0.15537917627107453,0.07503003598400024,0.23040921225507477,0.021543201758649627,0.09822635765061365,0.22422365168119338,0.2271084511891272,0.33918998415223345,0.08970835356818269,0.42889833772041613,0.4633815345946674,0.07999577021918976,0.15112565439455394,0.29159813800421586,0.2311214246137437,1.0930095435171236,226900844998,-0.0019472830328692188,0.0013581241538914712,-0.0013159010089015787,-0.005241943531389036,-0.0023141597494690525,-0.01126901402224173,-0.0021104134413193754,-0.0021345602214211667,-0.01874036260976686,-0.007764344071313434,-0.026504706681080348,-0.0006319119010216312,8.066851631490465,10.04104046412976,18.107892095620223,50.811857711598286,8.577581785150972,40.61056050325074,2370533.62,-0.37903741596476337,0.22688268783725718,-0.1521547281275062,-0.16046369721583886,-0.3963360257297488,0.556799722945577,,,
11590670,신대방1동,2024,② 라이징스타,0.02847890187883387,0.22654981990378828,0.03657212719263746,0.19422807524386693,0.5141710757808735,0.15234567216510742,0.1534197843639683,0.14222023825816274,0.14014074652269515,0.1596605523487262,0.15385567980081574,0.09835732654052444,0.2522130063413402,0.02398096913113045,0.12988235226095313,0.247375793363909,0.2175057598294802,0.28767800133590304,0.09357712407862415,0.3812551254145272,0.47122774688578756,0.11826835148741843,0.1612778856253824,0.1595372887127828,0.27954623711280085,1.139287154595469,75421594770,-0.004406809606338314,-0.02575325080575927,-0.0015281056200581802,0.031330660532540966,-0.0057817663172968214,-0.014151315584087776,0.0017034255088581585,0.013639568468638175,-0.012838158064914867,-0.0022494754577656872,-0.0150876335226805,0.05823006771073014,5.127585807574511,9.35077012415753,14.47835593173204,56.30888047685435,7.411734851385414,36.27938467176024,1139172.16,-0.4211713690327903,0.13421377582888816,-0.286957593203903,1.7063649678558335,-0.3089093463116175,-1.3974556215442107,,,
11590680,신대방2동,2024,⑦ 일반,0.08553213418884001,0.38539081669371306,0.04300841150491186,0.10400042178889572,0.38206821582363937,0.16407275064511745,0.16713082632464937,0.15456935342879463,0.16274187755152109,0.16022880366595493,0.11672376950269828,0.07453261888126428,0.19125638838396256,0.019434939712770046,0.126650294287589,0.33417856544163205,0.21275303393210757,0.24324697030474063,0.06373619632116075,0.30698316662590136,0.42939120992670343,0.0961399424541544,0.19819009270196705,0.2148838658569989,0.29433003515612144,0.9845579151268513,157356593959,0.0034316161501158904,-0.03805061770072504,0.01992358086213426,-0.0029203839284307476,-0.01192232749451358,-0.0037090418140949266,-0.0004739374020679421,0.0071111663960113924,-0.009538501978613528,0.0014117729414426794,-0.008126729037170877,-0.010672282391324228,5.786779426724835,11.013903247170777,16.80068267389561,59.57601519500491,7.426921446777703,32.99706335821739,2435247.65,-0.4177300983233554,0.06382415652991291,-0.3539059417934425,-0.22561374363621667,-0.07544958961644266,0.30106333325266377,,,
11620525,보라매동,2024,④ 잠재 후보,0.07045590353166307,0.2959067520843825,0.03516268656942032,0.03544017095364202,0.5630344868608921,0.16017622527844125,0.15613522707243802,0.1532712700740684,0.14755336938806018,0.16468169418002654,0.13553801272037413,0.08264420128659147,0.2181822140069656,0.030648355351863586,0.09749847369364893,0.23239130891633056,0.20991149287363509,0.3182785935649843,0.11127177559953755,0.42955036916452183,0.4378892110906637,0.09476024710242568,0.2134397345700587,0.21496126246312341,0.30819998167248436,1.1160822342654844,99221129424,0.0025987241457750415,-0.0007830824289532523,0.0018397482834559692,0.0025336200440413126,-0.017965248126028427,0.0011089261835427466,-0.002106722474279371,0.005681006225200569,-0.018608745882827793,0.010750238799839384,-0.007858507082988408,-0.022132795251138093,6.235566880374865,8.695032156723936,14.930599037098801,49.78939920983703,7.590184403926081,42.62041638623688,716459.8,-0.8038214255563796,-0.7490228512905759,-1.5528442768469546,0.7342659214268608,-0.07232914525444833,-0.6619367761724178,,,
11620545,청림동,2024,⑦ 일반,0.016100318860300323,0.1265778298413137,0.07791888656252732,0.014721354705623139,0.7646816100302355,0.1618204689748985,0.14210619800570157,0.16844995770190077,0.14657407284163945,0.1673624120339307,0.1446525214033076,0.06903436903862141,0.21368689044192898,0.01812379900261292,0.08419581331490793,0.20842608208381666,0.2757558989877276,0.33905654713416605,0.07444185947676885,0.4134984066109349,0.5170080384776101,0.039940626084808216,0.149446205205125,0.39822518315046135,0.18938683128993322,1.141828215517701,15231744733,0.0021338358222380786,0.02111451040710975,0.016589954112280314,-0.013688238464610949,0.02328046136431436,-0.001134842036350392,-0.00017134710455785074,-0.00884620342433895,-0.0023742522185850393,-0.018570378890186562,-0.020944631108771594,0.04160494602729692,2.099689754678731,6.778331376082377,8.878021130761109,49.33311770170596,6.845092401807099,43.821789896486926,222540.02000000002,-0.05081014684551599,0.3444564187954118,0.29364627194989623,-2.3602266094440907,0.05806891808147796,2.302157691362588,,,
11620565,성현동,2024,⑦ 일반,0.008841754253312661,0.061234336656404195,0.003894458169317787,0.13644721741355373,0.7895822335074116,0.15878692412414544,0.1990751608053093,0.13553377681510603,0.19239815726458473,0.14083873399230648,0.1136342808514613,0.05973296614708672,0.17336724699854802,0.023636976627389724,0.12840267412747988,0.273168850617137,0.2364668077157034,0.26325682501015246,0.0750678659021375,0.33832469091228995,0.46862765606847295,0.04929778688622959,0.12269288275611064,0.35729484938125117,0.17199066964234022,0.7320170629213769,42011102928,-0.0009476135311970047,-0.008819073309136408,-0.008961424073903561,-0.01110372967395784,-0.0400077381250146,-0.06871250657346956,-0.014432903243484618,0.01582174081632559,-0.02650861358874098,-0.015145548688712249,-0.04165416227745322,-0.28142142617633326,3.0602742490296544,5.995588237052541,9.055862486082194,45.13799428027957,6.4287683146087735,48.433237405111655,593780.77,-0.5805146972915534,-0.40167281595379745,-0.9821875132453517,-0.8613728528125222,-0.027622439996124903,0.8889952928086373,,,
11620575,행운동,2024,⑦ 일반,0.03113419038499075,0.2237242282446191,0.042672889784604706,0.08348019841800591,0.6189884931677796,0.15072986025993268,0.15018333157118138,0.13894675241056925,0.1422209445608053,0.17643343373322357,0.15630053715702602,0.08518514030726179,0.2414856774642878,0.030247011771455508,0.09026760213661839,0.24681298081438174,0.240556511704646,0.3085961426525192,0.0835197509203791,0.39211589357289833,0.4876462719344192,0.13248633910184981,0.18958236892160452,0.1634506018642959,0.32206870802345433,1.2405587255665498,152653957088,-0.0033088269552379694,-0.0029356027199739787,-0.0034972807838133183,0.0009308532056881286,-0.007155505358358377,-0.008519773530747898,0.0016189850304046405,0.01367355671744419,-0.020888105351695885,-4.794011732023318e-05,-0.020936045469016118,0.03705360021893234,10.865766321428334,10.03474203548012,20.900508356908453,50.250964058767565,8.041662261088035,41.707373680144386,1125561.57,-1.8777861846040071,-0.42004016192688276,-2.29782634653089,0.5716593070294138,0.0004995180408897681,-0.5721588250703178,,,
11620585,낙성대동,2024,① 레전드,0.058605871347332764,0.46848539381614024,0.08227884538583177,0.04070818594436034,0.3499217035063349,0.13511320356364445,0.1502688628334078,0.1350294535945997,0.1359371419009181,0.1672806742441177,0.1657055128083869,0.11066515105492536,0.27637066386331227,0.06795034498271263,0.058064945591973186,0.18883145451365407,0.16337803756713187,0.35602622423392655,0.16574899311060168,0.5217752173445283,0.41491326435847997,0.2521161678369435,0.2606370060834652,0.12640484998403775,0.5127531739204086,1.2305737188887291,202648361469,-0.003035658171022304,0.007207799796103143,-0.014368506513937188,0.0005263511253279021,-0.013949001226528257,-0.0056985496967509874,-0.0017134805569645195,-0.008609244537291616,-0.02556308869233348,0.011862290668850334,-0.01370079802348323,0.0006275913834266067,23.05785556655713,14.830835114352563,37.88869068090969,48.49920293143952,9.653410303134624,41.84738676542585,2854723.06,-2.504055247644935,0.10677378446770369,-2.3972814631772366,0.7816227230755572,-0.14564172827244093,-0.6359809948031199,,,
11620595,청룡동,2024,⑤ 성숙·정체,0.026898196182219832,0.18080030532333316,0.04418680377383546,0.20997901413045503,0.5381356805901565,0.14504229183256254,0.1430245959540592,0.1364128678842594,0.1457266278041543,0.15994565036642844,0.15664373397280842,0.11320423218572769,0.2698479661585361,0.03179538668321851,0.08106705624560452,0.20398284005836123,0.26356941525551925,0.3222284369044936,0.09735686485280291,0.4195853017572965,0.4950533555199562,0.15507537113720735,0.20384720500605635,0.1529430871139417,0.35892257614326367,1.0975732628726127,288190319064,0.0015420234053182859,0.011806962399088516,0.003562313023375674,-0.03219433329057003,-0.012989842175825828,-0.007666468690626316,0.0029487183958576135,-0.011492367269156478,-0.013884430870586939,0.009729670267388635,-0.00415476060319836,-0.05666564328020818,19.184670735538287,13.99770161184916,33.18237234738745,50.295775452886915,8.371315523303338,41.33290902380976,3291402.28,-1.4130741441268846,0.7482350882299649,-0.6648390558969197,0.8316938015796964,0.012190252597820361,-0.8438840541775079,,,
11620605,은천동,2024,④ 잠재 후보,0.025007615935462895,0.26836492626711655,0.030619246060150044,0.07532227331713827,0.6006859384201323,0.15314062295501188,0.15043892036070894,0.13688531394745945,0.14437731168562778,0.15706323367211875,0.1565262761512838,0.1015683212277894,0.2580945973790732,0.02344810904420325,0.09776991968756922,0.2299544217706379,0.24480918776477123,0.3243845916050398,0.07963377012777857,0.40401836173281835,0.42003133148036476,0.09341321042398722,0.1852232631203313,0.19560591878653896,0.27863647354431853,1.0878664510260014,151960478872,0.0026886652486030234,0.0331346136116803,0.005479782328287743,0.005923191593924307,-0.03211282990120906,-0.004291540466493882,-0.013648445341401444,-0.019694482341026387,-0.0013124968044886942,-0.030718289080966105,-0.03203078588545477,-0.23307300313109613,5.269972729449693,7.717549296076687,12.98752202552638,52.05220934346955,8.450568106680391,39.49722254985007,1398945.0,-0.23528460306382115,0.036367465304721236,-0.19891713775909992,0.353857364236859,-0.14611113726711622,-0.207746226969725,,,
11620615,중앙동,2024,⑦ 일반,0.04519464680318171,0.2469153170645951,0.0545420285870252,0.06214933154768579,0.5911986759975122,0.15551980374722066,0.15215730115572995,0.1387438335910595,0.1461798633629798,0.15741671457182596,0.1625916743652585,0.08739080920592562,0.24998248357118413,0.03527196029440746,0.10245897417830883,0.21572958888812377,0.21777034159358177,0.31963828496055546,0.1091308500850227,0.4287691350455782,0.4707756654029743,0.12724136111225764,0.20970115527197333,0.1918339679825451,0.336942516384231,1.0768700349715328,149812543275,0.001162256265417834,0.0044451873344259485,-0.0008902578086720514,-0.005170097918141298,-0.006822456037206437,-0.0024747225240424053,0.00029858603640434134,-0.00045895336193685354,-0.019013721758342872,-0.0010302485544056994,-0.020043970312748516,-0.028586255536568572,9.63312231888259,8.976284203424452,18.60940652230704,51.940390186707354,7.796051248194864,40.26355856509779,944955.82,-1.4768334716295186,-0.09278194949381913,-1.5696154211233377,1.377567015307271,-0.20266272705818977,-1.174904288249067,,,
11620625,인헌동,2024,⑥ 쇠퇴 주의,0.03509740806464398,0.15220531888992908,0.04185099372375733,0.08382286941423464,0.6870234099074349,0.15551251615378323,0.14938040233572172,0.137702988214475,0.14424609680423062,0.1643920274733063,0.1602106873311304,0.08855528168735276,0.24876596901848314,0.02840261462816953,0.10968161583595347,0.23700237756456755,0.23856426275669584,0.30708102566422063,0.07926810355039297,0.3863491292146136,0.5224699767751825,0.11302007277838527,0.1979208101542778,0.1821802902945534,0.31094088293266303,1.1396636104228008,163211978886,-0.0024415028477776032,0.006934719661974231,0.005151829112684372,-0.005218899056991383,0.0007215725894920699,-0.011316432863861192,-0.002695102139053246,0.004951519819181183,-0.019938739263980043,-0.00882824377224456,-0.028766983036224603,-0.014708989898327696,10.763340291448962,11.043775316766073,21.807115608215035,51.68102518278906,8.104916831319022,40.21405798589191,1267848.05,-1.1762453193936455,-0.2120634166082187,-1.3883087360018642,0.3989783937037572,-0.14488717061530743,-0.25409122308846577,,,
11620630,남현동,2024,① 레전드,0.04048089768432744,0.31786908212629295,0.09030619293607428,0.12639829972507638,0.42494552752822895,0.13623363709366387,0.14026341521991378,0.1402795075975267,0.13808064958798058,0.16970522118295306,0.17826300291393343,0.09717456640402856,0.275437569317962,0.049645158848667686,0.08396429765755399,0.1860054179796793,0.18446952058278984,0.33799694028526345,0.15791866464604573,0.49591560493130915,0.44180541064113116,0.1684715569248702,0.2520120674849901,0.15698659399514106,0.4204836244098603,1.2290297133547472,115787862106,-0.0015553353356664162,-0.0020537664022795,-0.003541775153108398,0.0017048071773307916,-0.0015524951218222616,-0.0016518542030797834,-0.001504321235509254,-0.001612330785457583,-0.0196106683055369,0.01759166861493594,-0.0020189996906009866,-0.0057710682170803995,12.15718893849928,12.089592301005688,24.24678123950497,45.86835119151,10.273593041818815,43.85805576667117,2343371.0,-0.846669881996645,0.5768615250609521,-0.26980835693569105,0.4279024606829722,0.06906766754394589,-0.4969701282269341,,,
11620645,서원동,2024,⑤ 성숙·정체,0.05969110302798926,0.32932712405516845,0.13787160881409333,0.13893759942247388,0.33417256468027506,0.1284908979780799,0.131738239693476,0.13064909295408017,0.12974844537258298,0.1495606820640992,0.18373795249583713,0.14607468944184462,0.3298126419376817,0.10666115421714113,0.06600639846943746,0.1575975264092052,0.17474677504311498,0.3263493416065033,0.1686388042545979,0.49498814586110124,0.4517872686749378,0.27876120116831965,0.2860732992708399,0.14739990535210545,0.5648345004391595,1.1526972954059203,233731489791,-0.030917694916571828,0.012214454984026901,-0.008848939382957194,-0.009591802258449245,-0.010059124783845574,-0.007998336770471182,-0.002492336043886517,0.0013748380964481721,-0.03364968199534618,0.01720758161737529,-0.016442100377971003,-0.06556887536633016,20.7705645376373,14.933395956688525,35.70396049432583,49.375823071832684,8.902108647635805,41.722068280531516,2525660.48,-2.659446873157872,0.7454721974083558,-1.9139746757495146,0.35232878425588865,-0.005239408523683764,-0.3470893757322031,,,
11620655,신원동,2024,④ 잠재 후보,0.015249242533312548,0.2582707200903692,0.031849767263385204,0.06404370936698905,0.630586560745944,0.15656090927127342,0.1250760481676722,0.1506081443654876,0.1381620653150249,0.1647981490386824,0.15984598586063145,0.10494869798122806,0.2647946838418595,0.04586223267987562,0.10875049561958637,0.21047352301773425,0.2515436714004832,0.2985836099354824,0.08478646734683816,0.38337007728232053,0.5070362953710348,0.0698256486347098,0.1454386300252583,0.13135806864576932,0.2152642786599681,1.1927886910413816,82821356093,-0.00047124141051428474,-0.009903894104583533,-1.0580335584695066e-05,-0.009124804269355372,-0.02222228015037908,-0.0025990475187760986,0.00512623312829566,0.012402636474637796,-0.01774686643624375,0.00572154042917658,-0.012025326007067155,0.0019291939149315152,10.650496085252097,10.346671468853955,20.997167554106053,48.07847232528424,7.831336443895852,44.090191230819904,552526.0,-1.0283615405112911,-0.07229179247310569,-1.1006533329843968,0.4658347515731549,0.11323502723359535,-0.5790697788067689,,,
11620665,서림동,2024,② 라이징스타,0.03654873732124547,0.21198088186829464,0.0349943847360124,0.14275506550836706,0.5737209305660804,0.1523790808435378,0.14867571307508906,0.1385095904051688,0.1480819629009965,0.165475001742221,0.14980933361965773,0.09706931741332911,0.24687865103298684,0.05476820005289895,0.12226325837047285,0.19778251981326958,0.19568117004043994,0.3120400082149542,0.1174648435079645,0.4295048517229187,0.36854525340110805,0.11430799295130832,0.19109214894115142,0.19659244550990215,0.30540014189245973,1.1174554854655254,57250802582,0.002887969706695283,-0.006825700686077851,0.00014468534152941442,0.003013138430698059,-0.015528978177535568,-0.008539642847608553,0.012565843422030126,-0.010015829591391912,-0.01942931577735406,-0.013119394773247917,-0.03254871055060199,0.036937869866752404,8.467761260064059,7.512009001125505,15.979770261189564,47.32591149107551,7.4508809352614165,45.223207573663075,547522.64,-1.3628361555559216,-0.4717862313462291,-1.8346223869021507,1.1694911152980225,-0.272325064645246,-0.8971660506527641,,,
11620695,신림동,2024,⑤ 성숙·정체,0.027304199215353136,0.27297509973221007,0.09155635578286316,0.1365382335380388,0.47162611173153485,0.1439648803714627,0.14623130587753314,0.1384766188702725,0.1391544280517896,0.15873229883287698,0.16489868051106465,0.10854178748500046,0.27344046799606514,0.09495648199319491,0.09292603715037012,0.16536294847946875,0.1754370011440117,0.3138030448137516,0.15751448641920293,0.47131753123295456,0.44073815684399226,0.20868532463784412,0.28773687193186653,0.15838780107172126,0.49642219656971065,1.140691683729971,269573049440,0.004299898254858998,0.013887198867000627,-0.005659391677872869,-0.014018243216907228,-0.004769911949710437,-0.013255047546137766,0.0008515443627733488,-0.0031542594960907167,-0.033601181778180333,0.011155545244902976,-0.022445636533277358,-0.002717916404095133,18.061218436045785,14.963047051658673,33.024265487704454,45.773531229549214,9.31297462750569,44.9134941429451,2315650.14,-2.560754705579214,-0.10047769350126323,-2.6612323990804825,-0.27917004740157836,0.17783919806885606,0.10133084933273295,,,
11620715,난향동,2024,⑦ 일반,0.013278437012890686,0.1852763833852214,0.010459477325746796,0.02513730419117937,0.7658483980849617,0.19016950695568338,0.1740215355815987,0.15151310207161062,0.15126080786112558,0.15578807648618961,0.1225354311839964,0.05471153985979574,0.17724697104379214,0.008186121000947965,0.13358456850439895,0.21556916297947268,0.28423916489667017,0.2894861420898582,0.0689348405286521,0.35842098261851024,0.47392488486161743,0.034557452459740845,0.09535195362716208,0.2867281543403583,0.1299094060869029,1.0299302158244492,17238766564,-0.00038437425328994787,0.016399444806048075,-2.2442251883190642e-05,0.004056630620393048,-0.00017172035019838439,-0.02302748459154985,-0.009285304516653381,0.020561390953781733,-0.0015706994520795561,-0.010067875963107584,-0.011638575415187147,-0.07905191812306245,1.4838809994348447,5.1793714129239,6.663252412358744,48.80480717925269,7.301227010863953,43.89396580988336,258406.84,-0.15073763929475392,-0.8175426202817491,-0.9682802595765034,0.7632197870856174,-0.41040558639740254,-0.3528142006882149,,,
11620725,조원동,2024,② 라이징스타,0.01615091066687853,0.22113069112777173,0.03756663380670737,0.03302193878786336,0.6921298256107791,0.1254598527208212,0.17402176630696456,0.14138574335332146,0.13304483714889132,0.2216732651632838,0.1298596661666317,0.07455486914008597,0.20441453530671766,0.03668614040696219,0.14972395285121448,0.30165917966403194,0.19561616729440623,0.24254019437434376,0.07377436540904138,0.31631455978338513,0.3810659207864,0.07979232940912095,0.15399834062512302,0.2853858429089955,0.23379067003424397,1.6661545830238256,245680421980,-0.001654546399722033,0.0028903613331263123,-0.004077157172044266,-0.0013307569537634942,0.011407080989670804,-0.006491402349085129,0.0514560057369266,0.00653372896106702,-0.007633289681863609,9.342220372576815e-07,-0.007632355459826351,0.7186048911321654,8.769499780978762,12.819419309545763,21.588919090524527,49.021800042620754,10.472549766560743,40.50565019081849,2599108.68,-0.9288274299731594,-1.0715339867768616,-2.0003614167500174,0.5417917922794757,0.5324988878803385,-1.0742906801598338,,,
11620735,대학동,2024,⑤ 성숙·정체,0.08689182539058295,0.31152727533870744,0.04601310478654304,0.10409763547035329,0.45147015901381327,0.15007177868817034,0.144879546895026,0.14285357125655693,0.1374521570750646,0.15691191763919596,0.1528396067811819,0.11499142166480425,0.26783102844598616,0.06983412149716572,0.08545744349805254,0.22491711472714612,0.17580492969026174,0.3169626356023428,0.1270237549850311,0.4439863905873739,0.3626237956590982,0.20987852473503138,0.24785187830653763,0.16693227638615918,0.45773040304156903,1.1415747921184247,122381545608,-0.00013071863360691882,-0.0024502648709269215,-0.0035008489943723076,0.0069376830133935224,-0.0014735263078907157,-0.00022351793961622457,0.002414936726358591,-0.0036436675252475847,-0.028853200251833827,0.004934046044192286,-0.023919154207641513,0.03944014071349433,11.369902029860553,8.880022190018064,20.249924219878615,59.297535286102445,6.1189221266868845,34.583542587210665,2036879.82,-1.1470142863790382,-0.10680619312986828,-1.25382047950891,0.5696901617383503,-0.1259169402609288,-0.4437732214774215,,,
11620745,삼성동,2024,⑦ 일반,0.0011614244630010371,0.12727489650226104,0.0018690398497258269,0.08216635702929731,0.7875282821557148,0.17414054173896454,0.14437972020288375,0.13206612504338724,0.13991586861649413,0.16913662146033603,0.16434776266387338,0.07601336027406091,0.2403611229379343,0.0037100188262039788,0.10449638952940522,0.25106468198616255,0.3161264475042607,0.30291638450107794,0.021686077652889595,0.3246024621539675,0.5211201263015528,0.03831832183607194,0.10709641771403268,0.16106085414902166,0.14541473955010462,1.2088451662615571,46582655802,0.0008594716025524328,-9.579990618927003e-05,-0.0015306989757435134,-0.004734375111818762,-0.04675058974783211,0.01957051375846297,0.01558917119842057,0.021863871531912105,0.0021090865386637694,-0.017150282698132985,-0.015041196159469222,0.1539715509324715,6.763976444562536,6.52967768965631,13.293654134218846,52.35594176319584,7.054878119999121,40.58918011680503,709769.03,0.2343954230819607,-0.13043473062320476,0.10396069245875594,-0.19829581386133555,-0.39198585452301327,0.5902816683843355,,,
11620765,미성동,2024,⑦ 일반,0.028044830294756566,0.13544812277324658,0.020403549864233893,0.14663437591605086,0.6694691211517121,0.16014959537027113,0.15781276781894235,0.151054203001584,0.14262762622779507,0.16748588436782297,0.142533015134039,0.07833690807954544,0.22086992321358442,0.024475643972310886,0.12573783021580015,0.21826079805552473,0.270172192277452,0.2861634142248559,0.07519012125405633,0.36135353547891225,0.4716053213582289,0.05893362136991214,0.11760710563302672,0.18500760388459597,0.17654072700293888,1.1742878206521223,108390280599,-0.0016177796651307592,0.016540716893554727,0.0006785643398307672,-0.0012786633149686755,-0.0007418179610104159,-0.00814493528872312,0.0057704308533544635,-0.01182578000928819,-0.007370373928927691,-0.004278953693684709,-0.011649327622612365,0.07253569107113433,6.400824784552918,8.695484675452024,15.096309460004942,49.655943303050606,8.75512193584109,41.5889347611083,974441.14,-0.5656495713476231,-0.2943186438727565,-0.8599682152203787,0.13804513986666223,-0.14082500421136146,0.002779864344702787,,,
11620775,난곡동,2024,⑦ 일반,0.03357559765296548,0.12333165611830986,0.017907201282358426,0.09720601930173395,0.7279795256446323,0.1692639614435587,0.1550392912035595,0.14135354204708417,0.14856522213223555,0.1642116354013299,0.15253362802956058,0.06903271974267156,0.22156634777223214,0.02461518030093786,0.1533906930259886,0.24428325871936002,0.24685184656817868,0.26890333358352525,0.061955687802009635,0.33085902138553486,0.47254640181043056,0.07237531410414198,0.14016243169763062,0.18265341323472906,0.2125377458017726,1.1053167965189574,76013932749,-0.0008285550698080013,-0.0032380833564219363,0.0029386962786063734,0.0037100066459526404,-0.006674335446252677,-0.02007736946944616,0.00017193261584391717,0.004146386728014817,-0.016271347757657692,-0.005982733087040892,-0.022254080844698598,-0.02541551868721914,2.782410851352518,6.8132841166489735,9.595694968001492,52.378377465361645,8.039908629427481,39.58171390521086,574276.8,-0.42767906883284823,-0.3663779700268295,-0.7940570388596768,-0.34720386940279013,-0.22688225775358895,0.5740861271563773,,,
11650510,서초1동,2024,⑦ 일반,0.051191973166995475,0.33785749405986,0.04078729375534205,0.0541922908464998,0.5159709481713027,0.16098901741132493,0.17099312042270107,0.16588003571302246,0.16743385167196684,0.17777028938631945,0.10286204611803658,0.05407163927662866,0.15693368539466523,0.02444462137887201,0.10740405702839609,0.3283390813509248,0.223647207323955,0.24333263199075902,0.07283240092709307,0.31616503291785214,0.31787447271117736,0.06840249148799635,0.1520844011825378,0.18155087586310104,0.22048689267053417,1.0617344557933455,280272557051,0.001535633018776912,0.01259571816173316,-0.002858264145701263,-0.0020430999421928026,0.0012165097138064906,-0.019630006422523272,-0.0008472878651243909,-0.0198042124540177,-0.005608679135063133,-0.012872967703637328,-0.018481646838700433,-0.021018795633994003,7.932108702085332,11.33987864877404,19.27198735085937,49.17254645240162,9.466861158801516,41.360592388796874,2728425.67,-0.5043243872992118,-0.23675439271900522,-0.7410787800182206,1.0001300756656661,-0.37197141600051786,-0.6281586596651394,,,
11650520,서초2동,2024,④ 잠재 후보,0.060674512856220254,0.31839033532008065,0.025649178644218514,0.060463555755878334,0.5348224174236023,0.162730973349124,0.1674481574435998,0.15446105534831653,0.16690110795428847,0.18826225711970132,0.11355831081312964,0.04663813797184019,0.16019644878496983,0.016925064076719246,0.10455116249865337,0.2986241937451733,0.21157381595060715,0.27940129605269914,0.08892446767614778,0.3683257637288469,0.4003458788726543,0.09813661723018474,0.20669632204258492,0.21606764584634386,0.30483293927276967,1.127986862563329,539893915945,-0.006760032668627881,-0.00023918953987589475,-0.0020263803076523007,-0.005454331645606117,0.00462662155323057,-0.00030037485619660576,0.0026230881308209053,0.0028066942616689627,-0.014594759982593394,-0.016046582372965995,-0.030641342355559376,0.0015431671151304727,10.961499254489715,15.826418307632114,26.787917562121827,45.170057670669166,11.150433510152006,43.67950881917883,3357961.73,-0.9439612474621324,0.23662931492835781,-0.7073319325337764,0.25558513591056453,0.24892759197783576,-0.504512727888418,,,
11650530,서초3동,2024,④ 잠재 후보,0.07216475567928105,0.35758352021273415,0.05019597864117595,0.10043466032627313,0.4196210851405357,0.15968704421255037,0.1689705241679201,0.1716660136684365,0.1665720375136876,0.17787703573118024,0.09932537697585575,0.05590196773036945,0.1552273447062252,0.02469724330968078,0.11051242571574135,0.3431797075274838,0.1849553373834305,0.24997337107926748,0.0866819149843961,0.3366552860636636,0.3494313809250981,0.06229339957996866,0.1622307843602318,0.19556783529772132,0.22452418394020046,1.0678685233502272,781475813798,0.0030754349301534006,0.005659704865334569,-0.007534167967844625,0.0032742333287844316,-3.798363001933369e-05,-0.012906017135869141,0.013404614633276107,-0.018195188301839527,-0.008140631058448429,-0.0026186933820749325,-0.010759324440523382,0.08054993931186294,6.674869335881587,11.412440701627402,18.08731003750899,58.80453260650022,8.526766929047636,32.66870046445215,9139561.53,-0.42303466288754965,-0.20715081166255267,-0.6301854745501032,-0.07011887434482134,0.06317734928420471,0.006941525060632614,,,
11650531,서초4동,2024,⑦ 일반,0.032270448128513866,0.19843378403661097,0.04641303621643296,0.08609602553471064,0.6367867060837316,0.16745622779828365,0.15740063294575452,0.13660476470877098,0.14992279787400165,0.18260694301214872,0.15568867207786655,0.05031996158317392,0.20600863366104047,0.030224724413396884,0.1189142177308921,0.27488249904447615,0.2676655572327334,0.23136695559781983,0.07694604598068165,0.3083130015785015,0.5525758308439543,0.18398397607265154,0.24657286352647154,0.2039501545989313,0.43055683959912305,1.2180065046919384,781562352328,-0.003049218675641223,0.007020253093302675,-0.0002660378574048314,0.002980136953788279,-0.012488606142413039,0.008265560077066691,-0.00019800180370124765,0.0034614846004433764,-0.012531472693608908,0.006760837608259157,-0.005770635085349807,-0.06934545122054847,23.979694287553386,18.423004162759295,42.402698450312684,38.289931200687064,9.625645658706238,52.08442314060668,4510277.600000001,-2.755991880999243,0.768498938080441,-1.9874929429187986,-0.029702252241300187,0.06143996364617088,-0.03173771140489379,,,
11650540,잠원동,2024,⑦ 일반,0.03787696350857533,0.27211443744766334,0.03723091955923599,0.0645215386017059,0.5882561408828194,0.16593567372601534,0.17491303325440136,0.1548799694685653,0.15820638676261015,0.18907172040240547,0.10811574975097449,0.048877466635027934,0.15699321638600242,0.03166031006000814,0.11971738408640395,0.2899547389261696,0.22891173166073941,0.2441283036498383,0.0856275316168406,0.3297558352666789,0.4132523492619949,0.08420031810538636,0.16947551940158986,0.263179002548961,0.25367583750697625,1.1950953704929055,323176784201,-0.007420345115847729,0.0024502808588668934,0.0004675675054718331,-0.02300501289115396,-0.004031509512350234,-0.007894092734306968,0.008358666307148155,0.009560986058364862,-0.020024032469509526,-0.012675357996037279,-0.03269939046554676,0.11554714343138617,11.951503582252407,13.454452857292685,25.405956439545093,42.554022221394035,10.052291831720915,47.393685946885036,2252845.16,-1.4219202025724833,-0.2618069391304374,-1.6837271417029172,0.6956547740058241,0.05878103778222332,-0.7544358117880492,,,
11650550,반포본동,2024,⑦ 일반,0.008240037904532142,0.08421925115777637,0.0,0.5210905014601134,0.38645020947757813,0.1804223939660374,0.1554649166632987,0.14036861273011192,0.13605558081605165,0.18565467925104473,0.13732437188474594,0.06470944468870965,0.2020338165734556,3.768633253815334e-05,0.07365268327492785,0.34044593381845195,0.40630959647478565,0.17719966938905318,0.002354430710243187,0.17955410009929637,0.6412445994750081,0.02256113999491591,0.08090421073513177,0.12926107523410205,0.10346535073004769,1.3645502678942036,6117151351,0.007397798453021278,-0.049847023479435704,-0.0015065982285232182,-0.007951915563187417,0.054483505943890176,-0.03497048584793408,0.02990392451722615,-0.01326225311509166,0.000614710041282017,-0.02884099905729348,-0.028226289016011444,0.37110436046828266,8.428478882747273,9.351268171015851,17.779747053763124,45.86274908272577,8.953768042340673,45.18348287493356,353214.98,-0.9398072799132464,0.18285623443273202,-0.7569510454805126,0.157846761959739,0.5353383191332597,-0.6931850810929987,,,
11650560,반포1동,2024,⑦ 일반,0.03100736716532573,0.15812884890080273,0.019077146988739666,0.036163756368890076,0.7556228805762418,0.17012058002249303,0.16427773385184927,0.12961760747456855,0.16063986681340436,0.17990591112595894,0.13921257321398162,0.05622572749774425,0.19543830071172585,0.019191572365755773,0.1269193507213547,0.2754994424678416,0.2637522281052654,0.24326530359702767,0.07137210274275495,0.3146374063397826,0.4738267488514653,0.10819996377483797,0.21643435245947742,0.25548758566245966,0.3246343162343154,1.1199331442109173,326375931405,0.00225919144776306,0.002657365706301734,-0.0043486833934331184,-0.006078124502411006,0.006956577885429555,0.00043108268094305124,-0.000943783121177183,0.014569199961367407,-0.006686056459453929,-0.011832620298519586,-0.01851867675797353,-0.009996984200568715,10.096673154092757,14.39844469337812,24.49511784747088,43.50486536055689,9.306493458777492,47.18864118066563,2248693.57,0.11755936699449698,0.6236855050353487,0.7412448720298457,0.13356507984118338,0.06004518203418563,-0.19361026187536368,,,
11650570,반포2동,2024,④ 잠재 후보,0.012005117781623989,0.03822247309682378,0.0,0.06280560639607695,0.8869668027254752,0.1604105225452121,0.14881253253614668,0.15596108159520325,0.11115112051419344,0.16308195363726039,0.1819599385475947,0.07862285062438945,0.26058278917198413,0.008093817632455372,0.12877643305654865,0.21049835693800178,0.29746075970879055,0.2948407701238804,0.06032986254032326,0.3551706326642036,0.5705359816054324,0.024094008383225948,0.06589893586440113,0.46442551069227406,0.08999294424762708,1.4672092632339737,122082484542,0.007211177745523691,-0.007331687612193584,0.0,-0.024245311109510864,-0.011396763536758114,-0.018407033637588333,0.002144352673184219,0.02107683177386921,-0.008187127674599583,0.0012219019149583565,-0.0069652257596412165,0.12652926405921794,8.032534891693249,9.584382140115698,17.616917031808946,48.513523354516444,7.3166795288989155,44.16979711658464,2305302.2800000003,-2.298509844307521,0.038070679520455286,-2.2604391647870656,-0.7628339639991708,0.05862870831776501,0.7042052556813942,,,
11650580,반포3동,2024,⑤ 성숙·정체,0.012678163325993844,0.08379350145564986,0.01687836120620222,0.3221322167155752,0.5645177572965788,0.13645363844925962,0.14081743909761574,0.15849875284778764,0.1351449152357578,0.15628376785046705,0.1660150298488953,0.1067864566702169,0.2728014865191122,0.0052099919200305255,0.11811956552149391,0.23751564623277446,0.27543810792113405,0.29923851401186263,0.06447817439270442,0.3637166884045671,0.5742384079941618,0.04447411546812903,0.09999199011509238,0.31437774873401847,0.1444661055832214,1.1564161890799436,403692729333,-0.0013258180725295218,-0.001460291435304989,0.0002825712119389062,-0.013185097307082838,0.008860587820485821,-0.009327727663070495,0.000648694420598922,-0.0015677885257612267,-0.00474554527764811,-0.00817033705014901,-0.01291588232779714,0.07569007975173703,6.756634708041702,8.94440969376934,15.70104440181104,46.189207950413646,7.9057160653433725,45.905075984242984,3149163.44,-1.3389133141896394,-0.16975151250552756,-1.5086648266951652,0.56099715489745,-0.1903566261079872,-0.3706405287894725,,,
11650581,반포4동,2024,⑦ 일반,0.06122208435011264,0.20105209842870497,0.022215362210634856,0.03910627812669853,0.676404176883849,0.1674206755768875,0.16711535534613295,0.15377595833006574,0.1523469016835414,0.16568382030471984,0.1257583466154,0.06789894214325254,0.19365728875865254,0.014698842418080643,0.11734161625581632,0.23353470383916927,0.2655136665742773,0.2933408216836946,0.0755703492289619,0.3689111709126565,0.5124246709811187,0.02953822877306055,0.12165828839484923,0.43951038748980736,0.15119651716790977,1.0875430906293206,444040215301,0.002245282244729245,-0.007269850919864013,0.001404660223771205,-0.004367923887251157,-0.006335702800531862,-0.0028389128934835917,0.0001033273346850716,0.011411543006486169,-0.006844965705445998,-0.010142395759332554,-0.016987361464778555,0.03003288035393248,10.068621277344393,13.624460610226901,23.693081887571296,47.402699288346426,7.491498211309645,45.10580250034394,9524228.129999999,-0.4802039799800024,-0.26527343595138575,-0.7454774159313864,-0.6944871790332101,-0.1786035569939699,0.8730907360272013,,,
11650590,방배본동,2024,⑦ 일반,0.0890782519799757,0.20190374740676928,0.029841700830905,0.03847392534879011,0.6407023744335599,0.15382787600309503,0.1388260894523667,0.14605261779997733,0.14847612468052385,0.1563688481999847,0.1496239809378546,0.10682446292619781,0.2564484438640524,0.016563945558882867,0.0889923700197638,0.2617625412702993,0.25076315742120736,0.31141975454969845,0.07049823118014815,0.38191798572984664,0.4721670476395075,0.054545033854232296,0.1463955203001195,0.2921354159030789,0.2009405541543518,1.0531581999223352,211614243028,-0.0043446372033105335,0.001083142482342675,-0.0021677697217611265,-0.006844601078791465,0.002584058356649155,0.005298067861489675,0.0013159575162265125,-0.010837386384095704,0.004370833302573422,-0.010343844986125145,-0.005973011683551743,-0.00390315139909303,3.8184397231377813,8.263694757262886,12.082134480400669,51.83418426566322,7.9585479347639545,40.20726779957284,1097225.91,-0.5280621732799347,-0.14034495606604835,-0.668407129345983,1.5947140954339147,-0.3657588363789621,-1.228955259054942,,,
11650600,방배1동,2024,⑦ 일반,0.038270155385645176,0.16246154699826168,0.036630366187628355,0.037528482848157074,0.7251094485803077,0.158346554596261,0.16021499068634323,0.1502201176270998,0.15427896180596445,0.18347373567333597,0.13992035266714242,0.05354528694385313,0.19346563961099555,0.021776336733230962,0.1339401323062308,0.25869611945682675,0.24795997679820514,0.2710578351515076,0.06656959955399872,0.3376274347055063,0.5472232921617907,0.08917041380384862,0.18246990689403,0.2351041277919979,0.27164032069787863,1.1892336681918403,283080694495,0.0037586262351283067,0.0056242464159045324,0.0015126602136654038,0.0014533145417157042,0.017417744475207247,0.011795629466757995,-0.002961804262027523,0.03839056650798289,0.00151279660684088,0.010886484163469184,0.01239928077031005,-0.08675445285894301,6.8899449640478405,9.912517071485302,16.802462035533143,52.08622346283748,8.684841198462236,39.22893533870028,1195729.29,-0.5412385536485056,-0.36678663426987335,-0.9080251879183798,0.35504004020356206,-0.376272375469874,0.021232335266304858,,,
11650610,방배2동,2024,① 레전드,0.07376537188871723,0.4718866559389633,0.09646579725931839,0.036613499374952965,0.3212686755380481,0.13329947216427504,0.14310015124011172,0.1385850610120499,0.1418030611475513,0.18396097540349432,0.17028747702303712,0.0889638020094806,0.2592512790325177,0.03324141719253375,0.08508537638103283,0.18795388790586756,0.17240621427764494,0.34797541078120564,0.17333769346171532,0.5213131042429209,0.3919068577135544,0.11408859207386295,0.21534235730630857,0.16584415354396168,0.32943094938017153,1.2972990421700146,187146877763,0.006116116656354198,-0.014568730268264107,-0.004757969311281515,0.0030261006374824387,-0.010660440774563962,-0.023456743920361123,0.00648725077676382,-0.0038117243066307926,-0.019966165599342237,0.0035623857864331976,-0.016403779812909025,0.09425078727689029,11.156272083315871,12.520800368507365,23.677072451823236,44.602538172780534,12.073240386445136,43.32422144077434,2231336.67,-0.6628893216479668,0.10473060700345727,-0.5581587146445095,-0.29013944468688635,-0.07545576215706973,0.3655952068439703,,,
11650620,방배3동,2024,⑦ 일반,0.04619201784675432,0.12834085372265414,0.005310578977752261,0.054520745568383065,0.7656358038844562,0.1632988157262016,0.24356953915744237,0.13972597576574583,0.13969586705937542,0.2114967084137517,0.0701036419395684,0.03210945193791465,0.10221309387748306,0.0025924199504083825,0.21687340738681546,0.3971398896174375,0.22054409657361454,0.14168974493317957,0.02116044153854453,0.16285018647172408,0.48118283153718155,0.02504586770108302,0.1384244119057706,0.1973893781866852,0.1634702796068536,1.5139797108232165,103247179130,0.002109600084345853,-0.02888196355029321,0.001975328170882054,5.2860754036473945e-05,0.005823857732374427,-0.014759969260072697,-0.010129254162355217,0.0479313237258267,-0.003355846007507584,-0.016309213826498775,-0.019665059834006376,0.21467201386361667,3.0087787854568697,6.5999459839626615,9.608724769419531,59.125461092138224,7.67344494551024,33.20109396235153,1017475.6000000001,-0.37087201737503595,-0.40587366654452595,-0.776745683919561,1.0121115364792104,-0.4760337009739244,-0.53607783550531,,,
11650621,방배4동,2024,⑦ 일반,0.046861806795092026,0.2179379673067054,0.013614721648592022,0.05073672618606721,0.6708487780635434,0.16984874720962165,0.1658166031676274,0.15465588238102393,0.15740687824256006,0.16956295768899057,0.1312292534998892,0.05147967781028722,0.1827089313101764,0.00854410337119524,0.11446032372420266,0.30113175606565173,0.25850730398078414,0.2728137195471713,0.0445427933109949,0.31735651285816624,0.48787116853521617,0.05924450061082026,0.14887776870346323,0.26058381651571766,0.2081222693142835,1.0772271172781809,240994161885,-0.0018130436689639956,0.020646246885034164,-0.0008648793118204694,-0.003841632877583795,0.007840117085956166,0.0016803166222174037,-0.01209656255482075,0.006107806159075635,-0.003873824517654903,-0.00847324569114749,-0.012347070208802408,-0.026286805272117908,4.454031153975212,9.110437928305254,13.564469082280466,54.53602219473136,8.241334784777532,37.22264302049111,1694477.8199999998,-0.8756817161506776,-0.9083129748431098,-1.7839946909937883,-0.07564285235149981,0.30329334098445937,-0.22765048863296045,,,
11650651,양재1동,2024,⑦ 일반,0.048332166234346816,0.26436884779065867,0.04717808497542365,0.041168400371932,0.5989525006276388,0.16090367853246604,0.1651022863506393,0.1636162116138915,0.1584107902865082,0.17007939981903794,0.1109305158219863,0.07095711757547069,0.181887633397457,0.014296593407783746,0.09628372337182145,0.3397331613451186,0.24186576960199457,0.23514686235872057,0.0726738899145611,0.30782075227328165,0.34475989272594804,0.052304253046071406,0.23867590589175386,0.2224332746953833,0.29098015893782525,1.0736604464343964,496701872219,-0.0005553977009501374,-0.0006348846684283704,-0.001668980323660585,-0.007460905335985979,0.01064174973428006,-0.004577384547890695,0.003737068351616357,-0.0003592250267266395,-0.0076789292620135854,0.004279087432666945,-0.0033998418293466615,0.10175868552601064,6.425490741071885,11.928849812679855,18.35434055375174,52.066557309565184,9.572363518706254,38.36107917172856,4348280.33,-0.36103146284820387,0.2762164314413713,-0.08481503140683344,-0.18275988569500612,0.05424617151258637,0.12851371418241797,,,
11650652,양재2동,2024,⑦ 일반,0.06531719810545045,0.2500046658877772,0.023206566180396758,0.14087946670932483,0.5205921031170507,0.1732817636132097,0.1792623037891746,0.1618500087325494,0.16653976241905252,0.171780903102973,0.09107682304249909,0.05620843530054171,0.1472852583430408,0.015464815030616313,0.1482302980165766,0.3614781251432703,0.20252947506122942,0.21247966249056924,0.059817624257738074,0.27229728674830733,0.27928403593304213,0.05857858369652726,0.14256060655833344,0.1823004972607,0.20113919025486068,1.0314708067778586,553718311150,0.0002813713068808149,0.006691064239636474,-0.0003502768425438403,0.0005079452868517742,0.0036906727079973056,0.0035888650131251643,-0.004347085358655078,-0.011529069997405217,-0.010962093267992919,-0.011037766106313213,-0.021999859374306152,-0.0033950726000595566,3.7615213971732917,9.764206222720093,13.525727619893384,54.32053557931612,8.393812425283038,37.28565199540085,7120254.06,-0.42078024606504094,0.16903118867295674,-0.2517490573920842,-0.14401217943233746,-0.0010067748643578511,0.1450189542966882,,,
11650660,내곡동,2024,⑤ 성숙·정체,0.07963330525060645,0.40786300900344563,0.0,0.2442793234439189,0.268224362302029,0.1497668189187134,0.1485722694557785,0.1463338807161644,0.1584795964066455,0.15496174167574334,0.13624658084394808,0.10563911198300677,0.24188569282695485,0.005312700052700667,0.12771534229548095,0.3757848812644093,0.2535556016463077,0.21435981448451857,0.023271660256582803,0.23763147474110138,0.3871379518789089,0.03747232224587149,0.1389822866703413,0.18647243729110202,0.17645460891621279,0.9778024754563632,24596778042,0.014466554447428503,-0.008520038496471094,0.0,-0.022595949145838234,-0.022087931527823373,-0.01213200392111849,0.0038768831546569515,0.0011153445297704123,0.002011257495726178,-0.00984149015281971,-0.007830232657093539,-0.09596972792203329,1.8552553470544197,7.224724998649639,9.079980345704058,49.31238361290799,8.324747022786685,42.362869364305325,1082857.41,0.009623761638699602,0.01830563153449205,0.027929393173192096,0.5352750718822747,-0.0882950909914193,-0.4469799808908448,,,
11680510,신사동,2024,⑦ 일반,0.027289422994083264,0.21495879838169285,0.03551619775362344,0.12551122645279125,0.5967243544178092,0.15376441475273597,0.15505870996583884,0.1396437487050471,0.14813432124035536,0.18219397357086908,0.1608000241956915,0.06040480756946213,0.22120483176515363,0.03275598811581341,0.12115961773414055,0.2548371520670306,0.24473633170358056,0.2491105779312298,0.0974003324482051,0.3465109103794349,0.5216092879182802,0.15706496722551827,0.24033134803504802,0.2043501466148056,0.3973963152605663,1.2299241124226048,1059496563935,-0.003125480513258838,-0.009141060437384024,-0.0011967623485718004,-0.004770323292549422,-0.006205991277660222,-0.01772636224588764,0.0029637570059265206,-0.010026019571446887,-0.018242942993412503,0.0015855569627254706,-0.016657386030687005,0.028926403326657413,16.530683046578883,18.543602807373876,35.07428585395276,46.90998713988782,10.450459088901017,42.639553771211155,5042195.5200000005,-3.24692460810099,-0.08771232227276116,-3.3346369303737475,0.6430631321905125,0.018693942317153045,-0.6617570745076762,,,
11680521,논현1동,2024,⑦ 일반,0.027351412717443343,0.1996686340956877,0.045922403436380065,0.055739947533893996,0.6713176022165949,0.1541825224436767,0.16140747626947433,0.14207139481490877,0.15067496713753992,0.18410834402742543,0.14369498927825697,0.06386030602871787,0.20755529530697484,0.04185847810984177,0.15143727388944225,0.26193191461383153,0.22904498671543533,0.22248032667505807,0.09324701999639107,0.31572734667144914,0.4827633543983339,0.13999013875258964,0.23552966956598406,0.19117326340061475,0.3755198083185737,1.2218907196400228,1015586396248,-0.00289951627121671,0.009553862852444583,0.0036728099999937674,-0.0029026418161964274,-0.0009475490436360035,-0.008190863466455256,0.008042014040525791,0.009820612364293269,-0.010999515897510026,0.005789326236837228,-0.005210189660672826,0.09256910379360339,17.660526256572858,21.616072088075335,39.27659834464819,40.27241113143752,12.902076902365431,46.825511966197055,3982701.42,-2.1522132322297054,0.19414394851872885,-1.9580692837109765,0.8023245467279949,-0.17026420409503729,-0.632060342632947,,,
11680531,논현2동,2024,⑤ 성숙·정체,0.04471567124451853,0.35285198897800135,0.0402851196079706,0.14201309568646486,0.42013412448304466,0.14863107773167028,0.16409362158121782,0.15462368586097783,0.16499299763152112,0.17164306826423292,0.12366007435602484,0.07235547457435519,0.19601554893038003,0.03638852086147186,0.07301419456418318,0.2832675357628052,0.2065792863486722,0.28000900440719717,0.12074145805567035,0.4007504624628675,0.38081920830995114,0.09172488913427866,0.22756607640384935,0.18737892963499847,0.319290965538128,1.0403051688748841,766431336222,-0.004227417903009935,-0.009266749046769773,0.0006644143522944526,0.004330764209883459,-2.1651014473156316e-05,-0.012538429863258482,0.0030463050077644827,-0.0006078981290824625,-0.014883811468943867,0.004101099992936591,-0.010782711476007234,0.007398060651204519,9.28716430701446,17.57563059006597,26.86279489708043,47.94241492571751,10.349010751572003,41.70857432271049,4065359.0,-0.8100967195280511,-0.24566264570757212,-1.0557593652356232,0.6062604624335179,-0.14322115040146954,-0.46303931203205195,,,
11680545,압구정동,2024,⑤ 성숙·정체,0.022508824252150998,0.19225445758941545,0.03143293992222091,0.32170813987379515,0.4320956383624175,0.13189254622398122,0.15014687740012825,0.13821962324268913,0.14738863568468286,0.16303782888507065,0.17509657066444131,0.09421791789900659,0.2693144885634479,0.03167968246233203,0.09107735511104378,0.26439029286191895,0.27616473799830327,0.2638573489795527,0.07283058258684927,0.336687931566402,0.5206107284871165,0.12983564802784334,0.27078710439322884,0.23782295188636263,0.4006227524210722,1.1061763895682368,1407695190475,-0.0029367454901503,-0.008746533317634225,8.530068190614609e-05,-0.007605880335909754,-0.000172973139759669,-0.011486775101240188,-0.004389281561179986,0.010033243469616093,-0.0136015114422115,0.0012675229028813462,-0.012333988539330099,-0.05838297296393624,15.07198363051745,19.317914054995555,34.389897685513006,49.744034697407756,9.037322781724955,41.21864252086729,6914310.19,-2.8244075416517855,-0.6277003071210459,-3.452107848772826,1.180351843821363,0.04027807625808144,-1.220629920079439,,,
11680565,청담동,2024,⑥ 쇠퇴 주의,0.01730795094443246,0.18546057570200342,0.013557768608128762,0.21673779847512345,0.5669359062703119,0.13144800977301238,0.16008236206116572,0.1468432248002597,0.15715903376474788,0.1739340262479685,0.1572296697875424,0.07330367356530341,0.2305333433528458,0.022808944889760235,0.08214251275519804,0.27054097798190313,0.3019479995146048,0.2564545766679741,0.06610498819055967,0.32255956485853376,0.49211774634059813,0.09071708394851453,0.23852252460118956,0.21055601218926231,0.3292396085497041,1.1067389642286245,1109389584801,-0.0005340292671970545,-0.011991602894147635,-0.005355337172089655,0.0016140562982823459,-0.012922567530254947,-0.012711386833599847,0.006305140453379071,0.0067966227651830025,-0.009150872715211977,-0.003017113904264207,-0.012167986619476212,0.024805808143757213,9.927333956744144,19.741728523113064,29.66906247985721,47.51084410861346,9.169316585665836,43.3198393057207,4443896.84,-1.4810403399683985,-0.4878828362763663,-1.9689231762447648,1.1690384319705842,-0.039631208382537864,-1.1294072235880535,,,
11680580,삼성1동,2024,① 레전드,0.044925641055026354,0.3495560539202501,0.040279224317345486,0.2701757099392606,0.2950633707681175,0.13707992002422256,0.14494014390303647,0.1476415784850331,0.15764216227944827,0.1660150555808076,0.140186219879874,0.106494919847578,0.246681139727452,0.018583603900908022,0.053600124600563244,0.28146462089593627,0.2262798661467654,0.3271299099573144,0.09294187449851267,0.42007178445582705,0.42485814467103084,0.10562602290979256,0.21553755373727437,0.2003239946617608,0.32116357664706696,1.0531132863206794,1025006756578,0.004337025310376753,0.022378301706172277,0.0037610899647425797,-0.038197051655377345,-0.013895131710087189,-0.0015963097705004592,0.0041959411039742545,-0.014216740589263532,-0.02168096125675295,-0.009628758902671064,-0.03130972015942396,0.016696377845266674,10.96443109348937,17.201215456186322,28.165646549675692,53.071291320690904,8.055981333885825,38.87272734542327,7838370.57,-1.3065189692158157,-0.519817819910326,-1.8263367891261417,0.3172567594806637,-0.056004907227647394,-0.26125185225300385,,,
11680590,삼성2동,2024,④ 잠재 후보,0.06045289078867826,0.30628377262936535,0.03890226607831844,0.09624037911188588,0.4981206913917521,0.1619400263084099,0.17024479120149072,0.15725031341705417,0.16682514675162813,0.17502244166305542,0.11651081601330258,0.05220646464505906,0.16871728065836164,0.02734176212889908,0.10256331098070545,0.29992773709327614,0.19838685841009554,0.27671439284506943,0.09506593854195437,0.37178033138702377,0.3945610731170431,0.07923587246832868,0.19826710003539846,0.23088409561299228,0.27750297250372713,1.049137046009206,359982382101,0.005585464470530661,0.007764938219999851,-0.0019055215467206343,-0.003386292266111368,0.006313750802584783,0.0020927411553756103,0.002613229221879232,-0.0049173345625745934,-0.010781662677141979,-0.004376645428532722,-0.0151583081056747,0.04833374997701534,7.9579687101457655,13.766716858324266,21.72468556847003,42.81731823656759,9.72470873980552,47.457973023626906,2247604.59,-0.7205009216932634,-0.21336933586689177,-0.9338702575601587,0.415025506431391,0.12543499895630106,-0.5404605053876779,,,
11680600,대치1동,2024,⑦ 일반,0.0336921754730689,0.08128640054735761,0.002928679577340659,0.03294780680558183,0.849144937596651,0.16713178608280632,0.1641579577105084,0.1330995989405753,0.14342526642035902,0.1527860402979758,0.14883127819063932,0.09056807235713582,0.23939935054777514,0.009963893896594913,0.11522506773844643,0.21613998846722426,0.2659355293420752,0.3127793767323173,0.07995614382334189,0.3927355205556592,0.5527106610417916,0.025747288247436932,0.05869575284228193,0.4689068902185296,0.08444304108971885,1.0652658636183507,531034815496,0.0016204388824108268,-0.011214286011282187,-0.0006478348900091084,0.0025177325150752584,-0.030617190550737333,-0.0022862472153173385,-0.00567460734258457,0.01395302908596674,-0.0029986370720448373,-0.0023623965716218012,-0.005361033643666649,-0.02464423433552554,3.1972161638018344,4.276290148800365,7.4735063126022,59.687585666401056,7.888284745131897,32.42412958846705,3154168.34,-0.266449869249084,-0.3155710185125331,-0.5820208877616162,0.3868319411206613,-0.15760432024356863,-0.22922762087707582,,,
11680610,대치2동,2024,⑦ 일반,0.035994723001239286,0.1598499543509007,0.02069507856241684,0.06151977894105469,0.7219404651443885,0.16214663349948172,0.19216814873923932,0.15847792792878473,0.15795256466914137,0.15562031448127267,0.10307380931087107,0.07056060137120913,0.1736344106820802,0.014155541712785973,0.12824674168589412,0.25689033805919637,0.22830078787520436,0.291261125524823,0.08114546514209621,0.37240659066691917,0.37653802256514296,0.029569166094739866,0.10303887442255513,0.4074031221849017,0.132608040517295,0.9852344899068021,697012218267,-0.000453587746729385,-0.00880321881308771,-0.0050060740540190905,0.00450346549007738,0.001229864256338864,0.010213509202764925,-0.021650968475311894,5.805228763144932e-05,-0.005822986122466543,-0.013614738423888939,-0.019437724546355478,-0.2304458470627323,5.108898513876429,9.339661357125909,14.448559871002338,56.76135362307577,7.9058632072663535,35.33278316965787,5200646.2700000005,-0.7124303553532885,-0.2996053418195377,-1.012035697172827,0.7308756740207443,0.036466844148952404,-0.7673425181697127,,,
11680630,대치4동,2024,⑦ 일반,0.04525522964222613,0.2682020475727426,0.035499284572054,0.07913191315781709,0.5719115250551602,0.1481690860134736,0.15365189686735137,0.15412661922297516,0.1530542817820824,0.1577702766009998,0.14162644985368572,0.09160138965943193,0.23322783951311768,0.02595291352142709,0.08160712649810953,0.22670469655464087,0.216326855643239,0.33223251657150393,0.11717589121107956,0.4494084077825835,0.4386384141149246,0.06060954984209801,0.1205620547542935,0.34977987909629266,0.1811716045963915,1.0308125637780718,855433786063,0.0010464886198597798,-0.00048245672841545906,0.006174166595524146,0.004120740943281395,-0.0031677528461651616,-0.005001140434615525,0.0028237572627199947,0.014198607424373066,-0.0070192728606953345,-0.0009525001970663999,-0.007971773057761755,0.0094325062568974,6.6405510577423765,7.635684089192357,14.276235146934734,53.74699227572412,9.95314229279634,36.29986543147956,5432184.27,-0.5449190776580606,-0.08492351604558657,-0.6298425937036463,0.37147388807440507,0.030629278507776192,-0.4021031665821724,,,
11680640,역삼1동,2024,④ 잠재 후보,0.07290247969426192,0.31257297036739284,0.05021186832901601,0.09101637095112482,0.47329631065820443,0.15895259143013346,0.16802180138166684,0.14962058712809378,0.1653205551019948,0.1811005928281876,0.12385273060467639,0.053131141525247116,0.1769838721299235,0.029774631056264923,0.11227450012358774,0.294824440092679,0.19400380744601747,0.2655515635042372,0.10357105777721363,0.36912262128145085,0.44405777268718866,0.17179494592984068,0.2552684186666266,0.17041164834959005,0.42706336459646727,1.0954511537688538,2098356410393,0.0031598410186168963,0.008120124227185055,0.0027601312087141353,-0.005839553747531187,0.0021917490608161228,0.0018901086492558172,0.00034735603695923434,0.001906331358759672,-0.014556418269723176,0.006667141482528088,-0.007889276787195088,0.02799127427658843,20.720289961553654,19.514174488571882,40.234464450125536,48.36671087145174,10.848062344950286,40.78522678359798,13105941.64,-2.0443237284785383,0.49845313788857126,-1.5458705905899635,0.9529429719114404,-0.015983241016815697,-0.9369597308946354,,,
11680650,역삼2동,2024,⑦ 일반,0.08654230661166423,0.20317429428080294,0.008332801641471549,0.12930800001111165,0.5726425974549496,0.17030401784700763,0.17897736583030585,0.16295255513848858,0.16340830595146388,0.16528598161341881,0.1027712519675229,0.05630052165179233,0.15907177361931524,0.02265047310516721,0.128801911327987,0.29917829529857415,0.23593744132890898,0.24804439152200025,0.06538748741736242,0.3134318789393627,0.4043756536192203,0.08014145672104629,0.1797043442014282,0.2611179872393186,0.2598458009224745,1.011490699025499,381629893021,-0.001439958455509427,-0.015878211706401385,-0.004926004145468716,0.003311030938418308,-0.00047282515080523946,-0.011470301898611035,-0.004151150749299143,0.002785497260154257,-0.01026599211321673,-0.003754508449498567,-0.014020500562715255,0.02795152528118028,7.145381689904699,10.610327365171026,17.755709055075727,48.86733172344054,8.949674217768658,42.182994058790804,2686394.21,-0.3649958817189898,0.3452723896914698,-0.019723492027516443,0.08540010965858613,-0.07351243923726436,-0.011887670421316443,,,
11680655,도곡1동,2024,⑦ 일반,0.035192912609092276,0.14208588256918925,0.010324764056711998,0.11058399216066517,0.7018124486043413,0.18299866370854354,0.16803387410828205,0.155106330881312,0.18157202702802366,0.1747176672950758,0.10347687325589322,0.03409456372286972,0.13757143697876292,0.006869243501180864,0.1569010722924704,0.3009243146972002,0.27031866309412644,0.22406391784632743,0.040922788568694635,0.2649867064150221,0.4203861409681644,0.05251793357861305,0.16619927339423055,0.2312566169061265,0.2187172069728436,0.9622499134633223,275240714305,-1.0674372398350451e-05,0.0022380406665886976,-0.0008649261369837197,-0.009465811585995257,-0.010496987564622973,-0.02323798693668555,0.0060315144606946924,-0.021555473016612814,-0.0063724919708771435,0.005936339134659241,-0.00043615283621786793,0.05457043605914258,5.138786623161738,10.385632543377781,15.52441916653952,51.99118114168368,9.453010317051087,38.55580854126523,3154934.46,-0.8206406025793189,-0.4516483482435092,-1.2722889508228263,0.6516666854987037,-0.20508305945778815,-0.44658362604091906,,,
11680656,도곡2동,2024,④ 잠재 후보,0.06657830693962885,0.24857218016859473,0.04654355431811737,0.09202345581875065,0.5462825027549084,0.1557679676023458,0.1711516376690881,0.1566632928957929,0.14835659838419507,0.16412632442217992,0.1325978902870304,0.0713362887393678,0.20393417902639818,0.019164007447468403,0.09298524076161328,0.29301097995114256,0.2472917187840431,0.27439617296590346,0.07315188008982917,0.34754805305573266,0.4122374425188445,0.052458836316718646,0.12621321679728845,0.21434863022066267,0.17867205311400708,1.106296088005108,290288907174,-0.005626397021138915,-0.00031715533250289973,0.00308063316509867,0.011686411594797497,0.006801383617890372,0.00748625699590838,-0.009660003324478889,-0.02760234238940973,-0.006275144276612694,-0.007714753523312051,-0.013989897799924766,0.01079712518643694,4.050381295687635,8.887556313976082,12.937937609663717,52.55475716697414,7.803404388372286,39.641838444653565,2368530.5900000003,-0.4742545159072753,-0.39430817061771606,-0.8685626865249922,0.07940238669231547,0.1178667012647523,-0.19726908795707487,,,
11680660,개포1동,2024,⑦ 일반,0.0,0.06012002050715165,0.0,0.4816573133808819,0.45822266611196644,0.16944900687360073,0.14897438466185065,0.22120744490044553,0.1460879509981917,0.1484872055584235,0.12333286788866128,0.0424611391188266,0.1657940070074879,0.002237003230672491,0.06680407907562712,0.18284562924997674,0.4211264276255325,0.2717371223318954,0.055249738486295774,0.32698686081819117,0.4552662156652762,0.04599860195400933,0.14452324707090372,0.40510316323911966,0.19052184902491306,1.0164233569150514,2084143168,0.0,-0.23815560985937456,0.0,0.4816573133808819,-0.07340635786581717,-0.00822290392317604,-0.05507013264415994,-0.0604069321446265,0.031612169170779976,0.10702904971633838,0.13864121888711836,-0.47551936720345234,2.1263523966424454,7.12051572506066,9.246868121703105,42.48003111793101,7.970055758386393,49.5499131236826,1019656.48,0.11292901588074367,-0.020911047293993512,0.0920179685867506,-7.448296232107445,-1.399793021500666,8.84808925360813,,,
11680670,개포2동,2024,⑦ 일반,0.02295965515330122,0.3011257828469347,0.02894183761528066,0.04102131466375463,0.6059514097207288,0.1531482578509365,0.153748867397168,0.1433254244525224,0.14138204265904628,0.16370218630942515,0.15261269149852535,0.09208052983237633,0.24469322133090168,0.008351170211513683,0.1052792393417115,0.25294012433681606,0.22999198278105337,0.33787083902231246,0.0655666443065929,0.4034374833289054,0.47707802498874613,0.041549745232181724,0.1335559622283315,0.32979451363852014,0.1751057074605132,1.1578711357580653,117060718467,-0.003080393855733273,-0.029401434793569103,-0.0025073732594474256,-0.006031237281056659,0.001834570755562287,0.014563608314694554,0.005244557637652053,0.02663594398235386,-0.007342778906717376,-0.003430800368287551,-0.01077357927500494,0.09014360904004826,2.4022494881278558,6.736505248656445,9.1387547367843,48.976274892160696,7.656767571009052,43.36695753683025,1407626.9,-0.2608842466832031,-0.2854956411056291,-0.5463798877888326,0.8439587446949446,-0.4966902411842611,-0.3472685035106906,,,
11680690,개포4동,2024,⑦ 일반,0.019989552196311378,0.23845001819777667,0.013016216523786515,0.07022723604600369,0.6583169770361218,0.15660094210233766,0.1624091034705588,0.15955473752586474,0.15076749398337363,0.16846495465803565,0.11957663037284502,0.08262613788698447,0.2022027682598295,0.015021268723403355,0.09369869798563929,0.27487188668055407,0.25658780928030805,0.28582552490798935,0.07399481242210584,0.3598203373300952,0.3846360094989193,0.039156002757974345,0.14289272557608987,0.21683692873960034,0.1820487283340642,1.1173824689068166,221494412507,-0.0029819928875256217,0.02118500456000627,-0.001675057106969087,-0.007132816908019132,0.007482181748799055,0.00853657982329259,-0.011905856699931466,0.011313257330778925,-0.005833945104225656,0.0037531114616198846,-0.0020808336426057783,-0.027269631967852703,3.0807480616625464,7.297265624427521,10.378013686090068,52.18916430811328,9.112925794147833,38.697909897738896,1105388.02,-0.3203960295981627,-0.28234018551154705,-0.6027362151097098,0.7742696645660203,-0.4072832438664591,-0.3669864206995541,,,
11680700,세곡동,2024,⑦ 일반,0.0572030669016474,0.1487834132585462,0.004015647715409602,0.08088171534703074,0.7091161567773661,0.16262823523594386,0.16721401052301088,0.1614139092743965,0.14845456467046317,0.16558923188556882,0.13115918945771324,0.06354085895290357,0.1947000484106168,0.010990839803473545,0.14304838776264533,0.28438712045742015,0.24422160923406205,0.26035479641671166,0.05699724632568726,0.3173520427423989,0.43435285526061757,0.050727937998385576,0.1731168562486391,0.2527625653538139,0.22384479424702466,1.1154202786094243,149806135058,-0.007947685461880842,-0.0010228758096057222,-0.0009479105474176691,0.01051577314060384,0.008218455044320117,-0.018897859563438035,-0.0062931229545886425,-0.0007554086509384828,-0.005557703080462564,0.003144458898330954,-0.0024132441821315964,-0.01236634778008372,2.922791112010035,9.182461221191824,12.10525233320186,44.03124490908258,8.91827755319901,47.05047753771841,1506788.83,-0.13298070445868548,-0.03654912781044928,-0.16952983226913432,-0.7113452125158588,0.0802523826331818,0.6310928298826752,,,
11680720,일원본동,2024,⑦ 일반,0.0745799928139673,0.1108405428499982,0.0,0.5725038526686169,0.2420756116674176,0.15954328948189683,0.17078747860917798,0.16114430879426594,0.1557125978687098,0.1601279020678244,0.10074021362510505,0.09194420955301999,0.19268442317812504,0.08483657398143032,0.3035425103096599,0.21894814998659584,0.18591655303154211,0.16982161570394316,0.03693459698682868,0.20675621269077182,0.4909048972083505,0.05954050538484078,0.16645267011139916,0.2794477459455496,0.22599317549623993,1.0283554719370707,45234055230,-0.00011686684257997126,0.0061271605211687535,0.0,-0.04466267802941504,-0.015599285146551678,-0.014511434721496269,0.0038077383113292174,-0.0016631466528692629,-0.010652399320260075,-0.0022501009640950864,-0.01290250028435519,0.04663585943063098,1.5852279962618065,5.733872062438223,7.31910005870003,60.513513764254675,7.9885548226149306,31.49793141313038,1561856.09,-0.05509354197227134,-0.18565481150338936,-0.24074835347566026,-0.13811455512917092,-0.04658697465341799,0.1847015297825756,,,
11680730,일원1동,2024,⑤ 성숙·정체,0.02353679621586542,0.3101363752816545,0.06848602410779754,0.05701669896983252,0.54082410542485,0.17997892256044037,0.1481127264328531,0.14427469274463628,0.13912481263129345,0.20201473053859345,0.12195242882338797,0.0645416862687954,0.18649411509218336,0.04555887218896167,0.09120943195856014,0.2742176178937009,0.21419903968378126,0.2793240807426818,0.09549095753231425,0.374815038274996,0.3692203868039336,0.07034486866037502,0.16121543052982126,0.2652819430743652,0.2315602991901963,1.4520395515210498,128399821636,-0.0020299696333259815,-0.02335595805731916,-0.001289595434246893,-0.0017933060925184943,-0.010960388383936814,-0.03066142828072499,0.018629393535430555,-0.01578624383770877,-0.021925287090104814,-0.003844757245239222,-0.025770044335343995,0.2745077322070162,3.417335717937988,8.228939605410025,11.646275323348013,49.06286949355271,9.181894287393163,41.75523621905412,792774.32,-0.4640527056269894,0.44096407659431947,-0.023088629032670838,1.259430832569663,-0.09995669441081567,-1.1594741381588491,,,
11680740,일원2동,2024,⑥ 쇠퇴 주의,0.041435736709000845,0.10560812956610566,0.0,0.3469296543267103,0.5060264793981832,0.17787460227338486,0.1415705372662958,0.13255450743600763,0.1890479809155225,0.1599905432616872,0.10760821018382467,0.09135361866327733,0.198961828847102,0.02386704732852913,0.15573558621042538,0.2643475762404834,0.20344111869274997,0.26234571938652534,0.09026295214128677,0.3526086715278121,0.434952049913393,0.05226558196446225,0.1884802911465934,0.33537472554285497,0.24074587311105566,0.8462959640557081,16756217076,-0.001995696550803658,-0.005448349134596769,-0.04179456244162635,0.03937137788062389,-0.04273024527975844,0.009853752997236731,0.0030850783249802838,0.0375574132540793,-0.008343497801667744,0.00517606880974622,-0.003167428991921517,-0.04583813581402618,2.6846203459749765,6.549427083801762,9.234047429776737,51.42077695302743,8.13947034278619,40.43975270418637,732724.0900000001,0.10519266437668451,0.005343493487194095,0.11053615786387816,-1.9008025608488524,0.13229695115391316,1.7685056096949197,,,
11680750,수서동,2024,⑥ 쇠퇴 주의,0.04770267314250815,0.2566917457443775,0.01672279417336573,0.18269367648275533,0.4961891104569933,0.18467829514165007,0.1626784353915535,0.15280161789831143,0.16625053974179319,0.17339311468776883,0.1004287047013556,0.05976929243756737,0.160197997138923,0.008741999567483495,0.1749491812184009,0.28042643132996686,0.20912527529539818,0.2686695527370785,0.05808755985167205,0.32675711258875056,0.44349986370748057,0.0688163039601634,0.2103509788981126,0.2000068080198212,0.279167282858276,1.0429627173365508,225358215794,0.0027654479886702332,0.01645811244419082,0.0008459825802903664,0.004488212319543966,0.010552153785359092,0.0017706011648230269,0.003998425511223119,-0.019419422833005295,-0.01081674822562148,0.007976021212096451,-0.002840727013525002,0.01899152957220629,5.2287951730576445,10.440307176552922,15.669102349610567,43.140262156758276,8.92247486507457,47.93726297816716,3032777.05,-0.7022628185454804,-0.23397570906139897,-0.9362385276068803,0.2854047966048441,0.050210698307253665,-0.33561549491209774,,,
11710510,풍납1동,2024,⑦ 일반,0.026053332450252344,0.16656647819563283,0.04741623552345546,0.05490607347844249,0.7050578803522168,0.16161780604310053,0.15142372267856283,0.13594204436658236,0.15074946160967084,0.16756216878210808,0.14609126679548784,0.0866135297244875,0.23270479651997536,0.020363561596239938,0.12406937379047218,0.2611289997411548,0.24554687710508655,0.2799408474319771,0.06895034033506939,0.34889118776704653,0.467706473710406,0.033953905603178784,0.08808985773070932,0.1597700937015943,0.1220437633338881,1.1115274773980266,40726502340,-0.00010806730533832742,-0.010920309166689929,0.006006525949556418,-0.01073210394267838,-0.0027422889032398534,-0.02735669962567766,0.008617670804619088,-0.012541910351084984,-0.004569692449934756,-0.012858654894284158,-0.017428347344218928,0.05695792501275876,3.706426720559613,7.7888991356331205,11.495325856192734,44.108476284307855,9.012204778302674,46.87931893738946,599756.9,-0.09095251918150371,0.30887862755920015,0.21792610837769644,-0.10908088731032706,-0.187268413330262,0.2963493006405713,,,
11710520,풍납2동,2024,⑦ 일반,0.023068402673701274,0.1594707468007796,0.012467380715981856,0.05272616464236676,0.7522673051671706,0.16439342268285892,0.19123385627834844,0.15863572714200386,0.15852363426460156,0.1708026947387928,0.09849451723450763,0.05791614765888679,0.15641066489339442,0.013112942874338212,0.1498702406508443,0.2535284253986074,0.2818841335048876,0.24198495128478154,0.0596193062865409,0.3016042575713224,0.4646260783419364,0.03919483452930588,0.1323294560731182,0.26037402351216044,0.17152429060242408,1.077458863034237,100785342136,-0.005304681710257098,0.007633812112270322,0.0028191052003855716,-0.0063315163604240055,-0.004657099713421903,-0.008328812328765256,-0.007242132576644911,0.00916095283580709,-0.008061178244419265,-0.0038403831415313727,-0.011901561385950638,-0.013662288265046785,2.0629221451887374,5.873787265841006,7.936709411029744,52.25400532779476,9.714285642622391,38.03170902958284,1515020.82,-0.26821554811692616,-0.13004597661870498,-0.3982615247356307,-1.3175877618869336,0.4095481539892578,0.9080396078976705,,,
11710531,거여1동,2024,⑤ 성숙·정체,0.03193791850318341,0.2302804678022593,0.03660306325657976,0.05717780817892029,0.6440007422590572,0.16727715773243823,0.15716414218554697,0.17656919973247168,0.12441720485269811,0.17841449678080726,0.11852247453295148,0.07763532418308629,0.19615779871603778,0.031598009273256566,0.0994064732886625,0.19686913802817801,0.26394486821755836,0.3306614316221194,0.07752007957022515,0.4081815111923445,0.44275894802957305,0.04908577604262476,0.17429434532991553,0.2996143767420099,0.2233801213725403,1.434001808608692,67525394956,0.004160207021352575,0.018118038178037477,0.005379671485338723,0.006474369228261306,-0.012901672914415768,0.04006466392558744,0.03853258026961037,0.0024353391837720895,-0.0054712974803292486,-0.029678411535356386,-0.03514970901568562,0.2797332991650636,3.3249637042760773,6.6256072682354255,9.950570972511503,51.06122680883717,8.42920529075348,40.509567900409344,748022.0,-0.5689232428439444,-0.3016071396286435,-0.8705303824725874,0.5646261427101891,-0.14256589568517875,-0.42206024702501566,,,
11710532,거여2동,2024,④ 잠재 후보,0.027317180306813127,0.2503959894486458,0.028440078752669108,0.05239896586654766,0.6414477856253243,0.16049195491961615,0.1547175619854846,0.135678802349591,0.1500068121289814,0.16936263410382876,0.16399426322212496,0.06574797129037313,0.2297422345124981,0.02209784380044132,0.1377750113413241,0.25107078698044355,0.22668674937356248,0.2928354540772483,0.06953415442698022,0.3623696085042285,0.4545722463672149,0.05998353983209184,0.14102747432551666,0.23251364028373897,0.2010110141576085,1.1290329532381804,102653062194,-0.0023034347901652874,0.019841980869301945,-0.0009803520927280512,-0.006300921506376463,0.004111006357562563,-0.012334978410973918,0.0009752115108179193,-0.002651281100309155,-0.007315948415150916,-0.007162785847334846,-0.014478734262485776,0.0004444024740557495,3.0951459134982295,6.92853007800459,10.02367599150282,48.091249990865904,9.036542231601304,42.87220777753279,979844.92,-0.5214062121634093,-0.6070080474767385,-1.128414259640147,0.26039593533224803,-0.03847153612974097,-0.22192439920251417,,,
11710540,마천1동,2024,⑦ 일반,0.00798197296451687,0.061105577890721026,0.016445087001974643,0.03370005434803774,0.8807673077947498,0.19595660386905595,0.19099579509468456,0.17510474290449865,0.1550390746402114,0.1700782278352976,0.07340037080123914,0.03942518485501269,0.11282555565625182,0.009706947176385013,0.07725908488337414,0.29152468134295556,0.38301937010604975,0.20946530913409478,0.029024607357140752,0.23848991649123552,0.5086091026876923,0.024927866446546418,0.05975052785781618,0.18117806792811791,0.0846783943043626,1.097002341054902,141671920843,0.001040700225690732,0.0024122701200579716,0.004489864103925444,0.006341816487322908,0.010242709337081726,-0.01605369373610116,-0.11023850421709266,0.026639457168543712,0.0037081348839151027,0.00688515168328304,0.010593286567198143,-0.7025829546668692,1.8698560165488394,5.538052736328247,7.407908752877086,49.630671492182934,8.168256470811347,42.20107203700573,607771.9299999999,-0.29098186890777566,-0.2143204543981092,-0.5053023233058855,0.9519612275152198,-0.5296899057031919,-0.4222713218120262,,,
11710550,마천2동,2024,⑦ 일반,0.04597176209158842,0.15409925740961944,0.016736769160745287,0.08608534712054326,0.6971068642175036,0.1836343071843299,0.16457580794381957,0.12936998084480084,0.14076925911903584,0.15411405678666887,0.13926360828882575,0.08827297983251921,0.22753658812134497,0.010855869575436869,0.1497676554016288,0.2863646873609354,0.26656943623636387,0.24576490391257588,0.04067744751305917,0.28644235142563507,0.4901628691145773,0.03528418912129666,0.08659619034496298,0.1453802435829369,0.12188037946625964,1.0947990900225493,157899281314,-0.0018234638670457798,-0.006677158800121846,0.0027723311684281996,-0.0017970188063279047,-0.0099130129783227,-0.021166867828257163,-0.015984983929293817,0.026950562800523048,-0.00411083839373879,-0.006666380436647731,-0.010777218830386529,-0.08119224783869639,2.223443706099395,5.494969881761008,7.718413587860404,53.06363758974201,8.768606464099491,38.167755946158486,997911.93,-0.2493456734733921,-0.17026384137439887,-0.4196095148477905,-0.02304052341180096,-0.09121894829121047,0.11425947170300077,,,
11710561,방이1동,2024,⑦ 일반,0.030293133123740643,0.23792255329601045,0.03438592379392238,0.07465721043513959,0.6227411793511869,0.15953755284357776,0.14862354369872943,0.14610875058281472,0.14879845985934556,0.16068478946349438,0.14622516450790013,0.09002173904413802,0.23624690355203815,0.027750156412045885,0.10732083104848399,0.21075524970745366,0.23545018462647177,0.3185677603274114,0.10015581787813331,0.4187235782055447,0.4726418363468658,0.0399263754349495,0.15505862890182281,0.35918019052590533,0.19498500433677232,1.079882074151739,190472892171,-0.003959568587706207,-0.013006711478629113,-0.001332985049258023,0.008564336714339787,0.003331307299735492,-0.018403711330498396,-0.0008446530121596352,0.009651150295195754,-0.005636531669495529,0.011788930256061092,0.0061523985865655495,0.07467564473424892,4.181022530632065,7.907183597357532,12.088206127989597,56.80238499413433,8.660741627146132,34.53687337871954,2157962.54,-0.6688240427310346,-0.16824787062335567,-0.8370719133543894,0.5889700980604218,0.26500502673298776,-0.8539751247934078,,,
11710562,방이2동,2024,① 레전드,0.033623652424014994,0.42014416336493915,0.13129118301753373,0.08193739744991814,0.33300360374359395,0.1307873155228561,0.13815910149219374,0.1386599662848466,0.13985820919787853,0.16232172520226662,0.17227263576271656,0.11794104653724184,0.2902136822999584,0.10211673192950174,0.07181474502587828,0.1584901772187817,0.14157008794644524,0.3163003936061976,0.2097078642731954,0.526008257879393,0.38461729691232427,0.18421521695234713,0.2661531775699806,0.17576236355505592,0.45036839452232774,1.1606163566173333,491198256713,0.0008692007421660652,0.0011094339246915386,0.010841051957689876,-0.0019928966903222517,0.00115758849002362,-0.0033863589199168986,0.001908570811883975,0.001442471858121963,-0.005026127016691279,0.01702382438282718,0.011997697366135929,0.0020508895980260178,18.083966189524098,16.461063752474452,34.54502994199855,41.273509297193456,9.781451395078152,48.94503930772839,5021712.22,-0.8994252824884832,1.0739154485751872,0.17449016608670576,0.044359473722202836,-0.03421345975436907,-0.010146013967819556,,,
11710566,오륜동,2024,⑤ 성숙·정체,0.102336491214941,0.1995920759953405,0.0,0.6000246144303637,0.09804681835935479,0.09805533500923945,0.10738137099949562,0.13327727837281145,0.12974094611783898,0.12922020406185386,0.21208836166421705,0.1902365037745436,0.40232486543876067,0.0007806521923156457,0.12466478455616056,0.28916995712920573,0.3081542982721405,0.22689473146882833,0.050335576381349154,0.2772303078501775,0.44384627384646375,0.10628343294367427,0.19011394882658572,0.17654713173138892,0.29639738177026,0.9959862936754588,22801453932,0.005752556528122663,-0.025020690196118273,0.0,0.026308823546275728,-0.02838198176430723,-0.017742079154386803,-0.0016490039971170378,-0.02520718608517203,-0.011052757309191072,0.0047183587635145074,-0.006334398545676578,-0.062824712954897,12.467481702253181,13.938664654152063,26.406146356405245,52.942433427229844,6.666881768338547,40.39068480443162,3013768.61,-0.6979566342173662,0.8380706119094921,0.14011397769212408,0.5976569247702912,0.010997649520504638,-0.6086545742907745,,,
11710570,오금동,2024,⑦ 일반,0.04085608274220568,0.18850635990533418,0.01802093386194729,0.051350306676655806,0.7012663168138571,0.16862757870764605,0.15497018685407313,0.16603109045708542,0.14938844650395747,0.188639980109608,0.11216683950449638,0.06017587786313354,0.1723427173676299,0.08644463807501575,0.15236772480966,0.2431481737626247,0.2183211475697071,0.24586454923279938,0.053853766550193055,0.2997183157829924,0.4596300040174021,0.04376364746907218,0.1077452615192343,0.257172189172902,0.1515089089883065,1.2627481209171736,296193515158,0.0023084109193511684,0.008041561805481212,0.0015572466038417908,-0.003466958881120606,0.011773123110092515,0.016297345207156644,-0.004788889206426089,-0.0026298958401165806,-0.0071272622058431365,0.00997589372024038,0.0028486315143972374,0.09062431659971959,2.773391082858904,7.1459261370062315,9.919317219865135,51.443734257803584,8.88832788876595,39.66793785343048,2189898.51,-0.43069160834096687,-0.39218273265299963,-0.8228743409939661,-0.1493485169300257,-0.17681461413256727,0.3261631310626143,,,
11710580,송파1동,2024,③ 급성장 신흥,0.04618652178457571,0.2686553350018623,0.04217397683049502,0.06155083035145545,0.5814333360316115,0.14568104912303564,0.1505225177842897,0.1443455356316188,0.15508052977690667,0.171779611876561,0.152734620049389,0.07985613575819915,0.23259075580758817,0.022488736255935587,0.10047495964937919,0.2465624358840287,0.23493300155573615,0.3018004815330841,0.09374038512183629,0.3955408666549204,0.4538011807071579,0.12641475742049713,0.21235389174020028,0.20510221448395696,0.33876864916069743,1.1076800686951291,273078775575,0.00619033178527454,0.0008051804864611656,-0.005679070912744014,0.0029025696824841116,0.0017280171561975533,0.008057780485680455,0.005885029457848717,0.01575488513380574,-0.0045607329399190155,6.120714484295076e-05,-0.004499525795076065,0.005134980827308677,20.53596756209378,18.766568271470803,39.30253583356458,41.45806451059352,7.876533118592226,50.66540237081425,2820500.17,-1.6686997716767955,0.717368477395766,-0.9513312942810259,-0.08685388529030291,0.07721890171264523,0.00963498357765502,,,
11710590,송파2동,2024,⑦ 일반,0.06125160688300759,0.12555226363847594,0.007384407211619821,0.0878534844898692,0.7179582377770275,0.161446998358489,0.14742468674749054,0.1425664205256206,0.1515276067253608,0.17698836648397376,0.155976835480828,0.0640690856782373,0.2200459211590653,0.009674851042961969,0.12087375745604857,0.25121243504189256,0.26362478041794773,0.29880703533060293,0.05580714071054623,0.3546141760411492,0.4689440683137139,0.05103364322824038,0.12480040814002531,0.29262362312719575,0.1758340513682657,1.1680272018336555,103321767494,0.0020383972780080445,0.002103958991833854,0.004150830753123154,-0.0023899120439414,0.006454356149789731,0.002023798200715521,-0.0024469451977046364,-0.03544879375622628,-0.003973250109033322,-0.0047686721566139595,-0.008741922265647295,0.04565131455919369,3.480342324611632,8.204138836245871,11.684481160857503,52.00245523568847,7.487782080772318,40.509762683539215,688732.25,-0.7625975742313171,-0.05793859340305474,-0.820536167634371,0.032761361355227336,-0.43475250660286413,0.40199114524765633,,,
11710600,석촌동,2024,③ 급성장 신흥,0.04231385360008584,0.30618595802109233,0.030448796995527213,0.04423324908288482,0.5768181423004098,0.16065387798585876,0.1450990285054722,0.14614771383358935,0.14983957851055504,0.15392729966309807,0.15023760850206902,0.09409489299935754,0.24433250150142655,0.028266466683854272,0.11188158929381808,0.2493449687982608,0.2203976366247844,0.29610807220746904,0.09400126639181337,0.39010933859928243,0.43703868617736724,0.07312166601555939,0.18690485412797558,0.22512914909409393,0.260026520143535,1.0272806503673866,368402635797,-0.0020977435473841857,-0.0039870178141737656,-0.000474831634002984,-0.004768126669179834,-0.004885103756044951,-0.02110643174032406,-0.0006306616144685084,0.010448893192132436,-0.013409164934240395,-0.0022731685601151963,-0.01568233349435555,0.06364201058228025,8.198588068208016,13.497687812830925,21.696275881038943,48.52983716519263,8.157776451016236,43.31238638379112,2992750.8000000003,-0.6762548927316274,-0.0026056808590126934,-0.6788605735906401,0.4748493428367624,0.05203719778140403,-0.5268865406181789,,,
11710610,삼전동,2024,④ 잠재 후보,0.04058534777430607,0.17315358720536597,0.026736250615168388,0.05459020727801621,0.7049346071271434,0.1670160688101596,0.1526927381182339,0.1424388381089403,0.12655987229013516,0.17686483159647118,0.14525086201988618,0.08917678905617367,0.23442765107605984,0.02858116201270872,0.09612934549838881,0.24529538737141918,0.2740309672108422,0.26340410606540354,0.09255903184123755,0.35596313790664114,0.40165088859881803,0.057248855414548334,0.16502166936814192,0.31169556735977605,0.22227052478269024,1.3974795359386365,300232531350,0.003366569148994532,-0.010055568107094959,0.0005959979961512561,-0.010078748142047442,0.011341538404829515,-0.032830653042653424,0.016360838119378995,-0.014908735526384886,-0.013868537949401953,-0.014190878115323324,-0.028059416064725257,0.2593340777950106,5.4125229100971675,10.943530764772023,16.35605367486919,45.66267048534229,8.585394069124888,45.75193544553283,1106537.21,-1.03651987378261,-0.6671677143286061,-1.7036875881112152,1.9823953627201831,0.08243024147415667,-2.0648256041943256,,,
11710620,가락본동,2024,② 라이징스타,0.03635662097156818,0.3167066944735175,0.06945589285261837,0.10674110485780337,0.4707396868444926,0.15830251779914728,0.1517134048194749,0.14667856680513233,0.1494725593066127,0.16603486938174272,0.14480915963993043,0.08298892224795962,0.22779808188789005,0.05915796593113871,0.09534810314052354,0.23015414245131177,0.20714782585303823,0.29267242409563426,0.1155195385283535,0.40819196262398777,0.3453889211518438,0.06893952824836658,0.17379778007752184,0.2278204940215511,0.2427373083258884,1.1108050210149665,294900213427,0.0038285690470368644,0.003720407969630579,0.001899536430384624,-0.023747878807206843,-0.005923007765266969,-0.01238499646339003,0.001313898715551598,0.008273603292134335,-0.010230398066541482,-0.005092904095166606,-0.015323302161708074,0.024335460582370017,5.2173293984852736,11.642725438401692,16.860054836886967,47.46634956772974,10.428931697934523,42.10471873433574,3476105.42,-0.6528291723989108,-0.09979499175252116,-0.7526241641514311,1.388444017134951,-0.3562009148351244,-1.0322431022998302,,,
11710631,가락1동,2024,⑦ 일반,0.002141906081775672,0.031616344679176185,0.0019797319898749457,0.002462049261760891,0.9617999679874123,0.16064072281147726,0.15745522042438015,0.1562615295839795,0.1597503482673037,0.16865724834851237,0.15317687294411345,0.04405805762023355,0.197234930564347,0.29925480568395885,0.22181700563299972,0.151159913105955,0.15527571888947084,0.0761840846907271,0.09630847199688851,0.1724925566876156,0.3230035864993502,0.017373324182337845,0.12226033530352452,0.16596450960064207,0.13963365948586237,1.0557551215243997,1733567986754,0.0004982192621164794,0.0034033859442481815,9.704971446514578e-05,0.00042006270928324945,0.008529345681910244,0.01659444150649028,-0.0038129186530494463,-0.003728930364550631,-0.0012983275085896723,-0.015326313240092856,-0.01662464074868253,-0.007369646474765901,3.287728739548859,9.691165267455352,12.978894007004211,48.05558535530758,12.479454213232213,39.46496043146021,2633690.82,-0.13348896735560656,0.17505335987156379,0.04156439251595678,0.12864299950322788,-0.07707800844077006,-0.05156499106246315,,,
11710632,가락2동,2024,⑦ 일반,0.02626060005747184,0.19781078232796512,0.02533116683392616,0.040488809564486035,0.7101086412161508,0.16474682031820456,0.16102915820310834,0.1595696991009818,0.15329370338020798,0.1705900002195843,0.13054927643399386,0.06022134234391916,0.19077061877791301,0.016148389287643332,0.11758297343275921,0.28809746993123964,0.2535819687727696,0.2672359237140071,0.057353274861581094,0.3245891985755882,0.43727229642863324,0.04175392550202283,0.15577905453254998,0.2822110778550008,0.1975329800345728,1.1128310978075664,223978590098,-0.0036618499692202718,0.012537535431408703,3.160268379802725e-05,0.00011933896597475513,0.0031114925029831764,-0.003336558910824017,-0.007918835376153038,-0.003867064284640398,-0.0105781927479607,-0.000495997511215901,-0.01107419025917658,-0.07220435135630532,3.131105087898799,7.48710151817691,10.61820660607571,54.10456019320794,8.519048704573482,37.37639110221858,1354884.26,-0.6287909140914256,-0.19897355086533608,-0.8277644649567613,0.3142231406801912,0.023567268437609812,-0.337790409117801,,,
11710641,문정1동,2024,⑦ 일반,0.011398652586620605,0.21205497630244619,0.008878744578897183,0.25149278185600976,0.5161748446760263,0.15304548301198725,0.14891037410965663,0.14847595495182617,0.15611053859915036,0.15505882641160082,0.15356475792228153,0.08483406499349723,0.23839882291577874,0.01691183904681235,0.07175522917879312,0.23743572533277407,0.25365161258546104,0.34986611337156076,0.07037948048459863,0.4202455938561594,0.3575082904582607,0.07124445034844935,0.1769137894651634,0.22028087262056106,0.24815823981361276,0.9932630288961461,128275864440,-0.0016124167563031904,0.013414586984373922,-0.0004610035078265601,-0.008502827800053403,-0.004554906855968405,-0.007153654570846102,-0.006252238569251528,5.521902473371032e-05,0.0031033372269449744,-0.020482351482028066,-0.017379014255083064,-0.10302048994864865,6.172860141478133,12.077549208645355,18.250409350123487,47.21720300449148,9.020759937504454,43.76203705800406,1349120.15,-0.438513368977719,0.2406831994182035,-0.19783016955951638,1.2423326810054434,-0.0440237181158345,-1.1983089628895982,,,
11710642,문정2동,2024,⑦ 일반,0.04905868747018831,0.21925035629364895,0.008896568845362496,0.09808636965608805,0.6247080177347122,0.16611158920433347,0.15858066568669996,0.16824006878907252,0.157823095260679,0.17878812463384502,0.10515261568582371,0.06530384073954629,0.17045645642537,0.012464496745395416,0.11173979892946169,0.32907624476533814,0.2690874670040801,0.22393399384790422,0.05369799870782042,0.2776319925557246,0.33820319982509983,0.06595317450179383,0.1977881556496211,0.18420843835757628,0.26374133015141493,1.1328387923107055,571686098248,-0.0035363860751253737,-0.010475608932715597,-0.0014535189483118865,-0.003259435998845789,-0.021756573497706377,-0.013357257549844515,0.010349605845028226,0.012708074829801574,-0.01676784590156391,-0.00515481806254664,-0.021922663964110578,0.05516544592141126,4.7516331610397,13.937310406219957,18.688943567259656,53.65544793729974,8.973512381193133,37.37103968150713,5368273.42,-0.681244675810305,-0.30401075014577295,-0.9852554259560797,-1.4019410394997536,0.17609548440932876,1.2258455550904301,,,
11710646,장지동,2024,⑦ 일반,0.0369979532617343,0.20177452354431683,0.014184899808625044,0.03935286562271365,0.7076897577626101,0.15901813124994152,0.16972410130918322,0.1480298302743803,0.14671676744612663,0.16796345785059486,0.13163494885633287,0.0769127630134406,0.20854771186977347,0.011415420874466013,0.13352422605958317,0.24511072965247094,0.24225461743412066,0.30848139952677334,0.0592136064525859,0.3676950059793592,0.44239948073833524,0.0406165089939811,0.1483955323256071,0.27682777200062375,0.1890120413195882,1.1448143301839706,132610117546,0.0018476499795056917,-0.01048317318726566,-0.001076145908606184,0.0036021610399703807,-0.015406868529315193,-0.009572868386164335,8.01894170137929e-05,0.005685391209089841,-0.007857236454198079,-0.01143506496682073,-0.019292301421018815,0.02079122619380236,4.695050036102596,10.555184713552531,15.250234749655128,47.14144641146274,8.628919830061822,44.22963375847544,1334890.1400000001,-0.4960547572866352,-0.022729093942023937,-0.5187838512286582,-0.46089208309381036,-0.02055000644159577,0.48144208953541323,,,
11710647,위례동,2024,⑤ 성숙·정체,0.46244504715191703,0.1837937437603511,0.004291735914467427,0.08075917098965824,0.2687103021836062,0.12336157811884106,0.13419026956708285,0.13196967389505343,0.13152079542806053,0.1496143643222218,0.17462938701387393,0.1547139316548664,0.32934331866874034,0.004059530225894688,0.12710744950890257,0.28388661454622094,0.2408162975141836,0.2945392567263419,0.04959085147845632,0.3441301082047982,0.5223772522509004,0.06852308475362684,0.2539190033652882,0.3508724716263924,0.32244208811891506,1.1375719241605267,27720819587,0.04115137700427074,0.011612581375916003,-0.000794074148412911,-0.017248940320735887,-0.0009750293726477066,-0.014240359725252227,0.0003481671871492231,-0.02414698782107305,-0.013586101936822706,-0.01844261183876622,-0.03202871377558897,0.0006518627631590945,3.7814017036909537,10.694940205829926,14.47634190952088,45.485197187709815,7.392432531465673,47.12237028082452,1909487.16,-0.4887700908733392,-0.5545836169353038,-1.0433537078086434,0.3924027806210475,-0.2861295066426752,-0.10627327397835273,,,
11710650,잠실본동,2024,⑤ 성숙·정체,0.036717245114554105,0.28623392102090406,0.07740679198825155,0.05604048887986371,0.5436015529964265,0.14675323689513056,0.14550828053473053,0.13762300813808892,0.13684874268016206,0.16545588632398278,0.17010750968065957,0.09770333574724559,0.2678108454279051,0.05554761323327147,0.08721798415560052,0.2066604012875561,0.20865704523974438,0.3109411786222677,0.13097577746155983,0.44191695608382753,0.43918183519027093,0.1226397649541627,0.20713861648504736,0.2475605775515476,0.32977838143921007,1.209042064132663,633396216994,0.0017049402169964992,0.01779351965502307,-0.004431553141534095,0.00021839279286728353,-0.002026865841625758,-0.012869002238583227,0.001322327048594002,0.0018710744360734277,-0.009797175148290871,-0.008211031269685531,-0.018008206417976402,0.06339260002640956,13.158546489796672,13.543590743492977,26.702137233289648,45.74361207200655,9.14369029776607,45.11269763022737,3771852.16,-1.44683772917079,-0.36423690395255903,-1.8110746331233507,0.550337673354889,-0.3379970174108937,-0.2123406559440042,,,
11710670,잠실2동,2024,⑦ 일반,0.06708321296662818,0.07792644702512908,0.0,0.02750154735328333,0.8274887926549594,0.15225082784056637,0.15303321373325277,0.14400885526168092,0.1317105251151575,0.17267513706983867,0.18420657872881477,0.06211486225068904,0.2463214409795038,0.001989109134973278,0.10328312657019907,0.25435469281874745,0.30808548385288165,0.3104418022209059,0.021845785402292657,0.33228758762319854,0.5578783654606171,0.06169788595124677,0.1462169423395878,0.4488429945983832,0.20791482829083457,1.3110200336599134,262100781618,-0.005667291749230696,-0.011426857073720792,-0.0008782830001022797,-0.007204244210793628,-9.789973002821695e-05,-0.002692626157201339,-0.007802440851176817,-0.0015635776169593552,0.0010810035833074202,-0.009340420310304298,-0.008259416726996871,-0.1445334763813355,13.28560695282562,12.108400962642035,25.394007915467654,47.41201478812347,8.085054863046214,44.502930348830304,2932225.99,-0.7632139345850053,-0.48941558387455864,-1.252629518459564,-0.5368120543811159,0.4610503596805362,0.07576169470056726,,,
11710680,잠실3동,2024,⑦ 일반,0.03630350871987295,0.12772890405459733,0.0014442247014217146,0.06886033924651401,0.765663023277594,0.1452660512469867,0.13064229668945593,0.1456089608156483,0.13369744196474004,0.1553717558830069,0.17697433162029236,0.11243916177986975,0.2894134934001621,0.0019507345654928925,0.07658221332088286,0.27503866917013275,0.313731287206696,0.30517581837333463,0.02752127736346084,0.33269709573679546,0.5760311361016159,0.09264574309381901,0.20636396287814485,0.28093279783843217,0.29900970597196386,1.1621146493138066,270804761624,-0.008397219065861383,-0.04169006734257466,0.0007025081375092401,0.026427490432390094,0.03418172503386635,0.011742874609251108,-0.0024362296649442783,-0.01650391162340481,0.007913830417918072,0.02265355911959019,0.03056738953750826,0.02694405464232874,8.040550540377014,14.069381876052766,22.10993241642978,49.034663425974884,6.104091647721157,44.86124492630396,7231739.88,-0.45636994037685064,0.10086102359914939,-0.35550891677770124,-0.7241069926234118,0.2693218843885514,0.45478510823486573,,,
11710690,잠실4동,2024,⑦ 일반,0.01703537676661407,0.02332391890267816,0.0,0.12745858039889368,0.8321821239318141,0.17279341240511842,0.16560873998866646,0.135362113594203,0.14732932627051076,0.195239192029447,0.14607047606913576,0.03759673964291859,0.18366721571205435,0.009269138037136658,0.14826861245291809,0.2848195098007685,0.27973981885872895,0.2394525673328835,0.03845035351756433,0.2779029208504478,0.5698798026578573,0.03969327159239987,0.15793354663548492,0.3763446110704348,0.19762681822788478,1.3251889285841785,51700066401,0.0011011061018280748,-0.012769297935123866,0.0,0.006137575128215167,0.0034393405677128897,-0.017513098925375448,0.01122974764272433,-0.007257850228064577,-0.006796788213774038,0.002135980330277898,-0.004660807883496154,0.1850337841633558,3.3769785417740437,9.844517750026139,13.221496291800182,43.577682245774376,7.184565442188297,49.237752312037316,739140.3200000001,-0.5807034332086665,-0.34217111884025897,-0.9228745520489259,-0.4716078972001583,0.14330337108705038,0.3283045261130937,,,
11710710,잠실6동,2024,⑤ 성숙·정체,0.05071308666661147,0.07752816379313676,0.0009160883527817025,0.7524899413429823,0.11835271984448775,0.12704669830811494,0.1210096253375354,0.12716782499722762,0.12552697115574027,0.14220430356253153,0.1909162046334298,0.16612837200542044,0.35704457663885025,0.0007240967632285055,0.04230221663769249,0.24262838020310745,0.30006217722209005,0.3577791943813416,0.05650393479253989,0.4142831291738815,0.6159407427009669,0.18312686358388508,0.3219525314900653,0.22265585557304313,0.5050793950739504,1.1328585582304844,1066392749164,-0.004522158893280524,-0.01586291342496901,-0.0007038645695800082,0.14202848398946655,0.01932816747176408,0.003802248162531552,-0.004613696517702548,0.01990125224249506,-0.02241490042327332,0.00850952813659539,-0.013905372286677875,-0.06007810587422657,15.51692763440656,19.566273075820718,35.083200710227274,47.52476030730219,6.647443265752676,45.82779642694514,10175244.27,-1.517301546589291,0.25441651221828465,-1.2628850343710099,0.12155492542985513,0.20971294385406836,-0.33126786928391994,,,
11710720,잠실7동,2024,⑦ 일반,0.008489934174798437,0.007958459610941536,0.0,0.03630301219638437,0.9472485940178756,0.19216036688873228,0.1860961938365071,0.1418748262979053,0.14578838665092614,0.17167599116876545,0.09920083691816307,0.06320339823900066,0.16240423515716373,0.00030208027524803767,0.11456196033574631,0.19367973065088306,0.30796184604967775,0.35498641394565705,0.028507968742787777,0.3834943826884448,0.5359067537809988,0.039771207990791264,0.10085039157660355,0.3730227195908645,0.1406215995673948,1.1775697304328105,19018150044,1.9626125843920372e-05,-0.0017764763743675065,0.0,0.010298736177698567,-0.022576279325034226,0.05790039751578707,0.014710025435911628,-0.021880660407776586,0.006160412411472707,-0.011879390203693635,-0.005718977792220942,0.07787055152762856,5.452928021977983,8.601821976687209,14.05474999866519,59.926509602913725,6.3153363090756685,33.758154088010606,872786.14,-0.23856458334107078,-0.11631474641546724,-0.3548793297565389,0.27738325620684634,0.2006459673383958,-0.4780292235452279,,,
11740515,강일동,2024,⑦ 일반,0.10020544581803151,0.2316544575585168,0.016590487273328798,0.08055978535955462,0.5709898239905683,0.1651798979238078,0.16656810145566714,0.1496966420598129,0.14740936696289883,0.1600519648857077,0.13663737560751688,0.07445665110458875,0.21109402671210564,0.011320853575061369,0.1308880910281417,0.24394714329007988,0.25029317379628985,0.301893545702004,0.06165719260842322,0.3635507383104272,0.4272006709729714,0.05146719060685691,0.16926588848279855,0.37246582358304164,0.22073307908965545,1.0857652277008343,61156814582,0.02783390627669298,0.006442720318616008,0.016590487273328798,-0.0006000023079524297,0.000519825760275483,-0.030365698261285157,-0.010307489558096405,-0.030733277874983034,-0.005067336156710914,0.022832679997041916,0.01776534384033096,-0.06773495908590133,2.3725157895810014,7.537391751197595,9.909907540778597,52.30781783905756,8.405472121567433,39.28671003937501,1243569.4000000001,-0.49441882299751105,0.3049461687968176,-0.18947265420069215,-3.492507082102037,-0.5248450860046123,4.017352168106655,,,
11740520,상일동,2024,⑤ 성숙·정체,0.06054069613627174,0.3104297535758069,0.10165132633854262,0.09117066897676986,0.4362075549726089,0.1813953314454285,0.14499564175604168,0.13623539616255378,0.1501789923254416,0.18725475012412496,0.12813370235032423,0.07180618583608525,0.19993988818640948,0.016221558593755746,0.08242894319884657,0.23339600769021707,0.24922051072015894,0.31274179988225115,0.10599117991477054,0.4187329797970217,0.35516687350517334,0.03979950793282426,0.16516097007288705,0.26193289514406065,0.20496047800571132,1.2468771245870345,78673623661,0.0030882523930678973,-0.02442461270834617,0.0011271439485282114,-0.023201780237336975,-0.020572189143526626,-0.05340098627076212,0.01241191407357467,-0.022050818915149706,-0.014831366004298671,0.013951959244642792,-0.0008794067596558652,0.06575634201533931,2.9159224895733487,7.998947694267572,10.91487018384092,49.59333834582304,8.463373953542707,41.943287700634244,2453431.47,-0.4663633519068946,-0.43050718786967135,-0.8968705397765664,-0.4240154836477785,0.18915518700004164,0.23486029664773866,,,
11740530,명일1동,2024,④ 잠재 후보,0.042863421585658736,0.19112552836263177,0.049091753433024236,0.06839357805165583,0.6485257185670295,0.14912524926014828,0.1492348090284094,0.137255816244773,0.14095147811204592,0.16673045772454623,0.1594652490489937,0.09723694058108348,0.2567021896300772,0.02208224024642729,0.12974826868134126,0.23805170664505224,0.2407837070860297,0.2917573150077639,0.07757676233338559,0.36933407734114954,0.4984765417268824,0.05018861321642569,0.1335298879420149,0.25209700395860546,0.1837185011584406,1.1828925808923263,242917207862,0.004392429151179156,0.003241018479712865,0.005380491809446206,-0.0013601728192998153,0.006974163425398111,-0.005499233199431741,0.0007913984702227761,-0.002972667044765731,-0.008385311925760718,-0.00366078692747851,-0.012046098853239234,0.02012727479609344,3.6853123224192257,7.320759435921123,11.00607175834035,65.07052487866083,7.565749966198078,27.363725155141065,2796438.7,-0.580330831928801,-0.23893707723073287,-0.8192679091595334,-0.04085566696845433,0.13012619116756774,-0.0892705241991365,,,
11740540,명일2동,2024,⑦ 일반,0.052116303225554265,0.1781472977019517,0.00434380600742823,0.029787143861813057,0.7356054492032528,0.15454055750197437,0.1580311905649136,0.1411741249876576,0.1454193518842619,0.16147082554321676,0.1584448303101864,0.08091911920778934,0.23936394951797577,0.011773089027100725,0.1083430633588998,0.22472015019601826,0.25180931658987266,0.3348139167817437,0.06854046404636482,0.4033543808281086,0.5597258187860767,0.042920617368021025,0.10486909666824705,0.4546219736519666,0.1477897140362681,1.1103805886284661,335987814489,-0.002220925066152353,-0.011122011058028819,0.0011214903268957051,-0.0018041599643794058,0.001776265620928752,-0.005738245938842701,-0.005215902113032689,0.000719378876871013,-0.014270240905052245,-0.01193838391546835,-0.026208624820520582,-0.038137865239365576,2.8848031096184714,5.304347147269778,8.189150256888249,56.90493490530972,7.8266008610560185,35.26846423363425,1350174.6400000001,-0.4455687107142947,-0.4841267371742024,-0.9296954478884967,0.1642511996492786,0.07101001545695329,-0.23526121510624165,,,
11740550,고덕1동,2024,⑦ 일반,0.002401772591113445,0.21271191266148637,0.05958847352866091,0.13800179247613745,0.5872960487426018,0.1604531167205021,0.16519562608427665,0.15243699423366258,0.16094635702751386,0.16573392679652474,0.1279555555480235,0.06727842358949657,0.19523397913752005,0.02434146550175578,0.09839419467421939,0.20159921746917192,0.22807158509969772,0.3433393165156698,0.1042542207394854,0.4475935372551552,0.42505795207324715,0.03561977466961944,0.13845791435642035,0.38110864860665294,0.1740776890260398,1.0297463692712998,33852269903,-0.0002226286034614413,-0.005885815906048947,0.017848449582764173,0.008907842763991591,0.016077048597419735,0.014544782809847667,-0.014055217774819773,-0.0029744214624048415,0.001916101145862631,-0.023054440976084972,-0.02113833983022234,-0.10689148892369293,2.076622758207627,6.258253013586633,8.334875771794259,42.9184221440797,7.885569347714029,49.196008508206276,809378.59,-0.2807929040026802,0.050828878217179074,-0.22996402578550246,-0.8924168400037757,0.23785939400363176,0.6545574460001475,,,
11740560,고덕2동,2024,④ 잠재 후보,0.027358678380895084,0.22468081704249082,0.024230593878409208,0.07323448147736959,0.6504954292208353,0.15803132519679908,0.15278048474440636,0.14148440783342925,0.14625494853509632,0.16654932725542812,0.15687446505916522,0.07802504137567562,0.23489950643484084,0.011994787133756396,0.14512556648586739,0.2585682150678933,0.22434752976993624,0.295679790968964,0.06428411057358267,0.3599639015425467,0.4874706482903308,0.05204429340252031,0.16296068932156643,0.27788812273261393,0.21500498272408675,1.1387602875909653,97615305711,0.0011340349942668207,0.013055558275386181,0.008277272569479941,-0.0010443769373274236,-0.008660391632916042,0.0041314810745536334,0.002592390584504889,-0.005311302941215956,-0.001965376737536148,-0.00576256785638482,-0.007727944593920982,0.028394512537659677,2.3240602720909243,7.184047943525757,9.50810821561668,46.86709151044089,8.86321043712531,44.26969805243379,899488.29,-0.13630655543751846,-0.12368238494513495,-0.2599889403826552,-0.23286867679119894,0.3613244945261993,-0.12845581773500214,,,
11740570,암사1동,2024,⑤ 성숙·정체,0.020483732764596356,0.23676382621891898,0.04461394125713984,0.08442333953787641,0.6137151602214684,0.14550352999122387,0.1425515114769065,0.13879206271896694,0.13899488289908654,0.159899468672274,0.1672844396648141,0.10697410457672803,0.2742585442415421,0.026867633909525276,0.10833442179543151,0.21354430007667016,0.23958129144591753,0.3286979262302796,0.0829744265421759,0.4116723527724555,0.47952284023417874,0.053242769206141495,0.15546620670498434,0.2150775588752717,0.20870897591112583,1.1503982401162542,147575487717,-0.00113656843999492,0.00328126529571221,0.0004892080596229711,-0.003459899091679014,-0.004118704504381843,-0.013412991064695456,0.0028845243651307584,0.010613506866466227,-0.005542443886710484,0.0016250909235762112,-0.00391735296313428,0.044750073956611125,3.272687987777884,7.847968099259499,11.120656087037382,48.482802813240575,8.728208662186072,42.78898852457335,1516935.32,-0.5897415080509067,-0.2992085024330686,-0.8889500104839758,-0.5728300387811913,0.2423774389491502,0.3304525998320287,,,
11740580,암사2동,2024,⑤ 성숙·정체,0.030150266876179433,0.33827203429836,0.017339916750208424,0.043082478843132335,0.5711553032321198,0.15644127628859364,0.15407441997481328,0.1338713367427044,0.1397769078633319,0.16540507081894942,0.15992654792807487,0.09050444038353249,0.25043098831160737,0.02166128130020667,0.11346192884666703,0.2480408763372726,0.19722898142389136,0.3319365270713062,0.08767040502065611,0.41960693209196237,0.44676691008636876,0.07934276382669142,0.1885589388270055,0.222279376532053,0.26790170265369695,1.1833504786117868,97427290646,-0.005650917068275033,-0.0069797154383806626,0.0030805992548082767,0.00034616762313834787,0.0077105511452777165,-0.0013936387181208154,-0.0029167195138239677,-0.004744499189935303,-0.0012554053182905894,0.008362801175209711,0.007107395856919163,0.06611461362523574,3.0544297119725643,8.057367894304281,11.111797606276845,52.11797245851903,8.80098926490039,39.08103827658059,1112575.6099999999,-0.49565678249452283,-0.01582161210945543,-0.51147839460398,0.001202935507066627,-0.24709841370469476,0.2458954781976388,,,
11740590,암사3동,2024,⑦ 일반,0.045577407076229697,0.0866919965786601,0.001989658301858485,0.10900688614716657,0.7567340518960851,0.16696706157819505,0.1562815219191723,0.14967113804323948,0.13727164467907702,0.17726543905440764,0.15101306199358783,0.061530132732320705,0.21254319472590855,0.008022230105276595,0.14088604048102663,0.2517897113734717,0.2744353866368328,0.28577150888231767,0.03909512252107461,0.3248666314033923,0.5329909197748258,0.026811895842230298,0.14514784056151295,0.3935374178613056,0.17195973640374326,1.2913478196377035,74692574027,-0.005836593287522576,-0.018343583646660264,0.0001224813296744555,0.00504474227907592,-0.0005974055699486946,-0.009416469326721244,0.0028750565654468985,0.008378615025581904,-0.008636689428658865,-0.01582451519403061,-0.02446120462268947,0.1331146187093668,1.7061484002970233,6.449109742510445,8.155258142807469,50.4234851829276,7.508097955458518,42.06841686161388,767468.41,-0.17346774933022724,-0.5044099929240558,-0.6778777422542817,0.2811354419154952,0.3055476992081587,-0.5866831411236575,,,
11740600,천호1동,2024,⑦ 일반,0.04441392962666478,0.1738994267286533,0.03442431742945962,0.10894172235157755,0.6383206038636448,0.16174036819532966,0.15893329405806556,0.14474383982448202,0.14660130053811252,0.15917864394582956,0.15075974045952417,0.07804281297865652,0.22880255343818068,0.024143299539340277,0.12304502887484746,0.21594933722226908,0.23096261067528026,0.3171647589106067,0.08873496477765624,0.40589972368826294,0.49095318686985906,0.05607072697131609,0.14044544128409586,0.24395003771328447,0.19651616825541196,1.085792850142194,116546220015,0.0015221159501362658,0.014680037114717659,-0.0027323149679724518,-0.009923575346959715,-0.004929112449147982,-0.03608450386807516,-0.004007249956054226,-0.012214361793421447,-0.008997450902643735,0.004352602944716177,-0.00464484795792755,-0.04749389408278781,4.1524424628995815,7.362484659123461,11.514927122023042,48.74173946505728,9.062820368389488,42.19544016655324,1481409.81,-0.8173896701397103,-0.46902553911895684,-1.2864152092586671,0.2755829328887458,-0.3733074760779651,0.09772454318922996,,,
11740610,천호2동,2024,⑦ 일반,0.015640019734019517,0.18000455698890772,0.03467796118754784,0.20377990083674608,0.5658975612527789,0.1647669709977523,0.15050465193521448,0.14473462113467794,0.14074412540198028,0.16581259133085427,0.1413757374795867,0.09206130171993399,0.2334370391995207,0.02600877751404437,0.1407240600315906,0.26546576412947714,0.2596520968125093,0.2455584935915693,0.06259080792080927,0.30814930151237857,0.5154385462192468,0.08164216486756372,0.1606968760399785,0.15929854718247724,0.2423390409075422,1.1781137639477013,579701384729,-0.0008787133092762744,0.008776175964203048,-0.0027368356164848492,0.007303235936952146,0.003800000735891429,-0.003240617511620192,-0.014113978433070773,-0.011955710234695882,-0.0073024286490187,0.01373240094576636,0.00642997229674766,-0.15850438528024813,5.280055306778559,9.449530860872123,14.729586167650682,50.3592038781815,9.66681745271694,39.97397866910155,3154911.6500000004,-0.5794151191938788,-0.30647076190426326,-0.885885881098142,-0.12051649331575476,0.16859796223330825,-0.04808146891756593,,,
11740620,천호3동,2024,⑤ 성숙·정체,0.012104430185918868,0.22985778366100468,0.10106040724496851,0.13907285551610318,0.5179045233920048,0.1494083379016892,0.14144281847093207,0.13625022597127698,0.14207652072282337,0.16515171988250124,0.16646600266509884,0.09920437438567832,0.2656703770507772,0.06599497950856247,0.09308713962302798,0.21502378700749714,0.211201958249217,0.29789826847048484,0.1167938671412106,0.41469213561169543,0.4476632281434832,0.13297560199428596,0.23188886710977843,0.18381211264670327,0.3648644691040644,1.1624138812119085,149841294893,-0.0010985834246950241,0.004693291789166748,0.001532672230496579,-0.024047561688411878,-0.00791030814809357,-0.007685058468055117,0.004177068279331342,-0.014542139597769732,-0.01106502738870227,0.007867371757851904,-0.003197655630850338,-0.0036500736194300387,12.151106471923743,11.677440167288221,23.828546639211964,46.12586057192668,9.245254220757367,44.62888520731597,2168119.1799999997,-1.5325650281850187,0.37397611425915933,-1.1585889139258612,0.3868777573119786,-0.16911403003435765,-0.21776372727758542,,,
11740640,성내1동,2024,② 라이징스타,0.03830199782332819,0.28179691703871546,0.028117683873021736,0.1305940447677776,0.5211893564971569,0.13259294031778315,0.13084939629883713,0.15050127916395586,0.13614692174969328,0.1591272066388489,0.16880562655955464,0.12197662927132706,0.2907822558308817,0.007780310919060506,0.07443296451351254,0.2921399539429554,0.2836649249422168,0.2891658304380015,0.05281601524425327,0.34198184568225476,0.3553404358282885,0.05208655578404571,0.1702009647718534,0.23156549791904132,0.2222875205558991,1.1687903376280881,181022897369,0.0025950716903916995,0.03935388523961425,-7.750344517376204e-05,5.8328066749296914e-05,0.021201383267146212,0.006927554347122,-0.01993957401467092,0.0016991899051346238,-0.0022723442475922687,0.016206003772082728,0.013933659524490466,-0.22451597851097693,4.35858518278147,9.512696073278128,13.871281256059598,50.805187562885564,7.969389871805128,41.2254225653093,1552134.6300000001,-0.6824436563744642,-0.029936365447152724,-0.7123800218216179,-0.5057917369757803,-0.015650569321507213,0.5214423062972813,,,
11740650,성내2동,2024,④ 잠재 후보,0.027686475615378753,0.22437518465556883,0.03517120319827373,0.1352630958508964,0.5775040406798823,0.14416165543874904,0.16667019596162277,0.15943302056517977,0.14132837829306316,0.16276101349913136,0.15143622303001844,0.07420951321223544,0.22564573624225387,0.029860701117213617,0.10743913616714927,0.23995866924439913,0.2527384172356585,0.27203348051458115,0.09796959572099835,0.3700030762355795,0.4477686294401638,0.09685423255898158,0.2062444667866972,0.1728667001352389,0.3030986993456788,1.1516513205976564,210458654180,0.001197695266555332,-0.0012144955712393712,-0.012960210777183602,-0.01974158797511988,-0.014772984498848174,-0.03029772797207675,-0.022403562240749547,-0.009292637690646366,-0.022036463509159054,0.010236225962999473,-0.011800237546159553,-0.15023426912538373,9.699855410868777,12.727473357437976,22.42732876830675,48.81779682255441,9.689918352646144,41.49228482479944,2148321.92,-1.5426743248299104,-0.13559876302277907,-1.6782730878526912,0.2374198507953338,-0.04041638085729815,-0.1970034699380463,,,
11740660,성내3동,2024,③ 급성장 신흥,0.04401561666063824,0.20777177482113332,0.04212891669140789,0.09306815155706666,0.6130155402697539,0.14710709745600695,0.15167860713766465,0.1421706902335664,0.14374329282406567,0.1692341120188085,0.14982312172840714,0.09624307860148067,0.2460662003298878,0.02235367318474684,0.10426382136649712,0.24965335019078344,0.240897523776334,0.30417046208146536,0.07866116940017327,0.3828316314816386,0.4632341169330389,0.06002878905439151,0.13176098296132033,0.22773583494002272,0.19178977201571182,1.1773357121152237,286247059314,0.0031572175559600527,0.007002452444227952,0.0019443812657362683,-0.00663246337309599,-0.004766476665924391,-0.008743763832489704,-0.0016923882824683434,0.003895578538862021,-0.00871360668967703,-0.003887815841636194,-0.012601422531313244,-0.03730103128571205,5.880539682422469,10.467510981965415,16.348050664387884,54.56109402433119,8.717152186936893,36.72175378873192,3656335.5,-0.9350493716027906,-0.2406202929021397,-1.1756696645049303,0.09038681941411397,-0.04436541238100489,-0.046021407033109085,,,
11740685,길동,2024,④ 잠재 후보,0.037142754177684846,0.24958265397818585,0.04938906816146752,0.09373221014715087,0.5701533135355109,0.1498845150538928,0.1544092343421007,0.13693820659160813,0.15012523004665285,0.1618336273631781,0.15616345944926743,0.09064572715329998,0.24680918660256743,0.053629525832362364,0.12609263064851514,0.24782914025406755,0.22232969880401823,0.25885871434989477,0.09126029011114194,0.3501190044610367,0.4265857516633359,0.06867279415821323,0.15967092598804494,0.19617383149030546,0.22834372014625817,1.0779908701081542,427870752125,0.0022647182011142145,0.011774688747102857,-0.0019713104781068636,-0.004115149697143813,0.0027489136694904825,-0.0014100532701781243,0.0019369281799934968,-0.00349892554643233,-0.007650027091439415,0.0008730150301529682,-0.006777012061286419,0.020084505359901028,6.007971730856101,11.18354254941267,17.19151428026877,52.40990523453838,8.927543806542335,38.66255095891929,6223574.39,-0.7044807423736463,0.07739738567833143,-0.6270833566953158,0.22305977981180547,0.014692113383638628,-0.2377518931954512,,,
11740700,둔촌2동,2024,⑦ 일반,0.043194183237503264,0.3395960928139591,0.020747195437936322,0.14562025597216385,0.45084227253843745,0.16242354565041037,0.14687895392357414,0.1445376438952803,0.14498220003320084,0.14614290457838866,0.15866625037523294,0.09636850154391274,0.25503475191914565,0.023323427125488638,0.12075733527597025,0.27589221041590045,0.22275763308844332,0.2907701229242073,0.06649927116999006,0.35726939409419733,0.4138791713048495,0.04882948229098267,0.13912872605994567,0.2278383400076954,0.18795820835092833,1.0080058417165831,103781993014,0.002126834134745903,0.016742962031282282,0.0017857548026760754,-0.017672671483467767,0.019397036405584822,0.02023628620011675,-0.019483180400034827,0.03326625821224738,-0.0060761745401584424,0.0020981601763676583,-0.003978014363790805,-0.15488791802588753,3.178513535443829,7.378735321417618,10.557248856861447,52.324597160091635,8.71300553048627,38.96239730942209,1912014.51,-0.20025750712842694,-0.14465208826048404,-0.344909595388911,0.09300441836227691,-0.03875264977714821,-0.05425176858511804,,,
