행정동,행정동_코드,연도,트렌드_대표_매출,총_매출,트렌드매출_비중,업종점수,2030비중,금요효과,주말비중,야간비중,복합점수,복합점수_분위,상권유형,상권티어
가락1동,11710631,2020,340217832376.1305,1324200210885,0.2569232579631998,0.051172595901274,0.2061421649990254,1.1282458646679236,0.2220184238850964,0.2044137582964843,-3.091516736010611,0.0331753554502369,일반,⑦ 일반
가락2동,11710632,2020,42977176087.217896,171467685904,0.2506430051857096,0.3044186889197548,0.2433258360724555,1.0620919396956974,0.1928020986036343,0.3538793473422882,-1.0227805891489197,0.2132701421800948,일반,⑦ 일반
가락본동,11710620,2020,82212980991.70436,258488084887,0.318053271305114,0.4168547632982951,0.3418993332193034,1.027229225654986,0.2548654824565697,0.3985971318137989,0.4314739023634547,0.6492890995260664,신흥 성장,② 라이징스타
가리봉동,11530595,2020,22121537122.48661,63150039204,0.3503012413187134,0.2821611664790757,0.2972318720399317,1.0045838155135998,0.2887601503950445,0.430886850158542,0.0329790442208258,0.5402843601895735,일반,⑦ 일반
가산동,11545510,2020,1205909161844.5735,2749552368818,0.4385838129582451,0.8108500987705954,0.3952340879967188,1.1090598081636287,0.3899339239735601,0.3575101215761084,4.236932094891881,0.995260663507109,기존 강세,① 레전드
가양1동,11500603,2020,97370441824.95673,344404612314,0.2827210738286579,0.4933870479588016,0.4651858229962717,0.957833797848028,0.203411543673314,0.4876729903659672,0.7517121137321515,0.7227488151658767,쇠퇴,⑦ 일반
가양2동,11500604,2020,21915959880.690365,100832608705,0.2173499244159059,0.1632606009149468,0.5016800841778836,1.3174574639432577,0.1689334503368386,0.2782483950413628,-1.5947797608668954,0.1232227488151658,일반,⑦ 일반
가양3동,11500605,2020,6537820242.838582,29455212165,0.2219580088649679,0.2681169366481119,0.3087090079698972,1.0409432443027329,0.172974625253391,0.2932550827206034,-1.9424517305612592,0.0971563981042654,일반,⑦ 일반
가회동,11110600,2020,16283823835.609724,50759113886,0.3208059122580744,0.843861486790337,0.4740542867639925,1.028714430584727,0.2582638721874082,0.3849804012514435,3.058403821908823,0.9644549763033176,기존 강세,⑤ 성숙·정체
갈현1동,11380551,2020,48301253169.52726,143257516437,0.3371638317544656,0.4229810985285914,0.3749537719483088,1.1596293557717232,0.2688660302786874,0.4228596241904009,1.318331685466074,0.8246445497630331,기존 강세,⑤ 성숙·정체
갈현2동,11380552,2020,59554316197.661125,188931602629,0.3152162759906629,0.3250164385657655,0.2948222724356976,1.0237091072208282,0.2539984582792823,0.4037118318197781,-0.1330455731778504,0.495260663507109,일반,⑦ 일반
강일동,11740515,2020,11233687862.042664,40971343727,0.2741840232747771,0.4022895586199234,0.2948035883441212,0.9961172351960428,0.2170318303507371,0.3781861102541524,-0.2862068690178527,0.438388625592417,일반,⑦ 일반
개봉1동,11530740,2020,31921075744.332848,102085328024,0.3126901422781174,0.2615156074800839,0.2194549472352489,1.0468082245297952,0.2519954563005578,0.3999810722888646,-0.4806141695819573,0.3625592417061611,일반,⑦ 일반
개봉2동,11530750,2020,25923852556.05688,83634526947,0.3099659136290096,0.2711950245784655,0.3052456371060485,1.0900239594311296,0.2440504854404769,0.4219119632297476,-0.1645241723185964,0.481042654028436,일반,④ 잠재 후보
개봉3동,11530760,2020,18882509090.008293,60725464469,0.3109487799743006,0.3851104051075381,0.2460557131123752,1.1174932870771734,0.2492431527753326,0.3881725465275502,0.4820019209735823,0.6611374407582938,일반,⑦ 일반
개포1동,11680660,2020,65897781.57067764,281106587,0.2344227585484421,0.6224587437362327,0.0393964514250247,0.7273481072786303,0.2019376621722493,0.2674853791312973,-0.9222800578342794,0.2417061611374407,일반,⑦ 일반
개포2동,11680670,2020,19890533199.002026,66548576903,0.2988874311766892,0.3883750156772304,0.2028600090078172,1.0821020153319771,0.2357900917982309,0.4059358383632422,0.3509497372335018,0.6208530805687204,일반,⑦ 일반
개포4동,11680690,2020,47316113091.92181,186469145567,0.253747680068179,0.3779276393835292,0.1979875518426443,0.922852538180576,0.1972670775218579,0.3643705790274411,-1.0246748611207732,0.2109004739336493,일반,⑦ 일반
거여1동,11710531,2020,12810357794.81866,44070264604,0.2906803013307966,0.3975053429883418,0.2484078108077973,1.432823089487449,0.2149645395398906,0.3999034919204997,1.6261362961876575,0.8696682464454977,기존 강세,⑤ 성숙·정체
거여2동,11710532,2020,24500950112.29387,83582294973,0.2931356469717484,0.2685215542149217,0.2433440648593136,1.0543139961477803,0.2314098654535397,0.398739982777046,-0.608062104292595,0.3199052132701421,일반,④ 잠재 후보
고덕1동,11740550,2020,6139955264.634272,20932750493,0.2933181316371921,0.3691979356264904,0.2182101352389152,1.0931154095253444,0.2243786709047457,0.4285960659589466,0.3244494114203607,0.6113744075829384,일반,⑦ 일반
고덕2동,11740560,2020,16397009310.852043,54331462487,0.3017958391010621,0.2901977313195383,0.2226192867695039,1.0213608049068277,0.2461830327906299,0.3599244931181268,-0.7363328684586982,0.2819905213270142,일반,④ 잠재 후보
고척1동,11530720,2020,49178517154.866585,188404031789,0.2610268829594011,0.2178736507983615,0.172523401125526,0.9574570946145674,0.2170548474397754,0.2734609959976879,-2.325128655781115,0.0616113744075829,일반,⑦ 일반
고척2동,11530730,2020,28761582325.02539,90306891868,0.3184871246268301,0.2839951451821347,0.2127361038411239,1.0715472690461154,0.259280423594082,0.3735551704437938,-0.3497796710167906,0.4099526066350711,일반,⑦ 일반
공덕동,11440565,2020,41425807194.05122,144610886706,0.2864639595099892,0.4245678197577402,0.289179670200203,1.027029033943733,0.2255288140671281,0.3886038469651979,0.1337911841092499,0.5616113744075829,일반,⑦ 일반
공릉1동,11350595,2020,60387767452.62002,195194557969,0.3093721878363563,0.3823737461361683,0.2706130167747249,0.9662849614940776,0.2506039570056493,0.3917097824425156,-0.1256181542018015,0.5023696682464455,신흥 성장,② 라이징스타
공릉2동,11350600,2020,35458145059.99409,120487696740,0.2942885125981709,0.4487755021135612,0.3275074889692011,1.0997756430661907,0.2259015608185656,0.4223928659356992,0.8236796278851615,0.7322274881516587,기존 강세,⑤ 성숙·정체
공항동,11500620,2020,32031495540.27091,122747231723,0.2609549322672744,0.4027230385818743,0.2883056140920608,1.1688124066949273,0.2092068271645448,0.3074460379942625,-0.1269854959387264,0.5,일반,⑦ 일반
광장동,11215810,2020,32502117892.865417,106292890294,0.3057788512756256,0.4545649814052275,0.2392344353104434,1.064114729119277,0.2473708785157028,0.3811258379365638,0.6306431143686068,0.6943127962085308,일반,⑦ 일반
광희동,11140590,2020,127628276229.80338,444808308339,0.2869287147679232,0.2921047163376645,0.3258265145545456,1.0573534996147071,0.2329999282050573,0.3242790784071178,-0.94439494362366,0.2274881516587677,일반,⑦ 일반
교남동,11110580,2020,3126283311.679813,16264460756,0.192215614066794,0.4585052892853498,0.2269433814237179,0.9436040663534678,0.1487851296334733,0.2672757600276631,-1.5571894573138056,0.1303317535545023,일반,⑦ 일반
구로1동,11530520,2020,13197032871.018845,47069926106,0.2803708006955341,0.1665884581875404,0.1912896568336074,1.0517603533854862,0.2205740844083576,0.3799120815428798,-1.4906246197338144,0.1469194312796208,일반,⑦ 일반
구로2동,11530530,2020,51619515817.33183,641473575829,0.0804702138363564,0.0758883498468172,0.0870162849434031,1.0539097656352483,0.053486687578143,0.1431732325159448,-5.254819955287608,0.0047393364928909,일반,⑦ 일반
구로3동,11530540,2020,98793870772.48347,448576539269,0.2202386039481197,0.48768212300513,0.4299024964284996,0.9783610293298788,0.1593278646236574,0.3656990618821172,-0.4533768248403476,0.3720379146919431,일반,⑦ 일반
구로4동,11530550,2020,45182045817.94759,151898774439,0.2974483894607849,0.3063121262027367,0.2263451098995341,1.0386960998859045,0.2455924540390623,0.335359812487868,-0.7376603147011137,0.2796208530805687,일반,⑦ 일반
구로5동,11530560,2020,91731078701.81204,265498263981,0.3455053804358459,0.3798183132271499,0.4026643678267163,1.1129752800137764,0.2782952599957023,0.4178944762890803,0.9083053102662234,0.7511848341232228,쇠퇴,⑦ 일반
구산동,11380560,2020,14918262784.211613,56187671614,0.2655077591877736,0.3315037467464473,0.2875961499528244,0.8536038013268351,0.216764625355383,0.3377089422098793,-1.6032553350951986,0.1208530805687203,일반,⑦ 일반
구의1동,11215850,2020,56827036562.03015,185652817505,0.3060930468265028,0.3997232660366244,0.3200767960949454,1.0469886454687842,0.2403009641843894,0.4215432095981645,0.4263629249814475,0.6445497630331753,일반,⑦ 일반
구의2동,11215860,2020,31989944810.3928,94765973564,0.3375678379834135,0.4065451839312463,0.3011090829951641,0.9805657651315456,0.2745869739144972,0.4263183472674992,0.5496095595768622,0.6706161137440758,신흥 성장,② 라이징스타
구의3동,11215870,2020,191446564390.2884,568881758194,0.3365313821945426,0.1513235281357769,0.2628958083957373,1.0071197540666164,0.2845722664072364,0.3327829262815632,-1.4925556915305769,0.1421800947867298,일반,⑦ 일반
군자동,11215730,2020,47146440393.35452,154795682431,0.3045720633349705,0.3189541340341184,0.350917831078482,1.0413276914563692,0.2458480849487744,0.3914132418454727,-0.2594219331421684,0.45260663507109,일반,③ 급성장 신흥
금호1가동,11200590,2020,5215115022.873867,22099585915,0.2359824769084985,0.467751007949146,0.2327690782436092,0.9667262520258926,0.1886047858105309,0.3024962693741042,-0.7855145283019934,0.2725118483412322,신흥 성장,② 라이징스타
금호2·3가동,11200615,2020,21144268561.33148,65105004330,0.3247717864230036,0.4321351101429225,0.2236877649709235,1.1018642030600898,0.2554303659778283,0.4333976350109552,1.081887797669406,0.7938388625592417,기존 강세,⑤ 성숙·정체
금호4가동,11200620,2020,10058201345.199886,35027668130,0.2871501839023472,0.3268292555905291,0.3038460860568853,1.045617783286565,0.2310663569998828,0.3599804256224692,-0.5476742523776981,0.3388625592417061,일반,⑦ 일반
길동,11740685,2020,92432217106.39323,318549291832,0.2901661359057146,0.3891919195927274,0.2717949232160326,0.9937902758010888,0.2314576700326958,0.3755445098935943,-0.2603057446148733,0.4502369668246445,일반,④ 잠재 후보
길음1동,11290660,2020,10633377818.389263,34270181434,0.3102807564315874,0.2627442294795293,0.2262181477775481,1.0284356746873573,0.2476958117758414,0.3956953784185792,-0.6191602545998683,0.3175355450236967,일반,⑦ 일반
길음2동,11290685,2020,22937665951.85408,76460574790,0.2999933758653094,0.3283061494887305,0.2106119941843037,1.097692411473355,0.2495228399655613,0.3256231792578184,-0.3845425694824156,0.3957345971563981,일반,⑦ 일반
낙성대동,11620585,2020,51103162925.80186,151593605395,0.3371063231370799,0.5369230179723967,0.5331104036309539,1.055768221159981,0.2647493845563208,0.4656894785835633,1.8587600319032584,0.8909952606635071,기존 강세,① 레전드
난곡동,11620775,2020,14184541523.033718,49384307340,0.2872277103205335,0.27094344632353,0.2872230064774256,1.0100353032487748,0.2307386195284439,0.3693247381284421,-0.9852485842111518,0.2203791469194312,일반,⑦ 일반
난향동,11620715,2020,2660964419.8363347,11663423133,0.2281460930888731,0.2577228953903888,0.1851361837238422,0.9261010864678236,0.1757758569351219,0.3320279272080148,-2.191334765439617,0.0758293838862559,일반,⑦ 일반
남가좌1동,11410690,2020,10603071335.766115,38681258662,0.2741139172439196,0.3238951638176142,0.1239814089015488,0.9984953986825006,0.2302973350696909,0.2850674675132162,-1.284127934208391,0.1658767772511848,일반,⑦ 일반
남가좌2동,11410700,2020,23256411319.40393,75237194421,0.3091079019941852,0.4269046556052202,0.3114489641370727,1.0119285188119231,0.2461042913613989,0.4048077675062673,0.3912141793883841,0.6255924170616114,일반,⑦ 일반
남영동,11170530,2020,40722463319.25797,157005008287,0.2593704733597965,0.6246808363636184,0.4165654341767603,0.9719722969866614,0.183467800163067,0.4666464056106572,1.3025267608518898,0.8175355450236966,기존 강세,① 레전드
남현동,11620630,2020,27919785145.48087,80065867853,0.3487102044124628,0.52081995322352,0.4730331541217523,1.1188587659844225,0.267859332410851,0.5002734780885683,2.286620006780094,0.924170616113744,기존 강세,① 레전드
내곡동,11650660,2020,6136246232.517508,23478953193,0.2613509291524531,0.7094804377380148,0.1814459622190533,0.9931951816260184,0.2276161619757951,0.2288517235769251,0.7041590562986519,0.7109004739336493,기존 강세,⑤ 성숙·정체
노량진1동,11590510,2020,448824589043.0578,946792588834,0.4740474253139192,0.0862574222032896,0.3192342060368545,1.3321289113731012,0.4156358359137891,0.3658702426669865,0.91082892954395,0.7559241706161137,쇠퇴,⑦ 일반
노량진2동,11590520,2020,1172645616538.227,2326271270200,0.5040880793053036,0.0241949825671711,0.301356559338726,1.321120923628829,0.4455716835659006,0.3706181880713664,0.7901560112904198,0.7274881516587678,기존 강세,⑤ 성숙·정체
녹번동,11380510,2020,31858024140.09318,112888786336,0.2822071631213358,0.4431350959173802,0.2435089487203892,1.1755960248032948,0.2222435352553634,0.3459480601355874,0.5427232428016586,0.6658767772511849,일반,⑦ 일반
논현1동,11680521,2020,271973510123.7397,949379239686,0.2864750973632969,0.2364742793546369,0.3853015727792664,1.0411714559916747,0.236152424732978,0.3170005065515632,-1.381352771403515,0.1587677725118483,일반,⑦ 일반
논현2동,11680531,2020,167276567659.9615,587059873294,0.2849395355900764,0.5262763810451659,0.3923704018272138,0.9937612304187686,0.2245461290572374,0.3777977505863826,0.5510471465122604,0.6729857819905213,신흥 성장,⑤ 성숙·정체
능동,11215780,2020,27208327224.20047,77608534264,0.3505842170868249,0.515958406285409,0.3977220166406105,1.0918262467883082,0.2771783414285975,0.4768392010099617,2.070577683381757,0.9075829383886256,기존 강세,① 레전드
다산동,11140625,2020,32446576135.6512,116644131413,0.2781672403283464,0.5069693975740763,0.3900501755198405,1.0040076573655483,0.2147074607750802,0.3957063073201111,0.5026967289677,0.6635071090047393,일반,⑦ 일반
답십리1동,11230600,2020,23491826479.82682,92543744344,0.2538456450660124,0.3947607529170454,0.2301669386190229,1.1478122057354023,0.1996161999922115,0.3318418040969513,-0.1868063423385766,0.4691943127962085,일반,⑦ 일반
답십리2동,11230610,2020,24778663267.598984,83518000156,0.2966865013687575,0.4792998067030967,0.2507739888871771,1.0958346520938242,0.2329360531940656,0.3859845536744942,0.8150017572877315,0.7298578199052133,쇠퇴,⑦ 일반
당산1동,11560550,2020,98854352298.2004,445408101575,0.2219410736999242,0.1766652249627976,0.1994345609091764,0.9826522987687372,0.1784864819833402,0.2651496529910194,-2.9001905397730097,0.0379146919431279,일반,⑦ 일반
당산2동,11560560,2020,42429972112.35301,164945775808,0.2572358819406342,0.5645018031827886,0.4273902468533594,1.072320240086578,0.184809867331695,0.4215908439992148,1.043780255662518,0.7867298578199052,기존 강세,⑤ 성숙·정체
대림1동,11560700,2020,20366840486.71148,93154043812,0.218636139165521,0.2534456649316028,0.2001498005564649,0.8702817999301243,0.1799090149518672,0.2585226387552456,-2.9164247429524965,0.0355450236966824,일반,⑦ 일반
대림2동,11560710,2020,33682923577.022808,103370045972,0.3258480080984636,0.4995622965088721,0.289177419376373,1.005878004101348,0.2759856211801201,0.3405935716768146,0.6626205518829082,0.7037914691943128,기존 강세,⑤ 성숙·정체
대림3동,11560720,2020,51151546367.035706,447021429049,0.1144275040144188,0.1338426057745918,0.1604181678349462,1.0921422376935996,0.0834683166495583,0.1630080401157068,-4.313013840247936,0.0118483412322274,일반,⑦ 일반
대방동,11590660,2020,47620232155.22799,169219229195,0.2814114706807508,0.2781939498657814,0.2837407587743503,1.0946390824697634,0.2129502836257142,0.4156732678349675,-0.4375121113066912,0.3791469194312796,일반,④ 잠재 후보
대조동,11380570,2020,66788120780.96769,210387777862,0.3174524749473619,0.3157077005517291,0.2842822525709214,1.1246994153656775,0.2617206895835814,0.3521805273384317,-0.0539535363254412,0.5284360189573459,일반,④ 잠재 후보
대치1동,11680600,2020,90574821821.64767,280277266752,0.3231614995795993,0.1769320298134602,0.1207232574268657,1.0670375241800167,0.2662369578123036,0.3798681531784998,-0.9320465471552256,0.2369668246445497,일반,⑦ 일반
대치2동,11680610,2020,113363052847.90552,516189717330,0.2196150931372244,0.2860529367298545,0.2378269036334118,1.0071245392129329,0.1680649823745686,0.3024855202727329,-1.9529516220042944,0.0924170616113744,일반,⑦ 일반
대치4동,11680630,2020,155894267932.526,490284012702,0.317967267734019,0.4392430862780231,0.2613650208025175,1.0252173117061578,0.2467416441590744,0.4628603657772793,0.9291253454742648,0.7654028436018957,쇠퇴,⑦ 일반
대학동,11620735,2020,34001898320.774017,108161970485,0.3143609363652396,0.4871637822399644,0.5228493814916467,1.0899354239425514,0.2495251494308055,0.4143701581898931,1.1915283358704287,0.8080568720379147,기존 강세,⑤ 성숙·정체
대흥동,11440600,2020,40106694659.56089,179864391439,0.2229829614338247,0.2403758663796604,0.3463114761830165,1.0269807374840312,0.1753150682673853,0.2860982866831204,-2.2018203005523342,0.0734597156398104,일반,⑦ 일반
도곡1동,11680655,2020,43391045514.788376,215311723060,0.201526627989024,0.2995333193679751,0.2532572287938291,0.969253299102824,0.1598981354926323,0.2692961567208407,-2.33069877577884,0.0592417061611374,일반,⑦ 일반
도곡2동,11680656,2020,54542178054.18129,212835223744,0.2562648094367363,0.3858886920606126,0.2359268490463649,0.9350349633610204,0.2032684318552305,0.3328322923004749,-1.084418899114083,0.2085308056872037,일반,④ 잠재 후보
도림동,11560585,2020,14047447150.143618,49980023189,0.2810612371471506,0.2776029596571622,0.2672767433997518,1.0722808836929905,0.2198704858628112,0.3661700963361672,-0.8092236929354791,0.2654028436018957,일반,⑦ 일반
도봉1동,11320521,2020,67792076159.60184,170986037550,0.3964772628863218,0.3219370697850293,0.1504462551714357,1.0162155820314829,0.3562819048729982,0.3001744215108282,0.0687591069003552,0.5450236966824644,일반,④ 잠재 후보
도봉2동,11320522,2020,11823396300.661257,43101074059,0.2743179041078303,0.4223389040162202,0.2070304588647884,0.9591558663872788,0.2177392736235153,0.3693339341198156,-0.3678763732711951,0.4004739336492891,일반,④ 잠재 후보
도화동,11440585,2020,39118948754.16386,150138997254,0.2605515520260453,0.5573350792961331,0.3153372538442117,1.026555131858618,0.1788684493380984,0.4652725434473281,1.053208348882026,0.7914691943127962,기존 강세,⑤ 성숙·정체
독산1동,11545610,2020,170655967165.24225,912656958403,0.1869880743185941,0.0717613392655251,0.1387717490464527,1.066657528143831,0.1651498756506983,0.1257907115964883,-4.294650463080981,0.0142180094786729,일반,⑦ 일반
독산2동,11545620,2020,23619913229.755497,71167411326,0.3318922634625365,0.2508598741946602,0.2382603260687273,0.9875301397393782,0.2696699120203714,0.4106173013535473,-0.5538054962856513,0.3364928909952606,일반,③ 급성장 신흥
독산3동,11545630,2020,39350838052.13158,125732326625,0.3129731160507074,0.2891240371493443,0.2280842134857774,0.9346844036833638,0.2592130860840976,0.3718350682035667,-0.8980695680220552,0.2488151658767772,일반,③ 급성장 신흥
독산4동,11545640,2020,22798931582.22565,62213696842,0.3664616111806792,0.5186605083595717,0.3463311581968891,1.0190924839059865,0.2851791114593029,0.519615425186824,2.15528322508535,0.914691943127962,기존 강세,⑤ 성숙·정체
돈암1동,11290580,2020,5066268400.216435,21434399819,0.2363615703261057,0.103289369037406,0.1287654915139474,0.9204369463960882,0.1878694775689721,0.318670326376261,-3.1628122970861607,0.0308056872037914,일반,⑦ 일반
돈암2동,11290590,2020,4679221570.750715,18554992969,0.2521812634781556,0.2628990396358474,0.2161043139546985,0.8504738181212025,0.2039608454890167,0.3406510278694356,-2.14768445052386,0.0781990521327014,일반,⑦ 일반
동선동,11290575,2020,72257762471.58966,196730388080,0.3672933458668632,0.5912465815941982,0.5106523965435772,1.161551327076479,0.2889729247668752,0.504402378089387,3.1336683108226926,0.966824644549763,기존 강세,⑤ 성숙·정체
동화동,11140665,2020,16869041916.194054,64542729401,0.2613623884944148,0.4385773498224793,0.2274390760700083,0.9617826285895636,0.2118816861158046,0.365985493133391,-0.3332190055067749,0.4170616113744075,신흥 성장,② 라이징스타
둔촌2동,11740700,2020,25511568823.24564,85220271936,0.2993603311006177,0.4895508556148618,0.2355000838306642,1.2103280082913412,0.2362318646567901,0.3760726915664931,1.3175032056761014,0.8222748815165877,쇠퇴,⑦ 일반
등촌1동,11500520,2020,60647727639.105225,251040562733,0.2415853716182452,0.4011537285116272,0.2944361279241333,1.015229954241405,0.1923290552067151,0.3197299405688789,-0.848921646490768,0.2582938388625592,일반,⑦ 일반
등촌2동,11500530,2020,9663837931.34305,31826887901,0.3036375394730131,0.4816149625335622,0.3001049555555161,1.0461631400092757,0.2314031654275753,0.4440261681556359,1.0080983420193854,0.7796208530805687,쇠퇴,⑦ 일반
등촌3동,11500535,2020,55722925773.32848,213525765168,0.2609658170735799,0.2963837763803704,0.3058778661844977,1.0063456479000676,0.2012355473644711,0.3601794858081405,-1.1817916719188055,0.1800947867298578,일반,⑦ 일반
마장동,11200540,2020,23293911370.67728,80677847219,0.2887274781569959,0.4967325190794392,0.2528489690066478,1.052808375466809,0.220921325325132,0.4239489017493884,0.8937491722996341,0.7464454976303317,기존 강세,⑤ 성숙·정체
마천1동,11710540,2020,18533378769.140484,73591792605,0.2518402951347768,0.1968352629178355,0.1771555759210331,1.3755143087334971,0.1910637733812273,0.3089036971013461,-0.7234461290206493,0.2890995260663507,일반,⑦ 일반
마천2동,11710550,2020,34205426961.50048,109869735805,0.3113271066948705,0.3638122940328481,0.1914721668425331,1.146664263414897,0.2563958255346785,0.3529493209651939,0.2944801427519665,0.6066350710900474,일반,⑦ 일반
망우3동,11260660,2020,13326968907.97218,45515298370,0.2928019673656855,0.5237515021699285,0.2419328349884658,1.1848255129600236,0.2330933945935154,0.3765842952992159,1.4004275486184343,0.8388625592417062,기존 강세,⑤ 성숙·정체
망우본동,11260655,2020,66755835022.288704,210896743482,0.3165332660908835,0.3457779625801761,0.2360430910269071,0.993062688411904,0.2638781561876028,0.3510753620257743,-0.398671914860898,0.3886255924170616,일반,④ 잠재 후보
망원1동,11440690,2020,55868603006.2305,159194913406,0.3509446489898014,0.3974708042186426,0.39157723406036,1.07217000254093,0.2855830075867644,0.4158902317447076,0.9047571714303058,0.7488151658767772,기존 강세,⑤ 성숙·정체
망원2동,11440700,2020,29489840091.2494,95726900118,0.3080622067036335,0.3133282953906087,0.3144047972503051,1.0256820857060611,0.24688369190758,0.3873776801744278,-0.3776888581075515,0.3981042654028436,일반,⑦ 일반
면목2동,11260520,2020,23015229156.16928,74564479012,0.3086621064228897,0.2920585182053682,0.2452234896867893,1.0392246856297112,0.2444326083612387,0.4093898489264214,-0.3268190476199338,0.4218009478672986,일반,⑦ 일반
면목3·8동,11260575,2020,37141039984.2687,114133405871,0.3254177836964542,0.4250546962283072,0.332246248831475,1.1281494676195505,0.2567939519050752,0.4312822959356476,1.1448139107242037,0.8056872037914692,기존 강세,⑤ 성숙·정체
면목4동,11260540,2020,10145853031.026466,40140679063,0.252757383977056,0.2806928644708862,0.207563007639296,0.9814966068128308,0.1994507046937249,0.3400467728156032,-1.5387778691183935,0.1350710900473933,일반,⑦ 일반
면목5동,11260550,2020,12961854834.534756,38582217252,0.3359541197405612,0.2103150565712853,0.21785476501002,1.0681407444342363,0.2737494479909005,0.4410792279989518,-0.2259747985251845,0.457345971563981,일반,④ 잠재 후보
면목7동,11260570,2020,39065738072.78635,138643202365,0.2817717522849743,0.3521321568544829,0.2782443795581178,1.0322424423991052,0.2269962420165856,0.3388972259188194,-0.6276058578564794,0.3151658767772511,일반,⑦ 일반
면목본동,11260565,2020,61252756787.80033,182262673685,0.3360685737204861,0.425607557025452,0.2643947582393329,1.1081501054448664,0.2650021933699694,0.4392455318819823,1.1974301100908766,0.8104265402843602,기존 강세,⑤ 성숙·정체
명동,11140550,2020,188093721929.6808,733697260636,0.2563642145353426,0.5353160218692093,0.4478740637332516,0.9996262954694132,0.1924924234834607,0.3841749308000206,0.3738391357721071,0.6232227488151659,신흥 성장,② 라이징스타
명일1동,11740530,2020,53017547689.72575,174123235024,0.3044829007594429,0.3445636268630689,0.2455885755459682,1.0979285216709862,0.2449386226606775,0.3782939749248338,0.037573311156752,0.542654028436019,일반,④ 잠재 후보
명일2동,11740540,2020,50669622164.69289,157255761771,0.3222115462992022,0.3625861079737874,0.2077811446907864,1.004950980911245,0.2590091859865402,0.4215847393213032,0.1952602835008322,0.580568720379147,일반,⑦ 일반
목1동,11470510,2020,79967125844.96045,245810461193,0.3253202709797352,0.3475468884374431,0.3146986661737848,1.149514699725816,0.2553932246224016,0.4289553237492672,0.7173920528425871,0.7156398104265402,기존 강세,⑤ 성숙·정체
목2동,11470520,2020,31524384299.710285,102085380315,0.3088041030207948,0.357384221045403,0.3733430239706895,1.0943681508509375,0.2366317349111205,0.4444412467877477,0.4799265566648747,0.6587677725118484,신흥 성장,② 라이징스타
목3동,11470530,2020,46687508381.33295,136993028681,0.3408020746081088,0.229030698423792,0.2821785568009811,1.068529040449253,0.2883626974113237,0.3630149019757914,-0.5058907799510941,0.3507109004739336,일반,⑦ 일반
목4동,11470540,2020,33892585040.169315,102596960647,0.3303468721337834,0.2902759149022689,0.1992687297272076,1.1484044855884326,0.2619585336009257,0.4285161895025937,0.4118950700480907,0.6374407582938388,일반,⑦ 일반
목5동,11470550,2020,50122476141.181015,149303031459,0.3357097016140969,0.1745555306769292,0.1236519323123705,1.0618676761111576,0.2660851968160438,0.4495529058995139,-0.4906262817540164,0.3578199052132701,일반,⑦ 일반
무악동,11110570,2020,5159435081.462825,18816950319,0.2741908223168979,0.552958011984216,0.2449050636726613,1.0033023416097226,0.2212618124306798,0.3314144672903305,0.4083045141506589,0.6327014218009479,일반,⑦ 일반
묵1동,11260620,2020,41535955766.62535,114993792920,0.361201719779097,0.3926107387240358,0.3202724908258466,1.0829652563801209,0.2918597686689818,0.4693869354457327,1.3461163191511731,0.8270142180094787,쇠퇴,⑥ 쇠퇴 주의
묵2동,11260630,2020,30139736109.64543,90296337494,0.3337869170125327,0.3547740513631424,0.2753442019246025,1.006436171397865,0.2629060677303488,0.4631771705998492,0.4751294766104534,0.6563981042654028,일반,⑦ 일반
문래동,11560605,2020,88959485851.26663,406063286069,0.2190778849091771,0.3162387352329595,0.2846958380383002,0.7756052010354655,0.1723507893104815,0.3105312120696707,-2.6285054918370805,0.0473933649289099,일반,⑦ 일반
문정1동,11710641,2020,33250041003.14325,98748897916,0.3367130338145864,0.5459702249625257,0.2689276121298075,1.0585854583657095,0.2754650905789254,0.394123677158467,1.5361369022968905,0.8625592417061612,쇠퇴,⑦ 일반
문정2동,11710642,2020,97717958539.72192,406936078312,0.2401309781749089,0.3522110354641747,0.2922927251409856,0.973758097576058,0.1931983265040514,0.2947705335308991,-1.4919533101664906,0.1445497630331753,일반,⑦ 일반
미성동,11620765,2020,23566326511.124752,83786316872,0.2812670062478928,0.3312412224826504,0.2522266047961626,1.025645008784492,0.2236716310687098,0.3744330375319806,-0.5731770681468447,0.3293838862559242,일반,⑦ 일반
미아동,11305535,2020,42555976546.2359,140296828288,0.3033281440894543,0.3888070870427916,0.2992062048389904,1.0683296427307187,0.242325612701737,0.3968329522796631,0.2955147362866658,0.6090047393364929,일반,⑦ 일반
반포1동,11650560,2020,58136635429.14208,227732079461,0.2552852262480579,0.2338946239066064,0.3602329392291395,0.9641901724135672,0.2034890964798662,0.3118633219619051,-2.060335694783965,0.0829383886255924,일반,⑦ 일반
반포2동,11650570,2020,19571499965.899605,64756098496,0.3022340817383947,0.1464269756397647,0.157552153047488,1.0976983153987248,0.2454429496857623,0.3660148257304917,-1.2877290838725068,0.1635071090047393,일반,④ 잠재 후보
반포3동,11650580,2020,82621807704.9943,262820443645,0.3143659852298028,0.556354164098078,0.1774916201991102,1.02168699585234,0.2649921239501148,0.3401589490723044,0.9783579034881849,0.7748815165876777,기존 강세,⑤ 성숙·정체
반포4동,11650581,2020,79749748637.6672,289619997835,0.2753599517775758,0.3945368184109254,0.2243837156335568,0.9947738336469094,0.2142992693493471,0.3806307365481166,-0.3494333757992089,0.4123222748815165,일반,⑦ 일반
반포본동,11650550,2020,3431446583.090569,13290302774,0.2581917539007128,0.7682623398900152,0.1562692914011712,1.523282677133212,0.1877320911665785,0.3354148641158715,3.6303656572674505,0.976303317535545,쇠퇴,⑦ 일반
발산1동,11500611,2020,250112184313.36795,660288869351,0.3787920649930143,0.0726268248927697,0.1962925174316414,1.100368594591137,0.3386126670963871,0.2687728467805819,-1.5306204868052022,0.1374407582938388,일반,⑦ 일반
방배1동,11650600,2020,61123113562.38616,253665709827,0.2409593066562765,0.2606393623288327,0.2659729693777425,1.17463398558057,0.1856568613988805,0.326211217718132,-1.0883350053975391,0.2061611374407582,일반,⑦ 일반
방배2동,11650610,2020,47478825540.592834,139579907339,0.3401551587599226,0.4744188187858014,0.3313948917279127,1.14570093433863,0.2596331666490102,0.4865051628604019,1.9343030757769029,0.9004739336492891,기존 강세,① 레전드
방배3동,11650620,2020,9286098277.799568,87907426165,0.1056349694549104,0.1975753612487762,0.21464711637198,0.9042415154385278,0.0795512901364446,0.1417811644900865,-4.875442622655547,0.0071090047393364,일반,⑦ 일반
방배4동,11650621,2020,58863016305.09737,214132299095,0.2748908807960014,0.2825586168537654,0.282631026107603,1.0694317715149004,0.2183363917615158,0.346910122928459,-0.9368363379833042,0.2322274881516587,일반,⑦ 일반
방배본동,11650590,2020,51618059074.62972,176295151297,0.29279341317601,0.354687311108505,0.2428915602270944,1.0902128136003792,0.2331501272190657,0.3738465207472869,-0.0725801433066293,0.523696682464455,일반,⑦ 일반
방이1동,11710561,2020,37351625012.39279,115116781393,0.3244672458733637,0.4451024476272902,0.2237087368963389,1.1464498685603517,0.2535723202453522,0.4485370526971644,1.434997086834645,0.8436018957345972,쇠퇴,⑦ 일반
방이2동,11710562,2020,119413449428.1828,334935239381,0.3565269801077754,0.5523066290393266,0.4471781136998402,1.0685553837168105,0.2782858042953584,0.498387872018191,2.360960851185101,0.9265402843601896,기존 강세,① 레전드
방학1동,11320690,2020,45632076823.11326,161229589301,0.2830254484983063,0.3056191827544051,0.2428685695830717,1.0657509913236858,0.2259168283434564,0.3539981070499818,-0.6870395810442331,0.2985781990521327,일반,③ 급성장 신흥
방학2동,11320700,2020,30231721705.511887,140547071205,0.2151003321970069,0.1580389089047755,0.1574855298173767,1.1181952289180872,0.1603955818696421,0.3187545177348827,-2.256535194735452,0.0687203791469194,일반,⑦ 일반
방학3동,11320710,2020,14998874957.08112,47003232998,0.3191030488843039,0.4221827091520356,0.2305727656533997,1.0069009700660907,0.2597697664864785,0.3979479564692049,0.4223430119535195,0.6421800947867299,일반,⑦ 일반
방화1동,11500630,2020,49418588742.3685,169300086496,0.2918993709051418,0.3121271734804962,0.2721368527776183,1.0495606878214545,0.2359758414532405,0.3610780608576022,-0.5698310495264787,0.3317535545023696,일반,④ 잠재 후보
방화2동,11500640,2020,25143751795.02117,88401492177,0.2844267803158529,0.4797241434464571,0.2349647495136308,1.1938775979737657,0.2184295935903204,0.3642449385190088,0.9383201882430734,0.7701421800947867,쇠퇴,⑦ 일반
방화3동,11500641,2020,11314977919.11005,36352437153,0.311257753406948,0.4848540789663517,0.295522845078722,1.0338714266663012,0.2446308817087414,0.4184079426087331,0.9259546475974424,0.7630331753554502,쇠퇴,⑥ 쇠퇴 주의
번1동,11305595,2020,69610631908.36072,228122042826,0.3051464516362244,0.2846060104832633,0.4114385484816577,1.0439676607942332,0.2421760191238451,0.411187539217973,-0.3628600644314693,0.4028436018957346,일반,④ 잠재 후보
번2동,11305603,2020,5156506851.809192,28095467124,0.1835351884007063,0.6615101991710169,0.1457209587557523,0.7940837487230689,0.1334165732662975,0.2886311370161507,-0.9005561631203538,0.2464454976303317,일반,⑦ 일반
번3동,11305608,2020,12625633710.04515,46298429606,0.2727011222084505,0.2360009262945712,0.1968530937563135,1.1000472214130008,0.2181309270950135,0.3477926346537085,-1.0981020931467658,0.2014218009478673,일반,⑦ 일반
보광동,11170700,2020,22940986863.632183,73285157072,0.3130372885889225,0.3473697826558436,0.2945615320001507,1.0679199981153222,0.2538990372050273,0.3867719693791803,0.0734329903452666,0.54739336492891,신흥 성장,② 라이징스타
보라매동,11620525,2020,25647207090.8856,84656052857,0.3029577475601012,0.3392677429872059,0.3329768766518762,1.0730401498605755,0.2393652203727148,0.4112501426425913,0.0751095351662531,0.5497630331753555,일반,④ 잠재 후보
보문동,11290610,2020,16331997973.28498,52187472564,0.3129486286820322,0.3880338848976798,0.3160581453101083,1.0636063339097033,0.2432693489693481,0.4394494923638088,0.5730340756868569,0.6872037914691943,신흥 성장,⑤ 성숙·정체
부암동,11110550,2020,5754471191.759803,15084397760,0.3814849809263981,0.8044247496029964,0.3308666627205142,1.0747693811880208,0.3216315623726963,0.4040020464164689,3.730047885037352,0.9786729857819904,기존 강세,⑤ 성숙·정체
북가좌1동,11410710,2020,3812881270.7177696,13455320295,0.2833735048384271,0.4079801581564655,0.224058049522633,0.8494424596047919,0.2061746784304252,0.5565524903768186,0.2650778496672535,0.5971563981042654,일반,⑦ 일반
북가좌2동,11410720,2020,43974702146.99916,136705976547,0.3216735892441432,0.3480404391145408,0.284404094846819,1.054694312261294,0.2608342139507031,0.3971678447308637,0.1596307411016257,0.5734597156398105,일반,⑦ 일반
북아현동,11410555,2020,17262555122.66462,46002700740,0.3752509058159401,0.3009405145198873,0.2227472189712138,1.0921943056583705,0.3198044361166783,0.3973142173826205,0.5763617724057494,0.6895734597156398,일반,⑦ 일반
불광1동,11380520,2020,44461077917.87515,149618043666,0.297163876952755,0.3127884981805494,0.2558618942876828,1.0104950371754255,0.238236489634706,0.3860278371098963,-0.5349195600511408,0.3412322274881517,일반,④ 잠재 후보
불광2동,11380530,2020,29816582672.70916,95984709893,0.3106388789000615,0.3781923917514215,0.2392175486241118,1.1495257228632982,0.2476124474251631,0.3880546176940248,0.5553089148419965,0.6753554502369669,일반,⑦ 일반
사근동,11200550,2020,38570556168.552734,114415553884,0.3371093776957757,0.6182234821300077,0.6663326071409363,1.0845814656239523,0.2547480136009372,0.5137581616621456,2.725350321475042,0.9478672985781992,기존 강세,⑤ 성숙·정체
사당1동,11590620,2020,60601688976.40312,190266899541,0.3185088374415028,0.5074393576545089,0.4274161995396153,1.077914689704312,0.239220035007676,0.4584620264766708,1.475079423513736,0.8554502369668247,기존 강세,① 레전드
사당2동,11590630,2020,81832791886.26932,240074047878,0.3408647982136529,0.4219314106682436,0.3044109027442155,1.1242491828244143,0.2693598779484149,0.4397018965358706,1.2853774355604026,0.8151658767772512,기존 강세,① 레전드
사당3동,11590640,2020,10307413371.111378,33593937206,0.3068236184376279,0.5131386665484737,0.2797141564080114,1.184818583445712,0.2303470692211068,0.4625617116181496,1.8991246050142847,0.8957345971563981,기존 강세,⑤ 성숙·정체
사당4동,11590650,2020,21250395807.65068,76049914633,0.2794269514988986,0.1733673211025391,0.2795594202254967,1.309379389066595,0.2229557578180694,0.3325265913582843,-0.6822293567791329,0.3009478672985782,일반,④ 잠재 후보
사당5동,11590651,2020,4920183060.988196,17013438034,0.2891939331224883,0.3708713162730763,0.2997657328758576,1.0637502188983412,0.2221235988544936,0.4198959604592286,0.1319894579699484,0.5592417061611374,일반,⑦ 일반
사직동,11110530,2020,57828687906.07404,240598466830,0.2403535179088823,0.7536062499563352,0.3469651188923995,1.008406749189903,0.1701446914369766,0.4171425146026147,1.7975751901963344,0.8815165876777251,기존 강세,⑤ 성숙·정체
삼각산동,11305575,2020,10493642921.199305,38263756674,0.2742449731374565,0.3104259467829794,0.2274056672776342,1.031252586976942,0.2175825553913044,0.3529984131479165,-0.8854770474780886,0.2559241706161137,일반,⑦ 일반
삼선동,11290555,2020,50049647023.67038,170687133708,0.2932244858554595,0.3496757862611093,0.2675612329756962,1.0308752675082864,0.2325311600515777,0.384447597862055,-0.2832693945823478,0.4431279620853081,일반,④ 잠재 후보
삼성1동,11680580,2020,352305157779.0658,1217979444163,0.2892537796655273,0.4528553999924358,0.3578108843515727,1.0088638400186756,0.2268905409088471,0.3868626301947189,0.2369574571825581,0.5924170616113744,신흥 성장,① 레전드
삼성2동,11680590,2020,92139337850.7346,402997387975,0.2286350745688963,0.3082917687141617,0.3323176129054909,0.985614893941495,0.1709937756352774,0.3482746428190419,-1.560013219658862,0.1279620853080568,일반,④ 잠재 후보
삼성동,11620745,2020,12790337835.664509,37040678314,0.3453051730651011,0.1935819750171759,0.1682592341092298,1.053624689571082,0.2933797254974319,0.3409240103798818,-0.895057285196552,0.2511848341232227,일반,⑦ 일반
삼양동,11305534,2020,18577020192.43823,60374452387,0.3076967070998773,0.1876017029090076,0.2260705527150904,1.085280043252258,0.247941362731486,0.3795826921808168,-0.96375571618548,0.2251184834123222,일반,⑦ 일반
삼전동,11710610,2020,75561815901.74925,227888795359,0.3315731946483568,0.2684056523035385,0.3101697811498325,1.0451920212947443,0.2687425297523796,0.4248134607254032,-0.115375960007778,0.5071090047393365,일반,④ 잠재 후보
삼청동,11110540,2020,34911036489.14408,84258066028,0.4143346522758154,0.7811320964704828,0.5092255495010019,1.179253467347263,0.3558675332761104,0.3722844223195917,4.122023450228636,0.9881516587677726,기존 강세,⑤ 성숙·정체
상계10동,11350720,2020,2958742496.6189723,10507999125,0.2815704932425917,0.2416492695511144,0.4072346555320064,1.0335380110139536,0.2125526338964174,0.4534701311178497,-0.6644880830648636,0.3056872037914692,일반,⑦ 일반
상계1동,11350630,2020,50154188714.60378,142126101038,0.3528851375525608,0.4751774488131723,0.2855390351990977,1.026691534541536,0.2866982807619936,0.4495398059144498,1.446068063378099,0.8483412322274881,기존 강세,⑤ 성숙·정체
상계2동,11350640,2020,101715102401.46524,298873245416,0.3403285639030303,0.496545432323449,0.4135900581697988,1.139979706916701,0.2717387852531151,0.4344133487936802,1.8054340971152123,0.8838862559241706,기존 강세,⑤ 성숙·정체
상계3·4동,11350665,2020,13807407604.189396,42280871768,0.3265639289547346,0.3855594582687366,0.1955140647846445,0.8651342626722139,0.2622897709595778,0.4307476154686083,-0.1467862770249752,0.485781990521327,일반,④ 잠재 후보
상계5동,11350670,2020,22245903083.37129,73320787825,0.3034051289310637,0.3649024805469621,0.2098092549239462,0.894023500482879,0.2455887370029087,0.4087257362199517,-0.4655473985044382,0.3649289099526066,일반,④ 잠재 후보
상계6·7동,11350695,2020,74208089356.47937,272966334104,0.2718580282072665,0.2791893195296542,0.3582116399040843,1.0934585142303783,0.2180613349825096,0.3308283336676744,-0.97147056503619,0.2227488151658767,일반,⑦ 일반
상계8동,11350700,2020,11549009666.437595,43795235182,0.263704707108966,0.2497295986777833,0.2600650259935393,1.2975325990901156,0.2051335877217164,0.341836382172302,-0.3557032192956644,0.4075829383886256,일반,④ 잠재 후보
상계9동,11350710,2020,14623580549.487589,51856773190,0.2819994313164781,0.1695443326522955,0.209543528406342,1.1465449970684838,0.2254374090182374,0.353038457520731,-1.2176218971750106,0.1706161137440758,일반,⑦ 일반
상도1동,11590530,2020,53802714235.36984,199083910686,0.2702514434741478,0.4065804373396414,0.3343137787712766,1.0200084488754364,0.2108098643048774,0.3684380557989417,-0.2857912102218963,0.4407582938388625,일반,⑦ 일반
상도2동,11590540,2020,21629306150.832005,75071204911,0.2881172105399725,0.3229911922520255,0.2953359967018633,1.1548461299433426,0.2285346345824551,0.3674050206960051,-0.0912438443462661,0.514218009478673,일반,⑦ 일반
상도3동,11590550,2020,34288556062.65328,116434456167,0.2944880509724181,0.2829364353860134,0.237538768329291,1.2143094160755517,0.2313993969307187,0.3507238720849875,-0.1837714165279177,0.4739336492890995,일반,⑦ 일반
상도4동,11590560,2020,27318960186.19628,90035242883,0.3034251845324283,0.2120248974816107,0.2667636837078493,1.06680082504879,0.2398848041768102,0.4184490605968436,-0.6956939409769414,0.2962085308056872,일반,④ 잠재 후보
상봉1동,11260580,2020,95166194582.85445,201504560134,0.472278118765993,0.9149502412123908,0.4702170375449117,1.1198532295697086,0.4065839629858389,0.4911092485261443,6.011427956991833,1.0,기존 강세,⑤ 성숙·정체
상봉2동,11260590,2020,76839939667.06598,214631538981,0.3580086134212928,0.5930850796502402,0.4512293872783224,1.042984322765492,0.2874646763515115,0.4713666547438583,2.4116963626655554,0.933649289099526,기존 강세,⑤ 성숙·정체
상암동,11440740,2020,54952199610.59136,264341406561,0.2078834350074113,0.5335203741962963,0.3736524379588908,0.971267449557736,0.1449899728635801,0.3714600986521608,-0.290425317580534,0.4360189573459715,일반,④ 잠재 후보
상일동,11740520,2020,14892458295.014091,65970201063,0.2257452312566418,0.4376827074609942,0.2292650617595708,1.6120007186122975,0.1568013016834906,0.3156028756546765,1.494092765878349,0.8578199052132701,기존 강세,⑤ 성숙·정체
서강동,11440655,2020,45900048113.28462,119950275433,0.3826589638714316,0.5673202270970228,0.5344969515790007,1.1196078922254251,0.3057657497625864,0.4866578462973691,2.845568046201401,0.9549763033175356,기존 강세,⑤ 성숙·정체
서교동,11440660,2020,374579503253.4855,986125647137,0.379849671632611,0.5477164372137691,0.621093545492089,1.145168044246737,0.3037464308383278,0.4823571777409791,2.779893192750291,0.9502369668246444,기존 강세,① 레전드
서림동,11620665,2020,19363952899.995224,62268526285,0.3109749668936656,0.3997951722842833,0.4675359761487248,1.0079375847377643,0.2502456669952326,0.4119837158114942,0.2927477913326787,0.6042654028436019,신흥 성장,② 라이징스타
서빙고동,11170690,2020,3165924909.2776585,15299607606,0.2069285037111728,0.2627972855606582,0.1817990783573564,0.9193872524991152,0.1563343404351098,0.324300794946806,-2.423754199433282,0.0545023696682464,일반,③ 급성장 신흥
서원동,11620645,2020,72764455368.63745,183773213644,0.3959470149419849,0.6027966707411212,0.6198544629070273,1.14139480462382,0.3204144905637203,0.4996606978636136,3.386377373824782,0.971563981042654,기존 강세,⑤ 성숙·정체
서초1동,11650510,2020,50427430393.52397,235025196724,0.21456180484658,0.4010074978883139,0.2892362672195918,1.0114577177446789,0.1600163362235774,0.321505580041001,-1.1579204327499442,0.1919431279620853,일반,⑦ 일반
서초2동,11650520,2020,75222099042.67407,359564571236,0.2092033116168781,0.4383504181382467,0.3335660472212609,1.0004600694865844,0.1489088779963738,0.3417327124878248,-0.9345965551322292,0.2345971563981042,일반,④ 잠재 후보
서초3동,11650530,2020,126736735143.70747,572198367370,0.2214909065998013,0.4720439812201417,0.2737301455802998,1.040473195898158,0.1587403881270882,0.3647334865201539,-0.3059973311069257,0.433649289099526,일반,④ 잠재 후보
서초4동,11650531,2020,151112989423.73956,578616265880,0.2611627054658001,0.3342424066991388,0.4703565821937034,1.1396146666141804,0.2044946976508596,0.317531049346794,-0.6534192418622717,0.3080568720379147,일반,⑦ 일반
석관동,11290810,2020,38908614030.49619,118149606382,0.3293164930630178,0.5084564970599192,0.2757959954571997,1.0334845057938902,0.263628642132703,0.4397020340299215,1.3981639795198435,0.8364928909952607,기존 강세,⑤ 성숙·정체
석촌동,11710600,2020,84616585551.99023,308581459415,0.27421150224775,0.3119432570786553,0.2963100920850572,1.0113619793294948,0.2153960336113734,0.3589780377667607,-0.9379915761352796,0.2298578199052132,일반,③ 급성장 신흥
성내1동,11740640,2020,51784949039.66689,155197146290,0.3336720440909525,0.3017487499962973,0.2569231251036813,1.098985667159642,0.2767831980990995,0.357052345585368,-0.0728552742215171,0.5213270142180095,신흥 성장,② 라이징스타
성내2동,11740650,2020,43253987095.637695,136870788534,0.3160205881687676,0.4306210995296405,0.3755595033503513,0.795744856653363,0.2584159602924612,0.4195844430729946,-0.2650088245834044,0.447867298578199,일반,④ 잠재 후보
성내3동,11740660,2020,69719906957.72516,233173183227,0.2990048254813722,0.3059717423531694,0.2321142385413594,1.0432088349039448,0.2380420619422794,0.3839158478222219,-0.4583212831954451,0.3672985781990521,일반,③ 급성장 신흥
성북동,11290525,2020,20675809449.268063,64288663150,0.3216089499485581,0.5945849253205384,0.2474835859454327,1.1482887351814626,0.2620186050485636,0.3728623819890397,1.940846820119716,0.9028436018957346,기존 강세,⑤ 성숙·정체
성산1동,11440720,2020,32581441060.24831,121059080316,0.2691366973481139,0.3094369987795868,0.2602851221630786,1.1530346903945885,0.2147861259240329,0.3313232528803445,-0.5616659992107842,0.3341232227488152,일반,⑦ 일반
성산2동,11440730,2020,41925397420.207016,135590700137,0.3092055530198299,0.3476080854466987,0.3095483228760666,0.9420511334383502,0.2522789306821027,0.401380375667438,-0.3622928400361334,0.4052132701421801,일반,⑦ 일반
성수1가1동,11200650,2020,23287471921.454727,84192270359,0.2765986927559477,0.3411820465526781,0.291515097304611,0.8023521574822692,0.2272187620719629,0.3329227630455946,-1.6895331653576051,0.1090047393364928,일반,③ 급성장 신흥
성수1가2동,11200660,2020,46394819038.25748,176890274063,0.2622802145794281,0.5136311371457384,0.2874040435083138,1.038886268256766,0.2098715466503155,0.3392439455751401,0.2554114466231757,0.5947867298578199,신흥 성장,② 라이징스타
성수2가1동,11200670,2020,53474488540.599495,215956570856,0.2476168626341836,0.3366087062822999,0.3176081416236951,1.0814582614996873,0.1944268034613193,0.3256128062659795,-0.9192678785815354,0.2440758293838862,신흥 성장,② 라이징스타
성수2가3동,11200690,2020,81399222312.22762,358221712167,0.2272314031994799,0.3882956699122543,0.3715505922961784,1.0171558501580171,0.1742661549724757,0.3123614829405863,-1.1426664141098344,0.1943127962085308,일반,③ 급성장 신흥
성현동,11620565,2020,8613073922.312012,30852032714,0.2791736285954209,0.3224974422993217,0.251295015238392,1.2065740058497674,0.2073930142404036,0.3972306134123464,0.1261489550246329,0.556872037914692,일반,⑦ 일반
세곡동,11680700,2020,23636200206.36092,98747028511,0.239361128762755,0.2613964987829951,0.2616173629581391,1.008658331546939,0.1862027256440609,0.3372918469976014,-1.691104485157738,0.1066350710900474,일반,⑦ 일반
소공동,11140520,2020,57383825170.43961,293660269159,0.195408882974801,0.6559443105178959,0.3061070206311395,0.9404743104620256,0.1377973364421668,0.3517416224224499,0.1473935330448963,0.566350710900474,일반,⑦ 일반
송정동,11200720,2020,5127435178.17067,19096349202,0.2685034256513105,0.4048764513685289,0.2770259998411606,1.0263340478644718,0.2095404569047637,0.3641184562791595,-0.3119155734669407,0.4312796208530806,일반,⑦ 일반
송중동,11305545,2020,100736947268.50575,292475789791,0.3444283280352581,0.4676712130523462,0.3528525103590494,1.1300332180392474,0.2828467364020624,0.4027480380382059,1.469722904213825,0.8530805687203792,기존 강세,⑤ 성숙·정체
송천동,11305555,2020,42453208694.3636,137939229857,0.3077674765791744,0.2921453098786819,0.2364990201034133,1.0193313002869937,0.2456782935944473,0.4080602749149217,-0.4062403948407815,0.3838862559241706,일반,⑦ 일반
송파1동,11710580,2020,62037869265.63751,231375311066,0.2681265731413372,0.3041802207795805,0.3282210733164067,1.077105899956918,0.2045292792302332,0.3832131824890682,-0.6496681199096686,0.3127962085308057,일반,③ 급성장 신흥
송파2동,11710590,2020,24105266849.482887,84174049132,0.2863740915169889,0.2327745776405951,0.2314845654442028,1.0865681301273564,0.2218968201316966,0.3965360748614723,-0.8035909874094758,0.2677725118483412,일반,⑦ 일반
수궁동,11530790,2020,11055791843.219486,37665245609,0.2935276715832098,0.4091025541412659,0.2596020043119958,1.0467724521832924,0.2213985776852975,0.4399651448453667,0.4328697316964794,0.6516587677725119,일반,⑦ 일반
수색동,11380650,2020,3209928515.658237,12929291076,0.248267944219824,0.3448625861070374,0.1978438045028046,0.9109694296943728,0.1933603726843654,0.3475205851263179,-1.4344157059036613,0.1516587677725118,일반,④ 잠재 후보
수서동,11680750,2020,41334715963.788246,212461212227,0.1945518220974141,0.279188235434825,0.2691711818950658,1.772000387199837,0.1123997330086079,0.3395451439198382,0.9085852780312884,0.7535545023696683,쇠퇴,⑥ 쇠퇴 주의
수유1동,11305615,2020,45611643260.61537,145241892866,0.3140391684560089,0.2639809167481275,0.1914884057911545,1.11087542418432,0.2665109920848558,0.3029177842827412,-0.729895755956168,0.2843601895734597,일반,⑦ 일반
수유2동,11305625,2020,24811721552.785625,79228940143,0.3131648802571768,0.4002423251499433,0.2414944012941016,1.1673433791525798,0.2483290551342596,0.3981520876975541,0.8439721931377523,0.7345971563981043,쇠퇴,⑦ 일반
수유3동,11305635,2020,79001056501.8733,233183919989,0.3387929000661796,0.5642829439148597,0.385272484891917,1.1465940955734302,0.2662953406132346,0.4592956429287759,2.37820214155207,0.9289099526066352,기존 강세,⑤ 성숙·정체
숭인1동,11110700,2020,4768719640.9368725,15581003898,0.306059845190655,0.491712589968829,0.3647785341180459,1.0919857586131052,0.2415245696384845,0.3994088340995035,1.0502934606190464,0.7890995260663507,쇠퇴,⑦ 일반
숭인2동,11110710,2020,25457918001.36379,85313415210,0.2984046288464577,0.5791903495994156,0.3350521960659884,0.9961725890404926,0.2466261780894423,0.344445247827279,0.8722425901882542,0.7369668246445498,기존 강세,② 라이징스타
시흥1동,11545670,2020,85812890367.92368,276651378333,0.3101842141000734,0.3571303438766012,0.2556217871174961,1.1042020098576182,0.2501429911175153,0.3724988812416393,0.1517640237977088,0.5710900473933649,일반,⑦ 일반
시흥2동,11545680,2020,3914661659.81408,21875406694,0.1789526345532033,0.038909117435218,0.1402153895882215,1.5673066032307823,0.1363413780927807,0.2262575596072253,-2.0037625257990794,0.0876777251184834,일반,⑦ 일반
시흥3동,11545690,2020,13586540988.253586,47439933154,0.2863946065047945,0.2953620752270927,0.1970751488340092,0.9893860382390114,0.2217707945929708,0.4384884168043151,-0.5264522501422213,0.3436018957345971,일반,④ 잠재 후보
시흥4동,11545700,2020,11730164198.67517,39176819104,0.2994159420532818,0.3685599690896232,0.2388215120569784,1.0007845659131964,0.2382724816483865,0.3917975993470284,-0.1848579492644169,0.471563981042654,일반,⑦ 일반
시흥5동,11545710,2020,28585006392.17461,92248612832,0.3098692274563808,0.27964623922292,0.2208373971335556,1.053089845536907,0.2523569261946081,0.3742583602625592,-0.5141422637985271,0.3483412322274881,일반,⑦ 일반
신길1동,11560630,2020,28256347428.102955,111758837512,0.2528332260530981,0.27543969290746,0.298116196828037,0.9870309728807208,0.1999258750217484,0.3394143042417297,-1.5486769244287977,0.1327014218009478,일반,⑦ 일반
신길3동,11560650,2020,18425695210.462112,56309713444,0.3272205465720663,0.2977987098740385,0.2648706475630134,1.1007837243094598,0.2664611205653145,0.396026707491195,0.0805155571672249,0.5521327014218009,일반,⑦ 일반
신길4동,11560660,2020,3178586132.130565,11831972972,0.2686437958954598,0.450042814719168,0.2216869549319657,0.7137460265171364,0.2189772808078047,0.3836880512441387,-1.1020223771284536,0.1990521327014218,일반,⑦ 일반
신길5동,11560670,2020,6882958139.060136,26016809713,0.2645581151181991,0.2227299095055652,0.2054890375866739,1.1964874803285994,0.2117300175450608,0.2937739482016866,-1.2130403302378352,0.1729857819905213,일반,⑦ 일반
신길6동,11560680,2020,35919276942.67111,111238553798,0.3229031277042449,0.3238143519504083,0.2611062796604086,1.1058357189331838,0.2502848561709777,0.4419251894380872,0.4280572719813208,0.6469194312796208,일반,⑦ 일반
신길7동,11560690,2020,8976509229.516735,29211435840,0.3072943513863485,0.6041939022672841,0.3400579184265117,1.0619457449258654,0.2353342138556103,0.4571216970346638,1.970741670044093,0.90521327014218,쇠퇴,⑦ 일반
신내1동,11260680,2020,47301631096.70428,211588636835,0.2235546851865717,0.2105339115339076,0.2471444567166375,1.2194099934864928,0.1659148993165259,0.3182399747464208,-1.4581879273442886,0.1492890995260663,일반,④ 잠재 후보
신내2동,11260690,2020,28631862292.1016,91432749758,0.313146682866731,0.2816124706426332,0.2521728975780105,1.060046753812837,0.248385615177377,0.4234522304915409,-0.17203999598441,0.476303317535545,일반,⑦ 일반
신당5동,11140650,2020,21753733498.374947,72449042651,0.3002625390533671,0.5767776631127537,0.2902422670413265,1.0223126390108397,0.2340656228639059,0.4116835327373138,1.3095746358627574,0.8199052132701422,기존 강세,⑤ 성숙·정체
신당동,11140615,2020,49670110181.63635,207455574745,0.2394252853541766,0.7633200999377656,0.3330044449223219,0.9145018964918374,0.1880765074930356,0.306887071679111,0.879652817076432,0.7417061611374408,기존 강세,⑤ 성숙·정체
신대방1동,11590670,2020,18228686499.234657,61889778131,0.2945346881136108,0.2884082098051559,0.3148771005407565,1.056656996969827,0.2379361882317684,0.3638773944435874,-0.6516427106704482,0.3104265402843602,신흥 성장,② 라이징스타
신대방2동,11590680,2020,29731354040.93381,111262992720,0.2672169183490736,0.5451985281723959,0.3647290749416038,0.9790162927162176,0.2109132324802345,0.3555839475535545,0.327417859903727,0.6137440758293838,일반,⑦ 일반
신도림동,11530510,2020,38782892454.37079,120989080847,0.3205486989641217,0.3660260178023997,0.3242551368880224,1.0468680011295308,0.258654920848388,0.3971835970038411,0.2196923513469499,0.5876777251184834,신흥 성장,② 라이징스타
신림동,11620695,2020,70916749353.58234,198926350379,0.3564975138711879,0.5542727555496324,0.5598336981190427,1.130826282540354,0.2790800725254782,0.4956901225912677,2.6206998514684257,0.9407582938388626,기존 강세,⑤ 성숙·정체
신사1동,11380631,2020,22929357583.174843,76163041766,0.3010562216464778,0.3454437018919731,0.2935521504602088,1.2320817525501264,0.2331200269751579,0.3890649801781972,0.5625519171222073,0.6800947867298578,일반,⑦ 일반
신사2동,11380632,2020,11381434271.68972,36516219848,0.3116816121456526,0.1638926854672167,0.2137048009482671,0.9933689552847672,0.2455718839279346,0.4219978692247904,-1.2248051301211935,0.1682464454976303,일반,⑦ 일반
신사동,11680510,2020,342165809820.4409,1117031290225,0.3063171218341785,0.3666254265424465,0.4885086497371846,1.1158713631340222,0.2451167684719456,0.3691776544781794,0.1896168857042059,0.5781990521327014,일반,⑦ 일반
신수동,11440630,2020,15508404042.332493,71269262777,0.2176029811176517,0.3640835883372421,0.256308497509744,0.8832842601605154,0.1714631178553968,0.3017054760097676,-1.9501008546643848,0.0947867298578199,일반,⑦ 일반
신원동,11620655,2020,17281777148.53105,56479548740,0.3059829183141425,0.3237058085425489,0.2932368255497503,1.09864411407272,0.2445124613083089,0.3812965969883561,-0.0738493895735225,0.518957345971564,일반,④ 잠재 후보
신월1동,11470560,2020,31367721910.2333,95012130443,0.3301443906581121,0.2899240247804533,0.2555017494693859,1.1302803523515834,0.2659145178641913,0.4003825062824142,0.1782755480753771,0.5758293838862559,일반,⑦ 일반
신월2동,11470570,2020,20250164488.272614,64781296771,0.3125927620723054,0.1666169177217195,0.1945159309104933,1.0806160372156182,0.2511395860368613,0.3916989780352664,-1.0014575337434115,0.2156398104265403,일반,⑦ 일반
신월3동,11470580,2020,7698367518.93006,25557161308,0.3012215412405871,0.4218186237540181,0.2964049378452982,1.0240045628836745,0.2458156909246988,0.3759980814063264,0.2085346744951653,0.5853080568720379,일반,⑦ 일반
신월4동,11470590,2020,16107208625.096548,49276159260,0.3268763001618837,0.5202530386090809,0.2556906060295901,1.1173818309339838,0.2577025079409568,0.4332753004013243,1.720412314341433,0.8767772511848341,기존 강세,⑤ 성숙·정체
신월5동,11470600,2020,9916886816.546623,33198149615,0.2987180590350087,0.53389880946833,0.272621212988048,1.3672498244531754,0.2269418279142845,0.3924051103774146,2.2721241602535223,0.9218009478672986,쇠퇴,⑥ 쇠퇴 주의
신월6동,11470610,2020,12085193176.885578,40171259985,0.3008417754732663,0.2511428493347518,0.1941870491966845,0.9765294020169492,0.2511484042015915,0.3324940517421512,-1.309571897433703,0.1611374407582938,일반,⑦ 일반
신월7동,11470611,2020,16456493069.182856,56507635364,0.2912260080107155,0.3224748462684583,0.2723169649530833,1.0147747189503225,0.2324529799448714,0.3841188425454497,-0.5239630264209519,0.3459715639810427,일반,⑦ 일반
신정1동,11470620,2020,33388012734.676945,108074973142,0.3089338055241369,0.3503559392723555,0.2113081349924949,1.0423525482904932,0.2392898307735024,0.4408679591471816,0.2203729641192656,0.590047393364929,신흥 성장,② 라이징스타
신정2동,11470630,2020,26628533632.893387,87953474292,0.3027570411202669,0.2714339893241883,0.1595701896823939,1.0549918963820253,0.2381451244945893,0.4155236858144692,-0.4080299335254186,0.3815165876777251,일반,⑦ 일반
신정3동,11470640,2020,28971386356.08761,101471161906,0.2855134977455553,0.1705326308378144,0.2465982208440683,1.023533370631676,0.2289358182920972,0.3672617319738844,-1.5911702675132666,0.1255924170616113,일반,⑦ 일반
신정4동,11470650,2020,78074950540.71518,265125410005,0.2944830921307873,0.3654987631331621,0.2597058690025278,1.0483046078775362,0.2367898107835686,0.3741443673057564,-0.1422409337124433,0.490521327014218,신흥 성장,② 라이징스타
신정6동,11470670,2020,7804729198.705936,31620161964,0.2468276161137862,0.0870120152493979,0.2007349402645836,0.9624233492089392,0.1775503311270768,0.4573148248722866,-2.234598446361169,0.0710900473933649,일반,⑦ 일반
신정7동,11470680,2020,21266244759.888927,82088071017,0.259066201659006,0.1785751299840414,0.1585532165362321,1.036911868184903,0.1970467883530873,0.3912116563117849,-1.621053859082794,0.1137440758293838,일반,⑦ 일반
신촌동,11410585,2020,122247446801.33734,392770646451,0.3112438465194427,0.4727261473959551,0.5707952567987256,1.0051348798110178,0.2404610890054957,0.455366252320775,0.945358012636498,0.7725118483412322,기존 강세,⑤ 성숙·정체
쌍문1동,11320660,2020,13208930936.912971,42598820698,0.3100773852533698,0.319623808896645,0.2688483119331445,1.07300049757243,0.2513945500022443,0.3779199995495612,-0.1642637904703388,0.4834123222748815,일반,⑦ 일반
쌍문2동,11320670,2020,28303859345.51047,92003684688,0.3076383238507634,0.2839871267178481,0.2484708900575332,1.1550962555820967,0.2441993784726145,0.3971741531213487,0.0171899241142327,0.5379146919431279,일반,⑦ 일반
쌍문3동,11320680,2020,24833911876.44816,81411063758,0.3050434514683247,0.3226264646298641,0.2592721593067972,1.0286323397011832,0.2399539102580559,0.4126529605344798,-0.198543166863826,0.466824644549763,일반,④ 잠재 후보
쌍문4동,11320681,2020,11207629491.542671,38486202199,0.2912116252362745,0.2450539459891174,0.1856386966959717,0.9675032289274976,0.2325363750292965,0.387866269574083,-1.1799462810468215,0.1824644549763033,일반,⑦ 일반
아현동,11440555,2020,23599748510.70464,98830425548,0.2387903156325346,0.2557161136043639,0.2875687524910706,1.1644291975749637,0.182350771901181,0.3301202492662973,-1.1659020958676631,0.1872037914691943,일반,⑦ 일반
안암동,11290600,2020,31821833671.293053,114447075673,0.2780484646214544,0.6693996818485227,0.5221193689538476,0.9714260327765376,0.2171815226893027,0.3989190998243288,1.4332426326491412,0.8412322274881516,기존 강세,⑤ 성숙·정체
암사1동,11740570,2020,41823701654.64133,122199336521,0.3422580092933148,0.353623774426745,0.2395715581972001,1.0758298875548271,0.2755573574837969,0.4349044613991583,0.6807549791033549,0.7061611374407583,기존 강세,⑤ 성숙·정체
암사2동,11740580,2020,23371721686.831085,74575810427,0.3133954770724075,0.4458484178398159,0.3049475842070958,1.061652452943288,0.2447533247374762,0.4367848003728406,0.9237688662270954,0.7606635071090048,기존 강세,⑤ 성숙·정체
암사3동,11740590,2020,15844849475.821466,51928397000,0.3051288002558882,0.3214014940033677,0.2572000794478597,1.0703807456382055,0.2441492221298493,0.3943427868763212,-0.119333767543462,0.504739336492891,일반,⑦ 일반
압구정동,11680545,2020,316919065983.313,1026854524379,0.3086309291717566,0.5754952990448015,0.4549610217742681,1.095269976093712,0.2495905945674201,0.3556721885146023,1.365488784960112,0.8317535545023697,기존 강세,⑤ 성숙·정체
약수동,11140635,2020,30587281317.54844,135010851809,0.2265542429198232,0.2137526699396487,0.2299888803377663,0.98268855140192,0.1653090163713212,0.3653623494264313,-2.102113280902941,0.0805687203791469,일반,③ 급성장 신흥
양재1동,11650651,2020,87924462389.28214,349497180524,0.2515741679445232,0.3840906145157924,0.3066265803155484,1.1892635102013551,0.1913343616298729,0.3303213021287086,-0.1703275773421277,0.4786729857819905,일반,⑦ 일반
양재2동,11650652,2020,84404358389.86884,452057218886,0.1867116702568441,0.4334386512350154,0.2545197472712304,0.9790139821208949,0.1417562132641447,0.2705502640647859,-1.6114327374990214,0.1184834123222748,일반,⑦ 일반
양평1동,11560610,2020,21869774929.18017,107625709705,0.2032021436989805,0.3189345773243744,0.2396733739336413,1.4540989231534711,0.1454950358415385,0.2611705883477593,-0.3881597883996787,0.3933649289099526,일반,⑦ 일반
양평2동,11560620,2020,32639433725.72749,277947739806,0.1174301102376616,0.2128961275105235,0.1285235811880808,1.3287312424027458,0.0823424212730581,0.1613243330429559,-2.856655230836401,0.0426540284360189,일반,⑦ 일반
여의동,11560540,2020,171730272474.66843,950281655948,0.1807151294563825,0.5322841134709632,0.3031862314300695,0.9391658984981828,0.1230269839602137,0.3422527929685692,-0.8393532694214886,0.2630331753554502,일반,③ 급성장 신흥
역삼1동,11680640,2020,392295386043.0589,1699678788347,0.2308056020541272,0.4579294347545264,0.451152310151352,1.025159149208746,0.1705924508518396,0.3494690484704303,-0.4514614385442167,0.3744075829383886,일반,④ 잠재 후보
역삼2동,11680650,2020,76773147971.09195,351262501795,0.2185634605993254,0.3900986323241819,0.33791231119874,1.0272645603077364,0.1664564613820452,0.3163531474528198,-1.1355607719675471,0.1966824644549763,일반,⑦ 일반
역촌동,11380625,2020,41028318690.17366,138371565441,0.2965083076093957,0.394506440590035,0.277483461169423,0.988276896110552,0.2347321865694234,0.4087177728658013,0.0092067993120657,0.5355450236966824,신흥 성장,② 라이징스타
연남동,11440710,2020,50832037644.41895,118992259061,0.4271877687300692,0.7181241268996702,0.5958268796683199,1.2244784579370431,0.3421305728478525,0.5269521177663827,4.848099239023211,0.9976303317535544,기존 강세,⑤ 성숙·정체
연희동,11410615,2020,57279244886.53019,212273295297,0.2698372624139486,0.3826258209322097,0.3302130044333967,1.0268628289713178,0.2116159608449572,0.370127639621706,-0.3886012426064148,0.3909952606635071,일반,③ 급성장 신흥
염리동,11440610,2020,17162924618.921495,51454030167,0.3335584124939726,0.6561560129580122,0.341275779467749,1.1070815544245245,0.248216585941817,0.5120400582517892,2.9836285497798074,0.9597156398104264,기존 강세,⑤ 성숙·정체
염창동,11500510,2020,38862877423.76261,198133186918,0.1961452194268016,0.2544920381958442,0.255610811080125,0.991586204190622,0.1390274133298034,0.333969258473521,-2.2729397451375712,0.0639810426540284,일반,⑦ 일반
영등포동,11560535,2020,298002858939.9755,938815148762,0.3174244251735253,0.3037571226444858,0.3574189469859797,1.0070564263937802,0.2672516370148666,0.3288046563810353,-0.725914228865514,0.2867298578199052,일반,③ 급성장 신흥
영등포본동,11560515,2020,39441441634.30827,107410296455,0.3672035450608074,0.6094997154898226,0.3984628173420118,1.1422564020776649,0.2910975384850501,0.4729025559787055,2.971647241924082,0.957345971563981,기존 강세,⑤ 성숙·정체
오금동,11710570,2020,70683632113.16522,267513461892,0.2642245800015159,0.2481680606219441,0.1892116287644427,1.210134931389426,0.2111849403407144,0.3049202725129825,-0.9250828306646468,0.2393364928909952,일반,⑦ 일반
오류1동,11530770,2020,39080117360.15424,126484392627,0.3089718545386128,0.4071308289304894,0.364168668357644,1.1100516668516909,0.2460255863880972,0.3887066269827264,0.5627823843054394,0.6824644549763034,신흥 성장,⑤ 성숙·정체
오류2동,11530780,2020,23326039325.46572,76142977149,0.3063452494091514,0.2715220672753997,0.2585852003064026,1.048702649149439,0.2393513847027105,0.4286891471176037,-0.3316659539357595,0.4194312796208531,일반,⑦ 일반
오륜동,11710566,2020,5221314995.693824,12804463961,0.4077730244387404,0.9908562313614528,0.2712086109638901,0.9579764068293004,0.3654234870160528,0.308312732264638,4.171210550688524,0.9928909952606636,기존 강세,⑤ 성숙·정체
옥수동,11200645,2020,20825858773.07171,62754682168,0.3318614333400492,0.4740098511114493,0.3831855889354171,1.0519631621949783,0.2577565169670831,0.4678016727486456,1.396358455272272,0.8341232227488151,쇠퇴,⑥ 쇠퇴 주의
왕십리2동,11200520,2020,10326936614.341072,34716005366,0.2974690349729874,0.3163156642081503,0.3443447661667814,0.9938216007476356,0.2304137677900599,0.4355537483816852,-0.3151151643899707,0.4265402843601896,신흥 성장,② 라이징스타
왕십리도선동,11200535,2020,33822652115.758926,110097573990,0.3072061525972496,0.6314057442565815,0.3434069710058649,1.0601067304282692,0.230911250036346,0.4641770749339288,2.140871218462314,0.9123222748815166,기존 강세,⑤ 성숙·정체
용강동,11440590,2020,52949101039.8693,211087983701,0.2508390108783746,0.5069373898306513,0.2254881600007178,0.920989940490162,0.1886167624463001,0.3775524779605086,-0.2128897393584305,0.462085308056872,일반,④ 잠재 후보
용답동,11200790,2020,32748275088.82584,118652217937,0.2760022160412878,0.3213405945032098,0.3122818939943774,0.9989437631589912,0.2185660955935072,0.3668113547031132,-0.8467428635074878,0.2606635071090047,일반,⑦ 일반
용문동,11170590,2020,18284401448.816227,65097642866,0.2808765516510895,0.2928122879999948,0.1658737677526525,1.0670795554013468,0.2264684817904509,0.3514552456237932,-0.7742627757959364,0.2748815165876777,일반,⑦ 일반
용산2가동,11170520,2020,15643013835.388826,39822582151,0.3928176675252589,0.5542282614751483,0.4568418015440809,1.1750447731907605,0.3090459168201114,0.5200671851832676,3.2541032882582046,0.9691943127962084,기존 강세,① 레전드
용신동,11230536,2020,70244796656.2334,322894035961,0.2175475197216642,0.3916651639929173,0.2421798889293979,0.911756287725467,0.1764275289521936,0.254703874372376,-1.935103798123302,0.0995260663507109,일반,⑦ 일반
우이동,11305645,2020,29403004924.297035,73329009898,0.4009737069298543,0.6533785453212121,0.2174999909338064,1.0075735259864569,0.3448876271639087,0.4146325397859935,2.7946713601685014,0.95260663507109,기존 강세,⑤ 성숙·정체
우장산동,11500615,2020,28714203404.243786,97078066286,0.2957846659167001,0.3952723508104509,0.2705932459924606,0.96441366383903,0.2335586574232146,0.4223175767965667,-0.0025602935033736,0.533175355450237,일반,⑦ 일반
원효로1동,11170560,2020,46657946837.30876,737788821707,0.0632402463476712,0.066844145183573,0.1877603760144983,0.7306234471893053,0.0296418276850568,0.2216133817380235,-6.338774528021846,0.0023696682464454,일반,⑦ 일반
원효로2동,11170570,2020,64353259265.36514,442124153330,0.1455547243476021,0.0220705824246537,0.1683957769989313,1.204081154266468,0.1208337766317979,0.128744243304243,-4.433913820304754,0.0094786729857819,일반,⑦ 일반
월계1동,11350560,2020,25957064990.24432,75656985000,0.3430888105076394,0.5107586996230421,0.3877130202849083,1.036551093590149,0.2675680892782074,0.4854295900371922,1.7769719121958476,0.8791469194312796,기존 강세,⑤ 성숙·정체
월계2동,11350570,2020,5545284267.57348,19123346631,0.2899745726819733,0.3298583586710911,0.2244650525782753,0.9365488128546452,0.2404033238903643,0.3311888722831151,-1.0913121479517371,0.2037914691943128,일반,⑦ 일반
월계3동,11350580,2020,6484689707.126369,20461808468,0.3169167435648567,0.4839902702875793,0.2201870966120119,1.1666845248758644,0.2500760186472487,0.4264539877130864,1.5784337742505077,0.8672985781990521,쇠퇴,⑦ 일반
월곡1동,11290715,2020,13899031486.733604,50239634945,0.2766547070246353,0.3474791034232504,0.2419332139516206,1.0774613276262308,0.2302715499160162,0.298017420397082,-0.7194166340754127,0.2914691943127962,일반,⑦ 일반
월곡2동,11290725,2020,27227370505.57692,88764209648,0.3067381618509165,0.4448077407276234,0.3090728146715171,1.0404283693815464,0.2407256361177035,0.4178460237305306,0.6609238397011701,0.7014218009478673,기존 강세,⑤ 성숙·정체
위례동,11710647,2020,4403339928.783052,11482006112,0.3834991800066246,0.7274253317345735,0.4417436500664353,1.0628631865355394,0.3284662299611916,0.3719722520036227,3.0410960962113207,0.962085308056872,기존 강세,⑤ 성숙·정체
은천동,11620605,2020,47413279155.14631,141611257342,0.3348129240928938,0.2949694625415298,0.334390846016135,1.0364615246239488,0.2752980267370133,0.4026993193646804,-0.0750232921764014,0.5165876777251185,일반,④ 잠재 후보
을지로동,11140605,2020,153051085024.23236,920902281104,0.1661968790442684,0.1246317518438618,0.2080882490227633,1.07934107481147,0.1363131218064856,0.1683011494500757,-3.8893977180253856,0.0189573459715639,일반,⑦ 일반
응봉동,11200580,2020,1304987678.7371936,5610119952,0.232613150859986,0.3277158577232503,0.2025409388251882,1.377619359430428,0.165420441976318,0.3761776593114813,0.3283562371139948,0.6161137440758294,일반,⑦ 일반
응암1동,11380580,2020,45080506864.57552,145388353066,0.3100695888900462,0.3261293074932588,0.2948645313805772,1.0466035934061115,0.2468000625931239,0.3986645662647278,-0.1336075912650802,0.4928909952606635,신흥 성장,② 라이징스타
응암2동,11380590,2020,10112347815.358671,35077068145,0.2882894252608771,0.3721997038928978,0.2646261623300216,1.0333344734897167,0.2345252896277942,0.3511715649688885,-0.3416180834317454,0.4146919431279621,일반,⑦ 일반
응암3동,11380600,2020,54384012842.53856,162392314874,0.334892774234637,0.4331334881553651,0.2771482095992084,1.0485966764333472,0.2731131953529467,0.410415207054055,0.8757281229796006,0.7393364928909952,기존 강세,② 라이징스타
이문1동,11230740,2020,27056186905.75204,85626311210,0.3159798258667977,0.5331448434119693,0.475829833298269,1.0963343981259024,0.245644832409218,0.4426361133676121,1.664739478270486,0.8744075829383886,기존 강세,⑤ 성숙·정체
이문2동,11230750,2020,9185248056.748674,26477058031,0.3469134692379477,0.3258773289652424,0.2634571478006668,1.0536748384845476,0.2798948160827861,0.450910078227792,0.5654699752406643,0.6848341232227488,일반,⑦ 일반
이촌1동,11170630,2020,36458882055.81193,126138689087,0.289038060564159,0.4035025149016356,0.1912220801293065,1.0934738736650491,0.2295356027287583,0.3590748681933779,0.1119376875521157,0.5545023696682464,일반,⑦ 일반
이촌2동,11170640,2020,6665969741.002189,21045258052,0.31674450009268,0.2661941351423634,0.3174021911964721,0.927944907959142,0.2696005002638016,0.3390936283778099,-1.1973230180149383,0.1777251184834123,일반,⑦ 일반
이태원1동,11170650,2020,97894789713.05328,217954841735,0.4491517092888374,0.6524982945821045,0.598054606318333,1.177069618181724,0.3821671550030271,0.4454996286985788,4.056369393219141,0.9834123222748816,기존 강세,① 레전드
이태원2동,11170660,2020,17031881922.413,45406513001,0.3750977733533051,0.7072775091822779,0.483351439924855,1.1760408584937598,0.2877092413309141,0.4952886348155541,3.8480990885538384,0.981042654028436,기존 강세,⑤ 성숙·정체
이화동,11110640,2020,31020321801.055054,107220277033,0.289313949370861,0.7363724188727819,0.5025616522462021,1.026129816039575,0.2238841953990831,0.3965455026003523,2.1278652878124613,0.909952606635071,기존 강세,① 레전드
인수동,11305660,2020,19097543497.444805,63472600979,0.3008785397617982,0.3614006406888763,0.2496636195079344,1.1003293358151496,0.2391167108154501,0.3941400973039838,0.2073944432201548,0.5829383886255924,일반,⑦ 일반
인헌동,11620625,2020,38160907449.10253,116048302294,0.3288364128966284,0.3708200757903282,0.4110346721588034,1.098151640563117,0.2577066470324938,0.440158866293393,0.7492685974258626,0.7203791469194313,쇠퇴,⑥ 쇠퇴 주의
일원1동,11680730,2020,25707805085.80613,94494931060,0.2720548583657131,0.4471423614158886,0.2914002270398608,1.2771363096644843,0.2027555816071728,0.3758698134976976,1.0113866973234324,0.7819905213270142,기존 강세,⑤ 성숙·정체
일원2동,11680740,2020,2581160235.944593,9812670208,0.2630436141469672,0.7132548749364838,0.3818989446873297,0.9792215634880614,0.2062228566848417,0.3710565999692466,1.446155769282111,0.8507109004739336,쇠퇴,⑥ 쇠퇴 주의
일원본동,11680720,2020,8521882795.052978,36999911764,0.2303217058842978,0.8230047778824211,0.3500013990195525,0.9235641416199823,0.190582306465416,0.259598412025013,0.9906023757921034,0.7772511848341233,쇠퇴,⑦ 일반
자양1동,11215820,2020,36063726216.42455,124321866436,0.2900835327708814,0.350000216007053,0.2797806296361064,1.091266341959115,0.2310599454665349,0.3615270385691783,-0.2020802761374126,0.4644549763033175,일반,⑦ 일반
자양2동,11215830,2020,17980688784.8146,59356382958,0.3029276362331168,0.4124222984631954,0.2768288433550072,1.062078124126042,0.2386788925805083,0.405046236072234,0.4400184007058171,0.6540284360189573,일반,⑦ 일반
자양3동,11215840,2020,59870573069.19618,163422279158,0.3663550244046718,0.3161647169542041,0.4761581365645195,1.0762851612987154,0.2932779744533001,0.4781073200702276,0.9115144440230152,0.7582938388625592,기존 강세,② 라이징스타
자양4동,11215847,2020,49101958339.69974,134909973014,0.3639609232936714,0.5336822438881405,0.4858621519122084,1.083543003398882,0.2922084325145412,0.4728369019418622,2.2617107845402216,0.919431279620853,기존 강세,⑤ 성숙·정체
잠실2동,11710670,2020,37403280342.015045,135781232646,0.2754672322023357,0.1658423762561369,0.2409831294602253,1.1787084691481329,0.2180094225773847,0.3478851100148084,-1.212853178871626,0.1753554502369668,일반,⑦ 일반
잠실3동,11710680,2020,39941749043.0408,121463820208,0.3288365949189049,0.2664187240166241,0.3059614511577194,1.031526998698325,0.2759933733814182,0.3565395617546013,-0.5857489683148124,0.3246445497630332,일반,⑦ 일반
잠실4동,11710690,2020,7682555252.467103,30728524041,0.2500138061371427,0.4357160009421749,0.2476971707083755,1.0953430650560672,0.1918285870852445,0.3475251241078637,-0.1128666379208434,0.509478672985782,일반,⑦ 일반
잠실6동,11710710,2020,203241967344.9479,509555912152,0.3988609738362157,0.586617869276795,0.5540779779997531,1.074546268925444,0.3347835160925635,0.4197224776193003,2.593007788964477,0.9383886255924172,기존 강세,⑤ 성숙·정체
잠실7동,11710720,2020,3617482715.8877926,16907918512,0.2139519842918789,0.0545623543989315,0.1352104581280939,1.1453986351094905,0.1681816526370067,0.2979470579672261,-2.8633402144659312,0.0402843601895734,일반,⑦ 일반
잠실본동,11710650,2020,147759162847.49844,447277815679,0.3303520936382444,0.418133128722442,0.3906885562538407,1.1595438801530096,0.2589360293136435,0.4345804414464864,1.2745122843662433,0.8127962085308057,기존 강세,⑤ 성숙·정체
잠원동,11650540,2020,54381780612.09341,245329606038,0.2216682343820745,0.3855071582487713,0.3253773984157283,1.0470456571680182,0.1637357111101301,0.3330396590224194,-0.9931965390129424,0.2180094786729857,일반,⑦ 일반
장안1동,11230650,2020,77913991755.34167,430055260619,0.1811720466881306,0.2462192682995908,0.1775484667042498,0.7243846521888522,0.1505418273614758,0.2181587559862882,-4.121816784800964,0.0165876777251184,일반,⑦ 일반
장안2동,11230660,2020,93867303579.31358,296512544914,0.3165711036156622,0.2721316280071837,0.2273527947647285,1.088421415672618,0.2640122769702882,0.3482730476342965,-0.4835284325842693,0.3601895734597156,일반,⑦ 일반
장위1동,11290760,2020,11262667817.415443,33739039429,0.3338170857269501,0.4721324891160997,0.2380827228915,0.9437973764381892,0.2771409528915904,0.3915918975050557,0.5942671522589791,0.6919431279620853,신흥 성장,① 레전드
장위2동,11290770,2020,13322812310.965664,46185233389,0.2884647609930402,0.3721837274095928,0.1853922020461049,1.0273879834031432,0.2330124838031702,0.3600082519873135,-0.31988964213413,0.424170616113744,일반,④ 잠재 후보
장위3동,11290780,2020,8195913214.192201,27901761476,0.2937417847701839,0.1454046023040412,0.2361927060651215,0.9746210421597974,0.234857763823857,0.4030837489480372,-1.649842262704108,0.1113744075829383,일반,⑦ 일반
장지동,11710646,2020,27878341419.74876,100528216516,0.2773185716998337,0.2874282631822196,0.2661833975612316,1.0716570526875095,0.2169037283331246,0.3922901411338911,-0.5984288652878031,0.3222748815165877,일반,⑦ 일반
장충동,11140580,2020,19173503225.76272,62055656715,0.3089726906576774,0.7143207078217124,0.2532007168848797,0.9984969408170132,0.2543306795943558,0.3613429666691426,1.919596984431471,0.8981042654028436,기존 강세,⑤ 성숙·정체
전농1동,11230560,2020,36199224873.40636,108618812616,0.3332684642887917,0.4121380251067649,0.3846860117383112,1.113482341623353,0.2636022973775572,0.4405053501841716,1.130414642800602,0.8009478672985783,기존 강세,⑤ 성숙·정체
전농2동,11230570,2020,12994637716.558548,46663415420,0.2784759237959472,0.3625222649851205,0.263539104292165,1.0766741571750775,0.2258050199961124,0.3305719446842839,-0.4464103212661623,0.3767772511848341,일반,⑦ 일반
정릉1동,11290620,2020,9808130127.180368,36631105436,0.2677541398338806,0.3429627930270796,0.2424286295567965,1.066260940214144,0.2060411042518667,0.3745904456520917,-0.4961026296768037,0.3554502369668246,일반,⑦ 일반
정릉2동,11290630,2020,11077821391.802551,42158354497,0.2627669301606838,0.349495246192507,0.2601295024164282,1.1209493722104995,0.2063790520481329,0.3615452585580548,-0.314613221703593,0.428909952606635,일반,⑦ 일반
정릉3동,11290640,2020,9701345811.189802,29713068084,0.3265009787533122,0.6173442932969117,0.3285655410744018,1.000807124028055,0.2650108617776894,0.4177730756684925,1.808770340720235,0.8862559241706162,기존 강세,⑤ 성숙·정체
정릉4동,11290650,2020,23825434303.897484,70833014178,0.3363605880730319,0.2780966019813699,0.2256283192585615,1.0723015600642305,0.2752063498104608,0.3933839270481651,-0.0971907843863816,0.5118483412322274,일반,⑦ 일반
제기동,11230545,2020,440364931534.54016,1606576773050,0.2741013930498515,0.0343457000534407,0.1566697093598318,1.0218059265218853,0.2547237970520963,0.1283991860739916,-3.853426527599758,0.0213270142180094,일반,⑦ 일반
조원동,11620725,2020,42929158999.86244,180778051037,0.2374688672303259,0.261032346295966,0.4409379485880467,0.8903176535479485,0.1882999409316173,0.3226518047318802,-2.2654713607056447,0.0663507109004739,신흥 성장,② 라이징스타
종로1·2·3·4가동,11110615,2020,321223235789.699,1476070575287,0.217620512980717,0.3199075286580972,0.3023577136237021,1.01763020758964,0.1685531559699476,0.2977345554148386,-1.72475142988095,0.1042654028436018,일반,⑦ 일반
종로5·6가동,11110630,2020,75173810580.52658,327193131029,0.2297536331038188,0.3257279392474589,0.2059034903640101,0.97626480642745,0.1891437521178121,0.2471463267938615,-2.0136581328762504,0.0853080568720379,일반,⑦ 일반
종암동,11290705,2020,33190756668.6328,116356142727,0.2852514348684318,0.4284889564101268,0.2576844373343301,0.9715528090583132,0.2294959424501755,0.3726621351975955,-0.1440626306692904,0.4881516587677725,일반,⑦ 일반
중계1동,11350621,2020,13346945783.994583,40234063972,0.3317324790576237,0.2546850356486777,0.1608125759183251,1.070688731584089,0.2670231029725619,0.4384325890189992,-0.0182916131261298,0.5308056872037915,일반,⑦ 일반
중계2·3동,11350625,2020,216327347003.8005,504442907537,0.4288440649508652,0.8217887480786789,0.2183117802403089,1.0864847020816175,0.3796482511273151,0.360556353320637,4.135928579599502,0.990521327014218,쇠퇴,⑦ 일반
중계4동,11350624,2020,35069051759.6782,102432457500,0.3423626906508437,0.4795643613353706,0.2358061671321319,1.0734909081087591,0.2681571821412173,0.4714253633815238,1.6435763073586984,0.8720379146919431,기존 강세,⑤ 성숙·정체
중계본동,11350619,2020,41187405435.76167,133156692318,0.30931532406497,0.2487161231964839,0.1386960781129546,1.0094219341177606,0.2512133414377263,0.4022837806910505,-0.7077257419946384,0.2938388625592417,일반,⑦ 일반
중곡1동,11215740,2020,58532570564.38057,167313046452,0.3498386515911825,0.2515511607941133,0.2662787920294152,1.0281600121881602,0.2975751045886526,0.3615089590479271,-0.455476579569653,0.3696682464454976,일반,⑦ 일반
중곡2동,11215750,2020,38704854558.8289,144038430549,0.2687119986749787,0.3089399047489756,0.296203306620215,1.124186414494373,0.2063917414796241,0.369448101268342,-0.5014694534216593,0.3530805687203791,일반,④ 잠재 후보
중곡3동,11215760,2020,17309463669.36656,60251602352,0.2872863624147581,0.460228188920183,0.324339051894963,0.9985866975860174,0.2306327893292739,0.3666716793676551,0.1370403169213591,0.5639810426540285,일반,⑦ 일반
중곡4동,11215770,2020,40058037882.966354,124584552504,0.3215329435138455,0.2804024183726822,0.2850407030988841,0.9958830696395808,0.2663098748934766,0.4051748228848781,-0.4026631190674452,0.3862559241706161,일반,③ 급성장 신흥
중림동,11140680,2020,18287352768.774536,101434945675,0.1802865141503368,0.2990740890442144,0.2425242617846948,0.7223796144243937,0.1419134930492483,0.2703791802863801,-3.5203295198615634,0.0236966824644549,일반,⑦ 일반
중앙동,11620615,2020,39744764102.85138,127068850131,0.3127813312379629,0.3772402294864676,0.3929087669678993,1.035958472474357,0.2477077320881576,0.4258281558794032,0.3386460094459261,0.6184834123222749,일반,⑦ 일반
중화1동,11260600,2020,14534608803.10771,51783785495,0.2806787619748483,0.2142864287909471,0.2354190672324852,1.2582064536802169,0.2242717030434431,0.3263194280501489,-0.6678566181042978,0.3033175355450237,일반,⑦ 일반
중화2동,11260610,2020,45351693007.0029,130867862543,0.3465456845228249,0.3880223973499608,0.2754151498283786,1.0104660280462558,0.2870342598791779,0.4075365585456546,0.5455360904219083,0.6682464454976303,신흥 성장,⑤ 성숙·정체
증산동,11380640,2020,10927917069.697414,41600840668,0.2626850057408415,0.2944815084091175,0.1972636208362115,0.9266414351520166,0.2099965213135678,0.3486880061334437,-1.5209841124716676,0.1398104265402843,일반,⑦ 일반
진관동,11380690,2020,33896820943.60812,84306246773,0.4020677261897032,0.4082595291506086,0.2484819500790422,0.9850235933376978,0.3463976346216937,0.3953659669935025,1.0430251086678477,0.7843601895734598,기존 강세,⑤ 성숙·정체
창1동,11320511,2020,30096178575.12865,100033355809,0.3008614309870118,0.4135683822603289,0.3453403473433402,1.0561781085624051,0.2375338226717992,0.4054977896917712,0.4150401150423408,0.6398104265402843,일반,⑦ 일반
창2동,11320512,2020,23318497362.91245,71766035776,0.3249238600233597,0.3383450125876993,0.2401390779865722,0.9948628106310444,0.2703611453412433,0.3646924471722405,-0.2831255047750481,0.4454976303317535,일반,④ 잠재 후보
창3동,11320513,2020,14443558106.528952,46308320514,0.3118998475049933,0.377847584662677,0.2101340100869804,1.0124590831103693,0.2440262184974649,0.434604773410332,0.2705783710000045,0.6018957345971564,일반,⑦ 일반
창4동,11320514,2020,29043801783.60135,86121938022,0.3372404575496438,0.3866123595998795,0.3383563329422076,1.1400750035971845,0.25890658972751,0.4873902781690469,1.358607222287194,0.8293838862559242,기존 강세,① 레전드
창5동,11320515,2020,43501692348.29002,151196401938,0.287716452182033,0.3184753294244758,0.2793062117861573,1.154213020454852,0.2284139687607226,0.3531219342765416,-0.2216047490936792,0.4597156398104265,일반,⑦ 일반
창신1동,11110670,2020,67914392149.55209,264183840795,0.2570724687217033,0.1461018178055442,0.1698601332123917,0.9377372762569508,0.2309234791061248,0.1752276347285058,-3.402653856065234,0.0260663507109004,일반,⑦ 일반
창신2동,11110680,2020,12982516142.631014,38854918444,0.3341279987845601,0.462756194300455,0.2734615019540922,1.003289224786624,0.2630486359077223,0.4551589554483019,1.0865917575231732,0.7962085308056872,기존 강세,⑤ 성숙·정체
창신3동,11110690,2020,410864444.8084552,1438529624,0.2856141701593871,0.9023446416005124,0.4739900573642966,1.0393421989009524,0.2267219837246813,0.4381481204727696,3.538171440973509,0.9739336492890996,기존 강세,① 레전드
천연동,11410520,2020,14079927716.481792,51546441148,0.2731503359476465,0.3607239943415851,0.2204840566270784,1.097122830431331,0.2116464509097015,0.370868519246779,-0.2291900222902382,0.4549763033175355,일반,④ 잠재 후보
천호1동,11740600,2020,28786282839.5104,94975449980,0.303091828947083,0.2954942252119877,0.2752996217812707,1.2378463590029922,0.222689011649366,0.4451816845816854,0.5602909341789212,0.6777251184834123,일반,⑦ 일반
천호2동,11740610,2020,150079424397.70084,476486098058,0.3149712552147377,0.4276212234301072,0.3160167784930234,1.0766624761499486,0.2601486062661819,0.348612440809932,0.4103298935515181,0.6350710900473934,일반,⑦ 일반
천호3동,11740620,2020,39326987068.199486,115124662476,0.3416034950495335,0.5462877076761107,0.4259554979648512,1.0900265061536232,0.2755640884385962,0.4202196547945169,1.849027121645038,0.8886255924170616,기존 강세,⑤ 성숙·정체
청구동,11140645,2020,19816100855.17623,55353673732,0.3579907080985761,0.6154128969999472,0.3660605938298556,0.9150891156621402,0.3128111330755278,0.3516626949323292,1.4368603817256744,0.8459715639810427,기존 강세,⑤ 성숙·정체
청담동,11680565,2020,305339364992.5703,979423194943,0.3117542718705373,0.4600864174696464,0.4000042592505686,1.1118097173269188,0.2529987861329146,0.3540630958430401,0.7302259897041081,0.7180094786729858,쇠퇴,⑥ 쇠퇴 주의
청량리동,11230705,2020,40707585349.311386,143984182166,0.2827226208944218,0.3165725928105696,0.312048563940169,1.0740109908528237,0.2341458603982747,0.2984833321930583,-0.8881556412860939,0.2535545023696682,일반,③ 급성장 신흥
청룡동,11620595,2020,152004051354.265,405017235173,0.3753026739450671,0.5891088999560331,0.4654722408009953,1.0361226214701067,0.3088239881237978,0.4616763015828943,2.492966430264437,0.9360189573459716,기존 강세,⑤ 성숙·정체
청림동,11620545,2020,3279539940.604368,12877723686,0.2546676742388653,0.3328930427867855,0.34436622815732,0.9639320827277637,0.1965834812679021,0.4229636916283187,-0.7405615194258923,0.2772511848341232,일반,⑦ 일반
청운효자동,11110515,2020,18107413549.35479,69549223298,0.2603539290693343,0.4880177920833234,0.3551642067972645,1.0581791820443125,0.2108339697651471,0.304654972482048,-0.0542143309750153,0.5260663507109005,신흥 성장,② 라이징스타
청파동,11170555,2020,30645707742.927723,108331262801,0.2828888628319842,0.4315878672704664,0.3278365717497402,1.1121344220299398,0.2206631259797272,0.3771020573538712,0.4061438848048933,0.6303317535545023,일반,⑦ 일반
충현동,11410565,2020,19846981080.77937,103186610721,0.1923406626315347,0.7597879183567802,0.3188219647212886,1.0751766823496274,0.1192743871903841,0.402967705969411,1.536459379489441,0.8649289099526066,기존 강세,⑤ 성숙·정체
평창동,11110560,2020,14059797915.253471,38384877543,0.366284818793631,0.5707938705146542,0.1784212470999259,1.05664070605104,0.2989827688037754,0.4346675155420073,2.184549157877611,0.9170616113744076,기존 강세,⑤ 성숙·정체
풍납1동,11710510,2020,10862344144.441317,39471429109,0.2751951066794427,0.3373099955979098,0.2006378737169731,0.9879423656755824,0.2175600584485034,0.367467297166922,-0.7970607112590293,0.2701421800947867,일반,⑦ 일반
풍납2동,11710520,2020,18152500580.02568,85740270964,0.2117149896534315,0.2976503786734639,0.215609300858892,1.0679017350138065,0.1560695582431563,0.3202307677395644,-1.6188968705208209,0.1161137440758293,일반,⑦ 일반
필동,11140570,2020,18483468429.0524,94336050113,0.1959321850651163,0.7025057005420182,0.3320263456386081,0.821262200134054,0.1281484343103111,0.3947463916434243,0.1498834584499264,0.5687203791469194,신흥 성장,② 라이징스타
하계1동,11350611,2020,74318314979.11122,223932851749,0.3318776785034315,0.7964139831698295,0.185577552428886,0.9781076414222066,0.2825504412453076,0.3739170081969624,2.703187932563508,0.9454976303317536,기존 강세,① 레전드
하계2동,11350612,2020,3843311003.433151,16135167062,0.2381946829967784,0.0384122434938814,0.1987742903234899,1.16179052245625,0.1808287027204999,0.3343614356312265,-2.5270958255155334,0.0497630331753554,일반,⑦ 일반
한강로동,11170625,2020,959612406736.2872,3827538950429,0.2507126430754497,0.0286042906060377,0.2042890161458344,1.076793111160613,0.2155877054010156,0.2209731164060923,-3.3935838322158736,0.0284360189573459,일반,⑦ 일반
한남동,11170685,2020,99750325539.25034,284487735936,0.3506313733035253,0.6043644107374784,0.4848185628572347,1.0620979330798552,0.2749120517961251,0.4632855391406056,2.387963080304358,0.9312796208530806,기존 강세,⑤ 성숙·정체
합정동,11440680,2020,79066017238.29643,232691865051,0.3397884890430837,0.4504230307665823,0.586942450738731,1.0880715761815267,0.2649619101316109,0.4762209201714582,1.5238887114103057,0.8601895734597157,기존 강세,⑤ 성숙·정체
행당1동,11200560,2020,39094307312.89752,138581667544,0.2821030227572126,0.3279546280432078,0.3184638098613411,1.025070988123618,0.2183921170409552,0.3836498349113847,-0.5825931200369637,0.3270142180094786,일반,③ 급성장 신흥
행당2동,11200570,2020,13994192545.388971,47911227546,0.2920858692663013,0.163458835916506,0.2243872925751732,1.0913928109137665,0.2418765967929683,0.3451150539218539,-1.384263840872446,0.1563981042654028,일반,⑦ 일반
행운동,11620575,2020,45747815932.58692,142010274125,0.3221444097229111,0.3899243980915032,0.3743674868214399,1.1580123059626823,0.2563546088852393,0.408937836968632,0.890267291932783,0.7440758293838863,쇠퇴,⑦ 일반
혜화동,11110650,2020,56412672042.00861,158293085382,0.3563811514942109,0.5892986660275646,0.5288749298617168,1.0772106663970695,0.2780854135654212,0.5001346093605326,2.6393843980065546,0.943127962085308,기존 강세,① 레전드
홍은1동,11410660,2020,15798638163.228546,52315781224,0.3019860889696679,0.2473007279697236,0.1850768598206109,0.9723597466659551,0.255115827265468,0.3216847009498458,-1.3879478301737698,0.1540284360189573,일반,⑦ 일반
홍은2동,11410685,2020,17386845784.589813,58623160761,0.296586631612615,0.4518814716763511,0.2352374537978556,1.0522211611643366,0.2367269271197732,0.4084530905220257,0.652009255457858,0.6990521327014217,일반,⑦ 일반
홍제1동,11410620,2020,17695616067.106346,55546802606,0.3185712810982736,0.4441330148197441,0.2798732349235302,1.089088939330414,0.2497094376139976,0.4396972595567871,1.0936215880792135,0.7985781990521327,쇠퇴,⑥ 쇠퇴 주의
홍제2동,11410655,2020,6779605052.246858,23294454436,0.2910394433522099,0.4450833821622797,0.2875607126324372,1.1078896547858357,0.2254159383481858,0.4057526122780925,0.7151464621627864,0.7132701421800948,쇠퇴,⑦ 일반
홍제3동,11410640,2020,38630038542.725,137096165635,0.2817732966038762,0.1699909508632553,0.169779086688459,1.053084951303157,0.2320570549704564,0.320673010316318,-1.762894753615182,0.1018957345971564,일반,⑦ 일반
화곡1동,11500540,2020,83706335608.01347,260946966796,0.3207791093944863,0.4314660807190722,0.4069673718722369,1.0601692284232138,0.2579887024079866,0.4097769111629279,0.7663061320985902,0.7251184834123223,기존 강세,① 레전드
화곡2동,11500550,2020,10169402736.7924,43396713707,0.2343357795581661,0.263291458222952,0.2253094277602599,0.8625736114937658,0.1920161143827784,0.2989674619741362,-2.4942779578661165,0.0521327014218009,일반,⑦ 일반
화곡3동,11500560,2020,27986185779.14592,91675236570,0.3052753047195755,0.4427962351534731,0.3772242400224874,1.0808494040137069,0.2360647299063741,0.4417311264975991,0.9363752350142592,0.7677725118483413,쇠퇴,⑦ 일반
화곡4동,11500570,2020,45266005092.89443,131950054162,0.3430540849746046,0.3110094928996123,0.2651346284939617,1.0707438990347196,0.2789078645380238,0.4119195784358605,0.2654669466961841,0.5995260663507109,일반,⑦ 일반
화곡6동,11500591,2020,44837983347.87863,128234258235,0.349656823106578,0.5165731326148845,0.3821643505528092,1.0902719740973317,0.2811782901720623,0.4409325165852393,1.8587607332989728,0.8933649289099526,기존 강세,① 레전드
화곡8동,11500593,2020,28281995376.71908,94395500325,0.2996116899570983,0.3554885383462794,0.3233182839321954,1.0304622903468696,0.239133449553015,0.3925141386128883,-0.1307490453577007,0.4976303317535545,일반,⑦ 일반
화곡본동,11500590,2020,38871587627.71895,113647644362,0.3420360170766224,0.3578841395290688,0.3244557128482754,1.0300500221261273,0.2738464644006837,0.456163408586533,0.6475826459019322,0.6966824644549763,신흥 성장,⑤ 성숙·정체
화양동,11215710,2020,107224474025.0499,282948673058,0.3789537970480977,0.7046801818297573,0.6765421096064322,1.1477246762362217,0.2913453177110393,0.5434423622530308,4.0797013319254205,0.985781990521327,기존 강세,⑤ 성숙·정체
황학동,11140670,2020,45066716745.27648,169056457168,0.2665779083521867,0.2573438544483766,0.2319578475078954,0.960574662423651,0.2230867990420585,0.2756952282259364,-1.9920124787903188,0.0900473933649289,일반,③ 급성장 신흥
회기동,11230710,2020,26247713188.224056,90514064101,0.2899849150396736,0.5732334997366091,0.4965100032615096,1.0109878188598564,0.2273993497080483,0.4050755009087579,1.1320150798897224,0.8033175355450237,기존 강세,⑤ 성숙·정체
회현동,11140540,2020,90968686784.1413,542900004477,0.1675606668520394,0.441903340818933,0.1936351091491906,0.9866429964294966,0.1432716679730571,0.147991592909268,-2.3551702735891435,0.0568720379146919,일반,⑦ 일반
효창동,11170580,2020,7905560541.32804,36762217652,0.2150458009950318,0.323377539449208,0.2430637223680621,1.1481552460351834,0.160885343071196,0.3057850459788143,-1.1781392012781695,0.1848341232227488,일반,⑦ 일반
후암동,11170510,2020,22886241214.4436,73419239132,0.3117199454123538,0.4403902306297194,0.2992587519260155,1.018058760406649,0.2421259921808692,0.4392538562817096,0.7007580980881303,0.7085308056872038,기존 강세,⑤ 성숙·정체
휘경1동,11230720,2020,23098457875.54148,69422716201,0.332721897666239,0.4040095477796357,0.415074758765848,0.993982262565717,0.2733469216049868,0.4013103163860173,0.4056894181429685,0.6279620853080569,일반,⑦ 일반
휘경2동,11230730,2020,13951423492.067928,50302338858,0.2773513878042893,0.2641791742430395,0.3090960063883238,0.7288643011435723,0.2461221864046789,0.2709787292888901,-2.7260448827930484,0.0450236966824644,일반,⑦ 일반
흑석동,11590605,2020,42479938697.62903,173996382467,0.2441426545502217,0.360339371664185,0.2974825194415575,0.9841780891124428,0.19280847512656,0.3299392606963423,-1.1594574543320677,0.1895734597156398,일반,⑦ 일반
가락1동,11710631,2021,389094178237.19104,1561042909582,0.249252711664011,0.0231061481107257,0.1833836021289474,1.1871599114348814,0.2210821246037447,0.1604692940715359,-3.495764695005347,0.0212765957446808,일반,⑦ 일반
가락2동,11710632,2021,59495096525.19312,229670859384,0.2590450381244049,0.260149473556428,0.2217723140742005,1.141457364942387,0.1980934151464645,0.3354768060112358,-1.226482339184744,0.1607565011820331,일반,⑦ 일반
가락본동,11710620,2021,88434286719.14865,279566124098,0.3163269047867495,0.508221950057133,0.3118511583736754,1.0808491044852866,0.2468011925214998,0.418593829304504,1.0984826651629969,0.7919621749408984,신흥 성장,② 라이징스타
가리봉동,11530595,2021,27570073497.462685,74864887268,0.3682644094389379,0.1881580732176038,0.2781199070461946,1.201451812231555,0.3000915339867603,0.4327415590839703,0.112507425196991,0.5555555555555556,일반,⑦ 일반
가산동,11545510,2021,1228739956678.506,2878126722041,0.426923508012585,0.8206588026742739,0.3776913009563846,1.1529286038136282,0.3821547707579818,0.3188720169482955,3.997613740284412,0.9881796690307328,기존 강세,① 레전드
가양1동,11500603,2021,101632497682.29652,379102450465,0.2680871557480991,0.5606459459766078,0.4026954729513001,1.012743022329757,0.1960677967864055,0.4394787809169853,0.8266887778242733,0.7494089834515366,쇠퇴,⑦ 일반
가양2동,11500604,2021,19781623627.9638,87091975640,0.2271348592404465,0.196181140517758,0.3909048068989241,1.0584838300757429,0.1780093089526795,0.2789743887017878,-2.542067239797745,0.0614657210401891,일반,⑦ 일반
가양3동,11500605,2021,7152434195.664372,34753967642,0.2058019466825045,0.3445411647770907,0.3030300314336697,1.0445515134590706,0.1598578958301718,0.2709789891045097,-1.856429807846676,0.1040189125295508,일반,⑦ 일반
가회동,11110600,2021,27741399611.95105,79437032046,0.3492250263817346,0.8305105132049309,0.4790535791035538,1.102697648258498,0.2879859024661527,0.3722460372874541,3.346953847832116,0.983451536643026,기존 강세,⑤ 성숙·정체
갈현1동,11380551,2021,58634093542.58353,169932749896,0.3450429277374019,0.4042639004667637,0.3396516701655435,1.2009803052069163,0.2678957876622438,0.4575790918206657,1.3810040454194643,0.8297872340425532,기존 강세,⑤ 성숙·정체
갈현2동,11380552,2021,66506451844.536736,211951092566,0.3137820666049509,0.3366799065344715,0.2646684123580626,1.103442961159555,0.2501943538247493,0.3991066200315007,-0.0114773014229146,0.5130023640661938,일반,⑦ 일반
강일동,11740515,2021,12516954509.7597,46382295969,0.2698649182465118,0.3872030116836668,0.2596170815055841,1.1303292070084834,0.2039338335325605,0.3844317272244863,-0.0811160093464071,0.4988179669030733,일반,⑦ 일반
개봉1동,11530740,2021,41691959209.74882,125610171282,0.3319154713685459,0.240591013192342,0.2091206956005813,1.0887480315961646,0.2643290474101751,0.4230258623778699,-0.4136043961761894,0.3687943262411347,일반,⑦ 일반
개봉2동,11530750,2021,33648809713.052727,102751523154,0.3274774784858536,0.3159386391707834,0.2843774690444819,1.195477655757139,0.2566020800244808,0.4307109874339332,0.5097802486742062,0.6832151300236406,일반,④ 잠재 후보
개봉3동,11530760,2021,23836475435.79436,71380026295,0.3339376107439742,0.299857712009547,0.2207010016484612,1.2803947156276383,0.2643611915469664,0.4094371657165834,0.699525502774498,0.7281323877068558,일반,⑦ 일반
개포1동,11680660,2021,331476873.3395946,1045732175,0.3169806583981167,0.6474647411513373,0.2435613162614988,1.265252486333651,0.2744702896800512,0.3623293315996517,2.66968089327612,0.9479905437352246,일반,⑦ 일반
개포2동,11680670,2021,25304369414.93648,84744628491,0.2985955554412967,0.3614136148611793,0.1862797910746227,1.1393571321995954,0.234959584666946,0.3869480538637623,0.0858293787455304,0.5366430260047281,일반,⑦ 일반
개포4동,11680690,2021,61283146444.084885,231230377972,0.2650306892267665,0.3282985156093649,0.207435274744948,1.1138298227704269,0.2049374658581332,0.363872240368817,-0.657263893787869,0.3144208037825059,일반,⑦ 일반
거여1동,11710531,2021,16667710357.158434,64204925298,0.2596017405175244,0.3764158268828767,0.2464523864105002,1.44055326935663,0.1949572234357839,0.3619559476806043,0.9456820488827968,0.7706855791962175,기존 강세,⑤ 성숙·정체
거여2동,11710532,2021,26465953577.297844,92028803196,0.2875833723593199,0.3210262509453573,0.2384777227870536,1.174597108174906,0.2220210445688821,0.3832753373732138,-0.1654557581824028,0.4799054373522459,일반,④ 잠재 후보
고덕1동,11740550,2021,10170902626.313553,39826416900,0.2553808104769162,0.3217055719617097,0.1664498356617162,1.191393218243191,0.1861007292624408,0.3734108905237719,-0.4765082632129682,0.3498817966903073,일반,⑦ 일반
고덕2동,11740560,2021,25399904340.006783,82362355404,0.3083921558024458,0.3128924428106925,0.2376042868493484,1.1164868939964745,0.2462776915315718,0.3758394860389901,-0.2961471726701394,0.425531914893617,일반,④ 잠재 후보
고척1동,11530720,2021,59940612950.26788,206560500380,0.2901842938993556,0.2045261581971386,0.1736509130691136,1.0433884222117484,0.2453561223262176,0.2829111681976649,-1.9212430682539248,0.0945626477541371,일반,⑦ 일반
고척2동,11530730,2021,36210870370.02166,110191974592,0.3286162218627724,0.2692374891442766,0.1787754604719662,1.1659153839910574,0.2673670823132607,0.371003646784346,-0.2096065625608589,0.4515366430260047,일반,⑦ 일반
공덕동,11440565,2021,49133165329.3456,177776830792,0.2763755271733452,0.3869359950762239,0.2604952136264765,1.0984806807483314,0.2109869064989986,0.389744233454509,-0.1207676359693336,0.4940898345153664,일반,⑦ 일반
공릉1동,11350595,2021,69606278841.23187,221443704490,0.3143294545290411,0.4180599369090693,0.2599985740601624,1.096289784269428,0.2503757959328384,0.3947455925708986,0.458031912238459,0.6713947990543735,신흥 성장,② 라이징스타
공릉2동,11350600,2021,40891229288.17919,141765978279,0.2884417670910008,0.4524171297557416,0.3205163871586731,1.1327569748450983,0.2186335382880175,0.4125215204095477,0.6659731610241515,0.7210401891252955,기존 강세,⑤ 성숙·정체
공항동,11500620,2021,40097358536.45361,147065149393,0.2726503097569502,0.414065727933082,0.2971966713691066,0.9765558919155694,0.2183277828807502,0.337038489727732,-0.7416043149088554,0.2860520094562648,일반,⑦ 일반
광장동,11215810,2021,38168288276.713455,133556798504,0.2857831926509553,0.4121432041391096,0.2720265270727637,1.051243196372688,0.2318386692765224,0.336421915404436,-0.3179566427135368,0.4184397163120567,일반,⑦ 일반
광희동,11140590,2021,130459864184.99484,481613511341,0.270880822719744,0.3323313071748002,0.2922674391423724,1.172835352108188,0.2243570433502523,0.2756542817255014,-0.7778384214452692,0.2836879432624113,일반,⑦ 일반
교남동,11110580,2021,5655337595.797905,35648719216,0.1586406950985115,0.3601525218958654,0.2216170951929775,0.93635749565027,0.1187047297929493,0.2329268307141079,-2.8341598750602714,0.0425531914893617,일반,⑦ 일반
구로1동,11530520,2021,13110252783.463009,45984307957,0.2851027527851985,0.1890465090206206,0.1880256808493259,1.098334767839649,0.2223129931967109,0.3634116002273362,-1.4713833142153705,0.1300236406619385,일반,⑦ 일반
구로2동,11530530,2021,67438957934.06561,730164987431,0.0923612595714041,0.0849987667778509,0.0829585050292816,1.137526813022093,0.0666325650428392,0.1281328471708473,-4.905865066565127,0.0047281323877068,일반,⑦ 일반
구로3동,11530540,2021,97000168003.46983,509166125859,0.1905078972797406,0.5210922810396739,0.4111254858752499,0.9511349054711344,0.1287034941914953,0.3550407659484809,-0.8463710085253536,0.260047281323877,일반,⑦ 일반
구로4동,11530550,2021,59772087084.92369,187907061915,0.3180938836240315,0.3156855351867151,0.2179262894309088,1.1209409442272842,0.2625874575821952,0.3441819223497596,-0.3180290180414982,0.4160756501182033,일반,⑦ 일반
구로5동,11530560,2021,106829889302.63278,319593483821,0.3342680458481023,0.3812237713808929,0.3700467233751185,1.241039199277711,0.2617632408233192,0.4035706122570356,0.9968044989114933,0.7801418439716312,쇠퇴,⑦ 일반
구산동,11380560,2021,18402022668.85593,66170063624,0.2781019340320158,0.3037139155736109,0.2798302138141526,0.9526592147410484,0.2223312228411406,0.3613245808838577,-1.3640229222214946,0.1418439716312056,일반,⑦ 일반
구의1동,11215850,2021,63137324794.22007,204239805123,0.3091332992420193,0.4109645405235838,0.3275483639279402,1.121291773288816,0.2374150041555217,0.4394538371594468,0.6926055008024314,0.7257683215130024,일반,⑦ 일반
구의2동,11215860,2021,39078501953.74386,112299832449,0.3479836176201867,0.4093746768222304,0.2837448624286326,1.210683123312186,0.2737903018863657,0.4409792482948712,1.40065714505148,0.8368794326241135,신흥 성장,② 라이징스타
구의3동,11215870,2021,174182436392.36237,527567138620,0.3301616489002432,0.1714695153656233,0.2338976212350502,1.0707945220742472,0.2783164886900969,0.3286406305925802,-1.4248521429307617,0.1371158392434988,일반,⑦ 일반
군자동,11215730,2021,47753743902.30094,149438410575,0.3195546828861268,0.3805747452356427,0.3537517785728095,1.5855815042528048,0.2396728838736178,0.4027222180123218,2.258162345227457,0.933806146572104,일반,③ 급성장 신흥
금호1가동,11200590,2021,7688083735.366966,27063778499,0.2840728147272946,0.3577180768146517,0.2346307003005744,1.122621262818723,0.2312620370888441,0.3143465237610611,-0.514308975913833,0.342789598108747,신흥 성장,② 라이징스타
금호2·3가동,11200615,2021,24265439621.405243,73610802147,0.3296450916666743,0.4486198887230284,0.2025094520669821,1.1396943172598752,0.2629387142439775,0.4201805443884915,1.1191638184077568,0.7966903073286052,기존 강세,⑤ 성숙·정체
금호4가동,11200620,2021,13484279475.368973,49803925117,0.2707473245068845,0.3441332163024583,0.2721342975912096,1.0520513791415511,0.2099198705411145,0.3555398949460676,-0.8276229765918772,0.2718676122931442,일반,⑦ 일반
길동,11740685,2021,111957485252.15056,375716133725,0.2979842365089816,0.3806143387035621,0.2616577894521716,1.1023790387192818,0.2367851259353049,0.3703970889918163,-0.03872461995457,0.5106382978723404,일반,④ 잠재 후보
길음1동,11290660,2021,12157657493.527988,40338008151,0.3013945916223083,0.2764564968913455,0.1988917157477719,1.1000313559890602,0.2312280838975628,0.4116112940640671,-0.5051516731471317,0.3475177304964539,일반,⑦ 일반
길음2동,11290685,2021,25412760697.40412,82418170152,0.3083392976395441,0.3421163033102812,0.2478168362065287,1.073291707142211,0.2549902525042898,0.3419404896763061,-0.4330980846142417,0.3617021276595745,일반,⑦ 일반
낙성대동,11620585,2021,64038952493.36265,177642579347,0.3604932597171508,0.5825081083959589,0.5471434786765914,1.1762675307329296,0.279119449662716,0.497467759423706,2.7892657261798344,0.9574468085106383,기존 강세,① 레전드
난곡동,11620775,2021,20986215194.475315,68980760083,0.3042328784029632,0.277879999219144,0.2859038214173051,1.1287348264136583,0.2412037426085199,0.3847261433632759,-0.4584188995635899,0.3569739952718676,일반,⑦ 일반
난향동,11620715,2021,5944477709.287019,20810193959,0.2856522010798534,0.1454150324096938,0.1879013320444756,1.1843802063138755,0.2141102843528763,0.4064105592510494,-1.1812026326175868,0.1749408983451536,일반,⑦ 일반
남가좌1동,11410690,2021,12010066851.877844,40193388644,0.2988070241664156,0.3195809070185846,0.1420215487815588,1.0962399358880368,0.2523650428641873,0.2906187051671671,-0.8380283293610709,0.2647754137115839,일반,⑦ 일반
남가좌2동,11410700,2021,31279151312.794773,101266159297,0.3088805927857621,0.3823234788578278,0.2911210239102389,1.1265863231583708,0.2403717977158546,0.4126589989301389,0.3823623042640452,0.6430260047281324,일반,⑦ 일반
남영동,11170530,2021,49621229009.23506,184112112717,0.2695163738928366,0.6249183191702975,0.4093812065469852,1.0589048145409603,0.1865396568980267,0.4775147931854798,1.600969509065341,0.8605200945626478,기존 강세,① 레전드
남현동,11620630,2021,32498462557.373337,93525470305,0.3474824820596056,0.5020389837642956,0.4230003456276124,1.2099887600882515,0.264505060528709,0.4931382709393797,2.252743435349656,0.9314420803782506,기존 강세,① 레전드
내곡동,11650660,2021,7036993224.754709,23803956467,0.2956228404513452,0.7120944443205951,0.2049105077032907,1.2217241048507257,0.2556999770369307,0.2413512950237744,1.947704122375165,0.8983451536643026,기존 강세,⑤ 성숙·정체
노량진1동,11590510,2021,460124817506.6424,1008761511966,0.4561284426979117,0.0852160928051915,0.3051075465559333,1.3899561535352218,0.4066357417230898,0.3074921123928197,0.394920433179506,0.6477541371158393,쇠퇴,⑦ 일반
노량진2동,11590520,2021,1550006076386.6592,2922114569155,0.5304398714369645,0.0205172573720602,0.2837889799617958,1.5792341714735627,0.4780123191220118,0.3332619038789455,1.5928355314987717,0.8557919621749409,기존 강세,⑤ 성숙·정체
녹번동,11380510,2021,44632282277.11877,164686518533,0.2710135758208727,0.3427641411321036,0.2225250812115302,1.0680400435995772,0.2223067686421695,0.311184024463611,-0.9449985704907696,0.2411347517730496,일반,⑦ 일반
논현1동,11680521,2021,291929194322.692,1009773647503,0.2891035976672432,0.2669484672080424,0.3784257256533967,1.1907763040391368,0.2334635402408831,0.3221917179681929,-0.7403129727951676,0.2884160756501182,일반,⑦ 일반
논현2동,11680531,2021,197351653424.3808,720777110233,0.273803996578893,0.5398431630358191,0.3573942535005407,0.9974319541409374,0.2110045704931389,0.369309792063112,0.3052791714819536,0.6099290780141844,신흥 성장,⑤ 성숙·정체
능동,11215780,2021,36493760634.9583,101837501278,0.3583528678235751,0.479669539943364,0.3941903695026361,1.18230667879758,0.2787437511895469,0.4737196048860817,1.991789801393264,0.9030732860520094,기존 강세,① 레전드
다산동,11140625,2021,35363858490.11352,141305073722,0.2502660205937649,0.4506449852415017,0.3134612337568446,0.955726371327031,0.1887239359109302,0.3724182041653526,-0.6301188414184181,0.3167848699763593,일반,⑦ 일반
답십리1동,11230600,2021,36592990351.00583,135660758061,0.2697389493765894,0.3968826589395156,0.1936419951537336,1.0964798716884483,0.2234639928104242,0.2766529613311181,-0.6872969136731357,0.3026004728132387,일반,⑦ 일반
답십리2동,11230610,2021,32533119310.483627,116292627980,0.2797522067871634,0.3893477452395947,0.2467401422636592,1.0874923730965156,0.2200917763626584,0.3562937712107243,-0.2874281079693178,0.4302600472813239,쇠퇴,⑦ 일반
당산1동,11560550,2021,154278777945.39716,610891663355,0.2525468707464469,0.1616223847707413,0.1791960602798165,0.9044400502924572,0.2056164218073576,0.2778587987987653,-3.1818328759867445,0.0283687943262411,일반,⑦ 일반
당산2동,11560560,2021,55102165697.07059,212027140683,0.2598826052154019,0.5293793630213278,0.39509138199078,1.1049556970202412,0.1836420628395613,0.4310715025377325,0.8513246878539255,0.75177304964539,기존 강세,⑤ 성숙·정체
대림1동,11560700,2021,25710507338.18084,115230326475,0.2231227501013711,0.2684209308363847,0.2029750490559824,0.9983456363642887,0.1802667427181738,0.2626981191498008,-2.4164617666661803,0.0638297872340425,일반,⑦ 일반
대림2동,11560710,2021,53834225782.17634,153440715718,0.3508470716541443,0.4475095150181499,0.2663333245662513,1.1329004161342568,0.2967668388271093,0.363937948364569,1.021885118933642,0.7848699763593381,기존 강세,⑤ 성숙·정체
대림3동,11560720,2021,66138929586.326965,584870584871,0.1130830157938523,0.1133745191726906,0.1439509484043716,1.2484828143960869,0.0823971190731522,0.1505258056607819,-3.961681488810537,0.0094562647754137,일반,⑦ 일반
대방동,11590660,2021,56552095001.67865,191184220237,0.2957989677786916,0.3346322553173695,0.2727738020185589,1.0410629459532457,0.2267078507539494,0.4236937158233278,-0.3423313909952285,0.4066193853427896,일반,④ 잠재 후보
대조동,11380570,2021,80463518125.13571,250278601047,0.3214957962387899,0.3580901303190909,0.2743550526802941,1.0757237128396275,0.2642056280056573,0.3574669258048116,-0.1356135124333249,0.491725768321513,일반,④ 잠재 후보
대치1동,11680600,2021,145446761419.4867,418988909669,0.3471374971103393,0.1522594756109365,0.1063666380148518,1.0951057964470463,0.2875199852477458,0.3925656361643062,-0.94749546188746,0.2387706855791962,일반,⑦ 일반
대치2동,11680610,2021,140010206188.32062,575518140384,0.2432767907105453,0.3246721086451348,0.1959010596099959,1.12281808856661,0.1846882364247975,0.3417568869050163,-0.9681389712499644,0.2293144208037825,일반,⑦ 일반
대치4동,11680630,2021,212939100029.0804,742773588907,0.2866810333717207,0.3569855481320831,0.2058115744165756,1.0705312356764782,0.2177001692574264,0.4112395099985781,-0.2338494283717951,0.442080378250591,쇠퇴,⑦ 일반
대학동,11620735,2021,43422443284.43411,130886175714,0.3317572925296305,0.4887055596594845,0.5118677594064187,1.0743588730630038,0.2634841729225589,0.4441174704272634,1.2602938590203712,0.8156028368794326,기존 강세,⑤ 성숙·정체
대흥동,11440600,2021,48735479982.10591,229172225937,0.2126587538382745,0.2367968663398077,0.3234397133681317,1.134139161258287,0.162837989963316,0.2851971100458195,-2.052477291839921,0.0827423167848699,일반,⑦ 일반
도곡1동,11680655,2021,56042813050.8277,277018385193,0.2023071970901224,0.2889921202530457,0.2394232258512059,0.948103691648288,0.1526585198579397,0.2909537559026847,-2.5623787048768225,0.0591016548463357,일반,⑦ 일반
도곡2동,11680656,2021,66469788045.55003,255982435906,0.259665425130803,0.4368336353087224,0.2285729763603228,1.1626755501728705,0.2020146062286452,0.3404232582855793,0.074977068784338,0.5342789598108747,일반,④ 잠재 후보
도림동,11560585,2021,14212070753.054024,54572720868,0.2604244488272822,0.2525508428530934,0.2334729784834887,1.009661840171788,0.1946193769903787,0.3894822524501143,-1.518319447335268,0.1252955082742316,일반,⑦ 일반
도봉1동,11320521,2021,73780833275.56552,191007539636,0.3862718373115976,0.3568757075710349,0.1524176636350587,1.0644877745290169,0.343486965247703,0.3116073766586653,0.2236783864793128,0.5815602836879432,일반,④ 잠재 후보
도봉2동,11320522,2021,11349510823.094212,44965332331,0.252405803198515,0.4579150037506703,0.1833798887396462,1.006660960325216,0.1956886296141895,0.3565215942582466,-0.4064153587252297,0.3735224586288416,일반,④ 잠재 후보
도화동,11440585,2021,43600472322.59451,170995806139,0.2549797758615923,0.5523681624052278,0.2979104945450559,1.0481883257125837,0.1729141031445235,0.4700668811471358,0.9147791246076984,0.7683215130023641,기존 강세,⑤ 성숙·정체
독산1동,11545610,2021,231625605835.1196,990518193219,0.2338428586378402,0.0767232285073209,0.158700328772502,1.1247239415217014,0.2114949222337833,0.1285509804107629,-3.708610887440723,0.0189125295508274,일반,⑦ 일반
독산2동,11545620,2021,33567166675.482704,96202063122,0.3489235634470128,0.2296066508156689,0.2219740240801194,1.313472409240784,0.2761298059825615,0.3978017191842153,0.4161936098804637,0.6548463356973995,일반,③ 급성장 신흥
독산3동,11545630,2021,53252024138.76824,158142022318,0.3367354442431902,0.2849755545833211,0.2143908977768331,1.1698715722517588,0.2742418477853476,0.3859177434083786,0.0678278576306428,0.5295508274231678,일반,③ 급성장 신흥
독산4동,11545640,2021,23922367922.54344,65372394245,0.3659399077979026,0.4776449967088091,0.3098425342980185,1.1263836449175328,0.2810492090306948,0.5365170988468513,2.1687629225772387,0.9243498817966904,기존 강세,⑤ 성숙·정체
돈암1동,11290580,2021,7636374237.246901,30824904129,0.2477339168773802,0.0980492258905867,0.0941579247044411,0.9997766782680034,0.1791689092328466,0.4051067998700409,-2.59792544538442,0.0496453900709219,일반,⑦ 일반
돈암2동,11290590,2021,6280896727.348823,26590816827,0.2362054828256074,0.2786100782536897,0.1735975037935979,1.1349933438178936,0.1803502700274533,0.3232750678524314,-1.3733885834937252,0.1394799054373522,일반,⑦ 일반
동선동,11290575,2021,85781548716.95403,233975730811,0.3666258394390754,0.5140809003313309,0.4821361471037512,1.1967724296867748,0.2853973519926308,0.4940724226324981,2.4682526285049424,0.9385342789598108,기존 강세,⑤ 성숙·정체
동화동,11140665,2021,22684510001.967525,69447230240,0.3266438405617186,0.5567430598222803,0.2732403444229859,1.1568186077854887,0.2524221572900558,0.4099268453992701,1.730844206095144,0.8794326241134752,신흥 성장,② 라이징스타
둔촌2동,11740700,2021,32522329666.25371,114120074410,0.2849834249968196,0.4861577374518293,0.2137391844169934,1.1125136222765322,0.2315953080353411,0.3284323913717644,0.3683681846114404,0.6359338061465721,쇠퇴,⑦ 일반
등촌1동,11500520,2021,71705063504.79239,294301297208,0.2436450813674607,0.3781867588145123,0.3393986750129921,1.0559958587018825,0.1887017924346763,0.3336754532434001,-0.9232195463627244,0.2458628841607565,일반,⑦ 일반
등촌2동,11500530,2021,9345770968.278915,43063252020,0.2170242731305669,0.2807084008747373,0.211535885579874,1.075495719047844,0.1618451048881096,0.3010795772919892,-1.92418989775098,0.0921985815602836,쇠퇴,⑦ 일반
등촌3동,11500535,2021,59224157683.53148,244208023280,0.2425152003119374,0.3376408336857162,0.2682728733932037,0.9712922052530444,0.1866427960261568,0.3379520492345717,-1.5377060861904566,0.1205673758865248,일반,⑦ 일반
마장동,11200540,2021,30137455377.73857,100140107455,0.3009528963335839,0.5308384087852884,0.2606840390472996,1.1305841176057407,0.2352715288286186,0.4010869292910327,1.239621187952071,0.8132387706855791,기존 강세,⑤ 성숙·정체
마천1동,11710540,2021,24255094499.321754,158406976044,0.1531188531279362,0.0972618454172149,0.1043331117905397,1.5105209341312786,0.1086925072114092,0.2292209257622232,-2.200558709106528,0.0732860520094562,일반,⑦ 일반
마천2동,11710550,2021,48481557247.8638,152332600631,0.3182612063802559,0.2811961652697139,0.1703659532004251,1.17461780478587,0.2632655220673674,0.3373542113449747,-0.3505358135648875,0.4018912529550827,일반,⑦ 일반
망우3동,11260660,2021,20041838706.147976,64487142828,0.3107881327538969,0.3726786173656464,0.2186776885372726,1.0950475312717811,0.2479831368502881,0.3823445321924598,0.0569434945709794,0.524822695035461,기존 강세,⑤ 성숙·정체
망우본동,11260655,2021,84554497292.96143,263861480319,0.3204503256433556,0.3547176421615048,0.2273784281641499,1.0983435096226242,0.2648316695507002,0.3537495061164438,-0.0794678860457443,0.5011820330969267,일반,④ 잠재 후보
망원1동,11440690,2021,68783137160.33575,193206465042,0.3560084655830921,0.386706602135484,0.3862195424039189,1.1260744484965115,0.2885774563748668,0.4161448393330001,0.8646921386200207,0.7541371158392435,기존 강세,⑤ 성숙·정체
망원2동,11440700,2021,35933425619.01697,111273392019,0.3229291834015567,0.3191785048480917,0.3018013481539753,1.1709624939332866,0.2594710761676974,0.3770422994999217,0.10337401579722,0.5484633569739953,일반,⑦ 일반
면목2동,11260520,2021,30681664951.305733,101445128234,0.3024459181571873,0.2857432598057945,0.2064834662900999,1.0866443443819882,0.2389902861089226,0.3918157123752175,-0.5609270996467758,0.3356973995271867,일반,⑦ 일반
면목3·8동,11260575,2021,44657906773.57471,137274485299,0.3253183333836912,0.4424151924570532,0.2998020736946067,1.1551126781727863,0.2526431137618888,0.4301960552638123,1.1172445627655674,0.7943262411347518,기존 강세,⑤ 성숙·정체
면목4동,11260540,2021,14729658260.588211,54852140649,0.2685338819289406,0.2683897861016002,0.2310785559329137,1.0509606751307647,0.2116000487614807,0.3624081457678244,-1.2627898232589052,0.1536643026004728,일반,⑦ 일반
면목5동,11260550,2021,10217497003.990755,32668832632,0.3127597829737706,0.3311011410736716,0.2339279604228742,1.198961589879329,0.2532583188753348,0.3993335547356328,0.3888988977852364,0.6453900709219859,일반,④ 잠재 후보
면목7동,11260570,2021,46091504173.443306,158409939682,0.2909634601589375,0.3163414852539972,0.2515826596740286,1.07238344560786,0.2339598007321965,0.3385240101261993,-0.815108882179689,0.2765957446808511,일반,⑦ 일반
면목본동,11260565,2021,74331309737.52115,216971782346,0.3425851460213692,0.3955456777929823,0.2586083229823937,1.1670845629217306,0.2718138719483458,0.4285111024517241,1.0264124519899969,0.7872340425531915,기존 강세,⑤ 성숙·정체
명동,11140550,2021,185812709281.21347,752454789974,0.2469420246333124,0.6232323615099906,0.3982928885805293,1.0375731848967291,0.1839818182947357,0.3649103714171155,0.7446468901238441,0.7399527186761229,신흥 성장,② 라이징스타
명일1동,11740530,2021,64787571683.37746,211236613758,0.3067061648583344,0.2996961129879049,0.2214658775234616,1.1949980670175924,0.2445774900140548,0.3707619361278172,-0.0949213652250965,0.4964539007092198,일반,④ 잠재 후보
명일2동,11740540,2021,77499163649.28543,251755860618,0.3078345960210962,0.2998745822904679,0.2076288114075493,1.0860553450794512,0.2419249228299607,0.4087376452345543,-0.3356714737707263,0.408983451536643,일반,⑦ 일반
목1동,11470510,2021,98999314740.3294,289544019780,0.3419145552222097,0.3939394064904765,0.2984906966362764,1.2082179276492575,0.2664806722122106,0.4503087334183863,1.2851044243982217,0.817966903073286,기존 강세,⑤ 성숙·정체
목2동,11470520,2021,39010784248.645134,118399110886,0.3294854493139435,0.3561034222173829,0.3665835904358313,1.0661215631133083,0.2550338814205612,0.4661290239429138,0.4338949175488685,0.6666666666666666,신흥 성장,② 라이징스타
목3동,11470530,2021,45259014066.37506,140098389377,0.3230516372646126,0.2858942511053276,0.279744402817768,1.1187886915382317,0.2651755244239734,0.3644713798714294,-0.3649661710772329,0.392434988179669,일반,⑦ 일반
목4동,11470540,2021,41613298723.56236,123963055910,0.3356911332822785,0.2352734990025949,0.1917796484563931,1.1271019691761757,0.2703319432551733,0.4127348692109215,-0.2972754365976022,0.4231678486997636,일반,⑦ 일반
목5동,11470550,2021,73680395277.2185,217312373407,0.3390529223995173,0.1519909396283647,0.107277050632263,1.1417590411787524,0.2680164532551365,0.4495080374694092,-0.5557492289907349,0.3380614657210402,일반,⑦ 일반
무악동,11110570,2021,6135952810.488637,31346438880,0.1957464078767673,0.2418590956064608,0.1840781454981019,1.170302437067657,0.1496640738668813,0.2646384881790438,-2.11745730731449,0.0756501182033096,일반,⑦ 일반
묵1동,11260620,2021,49247066407.72608,144786211867,0.3401364382194364,0.3366001162235518,0.2764271473706682,1.0423648337121505,0.2771306331700864,0.4197750672683534,0.1039458738136983,0.5508274231678487,쇠퇴,⑥ 쇠퇴 주의
묵2동,11260630,2021,37226939901.66583,113105139196,0.329135706531913,0.2734161274618162,0.2856517626578599,1.0574944918460216,0.2557010899114194,0.4574666258916541,-0.1883505030304925,0.4680851063829787,일반,⑦ 일반
문래동,11560605,2021,86181382359.40065,427042875489,0.2018096713607871,0.3337900941041965,0.2956456388540127,0.868100795440627,0.1561177342032891,0.2604074998222619,-2.7810051619936624,0.0472813238770685,일반,⑦ 일반
문정1동,11710641,2021,36941162541.1598,107320513821,0.3442134334426874,0.5526018790770583,0.2463882858136842,1.0929182569832014,0.2845875949302775,0.3794476229299565,1.5227406560338443,0.8486997635933806,쇠퇴,⑦ 일반
문정2동,11710642,2021,127803881432.36008,598529133968,0.2135299255778467,0.3202738637368465,0.2616962481485058,1.0578238382064238,0.1662412185324294,0.2707736418485933,-1.9008095792500388,0.0992907801418439,일반,⑦ 일반
미성동,11620765,2021,31516682558.996304,103060226694,0.3058083954402087,0.336817067112282,0.2339252929219837,1.142289948679545,0.2363431762994371,0.4148301534493809,0.13269161270896,0.5602836879432624,일반,⑦ 일반
미아동,11305535,2021,49851380928.10148,167126188771,0.2982858718594304,0.3893678241365584,0.2495881699376014,1.167821953365456,0.2375204431328963,0.3682918624521429,0.2900304260835209,0.6004728132387707,일반,⑦ 일반
반포1동,11650560,2021,69199256269.86658,268418390083,0.2578037080412741,0.2533233112454559,0.3350460209533005,1.2172190437953547,0.1991346987494851,0.3300388857060307,-0.9734425591861195,0.226950354609929,일반,⑦ 일반
반포2동,11650570,2021,20966886918.74807,69899815081,0.2999562573155825,0.1722910023015716,0.1496510775297225,1.085227380163107,0.2425324139749851,0.352656274261024,-1.523774700530674,0.1229314420803782,일반,④ 잠재 후보
반포3동,11650580,2021,109899119926.11356,334379244114,0.3286660935468998,0.4690909243802335,0.1776197263929197,1.101459117764936,0.2760227244832619,0.3467172930700035,0.7290445068831178,0.7375886524822695,기존 강세,⑤ 성숙·정체
반포4동,11650581,2021,99959087235.03523,364279014582,0.2744025410020819,0.360343777523456,0.2123716418986456,1.0999300535012062,0.2112755606861218,0.3760208582236797,-0.3732417673516237,0.3877068557919622,일반,⑦ 일반
반포본동,11650550,2021,2217172063.3860407,10489724842,0.2113660841234524,0.6512181230577984,0.1063908293887352,0.7453437058241571,0.1792378829110949,0.2274584219260686,-1.2562608554982402,0.1560283687943262,쇠퇴,⑦ 일반
발산1동,11500611,2021,271381466177.44223,709016128152,0.3827578180552516,0.0843959546124341,0.1846178574740941,1.3064061069204842,0.3430733353104386,0.2489449142532909,-0.9186802854126876,0.2482269503546099,일반,⑦ 일반
방배1동,11650600,2021,61384967165.22504,247509708297,0.2480103410390915,0.2582211383414032,0.2665675779021542,1.16477873728544,0.1868896914519965,0.3560249024586163,-1.1067644524422662,0.2009456264775413,일반,⑦ 일반
방배2동,11650610,2021,46779248730.46501,141242140213,0.3311989513888675,0.6193092817348075,0.3542790268863001,1.2225233514573344,0.2411688988401834,0.5039717139633684,2.9257347980003825,0.9645390070921984,기존 강세,① 레전드
방배3동,11650620,2021,13500770310.207647,100115349298,0.1348521520913012,0.2530942326094065,0.1413045093604104,1.4822341725942834,0.0998244698148363,0.1678264510768245,-1.791156317730158,0.1087470449172576,일반,⑦ 일반
방배4동,11650621,2021,59058058774.88208,230608968914,0.2560961052512504,0.2953277093199188,0.2866569657256154,1.1674957314788326,0.1985985772699043,0.3241371188423976,-0.9568382476774552,0.2340425531914893,일반,⑦ 일반
방배본동,11650590,2021,63492439672.34136,205301700239,0.3092640713565803,0.3560743592766072,0.227963709767219,1.0293202577206413,0.2514837820334433,0.3714767455321464,-0.3700094879216658,0.3900709219858156,일반,⑦ 일반
방이1동,11710561,2021,46657009822.89615,138912274241,0.3358739181100047,0.4548310692789156,0.2077368106790579,1.2068629806134563,0.2571832648209246,0.4667885791323519,1.696869217129903,0.8770685579196218,쇠퇴,⑦ 일반
방이2동,11710562,2021,140979428514.2472,401940408342,0.3507470898379833,0.5590739269608263,0.419718948151777,1.156268817784136,0.2650359362509223,0.5200065144213064,2.572032173226226,0.9432624113475178,기존 강세,① 레전드
방학1동,11320690,2021,54551515475.300735,190822071319,0.2858763407095931,0.3593312813661545,0.2239963231535474,1.09159911481559,0.2255628709220195,0.3658868584718488,-0.3526746234359008,0.3995271867612293,일반,③ 급성장 신흥
방학2동,11320700,2021,39158753615.56436,187844167402,0.2084640378093923,0.1319048758430398,0.143943755209256,1.1199959362617669,0.1674154981756711,0.2489214653704609,-2.986164414576151,0.0354609929078014,일반,⑦ 일반
방학3동,11320710,2021,15650380952.684317,51135069146,0.3060596419259668,0.4242568447117672,0.1950106614411421,1.1015405893123713,0.2496653384304392,0.3531246819368484,0.2438042773282038,0.5862884160756501,일반,⑦ 일반
방화1동,11500630,2021,73923022957.35022,237935398734,0.3106852673064948,0.3117528208441412,0.2551401152540033,1.154019045071767,0.2535108537945372,0.3517706407551866,-0.2347125760138304,0.4397163120567376,일반,④ 잠재 후보
방화2동,11500640,2021,32657810120.079967,109057799282,0.2994541457382053,0.4198079825507403,0.2492630327860167,1.1757120301846584,0.232689433181955,0.3962414349225947,0.6588060426549267,0.7186761229314421,쇠퇴,⑦ 일반
방화3동,11500641,2021,15937129267.011612,48950328649,0.3255775743874845,0.5028133209990779,0.2651452881974704,1.1424385666549637,0.2578476943332605,0.3983708520493941,1.294181776581354,0.8226950354609929,쇠퇴,⑥ 쇠퇴 주의
번1동,11305595,2021,66480924767.52182,226980060988,0.2928932368691034,0.3090755221169357,0.343476469416059,1.1512296325754905,0.22516979056897,0.3957967101028736,-0.2328363573282282,0.4444444444444444,일반,④ 잠재 후보
번2동,11305603,2021,7520685339.724327,30248472547,0.2486302515949757,0.569259430876875,0.1851879629391588,0.9318232329221934,0.2026390319205694,0.2836336370594984,-0.4159304745719916,0.3664302600472813,일반,⑦ 일반
번3동,11305608,2021,14238999511.361712,52339986030,0.2720482100090792,0.2512181067160288,0.1758523404787389,1.1485831317148023,0.2148363154234491,0.3493444323909385,-1.01325129185193,0.2174940898345153,일반,⑦ 일반
보광동,11170700,2021,22631895021.004204,69890306544,0.3238202282995584,0.3692010710348674,0.2749843618857314,1.087923256254871,0.2608277284421922,0.4003748513734663,0.2366685376145095,0.5839243498817966,신흥 성장,② 라이징스타
보라매동,11620525,2021,31608394438.85057,103257615256,0.3061119933913436,0.3562922268714921,0.3129799683236643,1.1399761941942923,0.2352671016444804,0.4204511948137142,0.2757054426416173,0.5981087470449172,일반,④ 잠재 후보
보문동,11290610,2021,17306231102.047134,55785609068,0.3102275190892272,0.3582795443469478,0.2719260999823274,1.1259226728427536,0.237417483994046,0.4341570277108084,0.3369826536352982,0.6217494089834515,신흥 성장,⑤ 성숙·정체
부암동,11110550,2021,8504761136.875216,26337037061,0.3229201947499668,0.6071916425511841,0.2780290279441924,1.0862569465478964,0.26941928564574,0.3433016711051664,1.476459424806072,0.8416075650118203,기존 강세,⑤ 성숙·정체
북가좌1동,11410710,2021,5497937283.92875,19822299781,0.2773612216882429,0.327953908467832,0.1798804794798699,0.863534155512554,0.206047578390218,0.4929384426607164,-0.8788638795218092,0.2529550827423167,일반,⑦ 일반
북가좌2동,11410720,2021,44422996182.28717,142630422049,0.31145526700486,0.3215014134098715,0.2451130501667411,1.1543652853823756,0.2452229212712003,0.4027030544596408,0.0861566609689285,0.5390070921985816,일반,⑦ 일반
북아현동,11410555,2021,18653613184.886463,53303035942,0.3499540477428677,0.2738646138821088,0.2081756241628373,1.0915120106741203,0.292495991484702,0.3823183982648656,-0.1975700483717278,0.458628841607565,일반,⑦ 일반
불광1동,11380520,2021,56467070105.93977,193730676310,0.2914720124942084,0.3565753294561448,0.2398561826142834,1.08341004881493,0.2312765208505455,0.3642726961943572,-0.3645474723259744,0.3947990543735225,일반,④ 잠재 후보
불광2동,11380530,2021,37762015540.32994,121011490243,0.312053140280324,0.2789354926397375,0.2174074541943908,1.1476883192542324,0.2509777287017324,0.3669119173959465,-0.398552799545766,0.3782505910165484,일반,⑦ 일반
사근동,11200550,2021,41815805816.24855,134640509194,0.3105737349522144,0.6166450446304452,0.6194384583381881,1.053029084430532,0.2288048749400661,0.5038373493021744,2.073415506983168,0.9101654846335696,기존 강세,⑤ 성숙·정체
사당1동,11590620,2021,66652115820.24892,206021250131,0.3235205872106286,0.481634153359937,0.3973674915521814,1.1719236038192269,0.235869198818574,0.4915953296982763,1.6907635683624138,0.8747044917257684,기존 강세,① 레전드
사당2동,11590630,2021,98561859392.6999,281038470589,0.3507059342663448,0.4305994810581516,0.3076516413955469,1.1791646715363664,0.2727890699921873,0.4674004605586599,1.5661950370895903,0.8534278959810875,기존 강세,① 레전드
사당3동,11590640,2021,12463571539.01885,39792219395,0.3132162952585884,0.5214040074780805,0.2516171161153702,1.290742494157786,0.2384757160389093,0.4334746470101985,2.100936814218119,0.9196217494089834,기존 강세,⑤ 성숙·정체
사당4동,11590650,2021,25305368085.020844,88384434764,0.2863102327077166,0.1576033722475501,0.2597369745622962,1.2497887933875802,0.2279873292147538,0.3424508075977223,-1.1139534794785058,0.1962174940898345,일반,④ 잠재 후보
사당5동,11590651,2021,5553200063.775637,19249136108,0.28849087214193,0.3379112105346229,0.2699937986224768,1.0582417858871662,0.2214488648780663,0.4241380809607811,-0.2922352347638479,0.4278959810874704,일반,⑦ 일반
사직동,11110530,2021,82297400453.34186,323870360054,0.2541059961140628,0.7319092591877716,0.3555372303312998,1.0681386701233369,0.1827152225635386,0.4012372530210334,1.8029910727199985,0.8888888888888888,기존 강세,⑤ 성숙·정체
삼각산동,11305575,2021,15317630554.994204,49903224161,0.3069467116107725,0.3125948073349376,0.2182617606201125,1.1743210082746145,0.2427296363641861,0.3875514669674291,-0.0072016802937865,0.5200945626477541,일반,⑦ 일반
삼선동,11290555,2021,64408852329.00366,201828456991,0.3191267142862604,0.3342259288837947,0.248688501662767,1.1841202345250923,0.2519528450453722,0.4038194860630301,0.3632125993545668,0.6288416075650118,일반,④ 잠재 후보
삼성1동,11680580,2021,351207266272.02954,1097974390342,0.3198683588263243,0.5849927999312738,0.3967792293026994,1.1088422150326516,0.2536093234189784,0.3921737169651804,1.604393310717786,0.8628841607565012,신흥 성장,① 레전드
삼성2동,11680590,2021,81128104472.93712,364703191018,0.2224496699534856,0.411084374857034,0.3221921971617751,1.0274780709346822,0.1580117796670328,0.3615346673275814,-0.9269753622323424,0.243498817966903,일반,④ 잠재 후보
삼성동,11620745,2021,16308156610.490166,48468936416,0.3364661537137982,0.2463288960691685,0.1722906883560859,1.1023261987580637,0.2847753104696474,0.3370208820098571,-0.693316674687031,0.3002364066193853,일반,⑦ 일반
삼양동,11305534,2021,21160710904.615208,69880929880,0.3028109520144125,0.1819572250088095,0.2445580987595181,1.1295149525049055,0.2429677711953194,0.3763307021695287,-1.1146026404183489,0.1914893617021276,일반,⑦ 일반
삼전동,11710610,2021,93470116173.98506,283284692838,0.3299511711613629,0.2829192393774446,0.2721776952455839,1.167658550465944,0.2646808748006667,0.4071559721441047,0.0970502947715092,0.5460992907801419,일반,④ 잠재 후보
삼청동,11110540,2021,61450860303.31883,131775979744,0.4663282369267818,0.91363501298105,0.5596810157456491,1.1382437298175323,0.4192447610203821,0.3364837592263768,4.984681551330682,0.9952718676122932,기존 강세,⑤ 성숙·정체
상계10동,11350720,2021,5139904949.39729,18195987626,0.2824746342459009,0.169519618797305,0.3144817599141183,1.0792460252034388,0.225447504983921,0.3537651792971163,-1.7136646304551109,0.1158392434988179,일반,⑦ 일반
상계1동,11350630,2021,61669697778.55582,174699025698,0.3530053904545721,0.4449400617343562,0.2642539238415942,1.1150305431272924,0.2875447132878606,0.4242836386914582,1.2380653233604952,0.8108747044917257,기존 강세,⑤ 성숙·정체
상계2동,11350640,2021,125070792563.46223,347904615486,0.3594973650715916,0.5415886556313371,0.3980347092709739,1.2521051978321078,0.2830572194836627,0.4506665602035088,2.579342228434987,0.9456264775413712,기존 강세,⑤ 성숙·정체
상계3·4동,11350665,2021,17747346628.516266,49957926456,0.3552458616181175,0.395889419478191,0.1983105658063223,1.075851010543413,0.2857498660912797,0.45708493298079,0.9503823821343252,0.7730496453900709,일반,④ 잠재 후보
상계5동,11350670,2021,33713062494.415264,104738800840,0.3218774916653443,0.2563046911240539,0.2143729876886759,1.162377996169467,0.2502172629227898,0.4112644548203517,-0.2011145995774903,0.4539007092198581,일반,④ 잠재 후보
상계6·7동,11350695,2021,96382107912.11414,341541533198,0.2821973275391929,0.2571855615260626,0.3257520229508986,1.1146387785561935,0.2291650720576502,0.3220772472501279,-1.1676820518585775,0.1773049645390071,일반,⑦ 일반
상계8동,11350700,2021,12070342988.744717,45295304485,0.2664811093772851,0.2739672299831764,0.2408542129485588,1.4863998588670535,0.2017510210363254,0.3402111168742263,0.3980238036955625,0.6524822695035462,일반,④ 잠재 후보
상계9동,11350710,2021,20149545313.02524,69865452691,0.2884049918368436,0.175517962178461,0.2106852747108324,1.1742427454084583,0.2298205051932395,0.3554601227424543,-1.219276780917037,0.1654846335697399,일반,⑦ 일반
상도1동,11590530,2021,58064853410.01749,220533194141,0.2632930323082936,0.3294681860978488,0.2756735696356441,1.2093167076917593,0.2012267814460032,0.3437330171961942,-0.4065547743573183,0.3711583924349881,일반,⑦ 일반
상도2동,11590540,2021,27000390357.77468,95966815346,0.2813513219171347,0.3288820740190951,0.2716730919433047,1.1574057931176895,0.2180225242920087,0.3745149008479425,-0.2808042957064752,0.4326241134751773,일반,⑦ 일반
상도3동,11590550,2021,45224244889.57175,141881523826,0.3187465405646026,0.2804194771039602,0.2571038257718183,1.1499060012892304,0.2554780261273002,0.3892986137767871,-0.1936066975080951,0.4633569739952718,일반,⑦ 일반
상도4동,11590560,2021,27237660027.32409,87387875124,0.3116869472873085,0.2953352593066078,0.2349913499539961,1.0791549675749854,0.2521704280111041,0.3957912624597163,-0.3864433516788312,0.3829787234042553,일반,④ 잠재 후보
상봉1동,11260580,2021,17198744530.302696,48109785330,0.3574895296732494,0.5422158830904931,0.3095276233900418,1.231056032440662,0.2815235402963707,0.4367619390082196,2.3895034416403744,0.9361702127659576,기존 강세,⑤ 성숙·정체
상봉2동,11260590,2021,80705809232.64429,230958486111,0.3494385964837707,0.5240362303199025,0.397571842901973,1.1574178771438188,0.2740585791144279,0.4676238342854991,2.091049231248028,0.91725768321513,기존 강세,⑤ 성숙·정체
상암동,11440740,2021,58583371338.7496,283279809978,0.2068039065096071,0.6268902329036142,0.3525622546052836,0.9866575394387412,0.1407768103385027,0.3781439122764138,0.2485544993274639,0.5886524822695035,일반,④ 잠재 후보
상일동,11740520,2021,18174319513.41688,79570211039,0.2284060740332716,0.4357461037775292,0.2042889118646767,1.2915779427460996,0.1617295195772768,0.3571674536601451,0.3642865676793786,0.6335697399527187,기존 강세,⑤ 성숙·정체
서강동,11440655,2021,47527838209.73848,127350202488,0.3732058314883084,0.6018903845812313,0.511143053503458,1.147156583733935,0.2919184160661466,0.4861729156562124,2.832268095721472,0.9621749408983452,기존 강세,⑤ 성숙·정체
서교동,11440660,2021,451048197665.34906,1156884455802,0.3898818031509152,0.6006797958852812,0.6019499633385913,1.1508501746299558,0.3103363732267543,0.5012562575706772,3.103789776281797,0.9692671394799054,기존 강세,① 레전드
서림동,11620665,2021,22123582369.39889,65956911744,0.3354247763337925,0.3921230462909407,0.382882683652897,1.1211520629133285,0.2665689763832736,0.4506521863753561,0.90497429622616,0.7635933806146572,신흥 성장,② 라이징스타
서빙고동,11170690,2021,6629031204.547142,21457112997,0.3089432956555699,0.2961903798003287,0.1654492079850792,0.9798524085484134,0.2525588580699405,0.3341990691852439,-1.2010805869390473,0.1702127659574468,일반,③ 급성장 신흥
서원동,11620645,2021,78514926409.8223,195317788667,0.4019855382639186,0.6169044336019449,0.587139610752595,1.2474175191105448,0.3155281956016351,0.5395415030459275,3.91609840915142,0.9858156028368794,기존 강세,⑤ 성숙·정체
서초1동,11650510,2021,55951396579.60885,257620744068,0.2171851369423894,0.4498328919755443,0.2648158817055218,1.0104454550442912,0.1566796256335079,0.3472678774981947,-0.8534875619877484,0.2576832151300236,일반,⑦ 일반
서초2동,11650520,2021,106168631644.2259,485692490485,0.2185922857036736,0.4122152736870104,0.3234559292344089,1.1779759223116306,0.1546264313434333,0.3308537243319038,-0.5074028172110541,0.3451536643026004,일반,④ 잠재 후보
서초3동,11650530,2021,150298133749.89114,684530385670,0.219563859977937,0.5176829989733069,0.2552177517817622,0.96615655153688,0.1591612136652808,0.3511785711231947,-0.5555461354787521,0.3404255319148936,일반,④ 잠재 후보
서초4동,11650531,2021,179316891354.95004,702675370922,0.2551916557423427,0.3312911139158749,0.4369280432003079,1.1656370313548656,0.1982418094492497,0.3086317050253825,-0.8359228084140271,0.2671394799054373,일반,⑦ 일반
석관동,11290810,2021,48460029006.43953,144554833355,0.3352363105523469,0.4959329271124668,0.2684431315810983,1.1803036765857144,0.2587535609351953,0.4593932976347832,1.8156847993705925,0.8912529550827423,기존 강세,⑤ 성숙·정체
석촌동,11710600,2021,100050390193.62103,337977658009,0.2960266391068867,0.3525425155731067,0.2899082367491605,1.064677347376308,0.2299589185594344,0.4078045362848504,-0.199648759656694,0.4562647754137116,일반,③ 급성장 신흥
성내1동,11740640,2021,62977404334.36522,183219521690,0.343726496791758,0.4187038863838876,0.2441292331866255,1.0654211487783567,0.2924533953191983,0.3327065388487316,0.3059467230032139,0.6122931442080378,신흥 성장,② 라이징스타
성내2동,11740650,2021,49574621077.22088,174719770456,0.2837379018289481,0.3828635086081801,0.3122265173805157,1.0621351557388377,0.2150893894773284,0.3821194547460401,-0.3147995941635805,0.4208037825059101,일반,④ 잠재 후보
성내3동,11740660,2021,87813533421.68033,280587029183,0.3129636237190707,0.3388516546500449,0.210092956266175,1.1843788193874656,0.2452714467143644,0.3945382830537027,0.2738852032495795,0.5957446808510638,일반,③ 급성장 신흥
성북동,11290525,2021,32600256767.16324,102782571162,0.317176894862657,0.5029656709844276,0.2186584329611421,1.0719531184705378,0.2610930246209051,0.3623549954913901,0.7897424885732055,0.7470449172576832,기존 강세,⑤ 성숙·정체
성산1동,11440720,2021,33873877049.27229,124015204552,0.2731429357524371,0.3191034075697276,0.2495157755678674,1.056901896935824,0.2198038696986561,0.3352118275672318,-1.0120879120497734,0.2198581560283688,일반,⑦ 일반
성산2동,11440730,2021,41087503075.21143,131273794241,0.3129909005279501,0.4130196958005362,0.278116716493879,1.0397716958068708,0.2526235109584608,0.3938606318034777,0.198784213269572,0.574468085106383,일반,⑦ 일반
성수1가1동,11200650,2021,25737205556.67048,93143731047,0.2763170990400156,0.4528177309723353,0.2728811263119209,0.8349586849497553,0.2279618640495063,0.3297616298353047,-1.0554328489634972,0.210401891252955,일반,③ 급성장 신흥
성수1가2동,11200660,2021,64937853833.069016,228230740979,0.2845272006501704,0.5895472162857347,0.2948684707604408,1.0090633854478308,0.2344122218352814,0.3237754684843234,0.591331085016467,0.7044917257683215,신흥 성장,② 라이징스타
성수2가1동,11200670,2021,53736114091.07231,221235093592,0.2428914564077796,0.4767235941938905,0.327031256652386,1.0473976390465507,0.1882462417911168,0.3228046051034935,-0.3968425055314938,0.3806146572104019,신흥 성장,② 라이징스타
성수2가3동,11200690,2021,91593055691.6029,404611288010,0.2263729619163249,0.498512469199858,0.356477404193022,1.1437436637897032,0.1642041554988894,0.3231186962751489,-0.0589970184613977,0.508274231678487,일반,③ 급성장 신흥
성현동,11620565,2021,30279482046.36264,108702377318,0.2785540003212851,0.0907817002394659,0.1648981565008682,1.0482827437149624,0.2344095110216198,0.2729432702396567,-2.7997420821087986,0.0449172576832151,일반,⑦ 일반
세곡동,11680700,2021,28703665343.33876,116307668530,0.2467908239080128,0.2560651157693703,0.242848016179729,1.1511799854864144,0.1888303803487823,0.3360613102902854,-1.2909473201876185,0.1513002364066193,일반,⑦ 일반
소공동,11140520,2021,74753332900.95282,454285692911,0.164551369474006,0.5751603932950389,0.3006407712772874,0.973654421313497,0.1114798156650768,0.2922790332470647,-0.962915440037087,0.2316784869976359,일반,⑦ 일반
송정동,11200720,2021,8558915909.247671,30294067514,0.2825277888250656,0.4386641600326104,0.2997936135450576,1.1155196074852802,0.2220592273022159,0.3471848729834451,0.1098467429604692,0.5531914893617021,일반,⑦ 일반
송중동,11305545,2021,115944761978.11812,329076195558,0.3523340902295157,0.4131455652556842,0.3268989282059445,1.1890379353031115,0.2870024200986421,0.4029721871043924,1.2046726189836543,0.806146572104019,기존 강세,⑤ 성숙·정체
송천동,11305555,2021,47995560100.90011,164428191301,0.291893742314784,0.2835711817667876,0.2417743178310946,1.0657716069786936,0.232126180936516,0.3692187599014889,-0.8725269797817714,0.2553191489361702,일반,⑦ 일반
송파1동,11710580,2021,79533814774.04842,263699985942,0.3016072014184393,0.3538416976158763,0.3345127866233627,1.135588163639876,0.2366641914259583,0.3802217272740122,-0.007617110219358,0.5177304964539007,일반,③ 급성장 신흥
송파2동,11710590,2021,28563492390.65486,122148071402,0.2338431713477481,0.1957620531830065,0.1736025156730619,1.1294335269852702,0.1758004001252565,0.3335633130784975,-1.9074137259243729,0.0969267139479905,일반,⑦ 일반
수궁동,11530790,2021,16353173993.802992,55150293341,0.2965201634139934,0.3172371995344089,0.2292941134657382,1.0590631857742518,0.2277073091588436,0.4300018017378327,-0.3281721199421797,0.4137115839243498,일반,⑦ 일반
수색동,11380650,2021,3917592598.5915422,15870328828,0.2468501214467427,0.3186701370092115,0.1569821571437448,1.1208832226104732,0.198067275673212,0.2877180511183798,-1.245929898371396,0.1583924349881796,일반,④ 잠재 후보
수서동,11680750,2021,42714887414.44128,214844136660,0.1988180272382272,0.4014513748052313,0.3272204113731758,1.2057678909517178,0.1316496218361354,0.3318680446785249,-0.6585540384986148,0.3120567375886525,쇠퇴,⑥ 쇠퇴 주의
수유1동,11305615,2021,69395429231.146,211568161764,0.3280050677405572,0.2578050721915427,0.1789264706531158,1.1725903188454023,0.2804608055071573,0.2900849604037305,-0.6629798886843887,0.3073286052009456,일반,⑦ 일반
수유2동,11305625,2021,27387261714.44065,87765401467,0.3120507769196307,0.3671846307011663,0.21322502307514,1.1850811619661918,0.2501787696972582,0.3831622588617036,0.4304996508696048,0.6619385342789598,쇠퇴,⑦ 일반
수유3동,11305635,2021,110070051145.3694,307337355217,0.3581408158720336,0.5446832688359791,0.392772846918554,1.2052667670500596,0.2722372760705398,0.5126455971346402,2.704850669525177,0.950354609929078,기존 강세,⑤ 성숙·정체
숭인1동,11110700,2021,4627133707.087812,14549669852,0.3180232784767804,0.4098013334770202,0.2795309555041854,1.1975971469178075,0.2527226575862513,0.3820458385339862,0.7753433941176093,0.7446808510638298,쇠퇴,⑦ 일반
숭인2동,11110710,2021,35789871506.91022,111012046411,0.322396286385041,0.5666200835458807,0.2907954073423985,1.1930514687264442,0.2673856273048468,0.3393331213311219,1.6253576501729012,0.8699763593380615,기존 강세,② 라이징스타
시흥1동,11545670,2021,100928669804.0773,335524034763,0.3008090608929671,0.2944867032127619,0.2155759837505873,1.1622621506882052,0.242120706221188,0.3438198361482071,-0.4653744523760031,0.3522458628841607,일반,⑦ 일반
시흥2동,11545680,2021,3692350372.4974775,15749833678,0.2344374199744789,0.0770043352073041,0.1580600361181795,1.544901995169538,0.173459208068724,0.3221714661715934,-0.9988263959152348,0.2222222222222222,일반,⑦ 일반
시흥3동,11545690,2021,16019714175.08756,55087618268,0.2908042619877304,0.2751965523041371,0.2037689542210723,1.0209654839138549,0.2282617010201069,0.3776484483462366,-1.0978588366680129,0.2033096926713948,일반,④ 잠재 후보
시흥4동,11545700,2021,15949738655.999022,52543652649,0.3035521485829283,0.3526324198048046,0.236362649204525,1.0665498094941128,0.2382588177420562,0.3970133096256492,-0.1865339964489689,0.475177304964539,일반,⑦ 일반
시흥5동,11545710,2021,36218031580.23373,110543545332,0.327635878435585,0.326863888646607,0.2037970587820336,1.1735227887665696,0.266478448936382,0.3746395132670992,0.2114463728811242,0.5791962174940898,일반,⑦ 일반
신길1동,11560630,2021,37555753468.931816,135893321360,0.2763620249551594,0.2801201643541903,0.3009150782080789,1.2486139308883513,0.2163593144883893,0.3508663267320409,-0.3759026615494352,0.3853427895981087,일반,⑦ 일반
신길3동,11560650,2021,24180171370.148006,83956517442,0.2880082703150769,0.2312521700940326,0.2241743282527424,1.0954699268357435,0.2366316043030802,0.3248739753270815,-1.331989622877261,0.1489361702127659,일반,⑦ 일반
신길4동,11560660,2021,8184085973.97833,28773992295,0.2844265018935333,0.4152395589219713,0.2155411918309892,0.9652951690533638,0.230538688583464,0.3357156926631477,-0.6808243259945813,0.3049645390070922,일반,⑦ 일반
신길5동,11560670,2021,12090779883.681498,42872904391,0.2820144810674321,0.2533720908649321,0.2028822509824163,0.83684327072384,0.2326846499136214,0.3158383321667973,-2.386236951260289,0.0685579196217494,일반,⑦ 일반
신길6동,11560680,2021,44326139778.87052,139007459506,0.3188759792920125,0.323429457273546,0.2903257673539314,1.129933721922624,0.2470952666214105,0.4314404507508559,0.1979164397215299,0.5721040189125296,일반,⑦ 일반
신길7동,11560690,2021,11645025314.585676,45272280084,0.2572219754114224,0.4718281016632349,0.2943706191133485,1.1611538498955816,0.1899123452816461,0.3851570630117769,0.4767136319970408,0.6737588652482269,쇠퇴,⑦ 일반
신내1동,11260680,2021,41497344064.62254,142759358386,0.2906803766406677,0.2928390545085256,0.2146031211989843,1.0649442373080809,0.2229884272450039,0.418876565340912,-0.575696782195703,0.3333333333333333,일반,④ 잠재 후보
신내2동,11260690,2021,32033943868.32616,100711623279,0.3180759362758256,0.2261940810336444,0.2204007044798414,1.1887985264781986,0.2474784186523686,0.4314731806041789,-0.176662967466505,0.4775413711583924,일반,⑦ 일반
신당5동,11140650,2021,30311560115.01331,93404879134,0.3245179523387413,0.4857366352555447,0.2407286322777888,1.0800114213977747,0.2526083805873832,0.4440523261691393,1.1669636138640875,0.8037825059101655,기존 강세,⑤ 성숙·정체
신당동,11140615,2021,62185991947.950615,250153864963,0.2485909700301791,0.7827474877030649,0.2906385136713903,0.979389197483682,0.1968736282259093,0.326489009362618,1.3952532336586907,0.83451536643026,기존 강세,⑤ 성숙·정체
신대방1동,11590670,2021,18165678029.492912,60404104104,0.3007358241455976,0.3418606000090076,0.2622754623878429,1.1190421825994803,0.2410341318850197,0.3640800705054026,-0.2212923017314631,0.4491725768321513,신흥 성장,② 라이징스타
신대방2동,11590680,2021,34968698745.61895,145487263190,0.2403557395945469,0.6004657519119836,0.3347501056185068,1.0239321773471413,0.1888037283519952,0.3149349410619015,0.2578559096726065,0.5933806146572104,일반,⑦ 일반
신도림동,11530510,2021,40287520820.13725,127658231650,0.315588899355847,0.3355295919610994,0.3307947561092508,1.2155848179426754,0.2431757154376969,0.4191134033306187,0.5262793885046566,0.6879432624113475,신흥 성장,② 라이징스타
신림동,11620695,2021,91614389032.0074,263341828809,0.3478915197268363,0.4826162592619485,0.5417515419643969,1.1375075175368092,0.2655161677285745,0.5047133925252728,1.902126257075635,0.8959810874704491,기존 강세,⑤ 성숙·정체
신사1동,11380631,2021,26463257093.016647,87461055855,0.3025718913900327,0.382461671814904,0.2868133636825508,1.1451787308340602,0.2354157076737705,0.3948497033039849,0.3023189041857886,0.6052009456264775,일반,⑦ 일반
신사2동,11380632,2021,15434296660.563734,47309749551,0.3262392383609119,0.2402153652863669,0.2238563933124043,1.0510041184276446,0.2577124895547515,0.4119569369520799,-0.7084394199735894,0.2955082742316784,일반,⑦ 일반
신사동,11680510,2021,352575627144.99585,1170256136401,0.3012807334890849,0.3962584567265199,0.437875219933401,1.2083153807777138,0.238338545600607,0.3535432541498156,0.4189211617672578,0.6595744680851063,일반,⑦ 일반
신수동,11440630,2021,17339978643.324932,83202643030,0.2084065843566139,0.2871254153354988,0.1860226267021267,1.1484828737618282,0.1597183717614409,0.3229345870095973,-1.44848141673902,0.1323877068557919,일반,⑦ 일반
신원동,11620655,2021,25632145556.15682,75523058804,0.3393949604541075,0.3319862253072839,0.2582842746296031,1.1476660452960898,0.2736200768910795,0.4008665932688168,0.368881085415941,0.6382978723404256,일반,④ 잠재 후보
신월1동,11470560,2021,43601724698.58509,131364679094,0.3319136087363728,0.2567711440216248,0.201785540541169,1.1218547769222866,0.2698819673104906,0.3899592913277992,-0.3325024355579499,0.4113475177304964,일반,⑦ 일반
신월2동,11470570,2021,21805247939.54982,68920436281,0.3163829063798468,0.2458805725475613,0.1986619287518146,1.2025569080526282,0.2541920842835646,0.3797628572936862,-0.2660622968146438,0.4349881796690307,일반,⑦ 일반
신월3동,11470580,2021,12756370954.496832,42291618708,0.3016288178178387,0.3876234449711193,0.2751437689425411,0.9951027209346984,0.2422016594286183,0.3791247586597342,-0.3455711305904998,0.4042553191489361,일반,⑦ 일반
신월4동,11470590,2021,20848894328.08828,62962631647,0.3311312405900948,0.4749745148466157,0.2333563939699154,1.160117472022469,0.2576826145698922,0.4435695716243256,1.4815138019997094,0.8439716312056738,기존 강세,⑤ 성숙·정체
신월5동,11470600,2021,16031330676.37384,59116214298,0.2711833101416341,0.3799011565387028,0.2144777611618637,1.1471770366135494,0.2096474973097067,0.3619618646609433,-0.1510774219060214,0.4846335697399527,쇠퇴,⑥ 쇠퇴 주의
신월6동,11470610,2021,18535305966.25138,62877385824,0.2947849329826391,0.2296789546948325,0.207017075112426,1.141341942696673,0.2415734324820202,0.317580165051615,-1.1494302595902173,0.1820330969267139,일반,⑦ 일반
신월7동,11470611,2021,17736351901.613937,61128802258,0.2901472177837864,0.3127324346273796,0.2269275672285003,1.177432648496988,0.223573727083969,0.3842375442408754,-0.1868275147484902,0.4728132387706856,일반,⑦ 일반
신정1동,11470620,2021,39365373100.25958,124098667843,0.3172102794049457,0.3707488798848959,0.1925669940086143,1.1391905226142434,0.246476180442942,0.4307058314084468,0.5333309814085602,0.6926713947990544,신흥 성장,② 라이징스타
신정2동,11470630,2021,34430283172.320435,115442371699,0.2982464987993544,0.2623026239876039,0.1678154555981615,1.1047865206161136,0.2314916614471417,0.4042631711923176,-0.6218347650194671,0.3215130023640662,일반,⑦ 일반
신정3동,11470640,2021,41167161933.64032,139825578622,0.2944179622880754,0.2016330799975969,0.2724813163977525,1.1137252190760123,0.2312912486522089,0.3839091036849391,-1.1103881571111045,0.1985815602836879,일반,⑦ 일반
신정4동,11470650,2021,93753992327.71635,306632460935,0.3057536440918117,0.4185542871672873,0.2683260200375236,1.1375512963582364,0.2359755432884139,0.4130019674591632,0.6263265483283984,0.7163120567375887,신흥 성장,② 라이징스타
신정6동,11470670,2021,9569421889.696848,37743482359,0.2535383936934214,0.1447114653345598,0.1579241234633635,1.0232275248324485,0.1834004138823029,0.4257494235469837,-2.023741975469374,0.0851063829787234,일반,⑦ 일반
신정7동,11470680,2021,38468654830.47415,129312725631,0.2974854535217692,0.2566725681485686,0.1760464323902748,1.074444700659747,0.2335391866317624,0.3959906560095296,-0.8230247438721883,0.2742316784869976,일반,⑦ 일반
신촌동,11410585,2021,130760316401.13773,424008384312,0.308390874424124,0.5877770975576123,0.510369884348241,1.103483977308302,0.2401037511090526,0.4107292874044973,1.5986312491576014,0.8581560283687943,기존 강세,⑤ 성숙·정체
쌍문1동,11320660,2021,17430609399.31328,54878966853,0.3176191243906484,0.3479877653337425,0.2500122271753365,1.061680144755533,0.2586221231353982,0.3833616475207006,-0.1429192016955375,0.4893617021276595,일반,⑦ 일반
쌍문2동,11320670,2021,35532786454.02475,109548031078,0.3243580565014886,0.2588245790726415,0.2293902803064307,1.1830876535240495,0.2621973239715153,0.3803653464052813,-0.1894323097202094,0.4657210401891253,일반,⑦ 일반
쌍문3동,11320680,2021,34072835203.050377,120704713675,0.2822825568750546,0.4172732618513458,0.2171956804486409,1.090162078275022,0.2240734770128686,0.368882728290851,0.0222802033489124,0.5224586288416075,일반,④ 잠재 후보
쌍문4동,11320681,2021,14065964486.960052,49567677895,0.2837729158254338,0.2122436020361006,0.1797594548180115,1.1536412354112968,0.2207153650444371,0.3697625945848234,-1.0584367691804784,0.2080378250591016,일반,⑦ 일반
아현동,11440555,2021,28822464956.199654,112963408461,0.2551486835327782,0.236563204776403,0.2874737262218099,1.2099884892717072,0.1983731299568262,0.3256968326225937,-1.1478150167928414,0.1843971631205673,일반,⑦ 일반
안암동,11290600,2021,33713871563.417686,123354960975,0.2733077883284352,0.6561077685428695,0.4903314664682054,1.0423621341313212,0.2074158926383625,0.4017478908452145,1.427868032030798,0.8392434988179669,기존 강세,⑤ 성숙·정체
암사1동,11740570,2021,46972398572.499054,137923399101,0.3405687423502491,0.3611094819344464,0.2278903339525665,1.1150639291385658,0.2730114218866216,0.4225518572908884,0.5536860443527228,0.6950354609929078,기존 강세,⑤ 성숙·정체
암사2동,11740580,2021,26142167793.3916,88429497328,0.2956272350664379,0.4174710965512953,0.2813771859711956,1.1542670543719225,0.2275917500735066,0.4061172530450279,0.5705079508919906,0.6973995271867612,기존 강세,⑤ 성숙·정체
암사3동,11740590,2021,14975427044.552456,55102468010,0.2717741615826484,0.2987651640759965,0.2287366198499971,1.0691769113624516,0.2183540091129214,0.3314015861446711,-1.1291491383320191,0.1867612293144208,일반,⑦ 일반
압구정동,11680545,2021,448054106141.10925,1403548182814,0.3192295865773537,0.5972429834103438,0.4330791802646313,1.1179644666834987,0.2607296989728608,0.3491404646369309,1.5071060632989657,0.8463356973995272,기존 강세,⑤ 성숙·정체
약수동,11140635,2021,29630358317.0928,103625164364,0.2859378655652734,0.3504200975975978,0.2584710675286992,1.104268757728892,0.2192438891116758,0.3895934467827524,-0.2591462252894767,0.4373522458628842,일반,③ 급성장 신흥
양재1동,11650651,2021,99178638444.10928,408908395620,0.2425448817056726,0.3843576617244511,0.3085961562996778,1.0431842133247748,0.186349344604342,0.3098037421019974,-1.1141423740391148,0.1938534278959811,일반,⑦ 일반
양재2동,11650652,2021,98345643086.4842,515521765774,0.1907691384064626,0.4344722314211476,0.2365882809368498,1.1272341199007152,0.1439032551819007,0.2616977472725054,-1.1254277405991502,0.1891252955082742,일반,⑦ 일반
양평1동,11560610,2021,25634510531.035294,102774740028,0.2494242313242672,0.3720253028767895,0.3299445262985978,0.9408080723283606,0.1930280197993711,0.3459942726813238,-1.335537150554602,0.1442080378250591,일반,⑦ 일반
양평2동,11560620,2021,34148645847.44858,289718328829,0.1178684344393139,0.2531070770371636,0.1451172436204926,1.019330207342901,0.0913152467154223,0.1643900211923102,-3.864536733849744,0.0141843971631205,일반,⑦ 일반
여의동,11560540,2021,204448727616.6291,1112533400302,0.1837686199453706,0.6395779117443553,0.3000055670422104,1.007155076329372,0.118647592438275,0.3589669831320048,0.0945448379886455,0.5437352245862884,일반,③ 급성장 신흥
역삼1동,11680640,2021,461166844679.97766,1954601325569,0.2359390831507434,0.4463115150175439,0.4263459084089228,1.0821352194230964,0.172439186052369,0.3454969201125514,-0.4402512672492058,0.359338061465721,일반,④ 잠재 후보
역삼2동,11680650,2021,91793752192.33784,409593178911,0.2241095724210866,0.3855826573916575,0.3212422831718849,1.0737606925180323,0.1667511727455814,0.3246921378563718,-1.055318321248542,0.2127659574468085,일반,⑦ 일반
역촌동,11380625,2021,45775661127.65487,157394922090,0.2908331509035589,0.4602499737734709,0.2473315364884526,1.1224111002078991,0.2267563305097729,0.4132746425631526,0.7504754363517849,0.7423167848699763,신흥 성장,② 라이징스타
연남동,11440710,2021,68565817560.461296,150912291439,0.4543421672725456,0.8338006625846102,0.628668312583066,1.3358134308846097,0.366178743156497,0.5449471142530612,6.187593706397951,1.0,기존 강세,⑤ 성숙·정체
연희동,11410615,2021,67307856355.46275,233963684385,0.2876850590397782,0.4562242314681353,0.3332277771353066,1.1124043045970649,0.2251290677245675,0.3661895855427589,0.3612622160416557,0.6264775413711584,일반,③ 급성장 신흥
염리동,11440610,2021,21344368371.57771,64321786824,0.3318373046753361,0.55342565616846,0.2944180767990413,1.1331024858509335,0.2531566098677508,0.4705413560231975,2.0085282533470488,0.9054373522458627,기존 강세,⑤ 성숙·정체
염창동,11500510,2021,45392223702.7348,210323154310,0.2158213338500533,0.3124944911634727,0.3052069995079373,1.1288805014959389,0.1590852558234438,0.3026012293453607,-1.5056701945033466,0.1276595744680851,일반,⑦ 일반
영등포동,11560535,2021,321793518592.6875,978988938016,0.3286998515476875,0.3010026201830116,0.3528683490725552,1.1358181080111536,0.2700309213153535,0.3523251604507535,-0.2297685366837841,0.4468085106382978,일반,③ 급성장 신흥
영등포본동,11560515,2021,61746354187.25511,180615452593,0.341866397923298,0.3846093393599937,0.3456754633153671,1.0220169882924417,0.2837295807655945,0.3916671807113234,0.2046488384852904,0.5768321513002365,기존 강세,⑤ 성숙·정체
오금동,11710570,2021,69308151868.36148,295430796797,0.2346002942813891,0.2656847349023467,0.2146359226610051,1.228081404959172,0.1732689195912557,0.310855876529026,-1.2043063830344485,0.1678486997635933,일반,⑦ 일반
오류1동,11530770,2021,45120758882.58804,140577453322,0.3209672519762937,0.4534984453514996,0.3629356834565406,1.1120382017494008,0.2523603853936659,0.4164567744722258,0.9134500884095468,0.7659574468085106,신흥 성장,⑤ 성숙·정체
오류2동,11530780,2021,25085228704.24293,84922506076,0.2953896424322819,0.3126694580849642,0.2414078666926409,1.1753426984191058,0.2322473518545154,0.3786202258471371,-0.1546372417886382,0.4822695035460992,일반,⑦ 일반
오륜동,11710566,2021,7399122707.440382,17593355821,0.4205634662722247,0.957072192156853,0.2531942127654192,0.8373436095416927,0.3825435616988196,0.2845259799170863,3.3147305156453366,0.9763593380614656,기존 강세,⑤ 성숙·정체
옥수동,11200645,2021,9730862205.425943,37419657536,0.2600468001628358,0.3472190638971004,0.338333983623981,1.168521700495054,0.191733588985885,0.3727890034958122,-0.3623247471532311,0.3971631205673759,쇠퇴,⑥ 쇠퇴 주의
왕십리2동,11200520,2021,11920119946.208183,43738889365,0.2725290952574278,0.4187879921948265,0.2692755751458254,1.1286214416110985,0.2115900677031285,0.3738322818064998,0.11603013326248,0.557919621749409,신흥 성장,② 라이징스타
왕십리도선동,11200535,2021,38667905611.66292,138961086065,0.2782642731618817,0.4877094553600343,0.2786055497212409,1.2544913385893737,0.2007271073712876,0.4264530719073435,1.343144730925698,0.8250591016548463,기존 강세,⑤ 성숙·정체
용강동,11440590,2021,72847248377.37062,290437615957,0.2508189172994583,0.5105583219218891,0.2170674326886566,1.1055932022583053,0.1854303498172685,0.3659798831868153,0.3255121535648791,0.6193853427895981,일반,④ 잠재 후보
용답동,11200790,2021,28457965453.086403,112636687060,0.2526527208486453,0.3519138481042608,0.2609322299788884,1.1229596497199374,0.1928866046675077,0.3502835963559811,-0.6621071628216402,0.309692671394799,일반,⑦ 일반
용문동,11170590,2021,30288478735.5577,98094086912,0.3087696688866622,0.2167471236372662,0.1651061447825019,1.141037832032287,0.2489065925441946,0.3583363926363227,-0.9037520296661607,0.2505910165484633,일반,⑦ 일반
용산2가동,11170520,2021,22140941333.967625,53614696370,0.4129640347335165,0.5103122279045371,0.4741047074030086,1.2470048527151942,0.3285164131388328,0.53675483017568,3.323138422173198,0.9787234042553192,기존 강세,① 레전드
용신동,11230536,2021,85295814769.25548,373540464037,0.2283442437465268,0.3924034223357421,0.233605273535658,0.9491500564645814,0.1880500115886833,0.242728140352203,-1.88358234468277,0.1016548463356974,일반,⑦ 일반
우이동,11305645,2021,42423690456.08476,109251520937,0.3883121268448832,0.6103069900001606,0.2173020928897642,0.9015997936686698,0.3389472717121593,0.3771735057561526,1.5541874239730744,0.851063829787234,기존 강세,⑤ 성숙·정체
우장산동,11500615,2021,31237452614.169643,107183332697,0.2914394601115436,0.3895834499571289,0.2185990288082896,1.0250411062880196,0.2259727667777391,0.4104100810650687,-0.1479076274955982,0.4869976359338061,일반,⑦ 일반
원효로1동,11170560,2021,79676829116.53885,690498481310,0.1153903031986074,0.0941310347050848,0.183837767913946,1.079949181464887,0.0720324984967923,0.216158208301679,-4.472045891762825,0.0070921985815602,일반,⑦ 일반
원효로2동,11170570,2021,21390710193.44187,217674819718,0.098269107199233,0.0677947261934941,0.1636393722946287,1.0258890798262432,0.0577327073948223,0.1950627060585495,-5.13872746745044,0.0023640661938534,일반,⑦ 일반
월계1동,11350560,2021,26668421362.021168,81846654460,0.3258339823169501,0.5645314715652948,0.3263996114594517,1.0702391608065078,0.251430763551334,0.4740939921003583,1.8198067582531927,0.8936170212765957,기존 강세,⑤ 성숙·정체
월계2동,11350570,2021,6333266886.075883,23506678460,0.2694241509642823,0.2453868770024431,0.1924882984935337,0.9569073584088112,0.20910825939804,0.3338053478441122,-2.0210730697438564,0.0874704491725768,일반,⑦ 일반
월계3동,11350580,2021,10558842850.04731,32888627808,0.3210484460369892,0.413348880237965,0.197581939901407,1.1113164253015544,0.2576050790704974,0.4017016463905614,0.6018337567740962,0.7092198581560284,쇠퇴,⑦ 일반
월곡1동,11290715,2021,19866191267.4272,67559026774,0.2940568006387071,0.3168312992518953,0.2645089134243898,1.1151002038048894,0.2383286253495372,0.3385113480764541,-0.5905151218754084,0.3286052009456264,일반,⑦ 일반
월곡2동,11290725,2021,34916420468.05675,120097384131,0.2907342297311868,0.4265461676261196,0.2890038146970836,1.0871224508859647,0.2290109171736794,0.400924410297554,0.3218568403579716,0.6170212765957447,기존 강세,⑤ 성숙·정체
위례동,11710647,2021,8756639068.71455,22509543581,0.3890189526590806,0.6684188916962296,0.4384690899432946,1.1405680207824842,0.3337487140939288,0.3567761213416493,2.77043997474706,0.9550827423167848,기존 강세,⑤ 성숙·정체
은천동,11620605,2021,52209519962.4543,158046973625,0.3303417886781715,0.3087786349252848,0.3100821190684789,1.131622290694234,0.2690207877683428,0.3946695772928945,0.0686232427658966,0.5319148936170213,일반,④ 잠재 후보
을지로동,11140605,2021,168943230547.72733,909850849129,0.1856823354173452,0.1993077664076448,0.2344775683984138,1.107052630871438,0.1505102257365527,0.1911380212289533,-3.132477053425394,0.0307328605200945,일반,⑦ 일반
응봉동,11200580,2021,2800482682.776519,9676602808,0.2894076297583753,0.1985163356515852,0.2142630246521946,1.1260458124380164,0.2116515568156613,0.446901575770454,-0.8454567632064882,0.2624113475177305,일반,⑦ 일반
응암1동,11380580,2021,49299657669.24307,164049821808,0.3005163743910811,0.3394986074424618,0.2680795851303714,1.2762235531645103,0.2350759231310508,0.3721255849546006,0.4325908630844686,0.6643026004728132,신흥 성장,② 라이징스타
응암2동,11380590,2021,24426423662.759888,78622139110,0.3106812399060391,0.1653991278182611,0.2096100067176104,1.1358606349545652,0.2516529379506983,0.3603832510885749,-1.2201848252697702,0.1631205673758865,일반,⑦ 일반
응암3동,11380600,2021,62089693687.35967,180670632079,0.3436623482902873,0.443515517596475,0.2566342676253321,1.1619368756715631,0.2746892940923544,0.4213271059223126,1.2941249757149178,0.8203309692671394,기존 강세,② 라이징스타
이문1동,11230740,2021,30646696617.50573,92254421863,0.332197590084265,0.5491598078218396,0.4390968526707182,1.162562441423206,0.2572254604688747,0.4584599151768466,2.064702510267097,0.9078014184397164,기존 강세,⑤ 성숙·정체
이문2동,11230750,2021,10558264413.743587,31359645340,0.3366831575826612,0.3466952975750713,0.2693685004219502,1.097355387061822,0.266081178678279,0.4621570809193341,0.5797837388298617,0.6997635933806147,일반,⑦ 일반
이촌1동,11170630,2021,39304894559.68274,136413032792,0.288131520538907,0.4771499848789902,0.1686150760541475,1.1704676893164518,0.2235907467471005,0.3628705977197727,0.7089908561618674,0.7328605200945626,일반,⑦ 일반
이촌2동,11170640,2021,5603826262.644192,22102694029,0.2535358927419278,0.2239418141745837,0.2677555402176354,0.725715929747461,0.218748092004364,0.2973404744406779,-3.2962375535999406,0.0260047281323877,일반,⑦ 일반
이태원1동,11170650,2021,111216499803.58916,237583455615,0.4681155070991712,0.6685541453668952,0.5648122939185325,1.2970735210144226,0.3910410810235491,0.5043810551193713,4.912898677552037,0.9929078014184396,기존 강세,① 레전드
이태원2동,11170660,2021,26453139909.126976,62796772952,0.4212499889022478,0.7690640545003017,0.4970450136802118,1.2780778168786056,0.3322684506089012,0.5387791153513796,5.177302081256965,0.9976359338061466,기존 강세,⑤ 성숙·정체
이화동,11110640,2021,36223150679.55359,120111900085,0.3015783669554759,0.7231202810090822,0.4620877861038127,1.0537866153665283,0.2351820354353692,0.4061255676538238,2.188457665468773,0.9290780141843972,기존 강세,① 레전드
인수동,11305660,2021,24606763742.069588,80710715682,0.3048760444526371,0.3585930734901744,0.2302214229918417,1.1111404841794623,0.2458064581432588,0.3689401458081844,-0.0722161329389584,0.5035460992907801,일반,⑦ 일반
인헌동,11620625,2021,49560620887.44554,152253541509,0.3255137476359847,0.2921270106440897,0.3584858025241641,1.1603822510807988,0.2565415524977534,0.4085988498094976,0.0617843233533107,0.5271867612293144,쇠퇴,⑥ 쇠퇴 주의
일원1동,11680730,2021,24665927733.86933,98997709230,0.2491565504466707,0.4261408600676567,0.2568201250589685,1.1060645718819295,0.1820557087955155,0.3739834640212108,-0.1972148122868753,0.4609929078014184,기존 강세,⑤ 성숙·정체
일원2동,11680740,2021,4282959686.91742,15206513492,0.2816529699046822,0.7199364507031472,0.3352418769550255,1.023718040146312,0.2174044851069402,0.3770015727152718,1.690544475040677,0.8723404255319149,쇠퇴,⑥ 쇠퇴 주의
일원본동,11680720,2021,8866991285.787441,40585248022,0.2184781840185113,0.8008361654308878,0.3037209757673068,0.9555563636699036,0.1800669917069011,0.2427420015435085,0.7155540111738228,0.735224586288416,쇠퇴,⑦ 일반
자양1동,11215820,2021,44798299956.04688,142889218436,0.3135177058590463,0.3605758171256066,0.2557247852773888,1.1185415394119245,0.2534473517273847,0.3761399817724733,0.0876664773464058,0.541371158392435,일반,⑦ 일반
자양2동,11215830,2021,22266572827.977,74274527109,0.299787473507575,0.3792540084524713,0.252055494618309,1.138996933794161,0.2339818458553896,0.4033656863413366,0.297608574180522,0.6028368794326241,일반,⑦ 일반
자양3동,11215840,2021,52774010004.86539,151014167098,0.3494639676462799,0.4906244973553958,0.4005091019688908,1.3877227657504128,0.2726138822808845,0.4241846251248063,2.562067072989096,0.9408983451536644,기존 강세,② 라이징스타
자양4동,11215847,2021,55242590393.80819,147064676202,0.3756346651042836,0.5714745258716114,0.4559822255338296,1.1620623427654715,0.2987839284985447,0.4931103604402712,2.805792355568009,0.9598108747044918,기존 강세,⑤ 성숙·정체
잠실2동,11710670,2021,54768934473.631454,187550446674,0.2920224155415143,0.1953523646823666,0.2425053558686359,1.1902804388024315,0.2337724792743886,0.341681761245753,-1.0764468842365582,0.2056737588652482,일반,⑦ 일반
잠실3동,11710680,2021,63599878209.629486,192908105434,0.3296900255515133,0.2209897227650982,0.3191847831508884,1.1133303074131902,0.2767969072521351,0.3258915359702645,-0.954417238082444,0.2364066193853428,일반,⑦ 일반
잠실4동,11710690,2021,11121390674.217594,43888396963,0.2534016150918762,0.2219772824970836,0.2568847686212995,1.1792563214434204,0.1944391432476845,0.33704657550994,-1.3349708009345114,0.1465721040189125,일반,⑦ 일반
잠실6동,11710710,2021,250361104541.7874,597763402125,0.4188297638359494,0.6415215345398644,0.5694155138337209,1.1636826519562091,0.3612265294636534,0.3971728079571412,3.204447592809136,0.9739952718676124,기존 강세,⑤ 성숙·정체
잠실7동,11710720,2021,5513654567.863455,24528519644,0.2247854598600762,0.0613656317562643,0.1448790985993838,1.1281162314946145,0.1693647213649189,0.3148081050985418,-2.962587491331986,0.0378250591016548,일반,⑦ 일반
잠실본동,11710650,2021,178452193489.24344,542612064475,0.3288761993559864,0.3963324300226802,0.3612565270082221,1.1659024798440123,0.252804783040942,0.4506370362674933,0.9992351371372904,0.7825059101654847,기존 강세,⑤ 성숙·정체
잠원동,11650540,2021,58243232951.76993,274454108792,0.2122148333217726,0.3530088277615323,0.3002718502183421,1.1222009381754623,0.1545353858343704,0.3201700886926614,-1.1987402532363904,0.1725768321513002,일반,⑦ 일반
장안1동,11230650,2021,87594680312.05402,502701705463,0.1742478280064263,0.2820150105009631,0.179504507307946,0.7785602816143564,0.1392864466582829,0.2333898785183958,-3.824916207401436,0.0165484633569739,일반,⑦ 일반
장안2동,11230660,2021,110663290235.2477,344261238969,0.3214514958659423,0.2767313311957803,0.2210765990093162,1.0468255936963171,0.264826372693121,0.3691918327187713,-0.7037248124142523,0.2978723404255319,일반,⑦ 일반
장위1동,11290760,2021,13773407200.114931,41415749864,0.3325644771697651,0.4878134239593059,0.2602016774629803,1.060716239665021,0.2630917390311771,0.4479076312976449,1.2174135882882475,0.8085106382978723,신흥 성장,① 레전드
장위2동,11290770,2021,14787863293.91779,51421648378,0.2875804988827344,0.3273678592186494,0.1820814936575583,1.0653682337637764,0.2299080755462125,0.352736051549063,-0.7177905744982584,0.293144208037825,일반,④ 잠재 후보
장위3동,11290780,2021,10945650904.30412,36870436232,0.2968679522919326,0.1238246439036599,0.2498972955194733,1.1236560100067228,0.2313787236017533,0.4037821321484385,-1.4417569679107316,0.1347517730496454,일반,⑦ 일반
장지동,11710646,2021,34095552358.72092,120434356966,0.2831048649045096,0.3002010405652502,0.2314348245814006,1.2116438788060178,0.2198644143504281,0.3792348070567104,-0.1878509326135574,0.4704491725768321,일반,⑦ 일반
장충동,11140580,2021,25398792727.92648,86971040867,0.2920373549026215,0.6464374801030172,0.254550746171421,0.9614770675479296,0.2489460654507956,0.3204091352501393,0.8653867774431283,0.7565011820330969,기존 강세,⑤ 성숙·정체
전농1동,11230560,2021,69355301391.22847,186687448753,0.371504896844941,0.2761805132128437,0.3422451447902882,1.17228086121735,0.3018156261246489,0.4493210439443216,0.6809769188276953,0.723404255319149,기존 강세,⑤ 성숙·정체
전농2동,11230570,2021,16756983506.110895,61009389633,0.2746623692994142,0.2862658459142038,0.2268636826930899,1.1637095485612123,0.2115005176845841,0.3721867721934696,-0.6035132443440213,0.3262411347517731,일반,⑦ 일반
정릉1동,11290620,2021,11158117509.062674,39322330260,0.2837603324951748,0.3761631214680714,0.2529812052649191,1.1777388588457771,0.2149886385446374,0.3866994037346758,0.1638096322873475,0.5650118203309693,일반,⑦ 일반
정릉2동,11290630,2021,14707335637.856348,53685296996,0.2739546293085081,0.3401507427137937,0.2402556632770612,1.0901922800998154,0.2153767880032685,0.3610193328062258,-0.6060361563113889,0.3238770685579196,일반,⑦ 일반
정릉3동,11290640,2021,13457207269.666435,40532775010,0.3320080420436636,0.5925043090455799,0.3100803318770845,1.103864560005234,0.2688521083076961,0.3896526254149506,1.752476188733755,0.8865248226950354,기존 강세,⑤ 성숙·정체
정릉4동,11290650,2021,29619846548.19897,86515847956,0.34236324613339,0.3123305774306523,0.216955678011109,1.1524338254297786,0.2844766075056789,0.3696193081556947,0.1566672978790774,0.5626477541371159,일반,⑦ 일반
제기동,11230545,2021,678084112772.7751,2320987776291,0.2921532460013087,0.0279483350561459,0.1278179228380412,1.046730347689212,0.2749597650978695,0.1154128986168408,-3.8716096897809535,0.0118203309692671,일반,⑦ 일반
조원동,11620725,2021,61494162004.186905,239475307062,0.2567870681893148,0.2636986385015916,0.2446055525291985,0.8130253686506397,0.2059417223431375,0.3294655349186926,-2.572979315509328,0.0567375886524822,신흥 성장,② 라이징스타
종로1·2·3·4가동,11110615,2021,461158229193.9876,1951411148205,0.2363203826206397,0.3126590502217961,0.2970005048608623,1.04193135320246,0.1868972736496256,0.2886500105813819,-1.716018321125503,0.1134751773049645,일반,⑦ 일반
종로5·6가동,11110630,2021,96217274695.81836,390179500800,0.2465974621899417,0.3522879264906784,0.1994229938693898,0.981711723223858,0.2075871610961884,0.2418385433897197,-1.834408876625326,0.1063829787234042,일반,⑦ 일반
종암동,11290705,2021,40187173163.439896,142340235637,0.2823317875201944,0.3857102042672797,0.2448128450262444,1.0369347909352336,0.2226704714036682,0.3681369496439061,-0.4265200917404867,0.3640661938534279,일반,⑦ 일반
중계1동,11350621,2021,13306349123.485794,40831695092,0.3258828489364591,0.2439341821728942,0.1692304643838762,1.0979381441536304,0.2590486455232271,0.4228571741167526,-0.4013449735117411,0.375886524822695,일반,⑦ 일반
중계2·3동,11350625,2021,50217149813.56818,184471048670,0.2722223903188276,0.2671592901396823,0.2013599582200499,0.95362666417509,0.226463571477457,0.3022503266121862,-1.943040521524184,0.0898345153664302,쇠퇴,⑦ 일반
중계4동,11350624,2021,44765352411.39546,127031628878,0.3523953271069813,0.4729467026255288,0.2188339138176189,1.213772894228348,0.2775240548073105,0.4570877576462843,1.963504280276526,0.900709219858156,기존 강세,⑤ 성숙·정체
중계본동,11350619,2021,47051566171.2134,153573628887,0.3063779016762969,0.2258572253477312,0.1348087043982882,1.110072740493007,0.2412798824351844,0.4069696559035378,-0.7295685810320458,0.2907801418439716,일반,⑦ 일반
중곡1동,11215740,2021,57701505729.61022,180931098293,0.3189142511928399,0.246131059558836,0.2421991299529705,1.096957440738525,0.2626823394562834,0.3496496776610102,-0.8341463620131965,0.2695035460992908,일반,⑦ 일반
중곡2동,11215750,2021,46343475279.83856,160456655951,0.2888223925967325,0.3522251717576554,0.2854432277710357,1.1659972452256755,0.2245054286062197,0.3697902544044026,-0.0654608078737309,0.5059101654846335,일반,④ 잠재 후보
중곡3동,11215760,2021,24727033701.86955,78768125448,0.313921825119394,0.3840098732191934,0.3241354985127206,1.129363671494795,0.2507972082062744,0.3918528351214394,0.3637330144633588,0.6312056737588653,일반,⑦ 일반
중곡4동,11215770,2021,48492704678.24516,130603480443,0.3712971852952196,0.3341236742618436,0.2707262151442541,1.039423159185291,0.3122972660962197,0.406207891566518,0.3034899928857484,0.607565011820331,일반,③ 급성장 신흥
중림동,11140680,2021,19111097389.535347,95864108921,0.1993561261314647,0.3702619340701398,0.2281622705117388,0.8907828866949783,0.1461422949703234,0.2863685972048529,-2.369270550724229,0.0709219858156028,일반,⑦ 일반
중앙동,11620615,2021,47251573344.11393,149148440186,0.3168090345778169,0.3680714094464462,0.3768666191205406,1.104248631865191,0.2463341684310063,0.435543448895536,0.3970943382881483,0.6501182033096927,일반,⑦ 일반
중화1동,11260600,2021,16174767142.048094,58954562161,0.2743598891952781,0.1877993651070514,0.2162041772813294,1.122177206739434,0.2191644549867832,0.3400541915017751,-1.5577803311999006,0.1182033096926714,일반,⑦ 일반
중화2동,11260610,2021,55719947798.34856,152315440175,0.3658194319258123,0.3607844601628221,0.2513851205170507,1.1647404887878894,0.2988761339145702,0.4287007166835967,1.0360237760366937,0.789598108747045,신흥 성장,⑤ 성숙·정체
증산동,11380640,2021,13117279665.025091,44276668197,0.2962571530148211,0.2927947144152636,0.1903715817210274,0.9712354808344448,0.2369185860446192,0.3720727916947512,-1.154459276417772,0.1796690307328605,일반,⑦ 일반
진관동,11380690,2021,44792332196.9238,107611364029,0.4162416544116362,0.5571875428959489,0.2285771828835034,1.0714751774352982,0.3637538127149019,0.3663585077629497,2.0878543981991946,0.9148936170212766,기존 강세,⑤ 성숙·정체
창1동,11320511,2021,30635426044.127304,104374413077,0.2935147143919906,0.361906828066503,0.3156328406819042,1.2300935193017415,0.2248027172491996,0.4038911277412442,0.494792198393543,0.6784869976359338,일반,⑦ 일반
창2동,11320512,2021,28427594477.84689,85982364689,0.3306212219292885,0.3409773364345578,0.2277453261122649,1.0780425471272923,0.2681757817478348,0.387004952461572,-0.0089167864331766,0.5153664302600472,일반,④ 잠재 후보
창3동,11320513,2021,19456076328.986584,59609814161,0.3263904879226383,0.3629375104335514,0.1926438850653742,1.080908368655674,0.2567374936728583,0.4382760244049337,0.3756068881525037,0.640661938534279,일반,⑦ 일반
창4동,11320514,2021,22615647496.839005,70942699351,0.3187875243503857,0.5042086337598005,0.245881686834265,1.189866345468238,0.2442641074349779,0.4525392362244172,1.7352192000683964,0.8817966903073287,기존 강세,① 레전드
창5동,11320515,2021,74100968878.97131,228354133310,0.324500230431022,0.3947841958464439,0.2390999859147677,1.1469210525229123,0.2702266050434469,0.3394653628658682,0.3428080068606459,0.624113475177305,일반,⑦ 일반
창신1동,11110670,2021,75780778427.44675,286072639627,0.2649004760687867,0.1624655735955723,0.2094467161806303,1.0525999908851305,0.2367130319673142,0.180545638067113,-2.896811694325973,0.0401891252955082,일반,⑦ 일반
창신2동,11110680,2021,16177303555.65588,47629171670,0.339651163109465,0.3728861306900826,0.2393995108502377,1.1652770079421326,0.2631910276091518,0.4407258022339652,0.8738384611896817,0.7588652482269503,기존 강세,⑤ 성숙·정체
창신3동,11110690,2021,550517243.6605824,1676595053,0.3283543290167291,0.7874631746274156,0.4035806671320293,1.0863320889756811,0.2620810351394971,0.459581030983753,3.33284810296067,0.9810874704491724,기존 강세,① 레전드
천연동,11410520,2021,21478457719.58126,72050105436,0.2981044592455169,0.4201136000680425,0.1949234612498256,1.1441661628044248,0.22724482047488,0.417064976562625,0.612513724961145,0.7139479905437353,일반,④ 잠재 후보
천호1동,11740600,2021,30228633780.45358,102312037795,0.2954552996102171,0.3426015453160391,0.2239226980690596,1.1851261537724127,0.2232027754422854,0.4086717819244077,0.1946882551479585,0.5697399527186762,일반,⑦ 일반
천호2동,11740610,2021,161074199211.4241,520331485194,0.30956073924946,0.4210571048863493,0.2731241712578932,1.1012527586401606,0.2558531131599013,0.3367123114060219,0.1709066212280772,0.5673758865248227,일반,⑦ 일반
천호3동,11740620,2021,45092658314.3638,141693130389,0.318241669095515,0.4408884906452019,0.3660584866789466,1.048711110772243,0.2507189867742375,0.4118375823640509,0.516934111527024,0.6855791962174941,기존 강세,⑤ 성숙·정체
청구동,11140645,2021,15992367758.644962,43438517094,0.368160996933616,0.5932440449621026,0.4108654136921537,0.912250161797052,0.3180066350816575,0.3545489608144863,1.153911736387368,0.8014184397163121,기존 강세,⑤ 성숙·정체
청담동,11680565,2021,323475743074.534,1038782131465,0.3113990251433517,0.4602678707822087,0.3756366633999492,1.1012588993045136,0.2523661838294075,0.3546188279918556,0.509670814685319,0.6808510638297872,쇠퇴,⑥ 쇠퇴 주의
청량리동,11230705,2021,52598615727.01273,186270352037,0.2823778188627933,0.3120915985569867,0.2711491040397426,1.1113376631524148,0.2359022478589164,0.2873423720720103,-0.9914260822783774,0.2245862884160756,일반,③ 급성장 신흥
청룡동,11620595,2021,123483025593.04588,347591764795,0.3552530240924227,0.4751422372546834,0.3883272980751057,1.1554203205506692,0.2886602919179497,0.4245794612396493,1.617788844315836,0.8676122931442081,기존 강세,⑤ 성숙·정체
청림동,11620545,2021,4949033536.9373455,17601399793,0.2811727246207745,0.2470223281746691,0.2731450352552082,1.0750621080216192,0.208408406725632,0.4449754726391038,-0.7906685797631368,0.2789598108747045,일반,⑦ 일반
청운효자동,11110515,2021,29916256509.80096,97863597046,0.3056934080988159,0.5542939154842478,0.3955742639809528,1.11017947513512,0.2500588737454366,0.3275145381375501,0.9594873716011428,0.7754137115839244,신흥 성장,② 라이징스타
청파동,11170555,2021,45852497664.02319,152100051568,0.3014627358198082,0.4642033991055826,0.3444166571539896,1.1323664067210288,0.2384856108795136,0.3796966627468934,0.7059053164446909,0.7304964539007093,일반,⑦ 일반
충현동,11410565,2021,22702011928.35185,119238196867,0.1903921102872262,0.7228662953628963,0.2925113732129312,1.016910542280172,0.1188876680918955,0.4064497039489603,0.9858076347910524,0.7777777777777778,기존 강세,⑤ 성숙·정체
평창동,11110560,2021,15841349180.944471,44040083713,0.3597029761382659,0.5323388850434813,0.174005741427279,1.2127556229927927,0.29548322355161,0.406877219575098,2.178934051098227,0.9267139479905436,기존 강세,⑤ 성숙·정체
풍납1동,11710510,2021,13573549174.0446,45277235169,0.2997875007910822,0.2613483031998782,0.2320781246862534,1.1133708612611333,0.2352191122370429,0.4010257820343191,-0.5789011170674498,0.3309692671394799,일반,⑦ 일반
풍납2동,11710520,2021,24658354535.26187,117265680135,0.2102776746519048,0.2120976333174959,0.1785577921169663,1.0569067973400763,0.1620358711442696,0.2794934002111137,-2.5860519954908705,0.0520094562647754,일반,⑦ 일반
필동,11140570,2021,22248067327.898968,111396608187,0.1997194321262586,0.733927956197333,0.3235057663560494,0.9411697975202292,0.137589354751904,0.3607109794631004,0.6054005457401825,0.7115839243498818,신흥 성장,② 라이징스타
하계1동,11350611,2021,77283036971.40842,234239931016,0.3299310951646819,0.744718704045744,0.1824032457048561,0.9813320363830068,0.2796604223620841,0.360674356735655,2.1239372055076378,0.9219858156028368,기존 강세,① 레전드
하계2동,11350612,2021,3743683716.246769,13719922198,0.2728647919586963,0.0321825830808548,0.2027303572031524,1.171660970244392,0.2149071609480274,0.3388617271953425,-2.3999285532434347,0.0661938534278959,일반,⑦ 일반
한강로동,11170625,2021,986220349864.1674,3723004270016,0.2648990649317544,0.0414058494344239,0.1989016728954269,1.1547320451346754,0.2274810093466157,0.222520278951074,-3.055060247806556,0.0330969267139479,일반,⑦ 일반
한남동,11170685,2021,115782931589.63432,321450742194,0.3601887206711058,0.6863383650047706,0.4795935764707578,1.125444331821224,0.2816599226308769,0.4728202859904205,3.107240849494468,0.9716312056737588,기존 강세,⑤ 성숙·정체
합정동,11440680,2021,71727540627.48688,204507683743,0.3507327417468832,0.5579670538511283,0.4954014410985074,1.2766891496290402,0.2676489269996611,0.4681774749613888,2.7653945023349653,0.9527186761229316,기존 강세,⑤ 성숙·정체
항동,11530800,2021,346889467.0631067,835147429,0.4153631502864948,0.4512244747627667,0.3776563263538466,0.860834968324637,0.3735698023683911,0.3396781647758626,0.4184668478619645,0.6572104018912529,데이터 없음,⑦ 일반
행당1동,11200560,2021,42431444802.37494,140834071765,0.301286785723112,0.3661320923536247,0.3364154706544141,1.2067438191036222,0.228989624285042,0.4143404487400606,0.528060744863223,0.6903073286052009,일반,③ 급성장 신흥
행당2동,11200570,2021,7301151746.868554,22959460860,0.318001881289322,0.3336925974314886,0.2567537077610628,1.246217466527418,0.2559304121220553,0.3691019578235863,0.4349146393984531,0.6690307328605201,일반,⑦ 일반
행운동,11620575,2021,51622625183.74468,162777259510,0.3171365910640197,0.369356838786848,0.3716967967892531,1.259727206738573,0.2454071928366992,0.4087833482164759,0.8864885684029875,0.7612293144208038,쇠퇴,⑦ 일반
혜화동,11110650,2021,60466982744.686966,167754426005,0.3604494032418835,0.6499312811797308,0.4883996297394741,1.1171839801951091,0.2808782276635467,0.4929820068862748,2.9602954471298064,0.966903073286052,기존 강세,① 레전드
홍은1동,11410660,2021,27027003596.259888,83518409372,0.3236053440131827,0.2448296812733029,0.1896873198031863,1.2135074738220128,0.2695432643566032,0.3222247341437311,-0.4618368838109461,0.3546099290780142,일반,⑦ 일반
홍은2동,11410685,2021,22108472319.838337,75268862136,0.2937266711949426,0.3942287372351251,0.2210319944512997,1.148096932153332,0.2281793898115213,0.3940873459519571,0.320901015043485,0.6146572104018913,일반,⑦ 일반
홍제1동,11410620,2021,25099308992.237686,75922231382,0.330592351348993,0.3735834588329091,0.2514763284542579,1.3290901556661423,0.2560275485212951,0.4172902424139134,1.360490179391412,0.8274231678486997,쇠퇴,⑥ 쇠퇴 주의
홍제2동,11410655,2021,9554187937.499874,29545710884,0.3233697092282112,0.3699611786941088,0.3330961240580452,1.1263442874419554,0.2537420325553877,0.4391734947906356,0.5937754260235247,0.706855791962175,쇠퇴,⑦ 일반
홍제3동,11410640,2021,57161173717.98933,201463017559,0.2837303561247872,0.1432472911637413,0.146365758094358,1.09951148498432,0.234313603404533,0.300762124657718,-2.061807339771258,0.0780141843971631,일반,⑦ 일반
화곡1동,11500540,2021,102787990617.32408,298095398507,0.3448157574123384,0.435538220469885,0.4027894583860222,1.2098554264926955,0.2712563123851816,0.4523358271121842,1.6174435278460688,0.8652482269503546,기존 강세,① 레전드
화곡2동,11500550,2021,12569336514.159286,50514337864,0.2488271062366445,0.249801883892313,0.2219626726413186,1.0209406544067978,0.1936147605721687,0.3536961033539165,-1.7294798270843064,0.1111111111111111,일반,⑦ 일반
화곡3동,11500560,2021,35783933861.74472,115609187757,0.3095250001838893,0.3676710696847388,0.3479915027823042,1.123444294180136,0.2341699929152976,0.452448044596117,0.4767995501512139,0.6761229314420804,쇠퇴,⑦ 일반
화곡4동,11500570,2021,57570313198.282745,161130913985,0.3572890625050515,0.2795191580629449,0.2429712798851533,1.1420048003531993,0.2923280856110884,0.4130704617314841,0.2526541364649767,0.5910165484633569,일반,⑦ 일반
화곡6동,11500591,2021,49095369586.68359,145184786223,0.3381578115993117,0.5030356851221521,0.3329998876241827,1.1067952363442248,0.2608052075913825,0.4853929970166251,1.73541844486604,0.8841607565011821,기존 강세,① 레전드
화곡8동,11500593,2021,40075879258.709946,135767398248,0.2951804319436482,0.2601045714192303,0.2864329912543851,1.1389609632126527,0.231133473425475,0.3834918054840679,-0.62842245857391,0.3191489361702128,일반,⑦ 일반
화곡본동,11500590,2021,51449684038.44496,150276445871,0.3423669207788577,0.3243241205999629,0.2939926045225015,1.1557331796317278,0.2669076668171344,0.4449765179594543,0.579851233332241,0.7021276595744681,신흥 성장,⑤ 성숙·정체
화양동,11215710,2021,117487548460.47775,313000467825,0.3753590187161176,0.7074541074354064,0.6326162572821068,1.1876884697803891,0.2823378245824511,0.5658075892526024,4.119513430504479,0.9905437352245864,기존 강세,⑤ 성숙·정체
황학동,11140670,2021,57192407419.7312,204664721835,0.2794443854659013,0.2396901991079287,0.201534104276423,0.9833905761418942,0.2384297220814679,0.2753383034054634,-2.0610608784631737,0.0803782505910165,일반,③ 급성장 신흥
회기동,11230710,2021,36242260554.27674,118589290992,0.3056115796891107,0.6257338990837366,0.5042006817802259,1.1266359614644907,0.2293870739376888,0.4457733401961749,2.0743133231052853,0.9125295508274232,기존 강세,⑤ 성숙·정체
회현동,11140540,2021,165785172469.51428,770951210888,0.21503977181456,0.4576233280775711,0.2122549606771064,1.1716854223847888,0.1837828451268671,0.1667877155311715,-1.0438224690851188,0.2151300236406619,일반,⑦ 일반
효창동,11170580,2021,8971813160.374138,41704709694,0.2151270977835124,0.2989703993502159,0.2238399217377369,0.9360357957458588,0.1742141934642284,0.256066823587946,-2.582034675294393,0.0543735224586288,일반,⑦ 일반
후암동,11170510,2021,26748253137.29802,82665296666,0.3235729407150304,0.420693324050013,0.2905349122623809,1.2483174075397097,0.2442984553795976,0.4440471828379417,1.3891667600613933,0.8321513002364066,기존 강세,⑤ 성숙·정체
휘경1동,11230720,2021,21823486858.039684,66184070341,0.3297392672526575,0.4828609040414775,0.4014511331216887,1.0610195660242645,0.2616867400987099,0.4415214536736889,1.1325374192475817,0.7990543735224587,일반,⑦ 일반
휘경2동,11230730,2021,16132027424.532276,61373310356,0.2628508602673926,0.2515480613062729,0.2942297954477963,0.7044642865404871,0.2337813733164111,0.2572711999957547,-3.333290863035084,0.0236406619385342,일반,⑦ 일반
흑석동,11590605,2021,46489027653.75833,185331090527,0.2508431128396429,0.3906063934181277,0.2922955468991212,1.0571576678023595,0.1973763845557841,0.3299042223360391,-0.7843668612950009,0.2813238770685579,일반,⑦ 일반
가락1동,11710631,2022,422176024435.0216,1814226452424,0.2327030475555845,0.0284548399771293,0.1571013301306385,1.1201589917960553,0.2062945116784854,0.1482931833032956,-4.101871382964824,0.0118203309692671,일반,⑦ 일반
가락2동,11710632,2022,60756409718.5576,235333678952,0.2581713335257459,0.2805748229961917,0.2119514109885379,1.2418002828622063,0.1949628194286556,0.3428868412729763,-0.8489825514723625,0.2671394799054373,일반,⑦ 일반
가락본동,11710620,2022,91212869822.74448,293961211412,0.3102887941732744,0.5393276126311679,0.2861649392990834,1.0850655416041812,0.2410228464486036,0.4267205257811757,1.071443905695609,0.7943262411347518,신흥 성장,② 라이징스타
가리봉동,11530595,2022,30738729969.059937,80589426713,0.3814238569847206,0.2689395720506321,0.2755939007867055,1.0906937383869173,0.3184860982248392,0.4372548775969352,0.1779996008945876,0.5957446808510638,일반,⑦ 일반
가산동,11545510,2022,1239614584960.662,2919262439269,0.4246328004929453,0.8387076175433187,0.3565054161946486,1.0549094074999814,0.3822343514810588,0.325418919542527,3.411648530350787,0.9716312056737588,기존 강세,① 레전드
가양1동,11500603,2022,103476449243.94852,393809524726,0.2627576093187286,0.5875901433465829,0.3738168104426265,1.017721018620168,0.1871498854840524,0.4563876890434537,0.8014469359256564,0.735224586288416,쇠퇴,⑦ 일반
가양2동,11500604,2022,21852681485.98476,91758026773,0.2381555298703846,0.1848620049771087,0.3538621789712928,1.0111868268004296,0.1916117050391227,0.2734677428174995,-2.89311524654201,0.0401891252955082,일반,⑦ 일반
가양3동,11500605,2022,6807946734.958939,32099162564,0.2120911011739047,0.318815824637038,0.3205080388152646,1.0550897829725348,0.1661055791212385,0.2671167824052894,-2.147409770330152,0.0685579196217494,일반,⑦ 일반
가회동,11110600,2022,42447369732.9828,112224790978,0.3782352309420114,0.8911253669307769,0.4649422997119124,1.092319268269918,0.3173743300531719,0.3859347767151606,3.708630229933767,0.983451536643026,기존 강세,⑤ 성숙·정체
갈현1동,11380551,2022,64517867327.73799,183621009569,0.3513642991026789,0.4267714295980535,0.3565587424482461,1.1682478450810163,0.2771293506143047,0.4476658744494652,1.1803921345978314,0.8132387706855791,기존 강세,⑤ 성숙·정체
갈현2동,11380552,2022,70875695478.03333,222405313864,0.3186780668440932,0.3761416851224844,0.2746414533977872,1.0760376278628914,0.2538419302315883,0.4021472961194265,-0.027762033766005,0.5295508274231678,일반,⑦ 일반
강일동,11740515,2022,14425313032.56865,54247219310,0.2659180178459298,0.4009601290842643,0.2431609857939463,1.0867768519194456,0.2034010103991816,0.3741463132886986,-0.4657731213933476,0.3640661938534279,일반,⑦ 일반
개봉1동,11530740,2022,42104009392.71417,122941823348,0.3424710016991879,0.2903053832297063,0.2101837279804779,1.115374313814624,0.275951287919075,0.4231132143839822,-0.0612078599212768,0.5106382978723404,일반,⑦ 일반
개봉2동,11530750,2022,34770379472.744095,104970819409,0.3312385257970364,0.3721528898787525,0.2708499708687836,1.116482335889993,0.2603409878846476,0.4404854658306652,0.4264954593438355,0.6524822695035462,일반,④ 잠재 후보
개봉3동,11530760,2022,23856447844.45835,72733270411,0.3279991083812225,0.3176396107235398,0.2105291982812336,1.3242811486629855,0.2576191560357251,0.4149667179331918,0.7624571858388208,0.723404255319149,일반,⑦ 일반
개포1동,11680660,2022,76377137.50208333,224707879,0.3398952357255053,0.2195686649687971,0.101688094345815,1.985189504373177,0.2526547188850463,0.3781926934569126,2.624349888601768,0.9408983451536644,일반,⑦ 일반
개포2동,11680670,2022,26268456536.339,85513178559,0.3071860615988566,0.4180740652896399,0.1871049475720377,1.1454070947281496,0.2427844140616959,0.3876803258590939,0.3282224130332727,0.6335697399527187,일반,⑦ 일반
개포4동,11680690,2022,61730467851.73303,235706579724,0.2618953952155946,0.3189150579165866,0.1904016922122024,1.039378757020304,0.2018800073452293,0.3596876225910782,-1.2827003567315272,0.1725768321513002,일반,⑦ 일반
거여1동,11710531,2022,20559842373.463715,69183783444,0.2971771902313732,0.357465807084952,0.2836825216690588,1.2265296405575066,0.2324439254614755,0.3662866936948028,0.0562245917431707,0.5508274231678487,기존 강세,⑤ 성숙·정체
거여2동,11710532,2022,30699995320.00566,103024029687,0.2979886868459341,0.3493675422166269,0.2405130094336299,1.1479503975021297,0.2353270251868167,0.3719995797818807,-0.2586646155439673,0.4349881796690307,일반,④ 잠재 후보
고덕1동,11740550,2022,8515148669.186305,32683390964,0.2605344310376345,0.3697028127622773,0.2032566818821596,1.0636837771725125,0.1948233950697968,0.3742209670799445,-0.8332127880264398,0.2718676122931442,일반,⑦ 일반
고덕2동,11740560,2022,26389851486.41317,85295018325,0.3093949916964645,0.3267255451638945,0.2303495677219552,1.0759041550678277,0.2505915749329901,0.3610404658061253,-0.635043961780934,0.3215130023640662,일반,④ 잠재 후보
고척1동,11530720,2022,61128302673.4538,208884210815,0.2926420452505746,0.2438052318090426,0.1806186655697708,1.1169035926479358,0.244662467242498,0.2899807795125618,-1.4999694128525332,0.1418439716312056,일반,⑦ 일반
고척2동,11530730,2022,36009281786.4929,112625213932,0.319726644943239,0.2713606138537727,0.1622079764130805,1.1383328144669198,0.2598050234174626,0.3621653260488121,-0.6287757045322755,0.3238770685579196,일반,⑦ 일반
공덕동,11440565,2022,52599435197.90974,185331644711,0.2838124880396521,0.4793855898248916,0.2667874415354246,1.1481820998990984,0.2106700744542771,0.412572928963284,0.596213067060009,0.6926713947990544,일반,⑦ 일반
공릉1동,11350595,2022,77515568007.43803,244236291631,0.3173794012748565,0.4512459242277955,0.26286378899413,1.1023401300295872,0.2526023216206142,0.4022814740752855,0.5390223150201547,0.6808510638297872,신흥 성장,② 라이징스타
공릉2동,11350600,2022,46271634126.99678,154159744966,0.300153805633254,0.5059237503552008,0.3104129688691042,1.0886489042486425,0.2298652388781223,0.4290731933072962,0.7937636479092286,0.7328605200945626,기존 강세,⑤ 성숙·정체
공항동,11500620,2022,40790453672.580246,154473697699,0.2640608354702725,0.4499014677075986,0.2572630653306181,1.130556153337056,0.2051471120264712,0.3382779199590447,-0.1985285587468826,0.4633569739952718,일반,⑦ 일반
광장동,11215810,2022,41188959309.976265,141151401457,0.2918069454841648,0.4442862412606247,0.2469377443880238,1.0656774701479808,0.2375952170068718,0.3385969491387563,-0.2105472241938102,0.458628841607565,일반,⑦ 일반
광희동,11140590,2022,150005510371.66797,508339983651,0.2950889467601942,0.3654836914826551,0.3050075726670512,1.0333553774915625,0.2465785677426781,0.2972120234963201,-1.0268889151422709,0.2198581560283688,일반,⑦ 일반
교남동,11110580,2022,6614767348.00884,38453861375,0.1720182866293187,0.4343127947056526,0.2119867446471752,0.9385593381200142,0.1291807072001751,0.2500355274139228,-2.359205683182043,0.0543735224586288,일반,⑦ 일반
구로1동,11530520,2022,12592458900.098728,47986095887,0.2624189083802955,0.1862333149386515,0.1660515629519814,1.0168129341756822,0.2035354342849542,0.364102863069828,-2.158489467312277,0.0661938534278959,일반,⑦ 일반
구로2동,11530530,2022,64911294168.9755,719934796472,0.0901627404135341,0.0998875518052513,0.0822230077780415,0.9531117452003712,0.0672565302222937,0.1303264158598689,-5.722086245369152,0.0023640661938534,일반,⑦ 일반
구로3동,11530540,2022,119646663231.84769,562422476895,0.2127344979034058,0.565784760509149,0.424037019280657,1.0355540912116026,0.1422162497924717,0.383184445532454,-0.1445181371518045,0.4822695035460992,일반,⑦ 일반
구로4동,11530550,2022,66219919541.56937,201580920330,0.3285029130394057,0.3293380387951322,0.2072750151829808,1.112528981281392,0.2730201477347327,0.3521867133148236,-0.3225561681651666,0.408983451536643,일반,⑦ 일반
구로5동,11530560,2022,111714810055.36417,336146717243,0.3323394349099225,0.443758151284181,0.3637048059214564,1.1094324891208738,0.2609688790135783,0.4215044394545564,0.7235132374097217,0.7115839243498818,쇠퇴,⑦ 일반
구산동,11380560,2022,17473089190.938305,62809041333,0.278193852670028,0.3369979417896173,0.2494832159421458,0.9992844246221548,0.2229261555317424,0.3559881055572232,-1.172705167480845,0.1914893617021276,일반,⑦ 일반
구의1동,11215850,2022,65539824888.61424,211897130765,0.3093001998280938,0.4663684098422105,0.3252440481387751,1.129300356722316,0.2357984779388666,0.4526874231882901,0.9257829874345884,0.7706855791962175,일반,⑦ 일반
구의2동,11215860,2022,37118949222.13445,112216227936,0.3307805823174203,0.4269803190081094,0.2508041584239622,1.219052353910399,0.2649225109219946,0.410066316595887,1.0370020128859616,0.7872340425531915,신흥 성장,② 라이징스타
구의3동,11215870,2022,162285804610.2993,492734761699,0.3293573281712887,0.2108199565864135,0.2340446922465102,1.047965757749534,0.27433902994767,0.3437617701559126,-1.3728812669914652,0.1560283687943262,일반,⑦ 일반
군자동,11215730,2022,50651254671.74086,162311823985,0.312061397797007,0.4354837224953633,0.3571774447951349,1.291547582363231,0.2383290212768167,0.388716455498835,1.0132181306317765,0.7848699763593381,일반,③ 급성장 신흥
금호1가동,11200590,2022,6867981349.976708,26812384203,0.2561495948282085,0.3850244655917219,0.2107181515535588,0.9765377394603596,0.2026037009939678,0.3517369815230676,-1.1793878536091067,0.1891252955082742,신흥 성장,② 라이징스타
금호2·3가동,11200615,2022,24766110473.49836,75249735118,0.3291189056634196,0.4520575163574624,0.1828843224021938,1.1532036266744972,0.2624634807687935,0.4044656606069516,0.8593132742794173,0.7541371158392435,기존 강세,⑤ 성숙·정체
금호4가동,11200620,2022,16283331510.316715,56892892547,0.2862102941393748,0.3441873531886816,0.2665185154098753,1.2013830608346951,0.2268876849131247,0.3423970396988928,-0.3382195601193816,0.4018912529550827,일반,⑦ 일반
길동,11740685,2022,125075982046.36755,407360373135,0.307040130299854,0.4095203200280719,0.2527301565507979,1.100149819404104,0.2467917281995495,0.3612719415229627,-0.0513639862286224,0.5130023640661938,일반,④ 잠재 후보
길음1동,11290660,2022,14499633371.19936,47263124233,0.3067853343701609,0.3134425243868325,0.2095258976359765,1.030785761177239,0.2395558180450258,0.408415567469454,-0.6939064849109664,0.2978723404255319,일반,⑦ 일반
길음2동,11290685,2022,28673989023.742386,92171020415,0.3110954928635677,0.3196863812218868,0.2220679761148546,1.0948136333101215,0.2581443828859665,0.3265099999055923,-0.7589109024903948,0.2836879432624113,일반,⑦ 일반
낙성대동,11620585,2022,76671186593.72775,198774780494,0.3857188844740898,0.6733780049428366,0.5620238678586902,1.200983465303717,0.2947780126351022,0.5442904517671735,3.6447154166341775,0.9763593380614656,기존 강세,① 레전드
난곡동,11620775,2022,21376724515.050503,72037334891,0.2967450773601732,0.2716723656228022,0.2464483750386223,1.1424546255867007,0.2351889344412254,0.3641978006501429,-0.8174887802415933,0.2789598108747045,일반,⑦ 일반
난향동,11620715,2022,4634913463.559258,18199372868,0.2546743504392306,0.1811267174923403,0.1754385272040902,1.086926751726804,0.1895319549205469,0.3882877792138216,-1.8645917441724968,0.0945626477541371,일반,⑦ 일반
남가좌1동,11410690,2022,13806208845.4653,48955801586,0.2820137429720585,0.2354779750414033,0.1211962782302138,1.1293032740292486,0.2356052291113638,0.2693504143903326,-1.7169596067121913,0.1158392434988179,일반,⑦ 일반
남가좌2동,11410700,2022,32762321436.16131,111942991129,0.2926696982610275,0.3959798128666993,0.2576805989555809,1.0800044278455123,0.2311749719031397,0.3767794304727435,-0.2581381871916632,0.4373522458628842,일반,⑦ 일반
남영동,11170530,2022,66561721797.99301,225849760645,0.2947168135485318,0.6945804825340332,0.4121419578270459,1.0860166764784671,0.2060883327176129,0.5127889460996157,2.2928660828775054,0.9219858156028368,기존 강세,① 레전드
남현동,11620630,2022,38092595972.02817,104065003383,0.3660461705058759,0.591063869037918,0.4304058133756511,1.2143127208982167,0.2795332106024037,0.5041032327162712,2.7871964254930544,0.9527186761229316,기존 강세,① 레전드
내곡동,11650660,2022,7780117311.708939,24975042874,0.3115156739053428,0.7204907036108739,0.2119137343908128,1.1130601980492096,0.2747655960640574,0.2447134886948502,1.4228621993082722,0.8439716312056738,기존 강세,⑤ 성숙·정체
노량진1동,11590510,2022,644969135089.7163,1383101284638,0.4663209717562546,0.071507086750256,0.2640402485386908,1.2552177066085153,0.4160780879591332,0.3368295089306726,-0.1465101764185659,0.4799054373522459,쇠퇴,⑦ 일반
노량진2동,11590520,2022,1627467706304.1997,3115103065695,0.5224442568936642,0.0252353095641352,0.2791388675090268,1.4202744449799658,0.4663559842794102,0.3892453606415345,1.0506398429302504,0.7919621749408984,기존 강세,⑤ 성숙·정체
녹번동,11380510,2022,46892131419.772415,170081103390,0.2757045343964382,0.3699886750952245,0.2296288378165371,1.2490726397083116,0.2218475970930141,0.3252985434962376,-0.1362906794204762,0.4869976359338061,일반,⑦ 일반
논현1동,11680521,2022,281746478280.8766,1051773103342,0.2678776224507259,0.3057648672970756,0.3822330333534649,1.0497106126775575,0.2110993403144708,0.3239454012746423,-1.4733712428341326,0.1442080378250591,일반,⑦ 일반
논현2동,11680531,2022,219605740908.27383,792317844096,0.2771687430046894,0.5740552780897494,0.3673791976578677,1.0344250439222629,0.2107456044001054,0.3978337876924149,0.6142970667243454,0.6973995271867612,신흥 성장,⑤ 성숙·정체
능동,11215780,2022,39874849944.507095,106605464168,0.3740413332065995,0.5616615844441224,0.3847272704742959,1.2493102196504813,0.2888607092078451,0.5094546291680849,2.8693047374641343,0.9574468085106383,기존 강세,① 레전드
다산동,11140625,2022,42862884093.67767,157407826017,0.2723046571334293,0.4878197272460078,0.3107423822162272,1.030361922217813,0.2036853979899153,0.3929386966904685,-0.0347906788837601,0.524822695035461,일반,⑦ 일반
답십리1동,11230600,2022,36162838339.40541,141224148657,0.2560669593925921,0.4501915047433968,0.1995001271873732,1.179901266729141,0.20491730251663,0.2826244564018593,-0.35848741182605,0.392434988179669,일반,⑦ 일반
답십리2동,11230610,2022,35786359865.58352,119526702004,0.2994005462008474,0.4281200663705045,0.2269743312092063,1.0638043262222978,0.2388505840648443,0.3700168205889252,-0.101238108203963,0.5011820330969267,쇠퇴,⑦ 일반
당산1동,11560550,2022,142324392787.831,532792770151,0.2671289866555331,0.2206525140303264,0.1899136560999561,1.1419367218113277,0.2161261703426736,0.2893538025212083,-1.800097811144815,0.1040189125295508,일반,⑦ 일반
당산2동,11560560,2022,65006462957.532135,236041717786,0.2754024312620375,0.5286255466041213,0.3884111932117016,1.0990323345934316,0.1998162583054944,0.4376842475051992,0.7648844097105825,0.7257683215130024,기존 강세,⑤ 성숙·정체
대림1동,11560700,2022,27978254485.931488,116183565330,0.2408107756588802,0.2917315063083888,0.1959471531394086,1.0268538904474551,0.196741209869704,0.2666622721638938,-2.1614437793331263,0.0638297872340425,일반,⑦ 일반
대림2동,11560710,2022,60412419892.162,164443161503,0.3673756898127981,0.4939844315722307,0.2406694530576632,1.1470988822453985,0.3134191502396999,0.3674032683012956,1.3090966222170508,0.8297872340425532,기존 강세,⑤ 성숙·정체
대림3동,11560720,2022,74749324035.42389,567408288698,0.1317381602002095,0.1417445787310429,0.1498619406232507,1.2358023948628438,0.0928343793406162,0.1823306835953957,-3.710359619402132,0.0189125295508274,일반,⑦ 일반
대방동,11590660,2022,66677274543.38426,214734420642,0.3105104172122782,0.3666037722766587,0.2854337569391601,1.1392771634521417,0.2342250812032253,0.4385636327443087,0.2397919014514922,0.6122931442080378,일반,④ 잠재 후보
대조동,11380570,2022,80674524037.27658,247825612863,0.3255294039437082,0.3921974824116789,0.2654083559327701,1.1097184619196707,0.2666221433880897,0.3627218548580485,0.0685222777485528,0.5555555555555556,일반,④ 잠재 후보
대치1동,11680600,2022,167134022122.87903,471579396485,0.3544133254519639,0.1549646513475795,0.1001511540072176,1.117305617879241,0.2935309029290955,0.3947362664346618,-0.9236441746728872,0.2411347517730496,일반,⑦ 일반
대치2동,11680610,2022,147025923339.23413,610111395752,0.2409820966514083,0.3103278247976887,0.1717830411212351,1.1445032944258453,0.176712316523956,0.3792756008970865,-0.9948689692477786,0.2245862884160756,일반,⑦ 일반
대치4동,11680630,2022,246772907778.0596,829910794763,0.2973487142657678,0.4012192569227744,0.1979471679638936,0.9922044089264392,0.2258123474638229,0.4422660710309438,-0.2099189724737969,0.4609929078014184,쇠퇴,⑦ 일반
대학동,11620735,2022,43602593446.91498,129951119460,0.3355307259229591,0.5203350209985178,0.4907428615082436,1.0798358155163423,0.2667980999245791,0.4445617814149148,1.2802929899092663,0.8226950354609929,기존 강세,⑤ 성숙·정체
대흥동,11440600,2022,51132904433.64836,226498344740,0.2257539872635466,0.2723714345675089,0.3521570971900958,1.1311952298292591,0.172585342488362,0.2976173574530115,-1.8601322820694264,0.0969267139479905,일반,⑦ 일반
도곡1동,11680655,2022,56105621497.6556,277503428510,0.2021799218802581,0.3098521612892486,0.2168707470179284,1.0112698045380952,0.1498159686322644,0.290771257383194,-2.377034863013041,0.0520094562647754,일반,⑦ 일반
도곡2동,11680656,2022,75800091306.96039,286371863952,0.2646911266382844,0.414305276072396,0.2096515583390667,1.1487603122191603,0.2047832918000268,0.3411474410990846,-0.3284374563316952,0.4066193853427896,일반,④ 잠재 후보
도림동,11560585,2022,15694104575.128769,59536841433,0.2636032446025909,0.2945925755187685,0.2248115875959321,0.9045280387252426,0.2031389534933644,0.3903529454976822,-1.7840368308975618,0.1063829787234042,일반,⑦ 일반
도봉1동,11320521,2022,76175329693.15445,198177421514,0.3843794571107241,0.3762969788701779,0.1431913345890178,1.056766002975846,0.3421756812251669,0.3082031184752555,0.0693666570832373,0.557919621749409,일반,④ 잠재 후보
도봉2동,11320522,2022,12770368507.869137,48537338021,0.263104014940909,0.4531749926311024,0.192770528164355,1.0998739257957493,0.2020577671926875,0.35642196445786,-0.2147699479796618,0.4562647754137116,일반,④ 잠재 후보
도화동,11440585,2022,55018492752.53382,218987658076,0.2512401531479896,0.5649996250704687,0.2624348072257796,0.8563739323786478,0.1669012065662417,0.519114517049848,0.2176712889618347,0.607565011820331,기존 강세,⑤ 성숙·정체
독산1동,11545610,2022,215587119216.9253,954039065143,0.2259730519364122,0.0915058336336727,0.147820427148716,0.9803651392555834,0.2038592735013928,0.1273746119135964,-4.452330945895365,0.0094562647754137,일반,⑦ 일반
독산2동,11545620,2022,30483376777.45576,89934180879,0.3389520700529753,0.2836129646337377,0.2082529708609745,1.1095531945643835,0.2737710798536799,0.4046172344412486,-0.2682484071391223,0.4278959810874704,일반,③ 급성장 신흥
독산3동,11545630,2022,55864675894.4534,161777250726,0.3453184897366729,0.3265986326129872,0.200949910182738,1.158090627083026,0.2826953053520393,0.3895915749535643,0.1832395304100691,0.5981087470449172,일반,③ 급성장 신흥
독산4동,11545640,2022,27497014500.375366,76122699796,0.3612196437339213,0.4899625235698728,0.3050964683365104,1.3470112885750911,0.2768234850376036,0.498417598241749,2.6502881241671608,0.9432624113475178,기존 강세,⑤ 성숙·정체
돈암1동,11290580,2022,9587069992.93212,37235709719,0.2574697800923127,0.077846444847563,0.1000890198985064,1.0345712824031563,0.1910091507231518,0.3988817718283276,-2.642789432565929,0.0449172576832151,일반,⑦ 일반
돈암2동,11290590,2022,6512892846.172804,27458122300,0.2371936716944699,0.2626977528976917,0.1732012196624238,1.0671140933663306,0.181321824435169,0.3301618072769673,-1.895435107642,0.0898345153664302,일반,⑦ 일반
동선동,11290575,2022,99873402486.76147,273015699062,0.3658156026554389,0.5443180321555512,0.4841726223479233,1.1436740484059384,0.285332953784864,0.4965566438405195,2.20409269197828,0.9125295508274232,기존 강세,⑤ 성숙·정체
동화동,11140665,2022,21230780544.39821,65282913155,0.3252119048975397,0.5336944920223973,0.268964920503937,1.436081662475619,0.2439047647459414,0.4055435198509103,2.388111364911512,0.9314420803782506,신흥 성장,② 라이징스타
둔촌2동,11740700,2022,32557248367.309708,115397885305,0.2821303725043136,0.5139028980926263,0.2245363413421001,1.10219683534052,0.2283239236434983,0.3362527671407748,0.276277170549014,0.624113475177305,쇠퇴,⑦ 일반
등촌1동,11500520,2022,68129031793.33843,282517365976,0.2411498902305567,0.4187414836688297,0.3380649784166314,1.0258584208615755,0.187553318568393,0.3280346537383222,-1.05474535188156,0.2127659574468085,일반,⑦ 일반
등촌2동,11500530,2022,9810648138.5425,37877089083,0.2590127271143895,0.3465653892313391,0.2337290641474715,1.125687696567237,0.1933996551833175,0.3711141104375135,-0.7516008721726815,0.2860520094562648,쇠퇴,⑦ 일반
등촌3동,11500535,2022,65955828695.8797,259318336461,0.254343096581599,0.3541014592842337,0.2520731737257263,1.022267524546239,0.1951933797925336,0.3539269824477034,-1.2331316609837042,0.1796690307328605,일반,⑦ 일반
마장동,11200540,2022,34278373727.5592,110355607978,0.3106174154229912,0.5738886131697589,0.2515855380954893,0.9783763349919932,0.2427803500329695,0.430931841827925,0.8846689414306822,0.7635933806146572,기존 강세,⑤ 성숙·정체
마천1동,11710540,2022,23471130359.84936,148059154734,0.1585253569900294,0.1099915375935905,0.110585056198758,1.2913034394371,0.1101924119336705,0.2464223257356043,-3.0992241062380064,0.0330969267139479,일반,⑦ 일반
마천2동,11710550,2022,48397805139.63348,158580993669,0.3051929743904389,0.2995042526290124,0.1521040878224439,1.2136706116077915,0.2512163659357099,0.3192709349626014,-0.4982503366230697,0.3498817966903073,일반,⑦ 일반
망우3동,11260660,2022,20058210425.713524,59256243358,0.3384995283033838,0.4721072545720727,0.2282493345095594,1.128487362727384,0.2702328707754326,0.4345002763244524,1.1480456412133908,0.8037825059101655,기존 강세,⑤ 성숙·정체
망우본동,11260655,2022,88028350795.15497,264587753645,0.3327000194924496,0.379701076844977,0.2156363577187737,1.1164100986481436,0.2738944463628975,0.368421633832644,0.1214997385416687,0.5815602836879432,일반,④ 잠재 후보
망원1동,11440690,2022,76216840585.51424,205419011312,0.3710310944382481,0.4264307542837581,0.3807420829477583,1.1755087572474312,0.3032879830989652,0.4127986567280611,1.2145713960445983,0.817966903073286,기존 강세,⑤ 성숙·정체
망원2동,11440700,2022,39039441783.384186,119958151047,0.3254421766478245,0.3545846674173439,0.2959033714190254,1.1034215474924711,0.2623784682348781,0.3817163500299311,-0.1051134459083303,0.4988179669030733,일반,⑦ 일반
면목2동,11260520,2022,31418283384.925182,104676771643,0.3001457046466546,0.3087360692515315,0.1902684391139405,1.1525483654396182,0.2377242191120256,0.3703551848276024,-0.48153047141397,0.359338061465721,일반,⑦ 일반
면목3·8동,11260575,2022,50121519994.43909,152618720388,0.3284100395221241,0.4395251476127191,0.2885012728914349,1.158201592225718,0.2580056950739319,0.4232730909535215,0.8857041453270021,0.7659574468085106,기존 강세,⑤ 성숙·정체
면목4동,11260540,2022,14580913164.412174,56424166170,0.2584161034915684,0.2826834483108499,0.2203139708178695,1.0401645283556056,0.1988725023457444,0.3514453549965504,-1.5860176065904137,0.1394799054373522,일반,⑦ 일반
면목5동,11260550,2022,8873173578.77887,30240791943,0.2934173680207734,0.3793931039446787,0.2411775318168624,0.9939187979419092,0.2281647725696269,0.4250910674968496,-0.4302564890698173,0.375886524822695,일반,④ 잠재 후보
면목7동,11260570,2022,49218608245.52674,165411848007,0.2975518914669515,0.3440812863392435,0.227457411178961,1.0437512155131683,0.2424412847337447,0.3304038791144342,-0.9357720017424926,0.2387706855791962,일반,⑦ 일반
면목본동,11260565,2022,78010191403.68604,221582696260,0.352059040351015,0.4224285328046039,0.2393852129895551,1.1918040590208756,0.2812619723196792,0.4319450263376806,1.185535614887041,0.8156028368794326,기존 강세,⑤ 성숙·정체
명동,11140550,2022,215022087751.7979,845846287651,0.2542094123850041,0.6796900789664656,0.3863703459024262,1.0159606205135685,0.1868447118505399,0.389069687019523,0.9220963492345212,0.7683215130023641,신흥 성장,② 라이징스타
명일1동,11740530,2022,73053911961.95598,230750419815,0.3165927586200087,0.3209328258833616,0.2093391173664071,1.2000442598414678,0.2538982695978242,0.3740996811152432,-0.0374791135036731,0.5224586288416075,일반,④ 잠재 후보
명일2동,11740540,2022,88388876289.60939,296362185505,0.2982461346713147,0.2709668257715192,0.200692324000953,1.0831472146374654,0.2327340608231421,0.4037790769699297,-0.8314101741557501,0.2742316784869976,일반,⑦ 일반
목1동,11470510,2022,113541396023.79376,326223652344,0.3480477126902661,0.3954481910587091,0.271550008043521,1.1345835451497903,0.2753564643721092,0.4528180665552435,0.8629322215603218,0.7588652482269503,기존 강세,⑤ 성숙·정체
목2동,11470520,2022,44078857356.71079,130404956969,0.3380151980510162,0.3873149790694442,0.3647266501710247,1.1866917311305,0.2614442236433142,0.4607235290548229,0.9567195063788464,0.7777777777777778,신흥 성장,② 라이징스타
목3동,11470530,2022,45234805647.97502,145038689292,0.3118809599616953,0.272874533906747,0.2640557792334686,1.116570738161667,0.2561020012130571,0.3442052236179001,-0.8614520983361146,0.260047281323877,일반,⑦ 일반
목4동,11470540,2022,38335565781.55904,115293372407,0.3325045055168453,0.2588120984063461,0.1924662512834322,1.1007150105641434,0.2664318383155819,0.4153437595957822,-0.4549163274536228,0.3735224586288416,일반,⑦ 일반
목5동,11470550,2022,78297974528.58868,239305029668,0.3271890049165094,0.1536148944758919,0.0965937596341753,1.1349582861682002,0.2570096638726198,0.4289585476636836,-0.9617239732277534,0.2316784869976359,일반,⑦ 일반
무악동,11110570,2022,6509357915.920591,32019966138,0.2032905933712262,0.2608782684216091,0.176234739839499,1.254847883863572,0.1522798252185959,0.2695955862600169,-1.7821524559151545,0.1087470449172576,일반,⑦ 일반
묵1동,11260620,2022,52341440745.99149,141829876544,0.3690438292791826,0.398790572700338,0.2760284150769513,1.1472571530960682,0.3014340963537178,0.4469917374026083,1.1326834011137634,0.7990543735224587,쇠퇴,⑥ 쇠퇴 주의
묵2동,11260630,2022,35198216530.59973,99047145274,0.3553683090333276,0.4273740009961874,0.2362290317229562,1.1134865932199491,0.2891208440059619,0.4160938625135563,0.855932399719926,0.7494089834515366,일반,⑦ 일반
문래동,11560605,2022,100941868155.73112,447268511625,0.2256851656938529,0.3915616660352688,0.3159329163718881,0.8594116403818295,0.1772752060187018,0.2971510491497144,-2.213769338243873,0.0591016548463357,일반,⑦ 일반
문정1동,11710641,2022,37329549284.09941,115752854266,0.3224935533625471,0.5106992595807097,0.2456412066838493,1.0741199377919537,0.2580140940228415,0.3998594078089634,0.8238621880484244,0.7399527186761229,쇠퇴,⑦ 일반
문정2동,11710642,2022,125417862640.73988,516226191723,0.2429513741294967,0.3906956970447999,0.2749888895412186,1.0082235456197397,0.1927830970409206,0.3000027164334597,-1.4400043430707543,0.1513002364066193,일반,⑦ 일반
미성동,11620765,2022,29729906596.769814,101060609230,0.2941789765892728,0.3632617404022352,0.223526050190228,1.1199194789136082,0.2304333922032898,0.387703407188336,-0.2300089663992564,0.4444444444444444,일반,⑦ 일반
미아동,11305535,2022,51939325425.89146,177297513887,0.2929501056568386,0.3966898511550814,0.2875479137484856,1.1375440586244856,0.2334851023708308,0.3552943933897926,-0.1339768401381735,0.4893617021276595,일반,⑦ 일반
반포1동,11650560,2022,73594205591.94067,286478086833,0.2568929665983206,0.2730641423984435,0.351804773835115,1.1798182701167133,0.1981063325624754,0.330067567897859,-1.210362559837224,0.1820330969267139,일반,⑦ 일반
반포2동,11650570,2022,27452315614.59165,88956534474,0.3086036992888402,0.1749080452155834,0.1315541594464924,1.1549909206799531,0.2523034378048966,0.3508074619984324,-1.3013770309322246,0.1678486997635933,일반,④ 잠재 후보
반포3동,11650580,2022,96403357087.51424,297062079780,0.3245225952733826,0.3430118242471829,0.1999170252863702,1.1427235719586968,0.2659738684975014,0.3558920147071489,-0.150444144428276,0.4775413711583924,기존 강세,⑤ 성숙·정체
반포4동,11650581,2022,114354807032.59958,412695499017,0.2770924502568636,0.3581151488616357,0.1936529985821529,1.0737654056610924,0.2096267778157579,0.3962805652122298,-0.5852745401780532,0.3309692671394799,일반,⑦ 일반
반포본동,11650550,2022,2005772405.518556,9291105869,0.2158809116803699,0.5890968933269831,0.0822186983735466,1.232689440462102,0.1750293245958921,0.218175040795028,0.0340293205016499,0.5437352245862884,쇠퇴,⑦ 일반
발산1동,11500611,2022,263207285018.16577,686258133191,0.3835397677464169,0.0950606031139647,0.1666181907794977,1.22485591111072,0.3452305988948635,0.2459052175648781,-1.36070363957217,0.1631205673758865,일반,⑦ 일반
방배1동,11650600,2022,73052629502.35681,279970642260,0.2609296064496473,0.2733853772350881,0.2825773224198625,1.1980442950074128,0.1969591857877391,0.343169869681464,-1.0565264554621498,0.210401891252955,일반,⑦ 일반
방배2동,11650610,2022,60103466467.063126,165557038124,0.3630378215757063,0.6984185354258157,0.3537050641612745,1.2142613520482315,0.2639182144782884,0.5470824964877771,3.596950210563981,0.9739952718676124,기존 강세,① 레전드
방배3동,11650620,2022,13887709982.26987,101804701151,0.1364152129052584,0.2608687560764882,0.142366011875058,1.9241109203055804,0.0951492077525228,0.1774827862831216,-0.1076425901438897,0.491725768321513,일반,⑦ 일반
방배4동,11650621,2022,55093683617.48006,241111885695,0.2284984145790808,0.3174096153551299,0.2340498735984555,1.0189871055482842,0.1749491576386221,0.3124411634617405,-1.9295836391053696,0.0827423167848699,일반,⑦ 일반
방배본동,11650590,2022,62752883796.29555,208516671194,0.3009490005617414,0.3794753270129744,0.2240322437985677,1.0397725372629885,0.2397315676092492,0.3812339011303352,-0.4225708702529924,0.3782505910165484,일반,⑦ 일반
방이1동,11710561,2022,48286593984.43214,149398168138,0.3232074033185568,0.4256748909414797,0.1945391288878027,1.1148136368772623,0.2519025111153803,0.4482810426975063,0.727910204324894,0.7163120567375887,쇠퇴,⑦ 일반
방이2동,11710562,2022,172995135019.64978,453315254709,0.3816221343151176,0.6538821328156709,0.4499526496542372,1.167983808979983,0.2929983440757195,0.5454021925595953,3.3770084719003943,0.966903073286052,기존 강세,① 레전드
방학1동,11320690,2022,61880632883.84004,205859081942,0.3005970506624268,0.43246508854578,0.2278687039769097,1.1018681699905857,0.2395182641730232,0.3707330001865184,0.0953576595907054,0.574468085106383,일반,③ 급성장 신흥
방학2동,11320700,2022,39233296840.28946,190956154184,0.2054570956769759,0.133945403960922,0.1707196195812971,1.163550611074083,0.1656590135739681,0.2321715746028296,-3.078547442786551,0.0354609929078014,일반,⑦ 일반
방학3동,11320710,2022,15426432397.2173,49156733035,0.3138213515172693,0.4749073524755651,0.185371742290359,1.12912150019197,0.258497073228048,0.3473107000183296,0.4898252716451676,0.6643026004728132,일반,⑦ 일반
방화1동,11500630,2022,75983387338.48277,243157351892,0.3124864897041292,0.3365957385255303,0.2450644782949724,1.183666125767045,0.2532032659878034,0.3468719043068957,-0.1935128654418502,0.4680851063829787,일반,④ 잠재 후보
방화2동,11500640,2022,33342011060.658173,110907132338,0.3006299987907471,0.4677560483116492,0.2330956587283644,1.11248087370545,0.2311712811928461,0.404111678727841,0.503502059519552,0.6666666666666666,쇠퇴,⑦ 일반
방화3동,11500641,2022,17202194285.602722,50738272400,0.3390378401138215,0.5489100211460886,0.2572697664022159,1.0588587814581825,0.2742397580529367,0.4040424564396481,1.1711946337041477,0.8108747044917257,쇠퇴,⑥ 쇠퇴 주의
번1동,11305595,2022,72370263018.15427,235217662472,0.307673591589956,0.3494231128021002,0.3209731543905094,1.1521885868311286,0.2414000536620382,0.3862053095983545,-0.0927266832215732,0.5035460992907801,일반,④ 잠재 후보
번2동,11305603,2022,7396421907.260217,29274886543,0.2526541613200135,0.5430087044624623,0.1736280765950704,1.239532421431833,0.1970616536301976,0.2808356880196295,0.385508287766416,0.640661938534279,일반,⑦ 일반
번3동,11305608,2022,14840920398.373957,53734900497,0.2761877338770269,0.2663976136663581,0.1658135829896519,1.165255823526528,0.2172484739904142,0.3522651944811323,-0.994761336846908,0.226950354609929,일반,⑦ 일반
보광동,11170700,2022,24404799426.935165,77462349020,0.3150536968693538,0.3806751523425464,0.2705087323209089,1.050837796960408,0.2568131900294391,0.373620094292875,-0.2654467643550702,0.4326241134751773,신흥 성장,② 라이징스타
보라매동,11620525,2022,33549849338.118114,107576974346,0.3118683114307684,0.4190678784941702,0.3291583325081371,1.1286627248257295,0.2414993927087148,0.4258600477798569,0.5038129846061128,0.6690307328605201,일반,④ 잠재 후보
보문동,11290610,2022,14476826751.00185,46907462038,0.3086252404633209,0.4929048208421427,0.2793489984255541,1.172996105206905,0.2357197017191561,0.4320933297260989,1.1372354814847665,0.8014184397163121,신흥 성장,⑤ 성숙·정체
부암동,11110550,2022,9691080307.91417,29085188739,0.3331964043581917,0.6493312410476498,0.2685632766249177,1.0958210937156925,0.2854613418364037,0.3119129123558135,1.4457969969527396,0.8486997635933806,기존 강세,⑤ 성숙·정체
북가좌1동,11410710,2022,5736886794.466457,17995391016,0.3187975626295475,0.3414257347082477,0.1745964326202446,1.2800248079455558,0.2367319624904115,0.4924966952993715,1.0474088776426689,0.789598108747045,일반,⑦ 일반
북가좌2동,11410720,2022,51268218557.09342,157882644151,0.3247235871478068,0.3275171911204179,0.2523548073776521,1.2162540491434632,0.2608215062994255,0.3950439500072494,0.2709531048998886,0.6217494089834515,일반,⑦ 일반
북아현동,11410555,2022,18500645536.06655,56051197969,0.3300669068000763,0.2930392455676722,0.1956278128268456,1.1694511521467748,0.273934499428397,0.3426905819858374,-0.3650037739676702,0.3900709219858156,일반,⑦ 일반
불광1동,11380520,2022,51780921362.50981,179473030724,0.2885164481461303,0.395832453441151,0.2399391208377329,1.0411629998969008,0.2287955183982353,0.3665554557897298,-0.5097106551220953,0.3475177304964539,일반,④ 잠재 후보
불광2동,11380530,2022,36990728951.37489,115958215164,0.3190005028885518,0.3285336831385381,0.1971309945713679,1.14843448840977,0.2602284063386327,0.3549323897387614,-0.2746226400227624,0.4231678486997636,일반,⑦ 일반
사근동,11200550,2022,49913065060.5513,158287299945,0.3153320896742478,0.6885434504212902,0.6193552369461387,1.0476344531106037,0.231454353379772,0.511560406533789,2.314995474006243,0.9267139479905436,기존 강세,⑤ 성숙·정체
사당1동,11590620,2022,80480816099.98354,238671500228,0.3372032941641594,0.5512718444485831,0.411615591376229,1.2148185607150843,0.2438255266607357,0.5178778073080526,2.3113535180805007,0.9243498817966904,기존 강세,① 레전드
사당2동,11590630,2022,109586939282.96994,309852784637,0.3536742114851531,0.4514469556207966,0.2956742242007918,1.2325582041267042,0.2731041044899331,0.4660647169596409,1.687016216692958,0.8747044917257684,기존 강세,① 레전드
사당3동,11590640,2022,14652114324.87845,48589302274,0.3015502104198511,0.4967685743846539,0.2399528875564606,1.144465372045098,0.2276600520958532,0.4294469879466785,0.9523900070118004,0.7754137115839244,기존 강세,⑤ 성숙·정체
사당4동,11590650,2022,24143768068.202305,84799096638,0.2847172791388328,0.1803290738376509,0.2539085869736904,1.3255289501311025,0.2221577949753536,0.3330439671493426,-0.9435204822842238,0.2364066193853428,일반,④ 잠재 후보
사당5동,11590651,2022,5537024048.071776,20281511592,0.2730084502308912,0.2972151167656419,0.2472831539330759,1.050678719787717,0.2075572499566776,0.3842238993701924,-1.1583310939588922,0.1985815602836879,일반,⑦ 일반
사직동,11110530,2022,109673725283.3598,388415836236,0.2823616213647953,0.7845233623375039,0.3519355741791722,1.0260836889435954,0.2095838965884444,0.4245163926601956,2.0538002440225074,0.9078014184397164,기존 강세,⑤ 성숙·정체
삼각산동,11305575,2022,15230430755.342009,51182140344,0.2975731505751194,0.314872015114726,0.190163939991247,1.1003605189757146,0.2321976704398058,0.3884885116440999,-0.5916874409473192,0.3286052009456264,일반,⑦ 일반
삼선동,11290555,2022,68619722975.724365,221435178799,0.3098862761910631,0.365527410143223,0.2433737422856289,1.1244747330276137,0.243629794428326,0.4024139956636484,0.0183323878030576,0.5366430260047281,일반,④ 잠재 후보
삼성1동,11680580,2022,397597459756.7669,1204314100468,0.3301443199928152,0.6839876250040532,0.3839450358625824,1.0220502094313944,0.263040959462234,0.4211635960318786,1.869825953289852,0.8841607565011821,신흥 성장,① 레전드
삼성2동,11680590,2022,83405380983.8108,383538377875,0.2174629340769482,0.4466603915054168,0.3069268114477082,1.024644856953424,0.1560662525003124,0.3484695238857132,-1.0348069943118912,0.2174940898345153,일반,④ 잠재 후보
삼성동,11620745,2022,16018141779.391396,48488076588,0.3303521794748943,0.2476292279444953,0.167670630824982,1.1355204898319369,0.2761226154991157,0.330421126973823,-0.8500815428387973,0.2624113475177305,일반,⑦ 일반
삼양동,11305534,2022,23861056858.06362,80836309460,0.2951774644025618,0.1899193303177302,0.2387643630805606,1.0122493586328265,0.2373120635411056,0.3681489338244215,-1.824492541286257,0.0992907801418439,일반,⑦ 일반
삼전동,11710610,2022,84617025477.21805,302661726472,0.2795762333862395,0.2866022214738964,0.2562816447463035,0.9068426028725376,0.2232415504285797,0.386348937997675,-1.669747679437581,0.1205673758865248,일반,④ 잠재 후보
삼청동,11110540,2022,77517533704.91124,170172494491,0.4555232849866401,0.9219429545019538,0.4759735652243363,1.1412092384035184,0.4087765412504956,0.3155955774324055,4.463653411880332,0.9929078014184396,기존 강세,⑤ 성숙·정체
상계10동,11350720,2022,4472416130.466473,15817148343,0.2827574246305766,0.2268106587991681,0.2702443504547209,1.1522906582665513,0.2212211478403784,0.3748831140996526,-1.110868768581024,0.2080378250591016,일반,⑦ 일반
상계1동,11350630,2022,69442731522.84921,192303231509,0.3611105802951586,0.4738923650575002,0.2365445959282857,1.1141422820053195,0.2946982106192413,0.4299237904753082,1.2890697492466905,0.8250591016548463,기존 강세,⑤ 성숙·정체
상계2동,11350640,2022,135014046799.00903,366316839727,0.3685717721839627,0.5773894951747982,0.390240513869184,1.1950106891074057,0.2932350707356319,0.464687098597104,2.4857329692615058,0.933806146572104,기존 강세,⑤ 성숙·정체
상계3·4동,11350665,2022,18186176090.872704,51291250807,0.354566827767646,0.4075910733521605,0.1746470388235779,1.087866004631429,0.2867611681638435,0.4382415072227544,0.7502272329769586,0.7210401891252955,일반,④ 잠재 후보
상계5동,11350670,2022,31425646028.094345,99006005000,0.3174115148681571,0.2832062575194302,0.1921310857053569,1.1168243221553582,0.2518563521374284,0.4008991355322336,-0.4617933352321438,0.3687943262411347,일반,④ 잠재 후보
상계6·7동,11350695,2022,103475798904.58192,367410952719,0.2816350414673711,0.2605650967384709,0.3112285724548207,1.1109836655387408,0.2275210770157236,0.3252796153260122,-1.342530660220744,0.1654846335697399,일반,⑦ 일반
상계8동,11350700,2022,13472629087.005651,48271659372,0.2791001855391045,0.3005038658856237,0.2406432006714484,1.4320433631908571,0.2113090512259591,0.3620469579327806,0.3417504193898582,0.6382978723404256,일반,④ 잠재 후보
상계9동,11350710,2022,15942986237.058678,58126415468,0.2742812559263297,0.2278703628179489,0.2175950559511628,1.227536397863128,0.2093960695322882,0.3660964479861154,-0.9542329045049152,0.2340425531914893,일반,⑦ 일반
상도1동,11590530,2022,60624016400.489845,222976899789,0.2718847398894572,0.3744047499897944,0.2989439102529327,1.082681897950523,0.2094369720145504,0.3584164216411021,-0.6971834238080954,0.2955082742316784,일반,⑦ 일반
상도2동,11590540,2022,28120106441.38545,100155525125,0.280764405221678,0.3206372395723585,0.2558118750216078,1.1631812406368611,0.2179871394488882,0.3688961792860452,-0.5500593112184381,0.3356973995271867,일반,⑦ 일반
상도3동,11590550,2022,44213456765.79422,140830420153,0.3139481989598564,0.3055510474175302,0.2228027225645651,1.2588513919870643,0.2519569441208127,0.3528549554493496,-0.044771232449371,0.5153664302600472,일반,⑦ 일반
상도4동,11590560,2022,28603237207.70212,91800666071,0.3115798439368615,0.3006714205608522,0.2279073085027355,1.1118647524944043,0.252507104981918,0.395481859869304,-0.4035732603978643,0.3829787234042553,일반,④ 잠재 후보
상봉1동,11260580,2022,16421466948.385117,46774985872,0.3510736912528963,0.5367201474031479,0.2739028149374445,1.3400906257665908,0.2730260159339723,0.4164195117514668,2.339469199083198,0.9290780141843972,기존 강세,⑤ 성숙·정체
상봉2동,11260590,2022,96467713175.76448,261627406051,0.3687217430002714,0.5652102200798271,0.4081270156658799,1.13944518804667,0.29250647241093,0.4741471757504582,2.23366270287618,0.91725768321513,기존 강세,⑤ 성숙·정체
상암동,11440740,2022,67123342873.88873,315167731227,0.2129765715943268,0.6567347552878794,0.3410676060188968,0.9821311683312932,0.1444785171398253,0.3921670201857629,0.2777246235586612,0.6264775413711584,일반,④ 잠재 후보
상일동,11740520,2022,18757917248.658115,67712438318,0.2770232133801582,0.5319076339837796,0.233584393383091,1.2080317547606048,0.1967094445845591,0.4531199887073604,1.3137001245954651,0.8321513002364066,기존 강세,⑤ 성숙·정체
서강동,11440655,2022,54781653941.60425,141171715553,0.388049785518386,0.6396636125534497,0.5360828889097661,1.152438130085454,0.3089099856523863,0.4860236928213906,2.976543614540968,0.9598108747044918,기존 강세,⑤ 성숙·정체
서교동,11440660,2022,569223616619.6235,1375390643517,0.4138632317317984,0.6678710496307416,0.6049679410820534,1.198662816077143,0.3338102000701339,0.5046301820050307,3.690959884566382,0.9787234042553192,기존 강세,① 레전드
서림동,11620665,2022,21326478024.72856,64797509310,0.3291249656325495,0.4238034308328262,0.3596229924906044,1.1114526080960017,0.2594093514549008,0.441819219532591,0.7272449507929947,0.7139479905437353,신흥 성장,② 라이징스타
서빙고동,11170690,2022,5988239671.44177,17750981652,0.337346958542266,0.3848325130362768,0.2172815747102885,1.3066005606103204,0.273583860724279,0.3539175088546252,0.8490939712111282,0.7470449172576832,일반,③ 급성장 신흥
서원동,11620645,2022,103136785854.2858,244478843443,0.4218638488378323,0.6947787625377997,0.6051077802872997,1.1870144648771677,0.3424358049759788,0.5200217374050251,3.988389066709636,0.9881796690307328,기존 강세,⑤ 성숙·정체
서초1동,11650510,2022,60111791554.664856,272312529440,0.2207455957986303,0.4659155855623416,0.2669271291757276,1.061875936438625,0.1587098654251331,0.3461246130827317,-0.7512759539579499,0.2884160756501182,일반,⑦ 일반
서초2동,11650520,2022,125252310459.68304,543524245678,0.2304447528434384,0.4516656164193204,0.3375865451248018,1.281870052273186,0.1584117118797467,0.3570997542913405,0.1476263441205016,0.5910165484633569,일반,④ 잠재 후보
서초3동,11650530,2022,167859290011.43835,757963271523,0.2214609814459126,0.5712204120458652,0.2339604987635854,1.0121005928597069,0.1595932731792392,0.3569278537512759,-0.2249291536773678,0.4515366430260047,일반,④ 잠재 후보
서초4동,11650531,2022,208130050271.0753,765149328276,0.2720123282863289,0.3666276127590231,0.4538517004784417,1.2768705088869183,0.212490557501153,0.3149023229999974,-0.1935763963650692,0.4657210401891253,일반,⑦ 일반
석관동,11290810,2022,54038568464.319305,155560796998,0.3473790923365741,0.5537197328907195,0.265676654546398,1.068898732316336,0.2742940210157742,0.4663095521934914,1.6525960305924774,0.8699763593380615,기존 강세,⑤ 성숙·정체
석촌동,11710600,2022,106103806473.3704,332253936720,0.3193455208411485,0.4253528772063845,0.2859503944871723,1.1228771567859777,0.2493218578559992,0.4155443696288012,0.5212923263453999,0.6761229314420804,일반,③ 급성장 신흥
성내1동,11740640,2022,57913671347.5488,169398459693,0.3418783822031526,0.4937589120561307,0.2343511786762749,1.0552205241660708,0.2897599685791495,0.335877653492921,0.5045150511569585,0.6713947990543735,신흥 성장,② 라이징스타
성내2동,11740650,2022,55718557171.88759,181456057967,0.3070636373133417,0.4439466759530852,0.3288630086125451,1.1126930746992885,0.2401822125879424,0.4051554922865685,0.4440875841860358,0.6572104018912529,일반,④ 잠재 후보
성내3동,11740660,2022,90940607052.32944,290473010753,0.313077648131859,0.3566525198242709,0.2018115674466137,1.1588743865802922,0.2470183145621522,0.3876822963829763,0.0403459190632499,0.5460992907801419,일반,③ 급성장 신흥
성북동,11290525,2022,32699189555.810368,102016664147,0.3205279238369602,0.572073972659066,0.2038855775369092,1.18340789616833,0.2580825285275145,0.3707553381033805,1.4712243334314623,0.851063829787234,기존 강세,⑤ 성숙·정체
성산1동,11440720,2022,43701080715.07831,153770544812,0.2841966955928217,0.2746576514418651,0.2916085851345744,1.303509770425857,0.2280283066426624,0.3155724694435311,-0.5105712470101562,0.3451536643026004,일반,⑦ 일반
성산2동,11440730,2022,38905203497.94676,123984160228,0.3137917248977793,0.4744821296189616,0.2806226622257071,0.968425837172624,0.2535136738289704,0.3869137043375837,0.0319299285529944,0.541371158392435,일반,⑦ 일반
성수1가1동,11200650,2022,27493134705.893875,96961202453,0.2835477903568762,0.4609166825840787,0.2687334993254696,0.8110517011928378,0.2309891514996061,0.3445048322105094,-1.190296312756903,0.1867612293144208,일반,③ 급성장 신흥
성수1가2동,11200660,2022,71379372150.2529,236268762839,0.3021109150975355,0.6557737952713605,0.3284714177171355,0.9632524352571,0.242935096973071,0.3622656720741572,0.8812698088115987,0.7612293144208038,신흥 성장,② 라이징스타
성수2가1동,11200670,2022,104692266932.1383,332284983669,0.3150677041621168,0.6145731625429807,0.4208507181874387,1.0385885442306866,0.2530802304559437,0.3775552553857528,1.13096472656799,0.7966903073286052,신흥 성장,② 라이징스타
성수2가3동,11200690,2022,114936641252.63202,480268056253,0.2393176888535027,0.5106943486530662,0.3908135235338745,1.0843103506794485,0.1802001277978175,0.3230557341383265,-0.3374923641857374,0.4042553191489361,일반,③ 급성장 신흥
성현동,11620565,2022,23378527151.288177,83093916246,0.2813506476464043,0.1231113375943746,0.157318703180382,1.1972170084428773,0.2253133239571104,0.3071603746589407,-1.976706761220324,0.0803782505910165,일반,⑦ 일반
세곡동,11680700,2022,31412356679.98452,126419036056,0.2484780588428925,0.2882552641823475,0.2365976355946151,1.0300249008049245,0.1927244349119022,0.3379934551001667,-1.737295150790657,0.1134751773049645,일반,⑦ 일반
소공동,11140520,2022,90896532910.04016,482010795764,0.188577794748283,0.6658322627759906,0.2656586086106989,0.9467034159035632,0.1283498180490765,0.3410080481091089,-0.2945767427705019,0.4160756501182033,일반,⑦ 일반
송정동,11200720,2022,7530905695.74005,29910236130,0.2517835587458483,0.452545567315787,0.3072729132947838,0.8848635385280417,0.2024958497377131,0.3173677069864042,-1.3686663168967972,0.1607565011820331,일반,⑦ 일반
송중동,11305545,2022,108480443179.06664,305700062327,0.3548590810002117,0.5201205029913294,0.3291237770811329,1.173406389539646,0.282676166622972,0.432721469760448,1.7343659880976008,0.8770685579196218,기존 강세,⑤ 성숙·정체
송천동,11305555,2022,48794383755.26893,167490321910,0.2913265865086122,0.3140920330147092,0.2105258813518033,1.1166602005599982,0.2305836204598886,0.3677859908293731,-0.6790320991097013,0.3026004728132387,일반,⑦ 일반
송파1동,11710580,2022,79761662123.9801,268707838284,0.2968341475758485,0.3992463500064112,0.359573437548484,1.1307895222467594,0.2287636431209391,0.3835797471492564,-0.002857671302756,0.5342789598108747,일반,③ 급성장 신흥
송파2동,11710590,2022,30490650592.19532,121437728133,0.2510805419449349,0.2286608312582075,0.1861919377084893,1.0139902403243668,0.1893516424798085,0.3487593549149322,-2.1345671624223628,0.0709219858156028,일반,⑦ 일반
수궁동,11530790,2022,15962247369.817726,54339678895,0.2937493870852901,0.3281015485470693,0.2199052166850313,1.025423661079325,0.2243145904588989,0.4303533861726917,-0.6179153378923444,0.3262411347517731,일반,⑦ 일반
수색동,11380650,2022,4498613941.201813,18426517007,0.2441380505872513,0.3161145441532547,0.148568862577774,1.0911677060475802,0.1922542276792852,0.2893358419268627,-1.6326898152985518,0.1300236406619385,일반,④ 잠재 후보
수서동,11680750,2022,47954523534.54738,239811125784,0.1999678846332611,0.4294424587404655,0.3095406810977602,1.0695423438142198,0.1416891181796329,0.3225457100337783,-1.254067400762359,0.1749408983451536,쇠퇴,⑥ 쇠퇴 주의
수유1동,11305615,2022,72591396366.89682,218419942225,0.3323478416275678,0.2686064899859901,0.1635320579482861,1.2417710659383854,0.2823701138766291,0.2860735502879744,-0.5113546634756247,0.342789598108747,일반,⑦ 일반
수유2동,11305625,2022,29553710010.619984,95164531945,0.3105538314179956,0.3932865480138205,0.1923017389459404,1.1719645909738714,0.2435633738460037,0.3926086845106691,0.3242189555909293,0.6312056737588653,쇠퇴,⑦ 일반
수유3동,11305635,2022,126596586244.4264,339533963615,0.3728539698843653,0.6127295578061842,0.3984103888569686,1.207701372732989,0.2898135295312554,0.5033931770013039,2.9821172564337184,0.9621749408983452,기존 강세,⑤ 성숙·정체
숭인1동,11110700,2022,4382852349.716264,14171180844,0.3092792617611636,0.443789078287201,0.2825722827957159,1.0425334978248453,0.2516458062497929,0.3802724820410174,0.0898364285457636,0.5697399527186762,쇠퇴,⑦ 일반
숭인2동,11110710,2022,40323394160.51209,115116220171,0.3502842093026811,0.6204939308196147,0.3098453496042212,1.1613121912215814,0.2931477390229781,0.3544049089728342,1.887946239436584,0.8865248226950354,기존 강세,② 라이징스타
시흥1동,11545670,2022,104487008511.72784,348478574002,0.2998376838833373,0.3157069706367904,0.2082229933929411,1.168492124299478,0.2413852300845251,0.343877024859245,-0.5126794624963961,0.3404255319148936,일반,⑦ 일반
시흥2동,11545680,2022,3924891071.890187,16298530099,0.2408125792970127,0.0978154239257327,0.1416512646831662,1.3091868459100495,0.1786858454909799,0.3336824894616529,-1.91154987589642,0.0874704491725768,일반,⑦ 일반
시흥3동,11545690,2022,15919596443.21254,55203278303,0.2883813594517519,0.3099450977546412,0.1966946971772492,1.2220126020309954,0.2181633376535449,0.3835692515538392,-0.2730682216598191,0.425531914893617,일반,④ 잠재 후보
시흥4동,11545700,2022,16243116672.32996,52651801250,0.3085006834847831,0.3731328858003694,0.2292825980573646,1.1278625526049704,0.2471150314729261,0.3787792569014911,-0.0441686590689727,0.5177304964539007,일반,⑦ 일반
시흥5동,11545710,2022,39210261030.89298,120631653049,0.3250412312178625,0.314382820946632,0.1979335262387663,1.136391327175451,0.2637368212642904,0.3725219210396331,-0.2658363422348676,0.4302600472813239,일반,⑦ 일반
신길1동,11560630,2022,38005252561.39383,137624510917,0.2761517720074909,0.3276624608911125,0.2913519733500249,1.2110090775637117,0.2134902727517752,0.3523746139759006,-0.4556992898506815,0.3711583924349881,일반,⑦ 일반
신길3동,11560650,2022,25266923581.49435,85090880021,0.2969404426803272,0.278748989423382,0.2194290183318352,1.0672798857219206,0.2406110293012267,0.3452007295464659,-1.163282681155611,0.1962174940898345,일반,⑦ 일반
신길4동,11560660,2022,8481208595.423807,29487849945,0.287617056219519,0.4062739080450105,0.2215406044925192,1.08869272453618,0.2318336097664241,0.3412233996634982,-0.3855127614745733,0.3877068557919622,일반,⑦ 일반
신길5동,11560670,2022,11620103834.494831,46311751277,0.2509104819852876,0.2495200224211551,0.1930450178082562,1.1506722330879966,0.1994398630437263,0.2941301211549085,-1.7026064128212854,0.1182033096926714,일반,⑦ 일반
신길6동,11560680,2022,43819975786.6791,140533249132,0.3118121587405973,0.3287272913658176,0.2753297342798676,1.0875404355211575,0.2427276003556991,0.4233965367876157,-0.2350217051378354,0.442080378250591,일반,⑦ 일반
신길7동,11560690,2022,11789912835.0882,41511654672,0.2840145238305956,0.4459783713822276,0.2900925767028649,1.2117624883679765,0.2110162968981445,0.3988030452846893,0.566359973097039,0.6855791962174941,쇠퇴,⑦ 일반
신내1동,11260680,2022,43215411293.8364,144809600727,0.2984291861649944,0.3452387113078929,0.203538682048893,1.11479660714951,0.226009614394978,0.4330846519439834,-0.1051248918001184,0.4964539007092198,일반,④ 잠재 후보
신내2동,11260690,2022,36730605870.48508,119025207711,0.3085951839686689,0.2193769683847134,0.2120865859885161,1.1709229780636243,0.2383796660526879,0.4179502339352149,-0.6422189716618568,0.3167848699763593,일반,⑦ 일반
신당5동,11140650,2022,35499238532.93141,106704575584,0.3326871255392951,0.5424342404833008,0.2597915716948568,1.0749280019130345,0.2598709494343177,0.4477372445607084,1.35591637153627,0.83451536643026,기존 강세,⑤ 성숙·정체
신당동,11140615,2022,64518280485.393166,270057912065,0.2389053517893758,0.8139193911382061,0.2707185438595973,0.879124682272874,0.1880307065462981,0.3345973818321278,0.838923101763742,0.7446808510638298,기존 강세,⑤ 성숙·정체
신대방1동,11590670,2022,19521086781.19274,61888799670,0.3154219646411303,0.4208525454828877,0.2811283965236419,1.1109604087398313,0.2536704443406763,0.375323400596824,0.218389224732147,0.6099290780141844,신흥 성장,② 라이징스타
신대방2동,11590680,2022,41863341034.18331,164930686847,0.2538238446373437,0.652651134411728,0.3169394807255713,0.9987252987776476,0.2008836876046918,0.3288508576533983,0.4124667703318514,0.6430260047281324,일반,⑦ 일반
신도림동,11530510,2022,41238463180.76586,133041128410,0.3099677796904959,0.3469255099653134,0.2914256139839365,1.2111919400983355,0.2332150262990993,0.4278591522057581,0.3380897633021056,0.6359338061465721,신흥 성장,② 라이징스타
신림동,11620695,2022,105166334520.79092,296965855892,0.3541361150927655,0.5111899121534312,0.54119976346523,1.1613381760590766,0.2743802833502619,0.4974091498677888,1.9788790630353457,0.900709219858156,기존 강세,⑤ 성숙·정체
신사1동,11380631,2022,27686773933.86271,91662038411,0.3020527844877179,0.4039067400290001,0.2724375681023823,1.1420654701296942,0.2356227694518317,0.3843196437116598,0.1396964262624878,0.5886524822695035,일반,⑦ 일반
신사2동,11380632,2022,14067192916.332115,43484856809,0.3234963605404042,0.2322339417916605,0.1923903290459608,1.0255594308952696,0.26194055905555,0.4060573964991298,-1.0353039790759886,0.2151300236406619,일반,⑦ 일반
신사동,11680510,2022,376305132737.3345,1233915360559,0.3049683509627899,0.4184685833508678,0.434908871429306,1.231445860073902,0.2394203125878618,0.3642604672255465,0.5056583408942283,0.6737588652482269,일반,⑦ 일반
신수동,11440630,2022,17143547260.696444,75518883112,0.2270100742256915,0.3519572971912307,0.2037395464414002,0.8652622123154525,0.1686801796327922,0.3865828442497318,-1.925435735588926,0.0851063829787234,일반,⑦ 일반
신원동,11620655,2022,27231319295.51455,79235637487,0.3436751461737444,0.3666453582173348,0.2439286518792894,1.2205766519101144,0.2817001193265101,0.3854572784879903,0.6570723457172974,0.7092198581560284,일반,④ 잠재 후보
신월1동,11470560,2022,44115803153.71571,127153520461,0.3469491288465484,0.2888145230966197,0.1963287627074141,1.1258918410727456,0.2837385241808212,0.391423975597007,-0.1648055064052134,0.4728132387706856,일반,⑦ 일반
신월2동,11470570,2022,20521051733.468987,65302072505,0.3142480926910512,0.2633028567612993,0.1817434563671969,1.1307001763812607,0.2515662622766248,0.3765206449323243,-0.6904856118751033,0.3002364066193853,일반,⑦ 일반
신월3동,11470580,2022,12743733896.9926,42316497426,0.3011528522481784,0.4157750863423268,0.2644900290382554,1.126672460998531,0.2380280505165645,0.3707580299252341,0.0818110971207608,0.5673758865248227,일반,⑦ 일반
신월4동,11470590,2022,23204090942.606007,69364358893,0.3345246941357902,0.4918756127282988,0.2280188024140468,1.1425962224877575,0.2657030400069036,0.4353926943603273,1.29507608695432,0.8274231678486997,기존 강세,⑤ 성숙·정체
신월5동,11470600,2022,18796665827.861942,65908945823,0.2851914196646511,0.3668169128197953,0.2064782549328986,1.1007238101795949,0.221907425560676,0.3729121323834468,-0.4617963318285974,0.3664302600472813,쇠퇴,⑥ 쇠퇴 주의
신월6동,11470610,2022,20704843805.046288,71955011703,0.2877470702180852,0.2211374643044716,0.1915726350222424,1.0967672154064496,0.2382230797175359,0.295695532075258,-1.7453588714223156,0.1111111111111111,일반,⑦ 일반
신월7동,11470611,2022,19831322909.03208,65382535340,0.3033122347719604,0.3272065794290442,0.2176700419460974,1.1711087830460931,0.2420683437204868,0.3618287705115474,-0.3061329712272538,0.4137115839243498,일반,⑦ 일반
신정1동,11470620,2022,42342782642.42842,132435643776,0.3197234629224627,0.3855882578512758,0.1978909411451767,1.1621375358963155,0.2454650918598937,0.4358154356513165,0.5362637077115546,0.6784869976359338,신흥 성장,② 라이징스타
신정2동,11470630,2022,38748283758.46996,126290790343,0.3068179686993121,0.2913341124010103,0.1610101523062253,1.1224436732539296,0.2408666865603004,0.4014755401426651,-0.4827425275788571,0.3546099290780142,일반,⑦ 일반
신정3동,11470640,2022,40791948943.77547,141172234642,0.2889516415690391,0.2133219978940566,0.2637877680369374,1.1464214164960296,0.2245174004745141,0.3784447177200475,-1.166264558422231,0.1938534278959811,일반,⑦ 일반
신정4동,11470650,2022,100719414909.53764,321347287287,0.3134285518943361,0.4451155668049932,0.2565656742027066,1.0920518785215092,0.2479845940128582,0.4025794496981694,0.4184053677129756,0.6477541371158393,신흥 성장,② 라이징스타
신정6동,11470670,2022,10363269791.901789,38399140147,0.2698828607158652,0.1397006569538798,0.1177433636193864,1.0863010934762658,0.1969648500473231,0.4476062150142395,-1.668429881153163,0.1229314420803782,일반,⑦ 일반
신정7동,11470680,2022,39446560149.42039,137105113591,0.2877103494993915,0.281762989229133,0.1664201140744161,1.0979900126988351,0.2236952542447932,0.3876974653736713,-0.8891749806608504,0.2505910165484633,일반,⑦ 일반
신촌동,11410585,2022,156790845320.48865,500983476024,0.3129661013270175,0.6495244384236166,0.5043338287247142,1.0352963594957352,0.2449473597910068,0.4203255151631232,1.5425902080472689,0.8581560283687943,기존 강세,⑤ 성숙·정체
쌍문1동,11320660,2022,16416199410.510994,52729477964,0.3113286921163685,0.3941831448092582,0.2466660958388395,1.1255007284833138,0.2484656958095577,0.3796047471713217,0.0945020349310532,0.5721040189125296,일반,⑦ 일반
쌍문2동,11320670,2022,35272668801.60364,113890368834,0.3097072137242354,0.3005109764012163,0.2054401007174106,1.1839093626588213,0.2470840408113521,0.3745224186618512,-0.2903317812732265,0.4208037825059101,일반,⑦ 일반
쌍문3동,11320680,2022,39084894585.04361,131738212345,0.2966860859071543,0.4360595887058148,0.2102355074658881,1.0188460772485768,0.2390531807925756,0.3614469930205276,-0.2939545889084009,0.4184397163120567,일반,④ 잠재 후보
쌍문4동,11320681,2022,13754699186.2465,51475958254,0.2672062775087372,0.2202466056689486,0.1619203846555361,1.1218348868655594,0.2099873858717346,0.3399178948288996,-1.609481412968569,0.1371158392434988,일반,⑦ 일반
아현동,11440555,2022,31067712646.849045,134529697817,0.2309357201493924,0.2293716875137489,0.2973330884189746,1.235450924858081,0.1743451324026993,0.3023327131852097,-1.645761322914545,0.1252955082742316,일반,⑦ 일반
안암동,11290600,2022,41860718931.78972,154149419437,0.2715593680772697,0.6909735939649863,0.4959572371678332,0.982577490480193,0.2061803624760932,0.4102422480212147,1.1658331823123569,0.8085106382978723,기존 강세,⑤ 성숙·정체
암사1동,11740570,2022,48908610741.49712,143126072944,0.3417169893331264,0.3708820932561281,0.216474256406955,1.1419394661400732,0.2749171426536335,0.4148295127836732,0.4872620571862832,0.6619385342789598,기존 강세,⑤ 성숙·정체
암사2동,11740580,2022,30159423056.92124,95778248134,0.3148880214923773,0.4309518265488888,0.2717564424709944,1.1820151965930104,0.2418264069477994,0.4266034278663683,0.8082367672468929,0.7375886524822695,기존 강세,⑤ 성숙·정체
암사3동,11740590,2022,16092664339.296429,58010019450,0.2774118073373,0.2724201807348299,0.2033491063757952,1.2768884258726885,0.2210519079045059,0.3152198325973842,-0.7006036607957753,0.293144208037825,일반,⑦ 일반
압구정동,11680545,2022,474441258472.49976,1431491409888,0.3314314394032026,0.5981594055517202,0.4233959113847706,1.1806257411030825,0.2716851288024346,0.3505185741598394,1.6111907108989356,0.8628841607565012,기존 강세,⑤ 성숙·정체
약수동,11140635,2022,28238777354.18981,95893616143,0.2944802635462107,0.4137528066397387,0.2750098119740692,1.1403616928638023,0.2246744441764669,0.3979011604495145,0.1846883361149897,0.6004728132387707,일반,③ 급성장 신흥
양재1동,11650651,2022,106399154436.1461,438581877900,0.2425981550938726,0.4397464773065125,0.2842307939668749,1.027081081495514,0.1831048038156981,0.3407673552122387,-0.8752807446593641,0.2553191489361702,일반,⑦ 일반
양재2동,11650652,2022,102718799704.1524,551313729971,0.1863164186198583,0.4442698431887119,0.2269454130365688,1.1074587085058862,0.140088793359205,0.2571218083475928,-1.447784306203692,0.1489361702127659,일반,⑦ 일반
양평1동,11560610,2022,27992287805.80934,109356047608,0.2559738434050861,0.3495009564263366,0.3092477975449985,1.0765046369315323,0.1974248717582639,0.3378067383380592,-1.1212539215601325,0.2056737588652482,일반,⑦ 일반
양평2동,11560620,2022,35796543604.83144,292983417987,0.1221794183806667,0.2677150672209042,0.1383178046233255,1.0301381854858338,0.0909598214366605,0.1867954620470307,-3.772459934120818,0.0165484633569739,일반,⑦ 일반
여의동,11560540,2022,252711563090.45068,1297611409790,0.1947513417220556,0.661266032769291,0.3001366613730906,1.002926822146564,0.1279972717293534,0.3837986166787773,0.1896208548501234,0.6028368794326241,일반,③ 급성장 신흥
역삼1동,11680640,2022,515143747363.3585,2113047499121,0.2437918445172915,0.4935916722472481,0.4364107803012497,1.0792109948107156,0.177506734690076,0.363061692052891,-0.2265493504655231,0.4468085106382978,일반,④ 잠재 후보
역삼2동,11680650,2022,88514464618.78046,396065982440,0.2234841378536959,0.4351913026741989,0.2945934029935924,1.078067377115452,0.1656800545574266,0.334197162895836,-0.8905824788535979,0.2482269503546099,일반,⑦ 일반
역촌동,11380625,2022,45734913049.34476,154233360730,0.2965306133049128,0.5173166025388988,0.2394719772050965,1.0593021250581185,0.230370364607434,0.4067547064530596,0.6000774957396362,0.6950354609929078,신흥 성장,② 라이징스타
연남동,11440710,2022,78440303671.24265,166903885773,0.4699729027155575,0.8556621004812033,0.6172187167715715,1.3461374466850615,0.3811774271003329,0.5506277284520056,6.2026585993650505,1.0,기존 강세,⑤ 성숙·정체
연희동,11410615,2022,73492299133.7656,249334918229,0.2947533368201043,0.5046354681354277,0.3435071826094444,1.013982173155776,0.2368237881337075,0.3591045526153102,0.0769757591476197,0.5650118203309693,일반,③ 급성장 신흥
염리동,11440610,2022,25023001646.815937,75563503049,0.3311519534846008,0.6049985275478172,0.3109918581826652,1.1008791327595857,0.2510347381420273,0.487356476434391,2.034362665244114,0.9030732860520094,기존 강세,⑤ 성숙·정체
염창동,11500510,2022,47312380757.20519,215908375215,0.2191317530415013,0.3383983909389543,0.3003656363002194,1.0893875699910207,0.1635891658432811,0.3097473172747668,-1.624969514106524,0.1347517730496454,일반,⑦ 일반
영등포동,11560535,2022,386008668158.0188,1139226807519,0.3388339052507601,0.3082530764271391,0.3433369254115595,1.186281787901926,0.2716742064040994,0.3941859133072678,0.1178999838869516,0.5791962174940898,일반,③ 급성장 신흥
영등포본동,11560515,2022,69163264888.9924,181966347903,0.380088217882248,0.3769763168548434,0.3531135084507604,1.3288303357898206,0.3078277400712537,0.4192288761472819,1.6298057625992333,0.8652482269503546,기존 강세,⑤ 성숙·정체
오금동,11710570,2022,66966346739.77905,312811358933,0.2140790122462348,0.269451651185254,0.1634149601196189,1.089691584441571,0.1572001101581877,0.2864954200630393,-2.262837928698323,0.0567375886524822,일반,⑦ 일반
오류1동,11530770,2022,44445427050.92472,139149112487,0.3194086275978011,0.4565720204642731,0.3452802443385231,1.1035472571483127,0.2547927291761369,0.3988661345733359,0.5744424279361713,0.6903073286052009,신흥 성장,⑤ 성숙·정체
오류2동,11530780,2022,24139920916.64241,83303718959,0.2897820315624021,0.3072083323026135,0.2210706744084726,1.1365130770861018,0.2286440371572655,0.36605805254635,-0.6677870244383197,0.309692671394799,일반,⑦ 일반
오륜동,11710566,2022,10018541419.605526,21832698519,0.458877834587733,0.9217288102745134,0.2836001578371815,1.0376448492553634,0.418240727688949,0.2951231026889626,3.9806466522991695,0.9858156028368794,기존 강세,⑤ 성숙·정체
옥수동,11200645,2022,11592491786.96847,41594585936,0.2787019398343187,0.3381254514142785,0.3049309094100751,1.1527164157911591,0.2071829702610746,0.3854385739448895,-0.4733365435967858,0.3617021276595745,쇠퇴,⑥ 쇠퇴 주의
왕십리2동,11200520,2022,13676149914.122566,46624195422,0.2933273119318937,0.4284782430920723,0.2666891112534424,1.0308412428247469,0.234324970095781,0.3793939541024944,-0.215641190680016,0.4539007092198581,신흥 성장,② 라이징스타
왕십리도선동,11200535,2022,46371595769.06512,154880898691,0.2994016444957504,0.5347440724581275,0.2901148718064033,1.253794466137341,0.2226908990747237,0.4390082874044627,1.663100851409872,0.8723404255319149,기존 강세,⑤ 성숙·정체
용강동,11440590,2022,82717957227.96123,309911663231,0.26690817752898,0.5755364617305515,0.2146924427958881,1.1531772806844416,0.1945586431093977,0.3925743685590668,0.9391036998408662,0.7730496453900709,일반,④ 잠재 후보
용답동,11200790,2022,32089787403.917706,127342541643,0.2519958137311269,0.3736068034072826,0.2465813875148617,1.090811209690404,0.1915382142629063,0.3472377479708539,-0.9025073296550552,0.243498817966903,일반,⑦ 일반
용문동,11170590,2022,31796145431.058205,105739380431,0.3007029670635029,0.2197516707993467,0.1538888089439707,1.286291890544638,0.2418558077866557,0.340185963123482,-0.6380670335070846,0.3191489361702128,일반,⑦ 일반
용산2가동,11170520,2022,23609413599.73401,52805538266,0.4471010877837305,0.6004814564766281,0.500437184768077,1.1723533600296916,0.3641204262352931,0.545299988515413,3.701459862619507,0.9810874704491724,기존 강세,① 레전드
용신동,11230536,2022,97859008678.22736,389052081685,0.251531898388504,0.4099422845477327,0.224891378640253,1.0854144543902386,0.210832822957139,0.2378588507178983,-1.2441852831861473,0.1773049645390071,일반,⑦ 일반
우이동,11305645,2022,48662432430.85152,117325265357,0.414765159769981,0.6549626324745854,0.2096374828998632,1.1067143762048877,0.361447408825058,0.3863724069412078,2.698321994696228,0.9456264775413712,기존 강세,⑤ 성숙·정체
우장산동,11500615,2022,32996524653.257195,114826833508,0.2873590052534047,0.3651702075027492,0.1960912926805673,1.1040892075461746,0.2232715570199349,0.3886108953783099,-0.3425984392633996,0.3995271867612293,일반,⑦ 일반
원효로1동,11170560,2022,60252632719.875015,601484843412,0.1001731521248053,0.1247505068047122,0.1354480045695772,0.913008655511492,0.0635451101081518,0.2030480040165271,-5.29034520687692,0.0070921985815602,일반,⑦ 일반
원효로2동,11170570,2022,19256383196.78067,182054371743,0.1057727041236024,0.1089614768164046,0.1570079599206277,0.8908919157467949,0.0759445939398684,0.1805075717510944,-5.517544250608689,0.0047281323877068,일반,⑦ 일반
월계1동,11350560,2022,30974168455.338623,93830514237,0.3301076276434243,0.5998517597466761,0.3227155448015175,1.0765396078197906,0.2533023161843422,0.4696121579244671,1.804560526668796,0.8794326241134752,기존 강세,⑤ 성숙·정체
월계2동,11350570,2022,5585616319.726247,21104661681,0.264662679940273,0.2651290939213421,0.1854260989894519,0.9274763977623518,0.1987407762985404,0.3661592824279683,-2.0700469719370536,0.0732860520094562,일반,⑦ 일반
월계3동,11350580,2022,9658162729.777214,32249720410,0.2994805104351357,0.3911783592110838,0.1576309566833854,1.1197019345221295,0.2396257268513789,0.3713430649862803,-0.0821107312940142,0.508274231678487,쇠퇴,⑦ 일반
월곡1동,11290715,2022,20901275959.435585,68958131035,0.303100963522736,0.3369173439345085,0.2388613706285028,1.1490090572362988,0.248741739538939,0.3307539338823381,-0.4821375132145644,0.3569739952718676,일반,⑦ 일반
월곡2동,11290725,2022,35948114180.386345,123481344699,0.2911218230414806,0.4784365653776237,0.2690652528929664,1.0613437107594228,0.2259369331133137,0.4053985722217795,0.3179511586936034,0.6288416075650118,기존 강세,⑤ 성숙·정체
위례동,11710647,2022,10840948720.109253,27474804940,0.3945778229830538,0.6824341317416465,0.3916818463498071,1.1331859973894227,0.3399389766149874,0.3558158735011569,2.5856823700924005,0.9385342789598108,기존 강세,⑤ 성숙·정체
은천동,11620605,2022,54724073732.65089,157209262033,0.3480970079305104,0.3430442721286965,0.3099380668345866,1.0844956423682413,0.2821860182238363,0.4127726106326897,0.1261336311662027,0.5839243498817966,일반,④ 잠재 후보
을지로동,11140605,2022,175638223047.91815,976898752189,0.1797916341425907,0.2346101004924394,0.2332594482451687,0.9627131341952124,0.1420063965330573,0.2184799023253407,-3.592937266411327,0.0236406619385342,일반,⑦ 일반
응봉동,11200580,2022,2892338403.774643,10335831509,0.2798360636254682,0.2078726914355314,0.1851222612649886,1.2636352404197762,0.1898545253268989,0.4352687010312215,-0.6491462239652023,0.3144208037825059,일반,⑦ 일반
응암1동,11380580,2022,52413243569.5796,172091609607,0.3045659442042178,0.3944203938472492,0.2639771276109451,1.1183207876526255,0.2406877903960007,0.3912106106959297,0.0723675906333058,0.5602836879432624,신흥 성장,② 라이징스타
응암2동,11380590,2022,18981465692.92368,62082280269,0.3057469153948237,0.2162415718274364,0.1858506152803374,1.099149651009024,0.248120300241158,0.3529834435534174,-1.300561101844231,0.1702127659574468,일반,⑦ 일반
응암3동,11380600,2022,63436495083.12568,183936393543,0.3448827818204216,0.4950745629559807,0.2583818907751368,1.146396868460135,0.2778356146960828,0.4077703550573632,1.258391812170462,0.8203309692671394,기존 강세,② 라이징스타
이문1동,11230740,2022,32934781809.550774,101727926355,0.3237535944123961,0.6204193959065981,0.4541869600758756,1.094283366795665,0.2498776551612133,0.4581459233363137,1.900470183040848,0.8912529550827423,기존 강세,⑤ 성숙·정체
이문2동,11230750,2022,10687880351.227867,31647185774,0.3377197715952545,0.3505699073601299,0.2513882610230731,1.0845045272612746,0.2672243887147726,0.4465587610197722,0.2605139183962019,0.6193853427895981,일반,⑦ 일반
이촌1동,11170630,2022,39685469922.09015,133613430041,0.2970170731333852,0.4785070795381962,0.1652354236712982,1.1749538296187971,0.2339206967698475,0.3575373015073482,0.5498368444391969,0.6832151300236406,일반,⑦ 일반
이촌2동,11170640,2022,4910690466.030446,25016226541,0.1963002077064715,0.1894682014984076,0.177688974342903,0.9387644266883968,0.149089625603099,0.2658010292680296,-3.599194761498555,0.0212765957446808,일반,⑦ 일반
이태원1동,11170650,2022,170902620768.98187,330821230419,0.5166011279038107,0.7793069633241808,0.6023508267701411,1.3695828248642916,0.4434646185106933,0.482736933614367,5.939150844696988,0.9976359338061466,기존 강세,① 레전드
이태원2동,11170660,2022,29870647090.24429,70610545020,0.4230337987305382,0.8110089042759806,0.492923200736399,1.1867514590896373,0.3390734896497192,0.5277554487569086,4.731026311634913,0.9952718676122932,기존 강세,⑤ 성숙·정체
이화동,11110640,2022,46497568829.36088,140815683760,0.3302016337087087,0.7613346640756318,0.4537026052999084,1.073546737000017,0.2599681015673818,0.4269488845395072,2.5763631589162124,0.9361702127659576,기존 강세,① 레전드
인수동,11305660,2022,25215635114.74075,83538533018,0.3018443609646287,0.3711159492388969,0.2182833333579235,1.1683529853731702,0.239849156636288,0.3694451489631735,-0.0143501404808951,0.5319148936170213,일반,⑦ 일반
인헌동,11620625,2022,51674801870.78651,159116404719,0.3247609947072669,0.3055489705593792,0.3553022165177746,1.1392668749902466,0.2583467099737165,0.4031019109580287,-0.1563261671847381,0.475177304964539,쇠퇴,⑥ 쇠퇴 주의
일원1동,11680730,2022,29845244693.43209,105787781401,0.2821237414961986,0.4840222338429339,0.2680351817713039,1.2833551825788632,0.2085535108858181,0.3877243386220809,1.0069255680885465,0.7825059101654847,기존 강세,⑤ 성숙·정체
일원2동,11680740,2022,4670722861.733243,17487715539,0.267085935342263,0.6441213515212588,0.2659134786147095,0.8816732772298208,0.2051390356275854,0.3626397650314616,0.1311166850928804,0.5862884160756501,쇠퇴,⑥ 쇠퇴 주의
일원본동,11680720,2022,10793486276.894966,46583855528,0.2317001492160167,0.7995233020721814,0.2643747153688794,1.000918054502424,0.193599217428004,0.2315708629251611,0.6308212504685526,0.7021276595744681,쇠퇴,⑦ 일반
자양1동,11215820,2022,46429568591.6295,148227386118,0.3132320538572279,0.3679222481369615,0.2455179760373624,1.1002620567454102,0.2531152340643206,0.3654123440379724,-0.2256760148631358,0.4491725768321513,일반,⑦ 일반
자양2동,11215830,2022,24185074909.18084,76263349141,0.3171257908496268,0.4377532462189248,0.247078053616056,1.1863291212547296,0.2410161163525185,0.4266174944775495,0.8613674590090241,0.7565011820330969,일반,⑦ 일반
자양3동,11215840,2022,52142092662.75613,154045696631,0.338484578297938,0.4892214637746273,0.3969004235831154,1.3248260675138304,0.263102607248321,0.4227995114658283,1.932985527364428,0.8983451536643026,기존 강세,② 라이징스타
자양4동,11215847,2022,65214121439.92708,170167301790,0.3832353263754895,0.5926469660102848,0.4477320563972021,1.167840770103091,0.3055822508202679,0.496064750384146,2.7843705391825937,0.950354609929078,기존 강세,⑤ 성숙·정체
잠실2동,11710670,2022,60299678100.571976,192952603899,0.3125103102113901,0.2348977504171162,0.2554365882608099,1.2937641250640688,0.2510080373071918,0.3438254571196477,-0.4064929286980069,0.3806146572104019,일반,⑦ 일반
잠실3동,11710680,2022,37525593343.4756,133915432158,0.2802185882445651,0.3151846671129046,0.2743534224170084,1.1268983394620886,0.2277603465149099,0.3166081504331473,-0.9911097336434956,0.2293144208037825,일반,⑦ 일반
잠실4동,11710690,2022,11449986831.8877,48220443220,0.2374508832208054,0.1930836636553006,0.245773932436285,1.2208758823296626,0.1795277416365481,0.3018177603345555,-1.889170496671982,0.0921985815602836,일반,⑦ 일반
잠실6동,11710710,2022,41144861654.362816,177695943272,0.2315464320498425,0.4975978081652286,0.4073714553021335,1.1949693353814068,0.1780932146523944,0.2929320433349594,-0.1739874906652079,0.4704491725768321,기존 강세,⑤ 성숙·정체
잠실7동,11710720,2022,6152230431.057359,25295603905,0.243213423730172,0.045968301898108,0.142307903124956,1.0808728981650748,0.1863754137559105,0.3230756212301625,-3.187564579868613,0.0283687943262411,일반,⑦ 일반
잠실본동,11710650,2022,216458739886.4741,617448427168,0.3505697486011708,0.4402044263772101,0.3638821547777103,1.2277779171200898,0.27241023087623,0.4510657245746307,1.4923419770372617,0.8534278959810875,기존 강세,⑤ 성숙·정체
잠원동,11650540,2022,67038839353.20728,299329448869,0.2239633942016393,0.4325916834352957,0.2983871403815289,1.113315933221817,0.1620791436135385,0.3424665528878955,-0.7376782095772105,0.2907801418439716,일반,⑦ 일반
장안1동,11230650,2022,96769027891.194,537651659280,0.1799846168442647,0.2947986362401541,0.1910922285157389,1.1991232160165606,0.1325475959665674,0.2374877543258979,-2.191941935370645,0.0614657210401891,일반,⑦ 일반
장안2동,11230660,2022,107461122029.14958,338469424309,0.3174913723700039,0.3106787433715143,0.2057564706093548,1.1332578795987358,0.2596558062295351,0.3628576006820545,-0.4021258713009698,0.3853427895981087,일반,⑦ 일반
장위1동,11290760,2022,15966572410.936943,45700065403,0.349377452091979,0.504157583710756,0.2613763465471074,1.1744757279276845,0.2757301698778928,0.443981370706486,1.6510710102448196,0.8676122931442081,신흥 성장,① 레전드
장위2동,11290770,2022,15706010435.050852,53832699878,0.2917559489054994,0.3397114762299643,0.1826344326456113,1.0920112544850027,0.2328616972473817,0.3561578987390798,-0.6784325297518665,0.3049645390070922,일반,④ 잠재 후보
장위3동,11290780,2022,8465790901.147008,29746163664,0.2846011000535389,0.1887783384919656,0.2333662487173492,1.1911515354099362,0.222699023034596,0.382565317549582,-1.12155571798714,0.2033096926713948,일반,⑦ 일반
장지동,11710646,2022,37384614324.27152,130076183681,0.2874055285628142,0.3008583140475108,0.230252892769753,1.177429056783399,0.2214857047209652,0.383159110565757,-0.4885086010595234,0.3522458628841607,일반,⑦ 일반
장충동,11140580,2022,31746648239.495125,96513398189,0.3289351409772805,0.6784881974807864,0.2380705491169699,1.1681010693401177,0.2692893012958089,0.3580827761273347,2.086861401024905,0.9101654846335696,기존 강세,⑤ 성숙·정체
전농1동,11230560,2022,45285761090.03147,132176136728,0.3426167704025367,0.4584882353590709,0.3415919855254434,1.160888153556022,0.2725569245160757,0.4238367629573226,1.1493627709691276,0.806146572104019,기존 강세,⑤ 성숙·정체
전농2동,11230570,2022,19391010152.218952,68974548661,0.2811328312929307,0.2935877340136902,0.2107423814607568,1.1504342081536574,0.2217524062415263,0.3542856698505247,-0.8337038405785386,0.2695035460992908,일반,⑦ 일반
정릉1동,11290620,2022,12835471059.387243,45774409837,0.2804071337040413,0.3792338209234179,0.2462198079043253,1.102532852157556,0.2138595190819303,0.3881476679495829,-0.3492182333068389,0.3971631205673759,일반,⑦ 일반
정릉2동,11290630,2022,16229594843.436195,56303852511,0.2882501661900568,0.3788579867928675,0.2175043222949522,1.142572260150572,0.2265665278323143,0.3616778961088239,-0.2441685842900587,0.4397163120567376,일반,⑦ 일반
정릉3동,11290640,2022,14489543126.19381,43993361724,0.3293574884569284,0.6302948699615497,0.2948581521544284,1.0510301532998838,0.2657104123648489,0.3992722351203606,1.5368807835314684,0.8557919621749409,기존 강세,⑤ 성숙·정체
정릉4동,11290650,2022,30695362252.00881,90067423124,0.3408042684839454,0.328291456238199,0.2047610455959157,1.157300940206413,0.2814951872009771,0.3720342107142086,0.0643412207000073,0.5531914893617021,일반,⑦ 일반
제기동,11230545,2022,700663619097.9426,2381057790128,0.2942656923334383,0.032016375948146,0.0821402347485594,1.1524172025523811,0.275939800582362,0.1129349877583375,-3.5515298890044456,0.0260047281323877,일반,⑦ 일반
조원동,11620725,2022,57585529624.6273,232549838514,0.2476266162668632,0.3033754206230195,0.2335920158324673,1.2646700951936527,0.1860693345198562,0.3188174555173322,-0.8497329166920798,0.2647754137115839,신흥 성장,② 라이징스타
종로1·2·3·4가동,11110615,2022,528456432636.5113,2193506791790,0.2409185303708438,0.3532242228216347,0.2825672953167401,1.0154133316539429,0.1877255205533105,0.3092140822625431,-1.6280627748934895,0.1323877068557919,일반,⑦ 일반
종로5·6가동,11110630,2022,116167662095.56586,409766402735,0.2834972836235493,0.4083402755184157,0.2203545582979236,1.0640086925187435,0.238936159659527,0.2702447728068493,-0.8781705635570562,0.2529550827423167,일반,⑦ 일반
종암동,11290705,2022,45120751885.547554,153742223734,0.2934831485435912,0.397465612672065,0.2455240906252885,1.1183569261839574,0.2291882934772953,0.3803074939462421,-0.0835058594509861,0.5059101654846335,일반,⑦ 일반
중계1동,11350621,2022,13686411360.533615,41383962572,0.3307177590043954,0.1966729601796721,0.1386263796759167,1.0766221718866538,0.2634323482202283,0.4307691869763466,-0.8676836960568359,0.2576832151300236,일반,⑦ 일반
중계2·3동,11350625,2022,69155767695.48303,215876034458,0.3203494443888245,0.3887628139071085,0.2239238292076594,1.0045831745956764,0.2706730295778537,0.3321714547519688,-0.5559339860728484,0.3333333333333333,쇠퇴,⑦ 일반
중계4동,11350624,2022,48408984184.84825,134025928809,0.3611911860266663,0.5275484383306289,0.219897922222203,1.132813989257066,0.2849325967098659,0.4737070170465152,1.900717311977748,0.8936170212765957,기존 강세,⑤ 성숙·정체
중계본동,11350619,2022,49946951443.76981,162539410934,0.3072913280339809,0.2227114625430687,0.1258989613375019,1.147103531978841,0.2408817684832031,0.3981489607359155,-0.828489847966026,0.2765957446808511,일반,⑦ 일반
중곡1동,11215740,2022,63187023512.71785,198109963278,0.3189492465053358,0.2769954822817025,0.244946865266462,1.1367580017273906,0.2599811923024044,0.3522615649222613,-0.6637736528873127,0.3120567375886525,일반,⑦ 일반
중곡2동,11215750,2022,47078642762.08991,157301784880,0.2992886749378244,0.3975246746990376,0.2866211262853408,1.1862869116574812,0.2331315537899063,0.3840248668448548,0.2602220022201434,0.6170212765957447,일반,④ 잠재 후보
중곡3동,11215760,2022,26462283769.01839,83128591698,0.3183295088788933,0.3848263027505331,0.2966234058984214,1.12103077391639,0.2599126867623793,0.3644323775513794,0.0208175769582479,0.5390070921985816,일반,⑦ 일반
중곡4동,11215770,2022,44320126998.14064,135241521370,0.3277109466765579,0.3845459561395941,0.2697433735028383,1.1222454718204806,0.2689015801109366,0.3879524177227909,0.2594441140250021,0.6146572104018913,일반,③ 급성장 신흥
중림동,11140680,2022,21787600589.1474,102901347083,0.2117328995855959,0.4005719695462541,0.2130151914563347,0.8313612712799165,0.1625866175639597,0.2892235487256979,-2.4588565604406094,0.0472813238770685,일반,⑦ 일반
중앙동,11620615,2022,49699163994.46126,152252511816,0.3264259052390783,0.3929891699015778,0.3643636901507603,1.0936068803625103,0.2569318235109017,0.4386705598769719,0.4181018238700348,0.6453900709219859,일반,⑦ 일반
중화1동,11260600,2022,16429291714.734138,59420950560,0.2764898837850927,0.2086884133312323,0.1834966818645925,1.1773433835753688,0.2193359329524667,0.3334358374323522,-1.4083077314125143,0.1536643026004728,일반,⑦ 일반
중화2동,11260610,2022,58546700629.59009,160076305788,0.3657424522722775,0.3873931595980691,0.2486456796967371,1.1236801397809038,0.2980142628489879,0.4356411284775394,0.8580715335689659,0.75177304964539,신흥 성장,⑤ 성숙·정체
증산동,11380640,2022,14447052205.442217,55366702957,0.2609339446609702,0.2899177180816864,0.2083763251707471,0.911887069367358,0.2080333298687739,0.3445729167730402,-2.039197110353914,0.0756501182033096,일반,⑦ 일반
진관동,11380690,2022,55513322344.332855,134138774593,0.4138499290214166,0.6006142091982724,0.2133387973449801,1.136398496403154,0.3640410044535198,0.3496535689274708,2.266139686272288,0.9196217494089834,기존 강세,⑤ 성숙·정체
창1동,11320511,2022,33550696372.987244,108022596801,0.3105896114939226,0.390079374786979,0.3033393317267175,1.240993365937525,0.2399317831041076,0.4062927546155205,0.6496214255050927,0.706855791962175,일반,⑦ 일반
창2동,11320512,2022,29228826290.760548,86272294592,0.3387973674398006,0.3566501821298862,0.2016559644585279,1.1388314966479618,0.2766206794992673,0.3794142773505796,0.1683796380316295,0.5933806146572104,일반,④ 잠재 후보
창3동,11320513,2022,20301595092.80422,62447399825,0.3250991258194347,0.3640222936375878,0.1627221164127949,1.093952874334227,0.2555511518769628,0.4213042087056985,0.1128225725125432,0.5768321513002365,일반,⑦ 일반
창4동,11320514,2022,25871052792.241108,78364337073,0.330138092894744,0.5352673809889501,0.2377372966946071,1.196345940774138,0.2520671459722692,0.4643503473155451,1.8570772295117348,0.8817966903073287,기존 강세,① 레전드
창5동,11320515,2022,73753347739.71925,235061960342,0.3137613063058476,0.3918259856252177,0.2384807815455957,1.1193158575970272,0.2561106023680317,0.3546337786118828,-0.0413326684347652,0.5200945626477541,일반,⑦ 일반
창신1동,11110670,2022,86278558487.36537,337430906408,0.2556925191169146,0.1695904193755361,0.18608738269836,1.027488414688723,0.2270025578433024,0.1904309695428555,-3.1476049937413766,0.0307328605200945,일반,⑦ 일반
창신2동,11110680,2022,18273217212.439144,51103541972,0.3575724207619732,0.4197967829657347,0.2368117076626651,1.1939304201150722,0.2785327506222351,0.4644411774041876,1.367006803192817,0.8392434988179669,기존 강세,⑤ 성숙·정체
창신3동,11110690,2022,650866581.0287185,1678882117,0.3876785477897365,0.6995408516820839,0.3291637628420816,0.9988245028158128,0.3133221997384585,0.4835277734988227,2.731230329188495,0.9479905437352246,기존 강세,① 레전드
천연동,11410520,2022,22586292383.40969,73914717470,0.3055723292533298,0.4679686736682591,0.1932991682312656,1.0953304193957485,0.235007526059343,0.4200698892558454,0.5725659054765635,0.6879432624113475,일반,④ 잠재 후보
천호1동,11740600,2022,32617808842.705803,108574828927,0.3004177779053771,0.3686353614419266,0.2081558772171345,1.092865864033269,0.2299459325400922,0.430406872033109,-0.0333063184389333,0.5271867612293144,일반,⑦ 일반
천호2동,11740610,2022,166658976379.1157,624265565592,0.2669680750708564,0.3827004645297732,0.2455837391168844,1.1366997523490714,0.2165420388241454,0.2930590930840611,-0.7856723924905035,0.2813238770685579,일반,⑦ 일반
천호3동,11740620,2022,48441739852.79081,138452556715,0.3498797061039943,0.5065132206432003,0.3921878275008928,1.1249061919170926,0.2795810334126266,0.4366125372566038,1.445043627471343,0.8463356973995272,기존 강세,⑤ 성숙·정체
청구동,11140645,2022,10514201713.980412,38984256635,0.2697037886966088,0.564816883958008,0.2983519058192758,1.1537888344590377,0.211508851206289,0.3562178050493433,0.7884239281936847,0.7304964539007093,기존 강세,⑤ 성숙·정체
청담동,11680565,2022,336559818412.1262,1095518146773,0.3072151925584342,0.4783308725543011,0.3652480994099966,1.1305958597077126,0.2473614960101168,0.3483229413607051,0.423860772300426,0.6501182033096927,쇠퇴,⑥ 쇠퇴 주의
청량리동,11230705,2022,60516548850.30317,195912583524,0.3088956705166908,0.3435490306356703,0.2105658583484833,1.193313503245511,0.2574268135554537,0.3039848497567506,-0.3537986351092798,0.3947990543735225,일반,③ 급성장 신흥
청룡동,11620595,2022,118174160542.14468,331239283714,0.356763724450567,0.5148823109346424,0.3871791489494139,1.1355574213179138,0.2883511261619211,0.429610869249641,1.5743759029047182,0.8605200945626478,기존 강세,⑤ 성숙·정체
청림동,11620545,2022,4972782868.994404,18582699895,0.2676028185943216,0.2133067864410022,0.2492272141921711,1.0226693913014908,0.2000437622091835,0.4186999184167796,-1.638287226585176,0.1276595744680851,일반,⑦ 일반
청운효자동,11110515,2022,31378313848.05237,101807398817,0.3082125092347684,0.5916094932968923,0.3802014359739891,1.0539136764464856,0.256322459892203,0.324459405454176,0.7323535762657689,0.7186761229314421,신흥 성장,② 라이징스타
청파동,11170555,2022,51395616586.414665,167692282568,0.3064876677647554,0.5000758725852207,0.3457838403117132,1.1029098792944814,0.2411890952381731,0.3859078077356259,0.6350654663689114,0.7044917257683215,일반,⑦ 일반
충현동,11410565,2022,24295375257.94895,125739613596,0.1932197384987178,0.7433442315109308,0.2995828765231574,1.002957589358295,0.1189391307663105,0.408547437492954,0.7816066615955239,0.7281323877068558,기존 강세,⑤ 성숙·정체
평창동,11110560,2022,13920756999.803331,35256520494,0.3948420548809512,0.6730287033015119,0.1685329257608163,1.1323107212487944,0.3303708344668392,0.4160486080722654,2.833252874587722,0.9550827423167848,기존 강세,⑤ 성숙·정체
풍납1동,11710510,2022,13710831053.64885,44228958417,0.309996697737718,0.3012533175522102,0.1638701794798361,1.1819379627897837,0.2434108332712175,0.3773601495120192,-0.30830576165577,0.4113475177304964,일반,⑦ 일반
풍납2동,11710520,2022,24954890608.043404,113760676445,0.2193630645305486,0.2581969691539311,0.2010540312764224,1.112913326334044,0.1624990149556419,0.3141124238416091,-2.006887092021924,0.0780141843971631,일반,⑦ 일반
필동,11140570,2022,28230600743.85975,130288126168,0.2166782313490164,0.7677432395260573,0.34343011571372,0.9694981592789584,0.1462890562676712,0.4017303401118019,0.994754373557355,0.7801418439716312,신흥 성장,② 라이징스타
하계1동,11350611,2022,78489682786.66306,237277738769,0.3307924426196429,0.7505323763236508,0.1633932983099769,0.9951302224976132,0.2822630592295165,0.3521141198346397,1.890581099991397,0.8888888888888888,기존 강세,① 레전드
하계2동,11350612,2022,2202815427.6421328,8664556361,0.2542329157851885,0.0549307565407848,0.271037444867975,1.208065282375249,0.2057479839388167,0.281576909694015,-2.699526938868802,0.0425531914893617,일반,⑦ 일반
한강로동,11170625,2022,734930964484.2576,3036682089313,0.2420177492634811,0.0632415569080683,0.1839232758034132,0.9845146989138048,0.205622811142296,0.2243092764620285,-3.958164242750793,0.0141843971631205,일반,⑦ 일반
한남동,11170685,2022,138813380312.6028,370991236746,0.374168892856199,0.7233023341295762,0.4615002553233381,1.111304014252276,0.2966083520278365,0.4736049960805292,3.133105124907792,0.9645390070921984,기존 강세,⑤ 성숙·정체
합정동,11440680,2022,88591980148.46777,247617609453,0.3577773824089975,0.5723078867938852,0.4991429103932921,1.1459395485304855,0.2814734642336867,0.4747601402569623,2.209806579352254,0.9148936170212766,기존 강세,⑤ 성숙·정체
항동,11530800,2022,269439832.7102795,781751942,0.3446615457340041,0.2914898994903936,0.3029602170147215,1.0049411807382962,0.3069852815280886,0.3074572829139195,-0.9956913170925517,0.2222222222222222,데이터 없음,⑦ 일반
행당1동,11200560,2022,46180259505.57725,151547449162,0.3047247562458925,0.3999496269396667,0.335034874897329,1.1303024253355356,0.2353931611733451,0.4063965045440241,0.2089636578065387,0.6052009456264775,일반,③ 급성장 신흥
행당2동,11200570,2022,6895462116.167887,22520427106,0.3061870045231409,0.3340309635155993,0.2446164889356073,1.23057769658583,0.2368254342555984,0.3824969131560128,0.0731892847834108,0.5626477541371159,일반,⑦ 일반
행운동,11620575,2022,51972049712.24423,164212444655,0.3164927592511897,0.4001856781199747,0.3576260655115451,1.151953549840385,0.2467881453999537,0.4118806100725119,0.4392210685216781,0.6548463356973995,쇠퇴,⑦ 일반
혜화동,11110650,2022,78699502152.77357,206692348297,0.3807567275770113,0.7072597101172989,0.4957452415885452,1.1375471793788403,0.2984866705870962,0.5106703808664019,3.403213355787182,0.9692671394799054,기존 강세,① 레전드
홍은1동,11410660,2022,26307017407.230698,82475494714,0.3189676824425904,0.2853103209213688,0.1611658854195836,1.039766625733977,0.2658935912909109,0.3255001436741063,-1.139519389129797,0.2009456264775413,일반,⑦ 일반
홍은2동,11410685,2022,26580602299.32888,90847390511,0.2925852041519061,0.4091573153826501,0.2045022883376102,1.095991251695506,0.2304898112672219,0.3733551988253651,-0.1380864842529646,0.4846335697399527,일반,⑦ 일반
홍제1동,11410620,2022,24444837115.065765,81670748985,0.2993095743441193,0.360722176607084,0.2202592857977081,1.0437514240016037,0.2334183624237519,0.3896503777851328,-0.5240773000835084,0.3380614657210402,쇠퇴,⑥ 쇠퇴 주의
홍제2동,11410655,2022,11001563301.074852,33962668991,0.3239310580682051,0.3989466346885317,0.3201129139138333,1.079533142600232,0.2513158775378296,0.4558478250664761,0.458817082618204,0.6595744680851063,쇠퇴,⑦ 일반
홍제3동,11410640,2022,59646582504.709694,206392116719,0.2889964183366446,0.1747033126662082,0.1623869535222158,1.131972195047181,0.2365516415119236,0.3098160593365022,-1.8095781507907345,0.1016548463356974,일반,⑦ 일반
화곡1동,11500540,2022,114122965803.70096,327718865150,0.3482343494368742,0.4696507198984483,0.3815225192476228,1.1584606412283052,0.2795073178563397,0.4378894434725831,1.363463528838354,0.8368794326241135,기존 강세,① 레전드
화곡2동,11500550,2022,12045494148.183006,46904514678,0.256808843047955,0.2785103329323483,0.2209796722587464,1.068163704306086,0.2002180447334379,0.3540030121831335,-1.466233038155386,0.1465721040189125,일반,⑦ 일반
화곡3동,11500560,2022,38136634895.79974,119021992213,0.3204167077589407,0.4107103162961573,0.3325636219410943,1.1234245216741323,0.244753945463015,0.4503256072716431,0.6199366497960284,0.6997635933806147,쇠퇴,⑦ 일반
화곡4동,11500570,2022,54126894942.848114,158488941347,0.341518433291451,0.311936613872371,0.2484640325016935,1.112114924610779,0.2799159713223723,0.3923124568348751,-0.1069592788366382,0.4940898345153664,일반,⑦ 일반
화곡6동,11500591,2022,52438825848.04971,151580673238,0.3459466482624365,0.5816695597766784,0.3525521213650542,1.1337540407941928,0.2710271322155664,0.4626967080089305,2.0440662385402995,0.9054373522458627,기존 강세,① 레전드
화곡8동,11500593,2022,41089402831.76391,134645853461,0.3051664925104091,0.2807769433460518,0.2785366531087638,1.1131112794541198,0.2413660315905181,0.3873957184437799,-0.6753891983322768,0.3073286052009456,일반,⑦ 일반
화곡본동,11500590,2022,52285576463.48532,153857971122,0.3398301438800726,0.343454151524581,0.2981094518244404,1.0200877485752065,0.2675351101202337,0.4607840581544153,0.0436532671230714,0.5484633569739953,신흥 성장,⑤ 성숙·정체
화양동,11215710,2022,145445477264.57465,381212629994,0.3815337316260058,0.7469416397890113,0.6342998313796838,1.173911116024131,0.290565320227568,0.5543028627286715,4.017339434220489,0.9905437352245864,기존 강세,⑤ 성숙·정체
황학동,11140670,2022,62747505069.654175,218023432924,0.287801656125317,0.2670358101887824,0.2070583857182747,1.1323004559484042,0.2387293470612557,0.2862558945567812,-1.368968530019076,0.1583924349881796,일반,③ 급성장 신흥
회기동,11230710,2022,43889819334.51457,138979999833,0.3157995350932011,0.6764544813136272,0.5184794685608438,1.0290454976342307,0.2426464500469273,0.4571345111911171,1.9052056910615165,0.8959810874704491,기존 강세,⑤ 성숙·정체
회현동,11140540,2022,162610230265.29697,825241499067,0.1970456290057401,0.5363460032213732,0.1725961104319549,1.111368039608102,0.1658076751977434,0.1705968165757136,-1.1959480010204953,0.1843971631205673,일반,⑦ 일반
효창동,11170580,2022,9999184811.158178,45918948011,0.2177572711108897,0.3107326321714064,0.2167564707409167,0.9843103111299156,0.1746339454919356,0.2642653855025834,-2.435189555501746,0.0496453900709219,일반,⑦ 일반
후암동,11170510,2022,26438958992.180912,84817765166,0.3117148741237905,0.5013123434316166,0.2856346001994353,1.090084767772376,0.240618648039798,0.4237180652032366,0.8325166299984552,0.7423167848699763,기존 강세,⑤ 성숙·정체
휘경1동,11230720,2022,24204346064.94892,73724024153,0.3283101586359077,0.5309953332275746,0.4027305359563963,1.1387484516279074,0.2567791210733803,0.432293037515955,1.4218481484796828,0.8416075650118203,일반,⑦ 일반
휘경2동,11230730,2022,15597679561.603329,60556080012,0.2575741289481161,0.2984536714301612,0.3051190848274619,0.7335953984975162,0.2266232469849521,0.2713305076673397,-3.044320762193785,0.0378250591016548,일반,⑦ 일반
흑석동,11590605,2022,51728241944.176254,212019765869,0.2439783938641712,0.4165723559263384,0.2892043138085803,1.055401519185577,0.1871518644187018,0.3355110498846223,-0.8994327110646763,0.2458628841607565,일반,⑦ 일반
가락1동,11710631,2023,393011830627.6413,1822931062148,0.2155933588429541,0.0337813143824746,0.1562583002345449,1.0631247679991656,0.1887055848824367,0.1558981151811253,-4.35698108390322,0.0094562647754137,일반,⑦ 일반
가락2동,11710632,2023,56356181908.20543,228907071309,0.2461967714056794,0.2808647316718879,0.2086071702937494,1.1850354491638715,0.1876591262749298,0.3279257574864122,-1.2303280403589434,0.1678486997635933,일반,⑦ 일반
가락본동,11710620,2023,91548862371.18898,302142522362,0.3029989345938648,0.5435596785156622,0.2580606104875965,1.0864695604325965,0.233721089653157,0.4205769590873778,1.052537222922968,0.7966903073286052,신흥 성장,② 라이징스타
가리봉동,11530595,2023,27798772968.41864,76911275880,0.3614394983096025,0.2625978802576588,0.2279666356771404,1.0916847551033415,0.298092795128911,0.4315392393539889,0.0125239825058716,0.5484633569739953,일반,⑦ 일반
가산동,11545510,2023,1253820509817.783,3057852149198,0.4100330717908089,0.807399929883639,0.3084523282760348,1.1185063502334236,0.3685996037079873,0.3106363242186612,3.286457339725694,0.966903073286052,기존 강세,① 레전드
가양1동,11500603,2023,114276036240.20168,431858109362,0.2646147745356129,0.5607058302985912,0.3708688263527442,0.955392461636988,0.1906974859327407,0.4611352784973849,0.5397990246903641,0.6643026004728132,쇠퇴,⑦ 일반
가양2동,11500604,2023,22292293353.147003,93781269846,0.2377051770545824,0.1682218592785762,0.3474392719943507,1.1275919356427364,0.1920515186089496,0.269426956070138,-2.492757081115615,0.0591016548463357,일반,⑦ 일반
가양3동,11500605,2023,6125307141.720165,45175936842,0.1355878277221575,0.2151600940782987,0.2571836274836981,1.2102867366085437,0.099796328137429,0.2404447814771451,-2.9311137274743384,0.0378250591016548,일반,⑦ 일반
가회동,11110600,2023,43216648317.41557,118124736705,0.3658560393268271,0.8944554967928892,0.43369816222271,1.0729862372204584,0.3062244935058456,0.3805541997207874,3.5475001566054,0.9716312056737588,기존 강세,⑤ 성숙·정체
갈현1동,11380551,2023,65293050019.79042,184846175385,0.3532291100088883,0.4599573375425075,0.3521104044345927,1.203501082101463,0.2821503029985453,0.4366737553042718,1.5355347866174982,0.8557919621749409,기존 강세,⑤ 성숙·정체
갈현2동,11380552,2023,70096684568.06581,226539112827,0.3094242035881733,0.3877574732495842,0.2501412527260775,1.068053827167481,0.2471248652401698,0.3883372655528246,-0.0671781124538952,0.5153664302600472,일반,⑦ 일반
강일동,11740515,2023,17393985848.27184,62640039755,0.2776815901826344,0.3787430644487464,0.2029677352493245,1.1535001867867356,0.2105742009518301,0.3939164365717124,-0.0954447650128094,0.4988179669030733,일반,⑦ 일반
개봉1동,11530740,2023,39863101926.1089,123470018810,0.3228565307619467,0.2871859325668794,0.2024149568443724,1.097948565630484,0.2589025803680446,0.4079860306939561,-0.330375687740237,0.4278959810874704,일반,⑦ 일반
개봉2동,11530750,2023,34562302981.5955,106670795298,0.324009049384518,0.3816372651977713,0.2462195193879129,1.1510148233346953,0.2534250930770631,0.4378101159978472,0.6008303452748602,0.6950354609929078,일반,④ 잠재 후보
개봉3동,11530760,2023,24381528594.99412,76635563504,0.3181490091571065,0.2921959314989732,0.1784219368111818,1.1815257795870595,0.2535827548783623,0.3871923463504151,-0.1714162709293495,0.475177304964539,일반,⑦ 일반
개포1동,11680660,2023,45282245.31283732,147290578,0.3074347723235719,0.2982756303665262,0.0518806301377946,1.4919427241185037,0.239200364873305,0.3352097647413672,0.5614218655131273,0.6761229314420804,일반,⑦ 일반
개포2동,11680670,2023,31735265720.70933,104228202261,0.3044786826624947,0.4350690294690777,0.1858792867355181,1.067727526718017,0.2428586505753394,0.3888738750142108,0.1862746491470995,0.5721040189125296,일반,⑦ 일반
개포4동,11680690,2023,59760103724.18921,231554783302,0.2580819228694078,0.3322878853063858,0.18412956197667,1.1446521008746693,0.1947205865110304,0.3512837575068026,-0.8461725932192876,0.2647754137115839,일반,⑦ 일반
거여1동,11710531,2023,19123297691.809647,73395219161,0.260552361726187,0.3218669718279527,0.2585298303882259,1.1542685094436285,0.2090594716304535,0.3681168472667571,-0.6289520658113825,0.3380614657210402,기존 강세,⑤ 성숙·정체
거여2동,11710532,2023,30900981563.6788,107024997375,0.2887267677793653,0.3482949418946435,0.2154897484200942,1.128588550764125,0.2256312281549355,0.3747045869152024,-0.3681893407386669,0.4184397163120567,일반,④ 잠재 후보
고덕1동,11740550,2023,8886340567.592165,34575263945,0.2570143956595084,0.3920561034201528,0.1952160288562621,1.1366378581949927,0.1791569305401003,0.4330487544453075,-0.1018399685436642,0.4940898345153664,일반,⑦ 일반
고덕2동,11740560,2023,28636091042.207664,94852558768,0.3019010916958889,0.3280820818773592,0.2227329273180077,1.1103657750533056,0.2435598980677568,0.355832420467993,-0.5242180197448532,0.3617021276595745,일반,④ 잠재 후보
고척1동,11530720,2023,61503906243.26128,211722960945,0.2904923772497134,0.2596221863639967,0.190321546567959,1.0572006639367255,0.2449913826279546,0.2902253636296084,-1.5744538223308289,0.1229314420803782,일반,⑦ 일반
고척2동,11530730,2023,34107212552.42566,111441670018,0.3060543919246425,0.2712427524113523,0.1482379029166712,1.1356928364219276,0.249494637540061,0.3498040413133034,-0.7629885147502576,0.2955082742316784,일반,⑦ 일반
공덕동,11440565,2023,52866842200.86309,188992562426,0.2797297497967048,0.5264062638388431,0.2597070957446715,1.1050924869826635,0.2076706573962011,0.4174435525413378,0.7583672993226024,0.7399527186761229,일반,⑦ 일반
공릉1동,11350595,2023,83395255423.29439,259846549163,0.3209403999857666,0.475993566727773,0.2499213727339623,1.1380526679254093,0.25659324488537,0.4062677449788966,0.9468676479420388,0.7754137115839244,신흥 성장,② 라이징스타
공릉2동,11350600,2023,47739518518.87437,165020421908,0.2892946095210535,0.4931056927146006,0.2985827550572474,1.1094519907760574,0.2211368825147265,0.4143670824822019,0.6732582023049353,0.7139479905437353,기존 강세,⑤ 성숙·정체
공항동,11500620,2023,42539025073.99667,164913148098,0.2579480506230938,0.4384661734189339,0.2273953044042022,0.96665056214485,0.2042102391556275,0.3321122736705808,-0.9123989412777646,0.2529550827423167,일반,⑦ 일반
광장동,11215810,2023,49220043200.65045,157704848733,0.3121022821814551,0.4846736807338617,0.1945080880673089,1.136126879767528,0.2566869980043253,0.3432761727361645,0.5693964371337721,0.6784869976359338,일반,⑦ 일반
광희동,11140590,2023,194606408197.4618,651041199805,0.2989156573435757,0.3186154769485095,0.2720772950407056,1.133689216713213,0.2526602506681125,0.2776750632481425,-0.9368913428794384,0.2458628841607565,일반,⑦ 일반
교남동,11110580,2023,6516005857.050631,39923892907,0.1632106836933268,0.4365514687557971,0.1924373689183235,0.9767124075880016,0.1209563038666829,0.2407833938036267,-2.2633255797978262,0.0732860520094562,일반,⑦ 일반
구로1동,11530520,2023,12094619851.458063,48925684904,0.2472038945431145,0.1887590247969112,0.1519976114303105,0.9000619651179207,0.1955799890338925,0.3366258147702189,-2.744886955087917,0.0496453900709219,일반,⑦ 일반
구로2동,11530530,2023,66962329902.9554,741411030632,0.090317417918472,0.1035365106971296,0.09474307971534,0.9666228271182192,0.0657235093918993,0.1363706797359269,-5.552710146394373,0.0047281323877068,일반,⑦ 일반
구로3동,11530540,2023,126311390281.32202,614033329054,0.2057077104852297,0.5294145027320034,0.4080487843665003,0.9339204296883648,0.1417824305760832,0.3644589898414442,-0.8325031840925642,0.2695035460992908,일반,⑦ 일반
구로4동,11530550,2023,66495816594.97985,213753452083,0.3110865155485754,0.3311043911305738,0.1890905994833032,1.0753939646735078,0.2573509139428535,0.3473085242580007,-0.569469205723849,0.3522458628841607,일반,⑦ 일반
구로5동,11530560,2023,127044288153.02142,391605627582,0.3244189541847661,0.4317780437657122,0.3268695772794958,1.176931655235446,0.2504722657195759,0.4142574502559488,0.8209481479281101,0.7541371158392435,쇠퇴,⑦ 일반
구산동,11380560,2023,17525169004.46178,64838306461,0.2702903570592656,0.3504745779050924,0.2262373830325636,1.040694888093209,0.2195599261458631,0.3234266641219823,-1.0891331065998116,0.2080378250591016,일반,⑦ 일반
구의1동,11215850,2023,66959757834.22922,222267122731,0.3012580403772429,0.4663981697484837,0.3093109809101396,1.0820355468725766,0.2301994462893356,0.4374002568596736,0.6435951883721622,0.7092198581560284,일반,⑦ 일반
구의2동,11215860,2023,38670792919.17821,116184600066,0.332839230820701,0.4349240187795544,0.2359469747834695,1.1090393265617258,0.268057218868148,0.4117753362048225,0.7270228712854654,0.7257683215130024,신흥 성장,② 라이징스타
구의3동,11215870,2023,149816584336.67972,464286818385,0.3226811066008931,0.2231717452315841,0.220520618567507,1.097638724685828,0.2698436425027044,0.3436691205600573,-1.057125350857693,0.2174940898345153,일반,⑦ 일반
군자동,11215730,2023,51910491039.14696,180842651310,0.2870478322625459,0.4590193449647229,0.3951126743188202,1.2964048389936478,0.2200778909825639,0.3815111426382018,0.9423115483567364,0.7730496453900709,일반,③ 급성장 신흥
금호1가동,11200590,2023,6004021049.391687,22554563301,0.2661998358942062,0.5656996272428072,0.2137632934256916,1.1291326923186382,0.1982243041168425,0.4016671059908454,0.8977681702824809,0.7659574468085106,신흥 성장,② 라이징스타
금호2·3가동,11200615,2023,24175329982.23324,77558643360,0.311703878960593,0.4731432732218951,0.167517183013295,1.1518546751330867,0.2457167343108617,0.389032921604213,0.7660771820524466,0.7423167848699763,기존 강세,⑤ 성숙·정체
금호4가동,11200620,2023,16827700922.182182,64473623241,0.2610013223435709,0.2965842102362264,0.2328162792385853,1.194300914978696,0.2060648792350069,0.3171311451594925,-1.002975372739439,0.226950354609929,일반,⑦ 일반
길동,11740685,2023,130835781249.588,435729135041,0.3002686089312733,0.4218937396915227,0.2351207322075446,1.0579063647482532,0.2440602729330769,0.3515290577312148,-0.1722919890508141,0.4728132387706856,일반,④ 잠재 후보
길음1동,11290660,2023,15670325679.412935,51588316848,0.3037572581711483,0.2709463915092219,0.1704623066286553,1.083061106301676,0.2358156200335819,0.4247978385410261,-0.5845731024922346,0.342789598108747,일반,⑦ 일반
길음2동,11290685,2023,27248850219.544823,96541496366,0.2822501333130499,0.2995534277857414,0.1925538166253949,1.0772263319909412,0.2302971726863569,0.3199164453274121,-1.1881851885439794,0.1749408983451536,일반,⑦ 일반
낙성대동,11620585,2023,79615085833.79648,209811731345,0.3794596485307244,0.6597483102571935,0.5264539719438919,1.2299461275053023,0.2903196650898405,0.5274737670412792,3.547387368614213,0.9692671394799054,기존 강세,① 레전드
난곡동,11620775,2023,21301449916.56184,74530580557,0.2858081844709471,0.2694384098570386,0.2347918266464712,1.1307323152061766,0.2282406832184848,0.350936390854981,-0.9798329759265236,0.2411347517730496,일반,⑦ 일반
난향동,11620715,2023,4218966210.7134295,17550821740,0.2403856795547072,0.2141023429937702,0.14154798150209,1.1089821339475117,0.1774186913939905,0.3814484672100601,-1.661473364261996,0.1158392434988179,일반,⑦ 일반
남가좌1동,11410690,2023,20912380133.80079,74692197697,0.2799807848556681,0.2471530833633706,0.1311303451497369,1.1154460887475115,0.2260846728530288,0.3148343275879336,-1.437365136427272,0.1394799054373522,일반,⑦ 일반
남가좌2동,11410700,2023,31604807064.83724,110310700501,0.2865071740211706,0.4009528897298503,0.2623037105247799,1.0528829663168036,0.2283301948732677,0.3635154518634979,-0.3830511541429789,0.4042553191489361,일반,⑦ 일반
남영동,11170530,2023,71037460677.77289,244882531923,0.2900879050863034,0.7282794458654058,0.3903115883539377,1.0338285268865,0.2001168199102457,0.5152501608798877,2.315636033738801,0.9243498817966904,기존 강세,① 레전드
남현동,11620630,2023,41673593955.7419,115063732107,0.3621783614404998,0.5805005421854946,0.4225026241004613,1.2348007815718276,0.2769900644397842,0.4975674591343889,2.7563544506148667,0.9479905437352246,기존 강세,① 레전드
내곡동,11650660,2023,7591447067.786221,25161478266,0.301709104192194,0.7484250708928518,0.1842848415733063,1.0737722033783963,0.2639736243547782,0.2497634786622198,1.3872352256388183,0.8392434988179669,기존 강세,⑤ 성숙·정체
노량진1동,11590510,2023,715592375946.7217,1559439555936,0.4588779175331434,0.0656572606859037,0.2468055421346485,1.2728103482114397,0.405241033124682,0.3563847476822683,-0.0334084204307014,0.5271867612293144,쇠퇴,⑦ 일반
노량진2동,11590520,2023,1614599908076.5977,3243621839735,0.4977768642131564,0.0291162546234784,0.2543801821597091,1.3622937151575287,0.4386743024939827,0.386719006514175,0.5923012570317217,0.6879432624113475,기존 강세,⑤ 성숙·정체
녹번동,11380510,2023,51478842803.20211,187362439095,0.2747554048285011,0.3890818408541171,0.1652943126305963,1.0356945741663204,0.2219928372992128,0.3134495605184895,-0.9162633931167794,0.2505910165484633,일반,⑦ 일반
논현1동,11680521,2023,281459277418.4656,1059974792312,0.265533934825517,0.3212578830183799,0.3807299979792465,1.1293216158464194,0.2085028443506108,0.3239182101379044,-1.0300846917884805,0.2222222222222222,일반,⑦ 일반
논현2동,11680531,2023,207346448573.49783,780329977331,0.2657163694808891,0.5883648639045572,0.3300736770141352,1.0329071082236796,0.1960371999448532,0.413288892326126,0.7300493560410981,0.7281323877068558,신흥 성장,⑤ 성숙·정체
능동,11215780,2023,40186739399.89789,107612262272,0.3734401503271269,0.5790935135578376,0.3922796631605043,1.1167781357427295,0.2988352545058184,0.4859523533556144,2.4218679940447534,0.9361702127659576,기존 강세,① 레전드
다산동,11140625,2023,45051276635.93203,169057613497,0.2664847545403891,0.5273780229281548,0.3138618885386169,1.0838446819102068,0.1960773928267255,0.4035965747925975,0.4843345074365095,0.6453900709219859,일반,⑦ 일반
답십리1동,11230600,2023,35801314714.66327,146857731684,0.2437822939530243,0.4217321530627162,0.1874434641563995,1.2240449758205048,0.194030334564295,0.2713560755231363,-0.5411827579038613,0.359338061465721,일반,⑦ 일반
답십리2동,11230610,2023,36405838661.37988,122865873701,0.2963055368000331,0.4438048219206713,0.2216841029453267,1.1277356103286784,0.2312148190972314,0.3868054753076093,0.3469071045084727,0.6146572104018913,쇠퇴,⑦ 일반
당산1동,11560550,2023,139741116260.94177,544637151272,0.2565765407934005,0.2370578367495908,0.1962580443702009,0.97463184827684,0.2089115716936762,0.2893941430471473,-2.361922853487493,0.0614657210401891,일반,⑦ 일반
당산2동,11560560,2023,66121513518.20941,238777586184,0.2769167515884708,0.5388610395192184,0.3686455538802927,1.0996178497131348,0.1989959522556893,0.4471760383686918,0.9348116516792792,0.7683215130023641,기존 강세,⑤ 성숙·정체
대림1동,11560700,2023,30496100130.82821,120555154430,0.2529638842488123,0.3244575214053748,0.198024148165823,0.983544901139235,0.2085389506642598,0.285304572041101,-1.8230986773312687,0.1016548463356974,일반,⑦ 일반
대림2동,11560710,2023,60173744493.24385,160756248292,0.3743166759150996,0.5127240670501626,0.2082067062127728,1.1019467074524345,0.323169764099212,0.3606390382269521,1.337403966803719,0.8297872340425532,기존 강세,⑤ 성숙·정체
대림3동,11560720,2023,74824999998.22855,509271000162,0.146925703553563,0.1720348887628204,0.1617911628009249,1.3014174415667892,0.1080643453043538,0.1917625234854026,-3.102121023104246,0.0330969267139479,일반,⑦ 일반
대방동,11590660,2023,68479919819.37285,225119456790,0.3041936969635349,0.3853493853573188,0.257626131294824,1.0936414554181453,0.2327233720045438,0.4401673517426578,0.2323308071974547,0.5886524822695035,일반,④ 잠재 후보
대조동,11380570,2023,81729524858.46542,259452130961,0.3150081078761721,0.3874248724290091,0.2521921373921399,1.0967161368881235,0.2581496089969206,0.3545604845035089,-0.0870610465383221,0.5035460992907801,일반,④ 잠재 후보
대치1동,11680600,2023,166138711268.85785,499497126129,0.3326119462516205,0.1585790119071542,0.0898040747333855,1.0899100979538765,0.2700165410985125,0.3950217677709765,-1.135100792957619,0.1938534278959811,일반,⑦ 일반
대치2동,11680610,2023,162217802934.13824,685588656352,0.2366109786548906,0.2878189499793703,0.1520457650636504,1.2156803369695344,0.1724045464257413,0.3621930814641542,-0.9803219889352416,0.2387706855791962,일반,⑦ 일반
대치4동,11680630,2023,265557408585.7431,865558278003,0.306804770209618,0.4172295355145899,0.1891433776541532,1.0213800575211744,0.2363955923592828,0.454409548217199,0.2833069798425116,0.6028368794326241,쇠퇴,⑦ 일반
대학동,11620735,2023,45276442869.93945,133980275729,0.3379336445128645,0.5476739904716994,0.4816495572492105,1.1021346514049304,0.2693045547538769,0.4442099085269901,1.622139437659663,0.8676122931442081,기존 강세,⑤ 성숙·정체
대흥동,11440600,2023,51442859600.90808,235023239366,0.218884139881999,0.291565210652582,0.3369502987603545,1.1033273641119603,0.1671073746108941,0.3017640018975075,-1.8389737855773305,0.0992907801418439,일반,⑦ 일반
도곡1동,11680655,2023,53595340610.78062,272489207138,0.1966879392167546,0.3062909228244473,0.2191533598090614,0.9076794774041798,0.1480684245433859,0.2882246933517076,-2.7562190684764296,0.0449172576832151,일반,⑦ 일반
도곡2동,11680656,2023,71155573774.65054,277701001792,0.2562308861526778,0.4448940048388372,0.1926619509139318,1.095498962818671,0.1971327954085078,0.3400617960598243,-0.3955441921717519,0.4018912529550827,일반,④ 잠재 후보
도림동,11560585,2023,15564442263.428757,58719161631,0.2650658120978981,0.3198224545509434,0.21140607864957,0.8859689106432433,0.2050275955684651,0.3943371711692754,-1.519407696249598,0.1276595744680851,일반,⑦ 일반
도봉1동,11320521,2023,73881243640.4845,191954601953,0.3848891502928087,0.4105841080032947,0.1362643832285116,1.1864860628232394,0.3391757074724432,0.3173400175314108,0.8865938542161903,0.7612293144208038,일반,④ 잠재 후보
도봉2동,11320522,2023,12857340738.695543,48173244534,0.266897960954675,0.4647005532334485,0.1822666162293248,0.9844285388105803,0.2100539355172178,0.340308013786149,-0.5753883962192954,0.3475177304964539,일반,④ 잠재 후보
도화동,11440585,2023,57296207852.55516,220329490421,0.2600478390027364,0.6036333134292208,0.258664878991469,0.7934598316198762,0.1757461009101001,0.5271364892011302,0.4965131321970286,0.6501182033096927,기존 강세,⑤ 성숙·정체
독산1동,11545610,2023,195438986332.7552,871037364452,0.2243749743797875,0.108357122539031,0.1618441585633822,1.16135280419967,0.2004120128656315,0.1313680157739153,-3.585125845314644,0.0189125295508274,일반,⑦ 일반
독산2동,11545620,2023,27899518331.85332,85600852725,0.3259257056875694,0.3153226636972149,0.2070881884079969,1.1781147382241166,0.2638337873987574,0.3860435854203694,0.0435868148869491,0.5555555555555556,일반,③ 급성장 신흥
독산3동,11545630,2023,53255698830.94285,158454033040,0.3360955717517081,0.3547845239685923,0.1829608021821796,1.0741392830774923,0.2770433647777098,0.3797816573201941,-0.0300048646771161,0.5295508274231678,일반,③ 급성장 신흥
독산4동,11545640,2023,27646171376.21965,73566423444,0.3757987690847086,0.5007629442804532,0.30129961504616,1.127447552954742,0.292695703759351,0.5252543807218554,2.190469271711739,0.9148936170212766,기존 강세,⑤ 성숙·정체
돈암1동,11290580,2023,9947073257.728798,40075866703,0.2482060670439394,0.0733986588686753,0.1117316894774681,1.016828821999779,0.1839818792352669,0.3887061396437343,-2.764877850963796,0.0425531914893617,일반,⑦ 일반
돈암2동,11290590,2023,7690720094.221647,30964501531,0.2483721588904672,0.2347210537112521,0.1678755012993139,0.9932034183858538,0.1944297490457799,0.3439406593817711,-2.0710269835132458,0.0827423167848699,일반,⑦ 일반
동선동,11290575,2023,104825086889.45567,289157898100,0.3625184979495315,0.5685093663848292,0.4593431299776072,1.1679597517063096,0.2843127086142005,0.4958951378855662,2.485085589775987,0.9385342789598108,기존 강세,⑤ 성숙·정체
동화동,11140665,2023,19765015143.737766,59961743724,0.3296270908116822,0.517617742953949,0.3146680768799584,1.2036905558283102,0.2596044955038473,0.423347010067682,1.59367635934165,0.8628841607565012,신흥 성장,② 라이징스타
둔촌2동,11740700,2023,33011159756.38355,113261687828,0.291459189682168,0.5461748479763261,0.1919362227147191,1.162893759742471,0.2356377155135608,0.3370331078940806,0.8133044472141157,0.75177304964539,쇠퇴,⑦ 일반
등촌1동,11500520,2023,74219112749.21701,303291238008,0.2447123538308723,0.4387725034261946,0.3203506098598113,1.0650074183555978,0.1922586356334565,0.3192077941250856,-0.7338115149515476,0.3002364066193853,일반,⑦ 일반
등촌2동,11500530,2023,10055859003.080185,38189417427,0.2633153287112117,0.3982653853537665,0.2351903652410748,1.116268708547682,0.2032970754487335,0.3646451275571065,-0.3807077511565462,0.408983451536643,쇠퇴,⑦ 일반
등촌3동,11500535,2023,67389233012.84359,280923671828,0.2398844945117466,0.3372014082102652,0.2296690416587715,1.0312959314255676,0.1830481733468309,0.3350030004221948,-1.4624957033141202,0.1347517730496454,일반,⑦ 일반
마장동,11200540,2023,34230389634.122726,111074480357,0.3081751048855166,0.5846722184634312,0.2237386897523651,1.0691408495320764,0.2347531955152354,0.4402030759797165,1.3805676746464328,0.8368794326241135,기존 강세,⑤ 성숙·정체
마천1동,11710540,2023,25953755737.551186,149214674307,0.1739356793029144,0.1049480412682532,0.0740851077371644,1.799585295721771,0.1025828463191701,0.2545436102273367,-1.2514358808592534,0.1631205673758865,일반,⑦ 일반
마천2동,11710550,2023,44065133498.52756,152067435737,0.2897736342101409,0.3104184460875637,0.1326575982966461,1.1759913378612457,0.2374496010996676,0.3076092192538922,-0.7643684904587967,0.293144208037825,일반,⑦ 일반
망우3동,11260660,2023,20421259347.708656,59396675564,0.3438114869864176,0.4856508969078302,0.2257191317812724,1.2087337084839953,0.2702769338445933,0.4353817699803007,1.595536482927442,0.8652482269503546,기존 강세,⑤ 성숙·정체
망우본동,11260655,2023,87816996608.14343,266921806355,0.3289989596854024,0.4048766256109806,0.1948323338065325,1.0904066346283512,0.2715973281313065,0.3602320670238444,0.1573505751538726,0.5697399527186762,일반,④ 잠재 후보
망원1동,11440690,2023,76502961502.11871,211683395439,0.3614027512335717,0.4319481579855366,0.3721946166047014,1.1280871180656735,0.2946543228373994,0.4176669070696085,1.0642093157749102,0.8037825059101655,기존 강세,⑤ 성숙·정체
망원2동,11440700,2023,39463545767.81013,126707200705,0.311454641474475,0.3320435391351817,0.2846348876412106,1.0312171899860487,0.2532127196756382,0.3677029389787591,-0.6317912302179283,0.3356973995271867,일반,⑦ 일반
면목2동,11260520,2023,31774906971.209057,104816143054,0.3031489811148556,0.3202151241694553,0.1813204084432748,1.1365564547017968,0.24041591181253,0.3776616149633198,-0.3548890046865582,0.4231678486997636,일반,⑦ 일반
면목3·8동,11260575,2023,50193589019.31144,159183587536,0.3153188704706128,0.4518309246217615,0.268895908218677,1.084623881223011,0.2492366036669922,0.405907403873451,0.5262668459561253,0.6595744680851063,기존 강세,⑤ 성숙·정체
면목4동,11260540,2023,13666864695.514402,50356646583,0.2714014062272412,0.3245082492350998,0.2182753356874776,0.9792284637293606,0.2138218188586642,0.355748252268405,-1.3163445747974776,0.1583924349881796,일반,⑦ 일반
면목5동,11260550,2023,7994106741.776191,30105408465,0.2655372290022237,0.38632006310498,0.2157502172591764,1.1652889132323985,0.2050680207238304,0.3877952098730974,-0.095906522103198,0.4964539007092198,일반,④ 잠재 후보
면목7동,11260570,2023,50415694595.27075,175614463348,0.2870816767259444,0.3425079263876304,0.2049469751057944,1.114918602610474,0.231701191782638,0.3336413472043746,-0.6765169932438939,0.3215130023640662,일반,⑦ 일반
면목본동,11260565,2023,77879596581.43501,225044422831,0.3460632154386678,0.4207731039134023,0.2163043001894582,1.1520272794774291,0.2769878971975722,0.4243781524046917,0.9699336494200004,0.7777777777777778,기존 강세,⑤ 성숙·정체
명동,11140550,2023,238109456229.4192,946696732778,0.2515160853367556,0.6878882959562418,0.3528560264191109,1.0297050482036898,0.1854799802759819,0.3853822821754206,1.043615580249963,0.7943262411347518,신흥 성장,② 라이징스타
명일1동,11740530,2023,75882024998.27602,243268136998,0.3119275131329668,0.3398205148119321,0.1957646000116798,1.1627653060962329,0.249728026204679,0.3748333105405813,-0.0690469524434542,0.5130023640661938,일반,④ 잠재 후보
명일2동,11740540,2023,103112434783.34706,337213391464,0.3057779951611295,0.2784201565584121,0.1739983388567886,1.1485184538678317,0.237587683897047,0.4090926267669513,-0.3800277142551322,0.4113475177304964,일반,⑦ 일반
목1동,11470510,2023,113632798273.95947,335787687005,0.3384066857468405,0.3923817044162137,0.2456094839259902,1.1413514182567073,0.2657887689808919,0.4441794230316107,0.7861633273356046,0.7470449172576832,기존 강세,⑤ 성숙·정체
목2동,11470520,2023,44050567497.53041,129845508699,0.3392536864686307,0.4245858174332416,0.3380087369578614,1.069955948503465,0.2631533834736569,0.4678566576363057,0.8482069411006672,0.7588652482269503,신흥 성장,② 라이징스타
목3동,11470530,2023,44913004600.8216,146523890637,0.3065234236244081,0.2722232943760486,0.2328456628791203,1.1103104995021704,0.2513354793262675,0.3439420208329777,-0.875872435065997,0.260047281323877,일반,⑦ 일반
목4동,11470540,2023,37488959560.79179,113739946002,0.3296024033643605,0.2629303271119377,0.1793189624130942,1.0706825812911411,0.2645991552384841,0.4114517631666283,-0.5070383677449253,0.3640661938534279,일반,⑦ 일반
목5동,11470550,2023,87415849059.78773,273434197021,0.3196961097483872,0.1554914707202284,0.0917025800144312,1.0882861589582973,0.2502841000672057,0.4329340293303123,-1.0855120355567265,0.210401891252955,일반,⑦ 일반
무악동,11110570,2023,6131595146.372467,31611134909,0.1939694719605509,0.2822510929988704,0.1629854703360596,1.071195026997401,0.1506398455072311,0.2436128028040994,-2.5603877118627527,0.0567375886524822,일반,⑦ 일반
묵1동,11260620,2023,55278311317.28027,181124619533,0.3051949064671953,0.3216096870055088,0.1987949959582372,1.0739721920830716,0.2475309605872297,0.3521797455998414,-0.6901863494145146,0.3167848699763593,쇠퇴,⑥ 쇠퇴 주의
묵2동,11260630,2023,37764585256.290825,112249182880,0.3364352798600152,0.4021277057335493,0.2211047828876632,1.1010070460789612,0.2714117123290724,0.4093447826530851,0.509778626712535,0.6572104018912529,일반,⑦ 일반
문래동,11560605,2023,107958798235.84132,539567607407,0.2000839130329911,0.3470044694728481,0.2836296729550755,0.9918121407683776,0.1497601051244124,0.2809644073845365,-2.2208593956614897,0.0756501182033096,일반,⑦ 일반
문정1동,11710641,2023,40480731565.038605,129788382914,0.3118979577075232,0.480986816403783,0.2655372540686958,1.0962835188447948,0.2429537297717471,0.4273992484270055,0.8365132937832861,0.7565011820330969,쇠퇴,⑦ 일반
문정2동,11710642,2023,127949909066.17584,530413263002,0.2412268281943269,0.3940169322202864,0.2856639941155255,1.0776733463892942,0.1922130299230763,0.2909892501055691,-1.1507066529359418,0.1914893617021276,일반,⑦ 일반
미성동,11620765,2023,30547286836.227222,108568046519,0.2813653539476856,0.3162080405950018,0.1881900546255512,1.101752129580988,0.2216117411745948,0.3694984707676353,-0.7386097200508412,0.2978723404255319,일반,⑦ 일반
미아동,11305535,2023,53100098699.61047,191482233337,0.2773108385787245,0.4023301150786911,0.2452434996637674,1.028935045102874,0.222060997158757,0.3471334967459671,-0.6331669692649609,0.3333333333333333,일반,⑦ 일반
반포1동,11650560,2023,77173943369.73569,314602959501,0.2453058403905141,0.2498873701655375,0.3431529929922889,1.129930128411486,0.1884817228262963,0.3142063236588395,-1.7141681267246516,0.1087470449172576,일반,⑦ 일반
반포2동,11650570,2023,40035941320.398575,120553057954,0.3321022460971108,0.1373990182507054,0.0969581700072683,1.3406799991747558,0.2719795527087422,0.3735776663017919,-0.4403277447054747,0.3900709219858156,일반,④ 잠재 후보
반포3동,11650580,2023,125607859305.38992,390086890545,0.3219996937859154,0.4511708783063995,0.1573819879110185,1.0807261093282066,0.2639408986986263,0.3730444160676376,0.4207255668239285,0.6288416075650118,기존 강세,⑤ 성숙·정체
반포4동,11650581,2023,116412449868.03296,445090952763,0.2615475536974568,0.3315836554547657,0.1681838786326883,1.0575102102753882,0.1999929915591844,0.3717500838061401,-0.9948860757710009,0.2293144208037825,일반,⑦ 일반
반포본동,11650550,2023,1525224322.6063836,8428391697,0.1809626767998065,0.665457529340547,0.1316916397460591,0.993445907425921,0.1475503106295654,0.2145245859472304,-0.7294773247952469,0.3049645390070922,쇠퇴,⑦ 일반
발산1동,11500611,2023,246213663357.8192,684124678596,0.3598958947996336,0.0967162470834842,0.1496705041150355,1.2400428843710285,0.3191442609935934,0.2494356664478288,-1.475799268296952,0.1323877068557919,일반,⑦ 일반
방배1동,11650600,2023,74275797546.53299,313671939681,0.2367945236735885,0.2625417040132783,0.2592410399275686,1.2759881210507833,0.1760478951357883,0.3258318052387483,-1.1181401485944416,0.1985815602836879,일반,⑦ 일반
방배2동,11650610,2023,68660680337.375336,187293491591,0.3665940538249578,0.6889158067476608,0.3458347291930805,1.2030482548931245,0.2699117198070817,0.544769848163282,3.553883058538288,0.9739952718676124,기존 강세,① 레전드
방배3동,11650620,2023,14204512061.833233,104635549231,0.1357522578724603,0.2591083706565726,0.1831353394408599,1.2993076969595998,0.0963892361451086,0.1776101557317967,-2.778359009099048,0.0401891252955082,일반,⑦ 일반
방배4동,11650621,2023,57583904324.18586,247977318285,0.2322144005848339,0.3150245309097907,0.2204693395230859,1.1035139225502988,0.1748688142242202,0.3156761962359488,-1.529642476744051,0.1252955082742316,일반,⑦ 일반
방배본동,11650590,2023,66997847941.52282,214557624210,0.3122603924619716,0.3715714910879605,0.2069135658379035,1.0570613513214282,0.2538643855074032,0.3766199178683569,-0.2253435625513691,0.4539007092198581,일반,⑦ 일반
방이1동,11710561,2023,53923401947.239685,177657479876,0.3035245236219535,0.3869937490500666,0.1888326057502067,1.00520642941749,0.2329155962523026,0.4371272895360431,-0.1117148675179688,0.4893617021276595,쇠퇴,⑦ 일반
방이2동,11710562,2023,180219359050.51184,481898349950,0.3739779542079999,0.6561696063221808,0.4383706971561918,1.1585654670193073,0.2890560938099348,0.5293946167993099,3.256078629094927,0.9645390070921984,기존 강세,① 레전드
방학1동,11320690,2023,63612341249.87067,216518798740,0.2937959272823123,0.4253264604639936,0.2082603302780544,1.0719036118825722,0.2359071263568936,0.3641013354395446,-0.0881233345706333,0.5011820330969267,일반,③ 급성장 신흥
방학2동,11320700,2023,39103836733.08073,222066788241,0.1760904322651027,0.1216645972367503,0.1309787239748527,1.2142082757249104,0.1402144665108963,0.1911918184088057,-3.4512708456665555,0.0236406619385342,일반,⑦ 일반
방학3동,11320710,2023,16497922460.38521,53341533149,0.3092884940952339,0.4378526739709553,0.1711239315994636,1.1094232599535063,0.2585757816047808,0.3327925129638459,0.1276721782742872,0.5626477541371159,일반,⑦ 일반
방화1동,11500630,2023,78988164967.99707,254508508389,0.3103556948566478,0.3361007446291611,0.2368084802920675,1.1818241947881956,0.2516617046378017,0.3448146913574578,-0.2040472622230167,0.4633569739952718,일반,④ 잠재 후보
방화2동,11500640,2023,33758428412.412823,114405270729,0.2950775623998901,0.4944928648873841,0.224931068962341,1.0120345755630569,0.2342672522884581,0.3826546977341579,0.2189114689322561,0.5839243498817966,쇠퇴,⑦ 일반
방화3동,11500641,2023,14376897823.795876,49225205618,0.2920637434277923,0.4913779423839561,0.2026471060255429,1.1634967636272062,0.2297471130900579,0.3613159767583848,0.5891685013100175,0.6855791962174941,쇠퇴,⑥ 쇠퇴 주의
번1동,11305595,2023,75384854923.28412,247127141902,0.3050448216375137,0.3709729184476035,0.2937876004845764,1.1361465790161096,0.2404559592590792,0.379931230294539,-0.0295211107868876,0.5319148936170213,일반,④ 잠재 후보
번2동,11305603,2023,6570710909.955557,25752983050,0.2551436816930439,0.5446790400850281,0.1728125689113129,1.0501231698770437,0.1990232229427107,0.3219763763639024,-0.0602172484684092,0.5177304964539007,일반,⑦ 일반
번3동,11305608,2023,15205456419.361862,58973945177,0.2578334614332709,0.2231369966263025,0.1279526245082025,1.659304947467666,0.1933222869655736,0.3116139974160508,0.1564459187879752,0.5673758865248227,일반,⑦ 일반
보광동,11170700,2023,21185500890.267696,67892080022,0.3120467200799072,0.41612199278392,0.2639042770849575,1.088978695432647,0.2505432488957187,0.3792291502875882,0.1560822234141336,0.5650118203309693,신흥 성장,② 라이징스타
보라매동,11620525,2023,33643387128.709908,109371497757,0.3076065320368776,0.4307765030947888,0.3160584887554727,1.1382150295166225,0.236147462132994,0.4284414429809791,0.6323420575818879,0.706855791962175,일반,④ 잠재 후보
보문동,11290610,2023,16599005378.972198,53644036935,0.3094287143058429,0.4698415137276059,0.2667175742261277,1.175144187166688,0.2404403566351395,0.4176341024846101,0.9784854839958808,0.7825059101654847,신흥 성장,⑤ 성숙·정체
부암동,11110550,2023,9635387236.137638,30105720758,0.3200517042455203,0.6179601051755693,0.2469638430770434,1.1876478622034838,0.2662723197175016,0.3197942310496468,1.5117817282721455,0.851063829787234,기존 강세,⑤ 성숙·정체
북가좌1동,11410710,2023,4968438023.891107,18762639160,0.2648048593549302,0.2704862874418782,0.1413913615444705,0.8114939810681122,0.2066397978417445,0.4563116565846699,-1.672259890837246,0.1134751773049645,일반,⑦ 일반
북가좌2동,11410720,2023,58042454915.03105,181371931462,0.320018949167952,0.3023744038392745,0.2607083474374695,1.4647707311452962,0.2496711148080126,0.3940042404850949,0.9753535113085814,0.7801418439716312,일반,⑦ 일반
북아현동,11410555,2023,18808752086.903984,56842157923,0.3308944060917401,0.3117174934491798,0.2088434883679284,1.1394287898753035,0.2687360711514978,0.3826935128231303,-0.102928921865221,0.491725768321513,일반,⑦ 일반
불광1동,11380520,2023,56898401726.03727,194653602936,0.292305926362662,0.3983084104099103,0.2239338244529271,1.0775889893285788,0.2324677036719322,0.3733057667003038,-0.2017436925333255,0.4657210401891253,일반,④ 잠재 후보
불광2동,11380530,2023,36853521540.00282,120392120944,0.306112403793809,0.3306606995695092,0.1877114313694318,1.163593479147388,0.2481960547891583,0.3498017484349237,-0.3046946405069223,0.4326241134751773,일반,⑦ 일반
사근동,11200550,2023,51847689380.86604,166455922418,0.3114799919865116,0.6818656020479714,0.594914137115085,1.077546918808761,0.2289378087509797,0.4950702731084607,2.3247777662183795,0.9267139479905436,기존 강세,⑤ 성숙·정체
사당1동,11590620,2023,90770019458.80994,260328573751,0.3486748233239658,0.5866356952390186,0.4052943619163308,1.2570068452596466,0.256253076820553,0.5195453917838724,2.836366011212569,0.9527186761229316,기존 강세,① 레전드
사당2동,11590630,2023,108413893259.80206,310059905557,0.3496546677489449,0.4665253140619565,0.2786264915929876,1.224864091520687,0.2725177204779432,0.4610046077973881,1.732517304889608,0.8770685579196218,기존 강세,① 레전드
사당3동,11590640,2023,15716138354.08926,56524786949,0.2780397627729103,0.4357582405790166,0.241599863000308,1.2631208354521408,0.2088840976022269,0.3941119085349177,0.6558074250691694,0.7115839243498818,기존 강세,⑤ 성숙·정체
사당4동,11590650,2023,24754308184.71063,85551956224,0.2893482426035545,0.1682995589522336,0.2190617793230836,1.366971466433767,0.2316428671614708,0.3305307881325484,-0.8103447426809001,0.2765957446808511,일반,④ 잠재 후보
사당5동,11590651,2023,5902988725.444452,21171409004,0.2788188884513627,0.3110268448243521,0.2260091684543038,1.0634437923638882,0.2131867972579081,0.3991895908488302,-0.792839915703587,0.2789598108747045,일반,⑦ 일반
사직동,11110530,2023,110492395327.28989,406826216993,0.2715960543152287,0.7926809783907037,0.3250667419014332,1.0533289861376147,0.1992930334929596,0.4170664625085346,2.115714855473221,0.9101654846335696,기존 강세,⑤ 성숙·정체
삼각산동,11305575,2023,15319824175.818369,52999913363,0.2890537588409221,0.3110610247244151,0.1866297234535726,1.162690189492025,0.2254876758976561,0.3789140445089825,-0.4401476646352638,0.392434988179669,일반,⑦ 일반
삼선동,11290555,2023,72271462842.86713,235246192750,0.3072162911459791,0.3652756896615067,0.2388889182267116,1.1810516665709312,0.2395628354967287,0.3960549711935773,0.2062742257349407,0.5815602836879432,일반,④ 잠재 후보
삼성1동,11680580,2023,381816026134.9041,1161204830032,0.3288102290483774,0.7126572639059682,0.3524732968064909,1.036416908475413,0.2605762714375392,0.4216680942263275,2.152904307515293,0.9125295508274232,신흥 성장,① 레전드
삼성2동,11680590,2023,83009929448.05869,367071435522,0.2261410761368915,0.4938207197305494,0.2926612806094018,1.0008032960321906,0.1624035298557768,0.3696875902316481,-0.573095572194447,0.3498817966903073,일반,④ 잠재 후보
삼성동,11620745,2023,17417175631.361355,52155260184,0.3339485906103203,0.2179731202354843,0.1604559357095738,1.0548736153290856,0.2871117126857664,0.3050319483955045,-1.3533314497081086,0.1536643026004728,일반,⑦ 일반
삼양동,11305534,2023,21994361782.699574,75957775179,0.289560373916538,0.2178475174925186,0.1956753107891077,1.1233178601445737,0.2296986947667165,0.3692462282617536,-1.1876650825183093,0.1773049645390071,일반,⑦ 일반
삼전동,11710610,2023,83373007968.4574,292035727782,0.2854890687576898,0.3112371419768532,0.2503299408474155,1.138145458143626,0.2230861126712303,0.3887937909492945,-0.4876067022392238,0.3711583924349881,일반,④ 잠재 후보
삼청동,11110540,2023,72280111615.55757,159263102866,0.453840910511283,0.9149741917348336,0.4446402184602782,1.1577282924653398,0.4111764451060434,0.3114363557372888,4.490114281411459,0.9952718676122932,기존 강세,⑤ 성숙·정체
상계10동,11350720,2023,5641702641.003278,19099008143,0.2953924412598894,0.2745158281385209,0.2780630127091935,1.0774950078640162,0.2343543532987329,0.3645305061326817,-1.0030811648261009,0.2245862884160756,일반,⑦ 일반
상계1동,11350630,2023,72072256048.23682,200454545666,0.3595441341017257,0.491314451557008,0.2178064866074295,1.098667850999207,0.2946236879477121,0.4259983585020988,1.3725222999998288,0.83451536643026,기존 강세,⑤ 성숙·정체
상계2동,11350640,2023,132999865462.646,364193177082,0.3651904369221623,0.5722726496358103,0.3656214878951975,1.243738921454939,0.2890176288785898,0.4570451253004179,2.576993906794752,0.9432624113475178,기존 강세,⑤ 성숙·정체
상계3·4동,11350665,2023,18994287803.12461,59297677223,0.3203209416060775,0.3769677418043913,0.1562427881813626,1.1619441390592025,0.2547151554216621,0.4019727853817961,0.3840896697301845,0.6217494089834515,일반,④ 잠재 후보
상계5동,11350670,2023,29612408191.45169,94883319968,0.3120928757703531,0.3180858273317032,0.1817442600640008,1.0812826200773775,0.2467415228714143,0.4027196638448889,-0.3509046968942663,0.425531914893617,일반,④ 잠재 후보
상계6·7동,11350695,2023,114583206880.22015,402563163295,0.2846341079555088,0.2675534204133619,0.3098029200466316,1.1312841659385104,0.2302414338916518,0.3223424860284818,-1.1635649554561494,0.1843971631205673,일반,⑦ 일반
상계8동,11350700,2023,13881475137.856804,49610392965,0.2798098202457325,0.2980101668299696,0.2305553886474843,1.399897929994336,0.2132098984271772,0.3697582468242398,0.2054195134087688,0.5791962174940898,일반,④ 잠재 후보
상계9동,11350710,2023,19354111728.613186,69879866557,0.2769626314730626,0.2013720464895535,0.190196594768234,1.2066915540247949,0.2150038729788469,0.3614766910637391,-1.1593502578770818,0.1867612293144208,일반,⑦ 일반
상도1동,11590530,2023,63682455574.0464,238265714154,0.2672749446984473,0.3878666926844058,0.2845655368576316,1.2149400880521226,0.2010793436483848,0.3776696119771512,-0.0028217121618647,0.5460992907801419,일반,⑦ 일반
상도2동,11590540,2023,30304273975.76057,105674497434,0.2867699843539582,0.3239771304839419,0.238947561503858,1.1426198439026094,0.2245442386685578,0.3749334930004811,-0.4725098290008055,0.3782505910165484,일반,⑦ 일반
상도3동,11590550,2023,46485687471.86061,151498562349,0.3068391326696141,0.2983882338623287,0.2058589572629423,1.1308666347131011,0.2500727617251219,0.3437245894257407,-0.6504776931700769,0.3309692671394799,일반,⑦ 일반
상도4동,11590560,2023,27666363878.898502,90028737017,0.3073059202604864,0.3240608118215738,0.2090335148036835,1.0556622707966763,0.2466239550245761,0.3971656863657676,-0.4499187955339283,0.3853427895981087,일반,④ 잠재 후보
상봉1동,11260580,2023,17678827393.853226,53473121272,0.330611473078725,0.459440475842661,0.2494276518506499,1.152669920479937,0.2675917596658523,0.4149702303916036,1.0601064363272217,0.8014184397163121,기존 강세,⑤ 성숙·정체
상봉2동,11260590,2023,102070303056.5062,282327000153,0.361532205567274,0.5529805391244691,0.4014620486371346,1.1342265569915404,0.2854925427122437,0.4630224384814685,2.051313747572463,0.8959810874704491,기존 강세,⑤ 성숙·정체
상암동,11440740,2023,71939963073.40694,333094162957,0.2159748535812495,0.6569563867327484,0.3317481827571538,0.9569935334590854,0.1496416886039356,0.3887589780902784,0.2727715224008711,0.6004728132387707,일반,④ 잠재 후보
상일동,11740520,2023,21118921356.248985,69685308007,0.3030613189530217,0.6072034416314781,0.2058398847653672,1.1811207825716952,0.2205120773299361,0.4721339660677838,2.028127320040218,0.8912529550827423,기존 강세,⑤ 성숙·정체
서강동,11440655,2023,56944285394.75061,149541088326,0.3807935734064734,0.6536960190626344,0.5293762190657818,1.1661613513460551,0.3039326180702789,0.4804785544984398,3.076466237714468,0.9574468085106383,기존 강세,⑤ 성숙·정체
서교동,11440660,2023,588979987508.9741,1436509209811,0.410007804674267,0.6704637320576021,0.5850837689788155,1.2110687211204805,0.3328754772556686,0.4871210222495308,3.6593428801321326,0.9810874704491724,기존 강세,① 레전드
서림동,11620665,2023,19789413104.23899,60079220865,0.3293886441820951,0.4270589766410747,0.3379488524430617,1.080517615598773,0.2624076292105224,0.4380444945705272,0.6958152034331337,0.7186761229314421,신흥 성장,② 라이징스타
서빙고동,11170690,2023,4716716803.652006,15247656705,0.3093404380035198,0.4568260574568071,0.2107233321921776,1.3017850214386193,0.2514130118592541,0.3187218593009371,0.8132642042234275,0.7494089834515366,일반,③ 급성장 신흥
서원동,11620645,2023,101342109082.32388,243404659319,0.4163523794731779,0.7029714168936763,0.5812766008171305,1.2182661707722504,0.3398717667215273,0.5029864826315724,4.056903697641391,0.9858156028368794,기존 강세,⑤ 성숙·정체
서초1동,11650510,2023,59902967307.96968,277719323934,0.2156960720608898,0.4747990647360813,0.2389685395092346,1.0827532514273397,0.1557171756808587,0.3357950393403754,-0.6684146989358339,0.3238770685579196,일반,⑦ 일반
서초2동,11650520,2023,123890121779.28214,553077747106,0.2240012772662466,0.47965751673816,0.335474281628329,1.1264436954481984,0.1555698272317392,0.3686261385850435,-0.2531399761517851,0.442080378250591,일반,④ 잠재 후보
서초3동,11650530,2023,169198836074.4528,795262320533,0.2127585221956102,0.5759037097030365,0.2352835083807238,0.9873185840383644,0.1552653283362445,0.3495613031995327,-0.3217773808197479,0.4302600472813239,일반,④ 잠재 후보
서초4동,11650531,2023,222380210142.2608,813544279433,0.2733473957892602,0.3565281604022235,0.4363274746844728,1.2873519559124869,0.2184972398034535,0.3000474415014348,-0.2836857809432016,0.4373522458628842,일반,⑦ 일반
석관동,11290810,2023,57911463567.22308,165027396525,0.3509203004269056,0.5530368315855608,0.2472318209953654,1.0517387979533974,0.2764353715298969,0.4629173744277488,1.6551701717203278,0.8699763593380615,기존 강세,⑤ 성숙·정체
석촌동,11710600,2023,109625157071.19446,350492880504,0.3127742763663451,0.434509577364331,0.2757088536378905,0.9636386397851064,0.2492176052574715,0.4112157703396065,-0.0032470287489431,0.5437352245862884,일반,③ 급성장 신흥
성내1동,11740640,2023,62321415927.002174,189094606992,0.3295779658572642,0.4368808619512615,0.2083538610314086,1.393306316139065,0.2695808725637355,0.3350542913351327,1.3144089720652217,0.8250591016548463,신흥 성장,② 라이징스타
성내2동,11740650,2023,59529723269.63664,189259477597,0.3145402493205458,0.4552145583771052,0.3148989368918383,1.30188558972304,0.240418720741102,0.4003008042076562,1.2525484074291375,0.8203309692671394,일반,④ 잠재 후보
성내3동,11740660,2023,92122191498.47565,289908226376,0.3177632889209451,0.3815128718374178,0.204391194547025,1.2146367434009355,0.2508326769958122,0.3915753953141283,0.5062398562539656,0.6548463356973995,일반,③ 급성장 신흥
성북동,11290525,2023,33691703362.552044,105132006389,0.3204704686971257,0.5589648854751488,0.1809291085116227,1.0804055473780407,0.2647192891670325,0.3603016669523328,1.0018538221555813,0.7872340425531915,기존 강세,⑤ 성숙·정체
성산1동,11440720,2023,55792556745.88365,171420086555,0.3254726903196531,0.2612318521822251,0.3217576363392124,1.9725984359518105,0.2636613710698287,0.2920368049396473,2.090451963059896,0.9030732860520094,일반,⑦ 일반
성산2동,11440730,2023,41897028624.56239,133219622372,0.3144959269406266,0.4294358893635792,0.2563001726176369,1.1103030305089072,0.2555809571049817,0.3694285380915777,0.2987222114944498,0.6052009456264775,일반,⑦ 일반
성수1가1동,11200650,2023,26298070763.96685,83520634896,0.314869143376523,0.5020664200076413,0.2976800573529969,0.903721429347953,0.2607759710294432,0.3593546609334673,-0.059678251836495,0.5200945626477541,일반,③ 급성장 신흥
성수1가2동,11200660,2023,70929012300.01859,253345437732,0.2799695661977952,0.6293456414346985,0.3578474812358891,0.9599399180034592,0.2230092360011885,0.3537883436322831,0.550814232191007,0.6690307328605201,신흥 성장,② 라이징스타
성수2가1동,11200670,2023,115925294363.75264,333161511367,0.3479552421529661,0.6494453773522882,0.4468212363913087,1.159972259222538,0.2878204702354405,0.3668863254956024,2.1143524582890807,0.9078014184397164,신흥 성장,② 라이징스타
성수2가3동,11200690,2023,122562216908.73012,471906119718,0.2597173712898032,0.5462912139305465,0.3810661552163397,1.1773886874662245,0.2003647104544922,0.3275945898399912,0.482480546612456,0.6430260047281324,일반,③ 급성장 신흥
성현동,11620565,2023,11457775031.329315,41427173330,0.2765763171930445,0.2402496070807832,0.2136448319197934,1.0134384890977102,0.2133749851235626,0.4070371974857595,-1.361959287071538,0.1513002364066193,일반,⑦ 일반
세곡동,11680700,2023,34380259552.8224,140742914661,0.2442770183893968,0.2902865419009343,0.2262580384291562,1.127786626389508,0.1864815933662967,0.3362499023058369,-1.3443981541204129,0.1560283687943262,일반,⑦ 일반
소공동,11140520,2023,101750997640.42136,547318461417,0.1859082139801924,0.6637024018476075,0.2528351532245643,0.98267351821698,0.1255755417715299,0.3385365356145556,-0.1470535891772271,0.4822695035460992,일반,⑦ 일반
송정동,11200720,2023,7146807893.135328,27940667684,0.2557851506615173,0.4337454618144264,0.2596737950594781,1.0994269067025912,0.2036247455266788,0.3113601198579002,-0.5828861103540516,0.3451536643026004,일반,⑦ 일반
송중동,11305545,2023,109486320459.75354,304836686264,0.3591638585289379,0.5491707836307436,0.3115476315398319,1.1809641332015826,0.2878923764083841,0.4350656487983951,2.0388952956668533,0.8936170212765957,기존 강세,⑤ 성숙·정체
송천동,11305555,2023,48159435727.25715,168474305353,0.2858562653002182,0.3205229804144637,0.1908050202411924,1.1695560262974127,0.2238745434799228,0.3645681010781285,-0.4674728846010061,0.3829787234042553,일반,⑦ 일반
송파1동,11710580,2023,79569491690.78685,269595415118,0.2951440834257506,0.4143476529269126,0.3432681749557735,1.1025450878678205,0.2308627386513906,0.3874830861692399,0.0720607169960306,0.557919621749409,일반,③ 급성장 신흥
송파2동,11710590,2023,29342250062.85527,105982752039,0.2768587293530345,0.2761384872439489,0.1845759736339129,1.1223758872744618,0.2135915650092755,0.3525903778404337,-1.093420179545204,0.2056737588652482,일반,⑦ 일반
수궁동,11530790,2023,15670644248.74201,54862303126,0.2856359167560262,0.3695567298995059,0.2007070321621553,1.1016613667334043,0.2145733085423658,0.418655214970641,-0.1451599056037715,0.4846335697399527,일반,⑦ 일반
수색동,11380650,2023,5482998482.084244,22696963256,0.2415741004750844,0.3285055570607652,0.1269689022930495,1.0173498690879323,0.1903913124526759,0.307719057577171,-1.6852470258646632,0.1111111111111111,일반,④ 잠재 후보
수서동,11680750,2023,49190417848.95445,240308642112,0.20469683244279,0.4792531342103113,0.282008009871801,1.0239711877643445,0.1496458433535639,0.3249865114239275,-0.9924308009927798,0.2316784869976359,쇠퇴,⑥ 쇠퇴 주의
수유1동,11305615,2023,72558995381.45651,221978517792,0.3268739520526319,0.2719886954582409,0.1437035142017226,1.106795465310811,0.2804139145497227,0.2901774024068261,-0.9865247995622138,0.2364066193853428,일반,⑦ 일반
수유2동,11305625,2023,29836299302.35966,97784296973,0.3051236264509627,0.4032356110295231,0.1894007000133551,1.0740845270303514,0.2451775548748874,0.3769452521622927,-0.0439413900249789,0.524822695035461,쇠퇴,⑦ 일반
수유3동,11305635,2023,132541432279.3513,359236391242,0.3689532450237331,0.626865770629286,0.3829403743991194,1.1689172978727524,0.2917766543684881,0.4817163793002937,2.819426043306658,0.950354609929078,기존 강세,⑤ 성숙·정체
숭인1동,11110700,2023,3944345233.227436,13834093592,0.2851177207235592,0.4077001643433727,0.2455435475703553,1.0847507719370044,0.2199124485292841,0.3818995275595935,-0.1740565031252847,0.4704491725768321,쇠퇴,⑦ 일반
숭인2동,11110710,2023,40559633606.12383,125013749802,0.3244413808110165,0.569730494564051,0.2773096861817785,1.1597357226691762,0.2693480195844929,0.3377906021688217,1.2595189606308803,0.8226950354609929,기존 강세,② 라이징스타
시흥1동,11545670,2023,105585421024.51768,364361177128,0.2897823029796216,0.3101258994733785,0.1911848615378919,1.103312440573872,0.2344388717050165,0.3326923940785694,-0.9004440995597041,0.2553191489361702,일반,⑦ 일반
시흥2동,11545680,2023,3972669234.5377607,18055619285,0.2200239810017549,0.103258255536484,0.1300171626320376,1.5340602228633975,0.1593899271785625,0.3060648674394111,-1.4017736326865176,0.1442080378250591,일반,⑦ 일반
시흥3동,11545690,2023,13268419749.65895,47840893406,0.2773447317769965,0.3456516822473489,0.1917170310797268,1.0676631102794574,0.206717734325582,0.3928359290556849,-0.6665224237410268,0.3262411347517731,일반,④ 잠재 후보
시흥4동,11545700,2023,14646124185.935888,50067905314,0.292525203402918,0.3993870197003944,0.2207812945373822,1.1168699998682436,0.2315767314067746,0.3787181631842294,-0.0178492385044867,0.5366430260047281,일반,⑦ 일반
시흥5동,11545710,2023,37190974598.23833,120812719945,0.3078398914879949,0.327243111528309,0.1879237392001091,1.1354046237720836,0.249776798914367,0.355787963391341,-0.3777764167332612,0.4160756501182033,일반,⑦ 일반
신길1동,11560630,2023,39361914035.85481,132212179922,0.2977177598847307,0.3773926648092228,0.2423609999389175,1.1209933641859404,0.2315998932024628,0.3964521349540055,-0.017437027680686,0.5390070921985816,일반,⑦ 일반
신길3동,11560650,2023,25170938698.293983,84050628195,0.2994735344499347,0.2768778944520059,0.2074716722347752,1.127983053446637,0.2439315034556714,0.3479668474713415,-0.8209800867211254,0.2718676122931442,일반,⑦ 일반
신길4동,11560660,2023,8769437743.543495,28986929420,0.3025307584836109,0.4002679778146712,0.2382031636726564,1.0829110633073895,0.247290291121839,0.3473651219177667,-0.2085456442104513,0.4609929078014184,일반,⑦ 일반
신길5동,11560670,2023,11455116264.17642,54175641108,0.2114440370228469,0.2182531185450794,0.1648765530470296,1.170271003401936,0.1674007049574314,0.2595558657620307,-2.3162455383390874,0.0709219858156028,일반,⑦ 일반
신길6동,11560680,2023,45362505620.19028,143264801079,0.3166339901953739,0.3633605032564455,0.253236853468245,1.075015193662045,0.2475686620640479,0.4275066407290579,0.0774852730612309,0.5602836879432624,일반,⑦ 일반
신길7동,11560690,2023,11024562106.014946,36983767903,0.2980919125095599,0.4679340718714654,0.2865498076830714,1.111723300128583,0.2290827906778192,0.4351575668063428,0.7402846863506292,0.7328605200945626,쇠퇴,⑦ 일반
신내1동,11260680,2023,44276248832.94214,151343914625,0.2925538760025459,0.3657916968988934,0.1808443898508681,1.065248199613293,0.2238542402774855,0.4148166572838838,-0.2472368867970522,0.4444444444444444,일반,④ 잠재 후보
신내2동,11260690,2023,36069582494.138336,121740565435,0.2962823637729586,0.2341017348996675,0.1964420019781223,1.124120241283028,0.2287809656253877,0.4150116968035257,-0.785109997489712,0.2836879432624113,일반,⑦ 일반
신당5동,11140650,2023,38077549805.4086,112390425542,0.3387970961207823,0.5625974549706719,0.2624549113658876,1.2431251078705452,0.259054676433445,0.449762778085665,2.1919582049704904,0.91725768321513,기존 강세,⑤ 성숙·정체
신당동,11140615,2023,70323798971.55087,288941556671,0.2433841631566492,0.8145983730301656,0.2401117187791604,0.9902420077116586,0.1911782516486461,0.3255197439394154,1.319973753260801,0.8274231678486997,기존 강세,⑤ 성숙·정체
신대방1동,11590670,2023,22010819727.63436,68686783408,0.320452038012756,0.4861864297187413,0.2946338706354813,1.081057086884739,0.257994772658637,0.395406440998615,0.7328828841431629,0.7304964539007093,신흥 성장,② 라이징스타
신대방2동,11590680,2023,41589263077.05925,164314423298,0.253107805403261,0.6355475887932663,0.3024567641932923,0.9952301975181757,0.2031787158784761,0.3106922084399963,0.2508784233098815,0.5957446808510638,일반,⑦ 일반
신도림동,11530510,2023,39717378156.98437,130398857833,0.3045837886697586,0.362258989526559,0.2737274695972604,1.1893524250977023,0.2256940956698479,0.4344212705877252,0.3506830296212347,0.6170212765957447,신흥 성장,② 라이징스타
신림동,11620695,2023,102119323838.47786,287891138895,0.3547150642789424,0.5298644260413856,0.518867833102988,1.143409600134066,0.2782103799457756,0.4845725787790923,2.022855114014984,0.8888888888888888,기존 강세,⑤ 성숙·정체
신사1동,11380631,2023,28504635456.970848,98415917208,0.2896344033122903,0.4030014053232437,0.2453149875438795,1.1699985540041136,0.2243667205817096,0.3883844463717798,0.2049125200324585,0.5768321513002365,일반,⑦ 일반
신사2동,11380632,2023,12142509008.047735,45609220509,0.2662292596220028,0.1984966133375055,0.1499158683637392,0.7303804112745688,0.2224641436482744,0.3120208865484077,-3.248313847759856,0.0307328605200945,일반,⑦ 일반
신사동,11680510,2023,360321898642.467,1219317895220,0.295511039454936,0.4138262388422981,0.404912534966051,1.1922069700987428,0.2302438449919956,0.3678388747456835,0.2709582953179684,0.5981087470449172,일반,⑦ 일반
신수동,11440630,2023,15520245940.22298,68732214461,0.225807447962112,0.4169716313776256,0.2012857819654588,0.9482718452807716,0.1692651225954801,0.366160025213217,-1.2045458061428018,0.1725768321513002,일반,⑦ 일반
신원동,11620655,2023,28493060666.963287,81725045526,0.3486453936314848,0.3889239593740939,0.2272896046670352,1.19085949712645,0.2870169639922386,0.3859691248010966,0.7550345467174906,0.7375886524822695,일반,④ 잠재 후보
신월1동,11470560,2023,43455446923.87688,132419179858,0.3281658062712397,0.2902975791363626,0.1739099764527708,1.0798899731705045,0.2687598041625382,0.3677853914230969,-0.5602936934999732,0.3546099290780142,일반,⑦ 일반
신월2동,11470570,2023,19334058318.41822,63303264732,0.3054196082977817,0.2798000390814977,0.1483233817837147,1.1001689226723996,0.2446272087318101,0.3750452378643048,-0.7198071882990553,0.3073286052009456,일반,⑦ 일반
신월3동,11470580,2023,13016220965.711792,45394912694,0.2867330322552243,0.3950850871967975,0.2215362404987997,1.0647312814813612,0.2318763021961105,0.3576790765178864,-0.3809392476863796,0.4066193853427896,일반,⑦ 일반
신월4동,11470590,2023,23158205956.418224,72860488083,0.3178431350890381,0.4767903875887627,0.2038088430053318,1.2992562974647344,0.2470749502459107,0.4097812937100853,1.4996825232785187,0.8486997635933806,기존 강세,⑤ 성숙·정체
신월5동,11470600,2023,18359994624.60417,66836551296,0.2746999099832814,0.3539358959925232,0.1730470484746897,1.0042142080771777,0.2291894237355235,0.3242833147092245,-1.112336797513651,0.2009456264775413,쇠퇴,⑥ 쇠퇴 주의
신월6동,11470610,2023,22202102744.12421,80297424741,0.2764983163001463,0.2252186895075607,0.1883454393311051,1.0626060133865065,0.2262288047044255,0.3115183539656876,-1.79330125656253,0.1040189125295508,일반,⑦ 일반
신월7동,11470611,2023,18301940553.501244,64624000547,0.283206554818446,0.3182253079031127,0.1915812640382063,1.0867952466141857,0.2271285462484631,0.3461115773811117,-0.8899711944495535,0.2576832151300236,일반,⑦ 일반
신정1동,11470620,2023,43968010872.57434,141443471476,0.3108521758816899,0.3861070267372967,0.1843233758330356,1.1566441162537089,0.238949074780979,0.4285671675435766,0.4548032165709869,0.6359338061465721,신흥 성장,② 라이징스타
신정2동,11470630,2023,38479274503.39981,135985378356,0.2829662642307309,0.2821648172684369,0.1543887024238563,1.1271152440093533,0.2188509905167087,0.3943112357317211,-0.7093406910568424,0.3120567375886525,일반,⑦ 일반
신정3동,11470640,2023,42079546822.78208,147408919537,0.2854613340559762,0.2210035139076022,0.2291182189048107,1.1004871784823094,0.2228549519742892,0.3810587234302387,-1.238002477733858,0.1654846335697399,일반,⑦ 일반
신정4동,11470650,2023,101907967023.8981,337068368735,0.3023361919314867,0.4352418463488013,0.2430388515405469,1.176073537528595,0.2374410887600132,0.3957076853890806,0.5946925118172891,0.6903073286052009,신흥 성장,② 라이징스타
신정6동,11470670,2023,10795605284.682203,38643385112,0.2793648965636249,0.1414951115476179,0.1110769495881217,1.1422851152620372,0.2067239994075806,0.4545515657101526,-1.219758219836068,0.1702127659574468,일반,⑦ 일반
신정7동,11470680,2023,42871698944.00014,157762098969,0.2717490400050037,0.2756768748465116,0.1504600028975543,1.0077185072754768,0.2148601019415991,0.3620129858897377,-1.4560443731902568,0.1371158392434988,일반,⑦ 일반
신촌동,11410585,2023,167772527990.139,537128686048,0.312350712870223,0.6481315869469122,0.4966156130305103,1.0210694384494452,0.2461561448389753,0.4243236594119132,1.584855505066317,0.8605200945626478,기존 강세,⑤ 성숙·정체
쌍문1동,11320660,2023,15658352952.445206,52137585373,0.3003275437560645,0.3717039771472809,0.2309717355118681,1.0119400915431964,0.2431116028162672,0.3759415768830449,-0.4986824190662299,0.3687943262411347,일반,⑦ 일반
쌍문2동,11320670,2023,36699558600.57932,114768992309,0.319768936384583,0.315806165644601,0.1791030471249338,1.1219245416470165,0.2621131663159247,0.367909314332185,-0.3044548055671784,0.4349881796690307,일반,⑦ 일반
쌍문3동,11320680,2023,38888700681.07604,132648542931,0.2931709600557379,0.4558324827695427,0.2183909328960286,1.0371993248158795,0.232155234121333,0.3786990157451653,0.0312941814730802,0.5531914893617021,일반,④ 잠재 후보
쌍문4동,11320681,2023,15177265299.527596,58422230209,0.2597857912173562,0.1942946483965507,0.1418384014330807,1.0502350714777384,0.2059409955073322,0.3273095869259406,-2.109251962225837,0.0803782505910165,일반,⑦ 일반
아현동,11440555,2023,36559571139.88036,158402604426,0.2308015784990434,0.2124062105349919,0.2882847563427094,1.2307088803863109,0.1774749955840097,0.2851529697802495,-1.85823865921646,0.0969267139479905,일반,⑦ 일반
안암동,11290600,2023,43746586779.41484,165104871655,0.2649624226160139,0.7113396402282555,0.4710277021474239,0.9439767602754704,0.2027924682196137,0.3996293413792908,1.1167425870571193,0.8085106382978723,기존 강세,⑤ 성숙·정체
암사1동,11740570,2023,49793407787.43031,144277698145,0.3451220003342971,0.3871108339548703,0.2126263288742601,1.1056481661596431,0.2783772487459239,0.4250853438371509,0.6050790819062735,0.6973995271867612,기존 강세,⑤ 성숙·정체
암사2동,11740580,2023,31366303161.03977,100025200467,0.3135840069762023,0.4380485623965893,0.2607943067967778,1.117235864986551,0.2427204371663296,0.4210005708100832,0.6074323663841628,0.6997635933806147,기존 강세,⑤ 성숙·정체
암사3동,11740590,2023,17874644501.80314,65852064283,0.2714363580917775,0.2622789014293473,0.1964209410264327,1.1582332009283367,0.2131406002958572,0.3342831007301135,-1.1698451479454126,0.1796690307328605,일반,⑦ 일반
압구정동,11680545,2023,469080666617.0823,1431077976944,0.3277813467710418,0.5871082200993706,0.4129567409604023,1.164559362532173,0.2694874617032076,0.3481747066676421,1.455596868889964,0.8439716312056738,기존 강세,⑤ 성숙·정체
약수동,11140635,2023,29604940379.506084,103192393718,0.2868907223957733,0.4010553707969757,0.271276374598887,1.1928990006897746,0.2194312893921195,0.3820127815110831,0.1917343089837074,0.574468085106383,일반,③ 급성장 신흥
양재1동,11650651,2023,110330181226.8179,494286669182,0.2232109180880893,0.4113676674013862,0.2943800007671719,0.9719017609083858,0.1712458836631769,0.3123981368211723,-1.493246674902442,0.1300236406619385,일반,⑦ 일반
양재2동,11650652,2023,106482980088.29196,557731272616,0.1909216594379599,0.472277792892124,0.2231390496291668,1.0348658793779182,0.1435945856350435,0.2687084217351821,-1.4283279670456843,0.1418439716312056,일반,⑦ 일반
양평1동,11560610,2023,28383822202.397057,113359936705,0.250386715337193,0.374448625509225,0.2926782715867255,1.1046617468813624,0.1894595549474464,0.351364266474958,-0.7869238855774987,0.2813238770685579,일반,⑦ 일반
양평2동,11560620,2023,35177127766.58529,257442524313,0.1366407040191105,0.3317430218022739,0.1707163550166474,0.7856792787732174,0.1072548042740182,0.2245296694563257,-3.865520039561582,0.0141843971631205,일반,⑦ 일반
여의동,11560540,2023,280484257087.30725,1385800468567,0.2023987315990336,0.6843252999262138,0.2851380696375452,0.9905600756941648,0.1309307080481966,0.3959516248536116,0.4450543720712889,0.6335697399527187,일반,③ 급성장 신흥
역삼1동,11680640,2023,522127889502.3514,2164973320356,0.2411705883823523,0.5185031466348107,0.4349526413836623,1.0674598794922654,0.1747921230691073,0.367232512632195,-0.0720289894774726,0.5106382978723404,일반,④ 잠재 후보
역삼2동,11680650,2023,86201114255.7002,401691917627,0.2145950925896999,0.4462905459140115,0.2738663014851897,0.9835391737443188,0.1595445987701204,0.3249021808379737,-1.2578612499076018,0.1607565011820331,일반,⑦ 일반
역촌동,11380625,2023,45635443231.338974,155253058218,0.2939423142780192,0.522555508910381,0.2332195126949328,1.1497184442878707,0.2281448648262015,0.4119039799731669,1.054152135481644,0.7990543735224587,신흥 성장,② 라이징스타
연남동,11440710,2023,70758326666.73883,151489839050,0.4670829879447207,0.8667290790088142,0.6417190018791561,1.349563077779415,0.3778538735202386,0.5587858514131809,6.282682273828993,1.0,기존 강세,⑤ 성숙·정체
연희동,11410615,2023,77586783533.8383,260188513200,0.2981944997479554,0.5035038548581091,0.3115314727122242,1.0210541245649662,0.2399434290821721,0.3758222213016589,0.3143310656342239,0.6099290780141844,일반,③ 급성장 신흥
염리동,11440610,2023,26428005501.06015,79098984517,0.334113082012832,0.6143250897052474,0.2987875363295038,1.1202741258335691,0.2509880284333259,0.4954798954792756,2.277284584130264,0.9219858156028368,기존 강세,⑤ 성숙·정체
염창동,11500510,2023,48105817749.29174,219230654453,0.2194301607561225,0.3511142694257767,0.2731023981723131,1.1214403779170856,0.1640574881680641,0.309457968094259,-1.38119709966689,0.1489361702127659,일반,⑦ 일반
영등포동,11560535,2023,387288211280.42944,1121297207002,0.3453930045147599,0.3379531940244314,0.3428426051999559,1.1549915896780287,0.2820505399710996,0.3821532273746542,0.2352489389988162,0.5910165484633569,일반,③ 급성장 신흥
영등포본동,11560515,2023,106065482305.64948,257135860423,0.4124880992140382,0.2910062821805731,0.4208666769970295,1.1889382917494915,0.3501802571795072,0.4262713526214788,0.997007983967062,0.7848699763593381,기존 강세,⑤ 성숙·정체
오금동,11710570,2023,70484022727.96368,327236952363,0.2153913921364742,0.2902934227385894,0.1486602774739092,1.172123804317454,0.1605695942575374,0.2834209705758357,-1.7692429146377666,0.1063829787234042,일반,⑦ 일반
오류1동,11530770,2023,45530227955.58751,143278175714,0.317775039559906,0.4692104992193242,0.3280889015563223,1.0974419457318636,0.2535737959109844,0.4021407681796023,0.6958029595361486,0.7163120567375887,신흥 성장,⑤ 성숙·정체
오류2동,11530780,2023,24070362582.89667,87934347204,0.2737310658263662,0.2986120061604955,0.1914503384205961,1.1726305525609153,0.2101872905717011,0.3556444735689972,-0.7755959855032504,0.2884160756501182,일반,⑦ 일반
오륜동,11710566,2023,11089307704.05113,23628978664,0.4693096498896195,0.8949124917623651,0.3027317803159365,1.0588110066303558,0.4307068472030679,0.2949723870045643,4.059840504185779,0.9881796690307328,기존 강세,⑤ 성숙·정체
옥수동,11200645,2023,11163493177.535662,42322230512,0.2637737435499855,0.3040598489333231,0.2647082145357037,1.1192587176016378,0.1955632404500334,0.3793830906773073,-0.9186237171509768,0.2482269503546099,쇠퇴,⑥ 쇠퇴 주의
왕십리2동,11200520,2023,14381229890.247171,50524764852,0.284637245366178,0.4153343908372358,0.2488022981368194,1.1887926168080238,0.2165127736871985,0.3925185555458347,0.3077621182208615,0.607565011820331,신흥 성장,② 라이징스타
왕십리도선동,11200535,2023,46976704100.951385,169618010575,0.2769558724436264,0.511406592011905,0.2617705842350226,1.1797354913273304,0.1901485113795675,0.4705569555286596,1.1467870652387946,0.8108747044917257,기존 강세,⑤ 성숙·정체
용강동,11440590,2023,86067658735.27765,333742542622,0.2578863876900426,0.547418835344358,0.1944994784872865,1.0853108133595406,0.1868752310029555,0.3989442401348302,0.4972095641833976,0.6524822695035462,일반,④ 잠재 후보
용답동,11200790,2023,34798616612.49904,132906155019,0.2618284804607002,0.4048721245325879,0.2341655479052182,1.0594357978751912,0.2036061163016226,0.3484649429996614,-0.6618928994551034,0.3286052009456264,일반,⑦ 일반
용문동,11170590,2023,31437699322.2348,108127909237,0.2907454656625989,0.210832244291645,0.1401045907564458,1.1973723247594603,0.2332922743536059,0.3319253899502827,-1.1682729230631486,0.1820330969267139,일반,⑦ 일반
용산2가동,11170520,2023,23310716030.57352,52437441727,0.4445433503780343,0.601683827583727,0.4709273196729001,1.150839704272003,0.3678603214746033,0.5307775638808292,3.623456041141772,0.9787234042553192,기존 강세,① 레전드
용신동,11230536,2023,102856162798.04495,415451111262,0.2475770554220031,0.3802464891648235,0.2002932161433627,1.0278529130665233,0.208082897430216,0.2393394133113609,-1.6266814717646425,0.1182033096926714,일반,⑦ 일반
우이동,11305645,2023,50626863690.3188,123130425373,0.4111645317309221,0.6645169473437226,0.1870634914256595,1.1789155267272815,0.3582871620589216,0.3755783946730409,2.9823296249771705,0.9550827423167848,기존 강세,⑤ 성숙·정체
우장산동,11500615,2023,35238836630.92102,120524336770,0.2923794278840819,0.3600585093101442,0.1769054475503006,1.0507973613724777,0.2307134636887826,0.3896324251558875,-0.4440230356642957,0.3877068557919622,일반,⑦ 일반
원효로1동,11170560,2023,46435517073.126335,525798459007,0.0883142890164083,0.1567477327903366,0.1670684521953506,0.9573204380931476,0.0528331932989369,0.2032835066593016,-4.929028876608309,0.0070921985815602,일반,⑦ 일반
원효로2동,11170570,2023,14052545157.423656,203818017915,0.0689465303469103,0.09830297889736,0.1226077249432464,1.03795966131304,0.0493365818432873,0.1093790312507956,-5.646063229922925,0.0023640661938534,일반,⑦ 일반
월계1동,11350560,2023,32877290308.93918,98185612672,0.3348483491035436,0.6229025436171798,0.3093622642297993,1.120205394844343,0.2596279326805034,0.4682052560447051,2.2250298508850253,0.9196217494089834,기존 강세,⑤ 성숙·정체
월계2동,11350570,2023,5005427162.443967,19697767446,0.2541113949165042,0.2521621911527161,0.1721896986700773,1.2418667015089375,0.1860061006428433,0.3433035415581177,-1.1023597867352477,0.2033096926713948,일반,⑦ 일반
월계3동,11350580,2023,9485360027.654053,32570456829,0.2912258823219361,0.3937464377098129,0.1423786223922723,1.1437300849869658,0.2339591439569611,0.3568499045936424,-0.0760385539325862,0.508274231678487,쇠퇴,⑦ 일반
월곡1동,11290715,2023,20961818515.74491,71268008741,0.294126619868442,0.3392029790512819,0.2105246764719622,1.1013131715957534,0.2398212141455178,0.3418965016063686,-0.6184440083328667,0.3404255319148936,일반,⑦ 일반
월곡2동,11290725,2023,34896360118.20308,120563687869,0.2894433700146943,0.4989983893190857,0.2444189999647231,1.039124627350141,0.223851761405346,0.4064496306238152,0.4141900545891606,0.6264775413711584,기존 강세,⑤ 성숙·정체
위례동,11710647,2023,10721955028.997856,27935511402,0.3838109449548231,0.6965687539053559,0.354470801894504,1.1369200613973676,0.330318348041388,0.3583704679300504,2.647638766469377,0.9456264775413712,기존 강세,⑤ 성숙·정체
은천동,11620605,2023,60649742841.61242,168513310315,0.359910696242573,0.3520878087973724,0.3106672594297733,1.3209394541570976,0.2902074272802822,0.4083099021993122,1.2021813233807896,0.8132387706855791,일반,④ 잠재 후보
을지로동,11140605,2023,157169157104.2644,918703865218,0.1710770609057681,0.2705708796522975,0.2321693973763646,0.9623824245907188,0.1308103125662624,0.2308536013013006,-3.3122032190786124,0.0260047281323877,일반,⑦ 일반
응봉동,11200580,2023,2964802503.422299,11005038705,0.2694040959688109,0.1882874960774615,0.1496198650579848,1.2864700582434712,0.1857788861815729,0.4374062438156595,-0.6931847854698375,0.3144208037825059,일반,⑦ 일반
응암1동,11380580,2023,51726882297.76599,171997946628,0.3007412780900329,0.4356171756518093,0.2491676976975218,1.150726179023566,0.2362461025414655,0.3958844147149559,0.491106835955895,0.6477541371158393,신흥 성장,② 라이징스타
응암2동,11380590,2023,22736621300.12438,73632939189,0.3087832911540355,0.2209109454703123,0.1674684831519282,1.0975456495288844,0.2490808822926885,0.3728158529097664,-1.0651304610288477,0.2151300236406619,일반,⑦ 일반
응암3동,11380600,2023,65390272386.51915,194937547463,0.3354421620541343,0.4863979928699817,0.2446121049001637,1.1669152338590647,0.2713755921651825,0.3829439208840407,1.0983934097904102,0.806146572104019,기존 강세,② 라이징스타
이문1동,11230740,2023,35412298153.75476,110731953366,0.319801981969082,0.6403061810320273,0.4337043753781187,1.084466337903722,0.2473699814042166,0.4500719555381965,1.9618481681171824,0.8841607565011821,기존 강세,⑤ 성숙·정체
이문2동,11230750,2023,11018564945.063442,33971609788,0.3243462707191343,0.3567281597671223,0.22127814987017,1.0430836317704375,0.2605145568087319,0.4269465735510526,0.0304581891708493,0.5508274231678487,일반,⑦ 일반
이촌1동,11170630,2023,41544395488.02286,141160513010,0.294306067625865,0.4488090530353337,0.1539442716212044,1.1777495960362496,0.2319474671056241,0.3613652113561414,0.4026517761577163,0.624113475177305,일반,⑦ 일반
이촌2동,11170640,2023,4538222687.090272,29655670549,0.1530305200683888,0.1546772260104797,0.1613485173803075,1.7137916509518063,0.1179305347765245,0.181884388926147,-1.620722339683651,0.1205673758865248,일반,⑦ 일반
이태원1동,11170650,2023,145426362888.39746,285496995812,0.5093796608079226,0.7881284319438798,0.5511950296514667,1.3840942591620429,0.446414584656176,0.4309256006533043,5.698193974732227,0.9976359338061466,기존 강세,① 레전드
이태원2동,11170660,2023,25929011833.28259,64734427778,0.4005443891804133,0.8041312635915643,0.4636942326568502,1.1881475347448156,0.3225105802216612,0.4866124652098257,4.293795872010299,0.9929078014184396,기존 강세,⑤ 성숙·정체
이화동,11110640,2023,49240945514.08675,148506955585,0.3315733281321157,0.7654683127749878,0.4258673261522843,1.0402572071584752,0.2639975654982719,0.4278641077092955,2.56438561056605,0.9408983451536644,기존 강세,① 레전드
인수동,11305660,2023,23082022967.672977,81692819951,0.2825465320149036,0.3681557430633393,0.1834466563400417,1.110164967048692,0.2230150061771369,0.3542164274211198,-0.4782137127187978,0.375886524822695,일반,⑦ 일반
인헌동,11620625,2023,53836155979.77074,171186028172,0.314489193742369,0.3085504432226754,0.3397078659688876,1.1543726003211283,0.248044396428991,0.3976655620784748,-0.1542773830162403,0.4799054373522459,쇠퇴,⑥ 쇠퇴 주의
일원1동,11680730,2023,32853884957.990253,120869465314,0.2718129419422928,0.4876447237925604,0.2573303435255403,1.1775318193140336,0.1974545034761201,0.405476466555721,0.6212759999349599,0.7021276595744681,기존 강세,⑤ 성숙·정체
일원2동,11680740,2023,5300189469.179903,17938031318,0.2954721939782435,0.5038407508482197,0.2439133021029771,0.8921340998697342,0.2416920741268604,0.3427549185305754,-0.3792703858108348,0.4137115839243498,쇠퇴,⑥ 쇠퇴 주의
일원본동,11680720,2023,12049170399.210228,49611134083,0.2428723032021769,0.7965767726834087,0.2388956757805951,0.9817196125064396,0.2082837083246767,0.2212676474122681,0.6315931214563308,0.7044917257683215,쇠퇴,⑦ 일반
자양1동,11215820,2023,48237203962.7012,159649219958,0.3021449398587183,0.3540546783496361,0.2373153042775106,1.0690750176284796,0.2443567347793054,0.3571689224726628,-0.5052520269735938,0.3664302600472813,일반,⑦ 일반
자양2동,11215830,2023,24968718444.25618,78364757574,0.3186217786825687,0.4293132855701214,0.2375744500507066,1.1119070619816884,0.2476989716923487,0.420251505326248,0.5741889539887,0.6808510638297872,일반,⑦ 일반
자양3동,11215840,2023,71612453139.29266,185435905166,0.3861843965718832,0.4965029039687892,0.3942092015166171,1.2037450658586264,0.3169058979402809,0.4354616198018036,2.0706169761530586,0.900709219858156,기존 강세,② 라이징스타
자양4동,11215847,2023,71118882258.10901,181889279348,0.3910009568075789,0.6380837931791837,0.433752275559101,1.185831333900446,0.312217470307023,0.4989795988380112,3.2557881047038686,0.9621749408983452,기존 강세,⑤ 성숙·정체
잠실2동,11710670,2023,74114519544.79471,241513112488,0.3068757583440825,0.1976878833788879,0.2161742450178314,1.4555535100412489,0.246419340709532,0.3349802137803999,-0.1288960434749295,0.4869976359338061,일반,⑦ 일반
잠실3동,11710680,2023,58315728211.33501,190648473932,0.3058809074555452,0.2572942645609427,0.2684423164344556,1.135170594671478,0.2552317683662957,0.3209542211275443,-0.9922880792169988,0.2340425531914893,일반,⑦ 일반
잠실4동,11710690,2023,12161170619.199316,51840722577,0.2345872128062277,0.1733484927732665,0.2022876261113809,1.1401551444208229,0.1802278751443414,0.2954160197758232,-2.3468813436851845,0.0661938534278959,일반,⑦ 일반
잠실6동,11710710,2023,269804900014.7873,677931752732,0.3979823911883451,0.7607077330538752,0.5189847673606283,1.192936664104711,0.3377164091670862,0.4104808810113499,3.6721297110608777,0.983451536643026,기존 강세,⑤ 성숙·정체
잠실7동,11710720,2023,4841524704.811286,20507315436,0.2360876888016326,0.0442095200529493,0.1463405773596157,1.099699178905182,0.1849805144821979,0.3255939851726577,-3.045494903040705,0.0354609929078014,일반,⑦ 일반
잠실본동,11710650,2023,226615314554.1308,657841126438,0.3444833493174568,0.4411131474802207,0.3477865878571864,1.1456494641062531,0.2698377112695309,0.4547859583224107,1.2098146486815622,0.8156028368794326,기존 강세,⑤ 성숙·정체
잠원동,11650540,2023,70765279118.6427,318701540895,0.2220424756024545,0.4392513687598435,0.286375227972523,1.079548227061519,0.1610247258983526,0.3376499280009858,-0.8374786618893246,0.2671394799054373,일반,⑦ 일반
장안1동,11230650,2023,105962562183.44484,626560112043,0.1691179507708157,0.3011661093549629,0.1735256092643484,0.8893610753258785,0.1326740174840479,0.2205236892266731,-3.454043172333399,0.0212765957446808,일반,⑦ 일반
장안2동,11230660,2023,112241116801.34364,361340129716,0.3106245544594258,0.3119477460325072,0.1852797032441966,1.128480239182258,0.2547124082905995,0.351764858190263,-0.4797449926839474,0.3735224586288416,일반,⑦ 일반
장위1동,11290760,2023,17250108540.653416,49590345266,0.3478521564656334,0.5024430905925364,0.2643842787476833,1.1243359490693527,0.2752141959043242,0.4583136604733959,1.5780642869232928,0.8581560283687943,신흥 성장,① 레전드
장위2동,11290770,2023,15111259505.54894,54098344128,0.2793294277139939,0.4108231723214047,0.1674687589062615,1.1025649684985532,0.2206293140832453,0.3552688358173327,-0.2601371514901455,0.4397163120567376,일반,④ 잠재 후보
장위3동,11290780,2023,7437581375.30962,27004991279,0.275415063032934,0.2104901844356563,0.2222907215922008,1.2916311938551424,0.2077409332237985,0.3730590929993834,-0.7697639380327365,0.2907801418439716,일반,⑦ 일반
장지동,11710646,2023,39359758753.54276,137002844480,0.2872915442225623,0.2984197503137856,0.208304342740607,1.1240231039901682,0.2239545803990886,0.3772678743655235,-0.6894488103941238,0.3191489361702128,일반,⑦ 일반
장충동,11140580,2023,30103531775.11447,97733206773,0.3080174361313492,0.7398951911089565,0.2326399594235076,1.018710948085253,0.253296880695815,0.3479786979157572,1.6898309139463643,0.8723404255319149,기존 강세,⑤ 성숙·정체
전농1동,11230560,2023,56130932739.41621,160260505536,0.3502480698640207,0.3817014304766357,0.3360494755078769,1.0992300114783218,0.2813802048993931,0.4280387400225104,0.5949487631891779,0.6926713947990544,기존 강세,⑤ 성숙·정체
전농2동,11230570,2023,17550000701.32899,65990242970,0.2659484176972563,0.3227200407139219,0.1883062826371042,1.0496185209889757,0.210058778224256,0.3474057351390897,-1.1509774341669692,0.1891252955082742,일반,⑦ 일반
정릉1동,11290620,2023,12887063182.456882,45812655727,0.2812991951231023,0.3837967293748807,0.2117418197889578,1.1181525246891282,0.2167067345355602,0.380534933401068,-0.232498521125097,0.4515366430260047,일반,⑦ 일반
정릉2동,11290630,2023,17542728696.058758,60313910766,0.290857092058237,0.3854395613010878,0.2209124865023845,1.0303207911535206,0.2327181368400408,0.3762896832880193,-0.4375491451840306,0.3947990543735225,일반,⑦ 일반
정릉3동,11290640,2023,15413591257.442598,47975044840,0.3212835195641392,0.5861009587542055,0.2501304869650644,0.9899871665726248,0.2617328496279108,0.392882287819869,1.0174195491827058,0.789598108747045,기존 강세,⑤ 성숙·정체
정릉4동,11290650,2023,30505142115.035515,91296776346,0.3341316455624453,0.3295123075429163,0.1937425439531959,1.1552800977737003,0.2758519131338793,0.3618319201852884,-0.0090384732292558,0.541371158392435,일반,⑦ 일반
제기동,11230545,2023,784809201166.3011,2727713868299,0.287716835071014,0.0294803784959109,0.0863356699791452,1.0072450957891497,0.2706930121202371,0.114021285582989,-4.126700532443324,0.0118203309692671,일반,⑦ 일반
조원동,11620725,2023,60289595942.30168,243147720657,0.2479546005177244,0.3120422735816245,0.2414230254940703,0.9475496918916602,0.1930074543170468,0.3228059621324702,-1.925379488701176,0.0898345153664302,신흥 성장,② 라이징스타
종로1·2·3·4가동,11110615,2023,562845265546.5146,2307551161417,0.2439145337089244,0.3889756794479137,0.3022449482527264,1.1230386434001294,0.1864989823500732,0.3210898013398826,-0.8591458353252678,0.2624113475177305,일반,⑦ 일반
종로5·6가동,11110630,2023,121325881778.23462,435551588520,0.2785568575022278,0.4249584634875022,0.2179313406949987,1.1355184751484615,0.2320432460857828,0.2773312341953572,-0.4688861284074328,0.3806146572104019,일반,⑦ 일반
종암동,11290705,2023,44548065804.69515,152247537174,0.2926028665657971,0.4079815022558376,0.2056819162086763,1.0159279881540462,0.2328925103364838,0.3742074819107773,-0.3663278965188546,0.4208037825059101,일반,⑦ 일반
중계1동,11350621,2023,14528933558.456318,46529318296,0.3122533080332133,0.1981529607063384,0.1276395795489348,1.0403476820001394,0.245348894655553,0.4333232730756189,-1.0482754816824371,0.2198581560283688,일반,⑦ 일반
중계2·3동,11350625,2023,78302752741.64038,229426050208,0.3412984387372327,0.4576888455857594,0.1940227778085499,1.112861705274538,0.2905966317449823,0.3187339257189989,0.4608401939061205,0.6382978723404256,쇠퇴,⑦ 일반
중계4동,11350624,2023,61628832921.735664,181322628292,0.339884952596701,0.4230433255548852,0.1823700682065337,1.142097136053726,0.2723465765479353,0.4226200000619611,0.8918576045088513,0.7635933806146572,기존 강세,⑤ 성숙·정체
중계본동,11350619,2023,51805560398.54408,172085499959,0.3010454710645983,0.2281657279628719,0.1194756672345927,1.1491684775884896,0.2350398771810329,0.4083225409563341,-0.7142583334802548,0.309692671394799,일반,⑦ 일반
중곡1동,11215740,2023,66060233663.12842,215158060308,0.3070311824179992,0.2873846275500231,0.2362657596756084,1.0688813927381098,0.2504899680488339,0.3449372304145117,-0.9410659650297428,0.243498817966903,일반,⑦ 일반
중곡2동,11215750,2023,45226984749.6145,157454025858,0.2872393036834922,0.3925453113071966,0.2604545332298111,1.2523084285450077,0.221926111527396,0.3739436310005817,0.3333683170631696,0.6122931442080378,일반,④ 잠재 후보
중곡3동,11215760,2023,23732312691.868755,78797224463,0.3011820892627061,0.4079012925904813,0.2828732225139009,1.0842669984510955,0.2452171363735411,0.3619032269263547,-0.0776569468071441,0.5059101654846335,일반,⑦ 일반
중곡4동,11215770,2023,48270691276.21776,145957628251,0.3307171530165436,0.3961244245800758,0.2599257633644103,1.0057123720021477,0.2808121797616233,0.3511402402953807,-0.194415828996389,0.4680851063829787,일반,③ 급성장 신흥
중림동,11140680,2023,28654673359.859028,113493717393,0.2524780579759772,0.4104652992613427,0.2354309033730532,1.100741089895831,0.1989285546954205,0.3030134086446012,-0.819878504163682,0.2742316784869976,일반,⑦ 일반
중앙동,11620615,2023,49801749138.4344,153443338676,0.3245611674521252,0.4092542361294573,0.3569864866969795,1.1054562905081011,0.2568049396083905,0.4312438575696206,0.5841165049740974,0.6832151300236406,일반,⑦ 일반
중화1동,11260600,2023,23921461368.6866,81363145834,0.2940085603068005,0.1430731049012059,0.1497016695599562,1.088278167009879,0.251636186877184,0.2549212284677011,-2.348256000343535,0.0638297872340425,일반,⑦ 일반
중화2동,11260610,2023,62972503435.96944,172373389050,0.3653261317366286,0.37958860170708,0.2287611414982503,1.2653660673669176,0.2957933908882555,0.4103463363331719,1.2249093172416132,0.817966903073286,신흥 성장,⑤ 성숙·정체
증산동,11380640,2023,16322931699.427126,62576207805,0.2608488477009129,0.2921395738451779,0.181186540247555,0.8977548948723901,0.2089245640090606,0.3334376307688753,-2.0189568361304584,0.0851063829787234,일반,⑦ 일반
진관동,11380690,2023,55940290262.15547,143364374088,0.3901965925496816,0.5722418076100463,0.2073234436315087,1.1116368115892412,0.342084584960393,0.3320982892916991,1.7200962988280173,0.8747044917257684,기존 강세,⑤ 성숙·정체
창1동,11320511,2023,34055114553.233418,111486800496,0.3054631974522874,0.3737204232037754,0.2836378724594805,1.2079676869387328,0.2380004193855397,0.3968801853237103,0.3514007456446509,0.6193853427895981,일반,⑦ 일반
창2동,11320512,2023,27175692179.69257,84115943838,0.3230742109014504,0.3688641594006957,0.1982209485292324,1.048021780415313,0.2638111617666373,0.3803920520659378,-0.1597571721395908,0.4775413711583924,일반,④ 잠재 후보
창3동,11320513,2023,21266679827.50943,66242778087,0.3210414846970763,0.3437843383031243,0.154151903405814,1.032972879177829,0.2584768252701074,0.4100111412043896,-0.2199857450047049,0.4562647754137116,일반,⑦ 일반
창4동,11320514,2023,29404044068.265045,85976042961,0.3420027609505494,0.5508337499608178,0.2168852212058482,1.272172592488256,0.2599770461306193,0.4637253765108181,2.332473110406184,0.9290780141843972,기존 강세,① 레전드
창5동,11320515,2023,71322565672.53262,234889855709,0.3036425964725042,0.3770030434081746,0.2284311882692519,1.1150074642272805,0.2472504541573301,0.3464149691028239,-0.2362463200579663,0.4491725768321513,일반,⑦ 일반
창신1동,11110670,2023,85829249253.73767,319017145069,0.2690427476403305,0.1928679258749309,0.1761935546249172,1.0661562284645032,0.2392139797831061,0.1794883132021487,-2.748577334141558,0.0472813238770685,일반,⑦ 일반
창신2동,11110680,2023,19276962829.42308,52172043817,0.3694883584978852,0.4824253687527336,0.2196741282783623,1.21079669725369,0.2912730006380996,0.4578636373684927,1.9272293170682608,0.8817966903073287,기존 강세,⑤ 성숙·정체
창신3동,11110690,2023,667144219.5005549,1774703314,0.3759187320143556,0.7290863040558903,0.2895045239093975,0.8429562036433434,0.300640300151037,0.489218719067541,2.341671256280313,0.9314420803782506,기존 강세,① 레전드
천연동,11410520,2023,24501352329.45112,80772303842,0.3033385351664427,0.4757232476142351,0.1785541735594364,1.1198661665897889,0.2336417603478959,0.4174886102538712,0.7416728485818449,0.735224586288416,일반,④ 잠재 후보
천호1동,11740600,2023,34919444099.2323,114169087974,0.3058572571516432,0.3581331333864335,0.2011610162133395,1.133286744224982,0.2337316658873286,0.4419842275563381,0.2372626177496561,0.5933806146572104,일반,⑦ 일반
천호2동,11740610,2023,167759492663.8542,587260845464,0.2856643584526837,0.421638575771827,0.2359090686107945,1.3366181492279494,0.2296370384636292,0.3113899190239987,0.48084035884659,0.640661938534279,일반,⑦ 일반
천호3동,11740620,2023,50359727236.055954,147434868842,0.341572706860983,0.5010156577014389,0.3680621247349147,1.1660639548313383,0.2735806851988707,0.4223771940797505,1.4705835244848062,0.8463356973995272,기존 강세,⑤ 성숙·정체
청구동,11140645,2023,10978727583.881271,40707449877,0.2696982399303851,0.5060023673120839,0.2989209703817674,1.0592886628486318,0.2228462930104954,0.3207815503662384,-0.0525711975949018,0.5224586288416075,기존 강세,⑤ 성숙·정체
청담동,11680565,2023,320238622762.93634,1068683913043,0.2996570069545447,0.44933100676484,0.3414075951691803,1.0819331560848673,0.2434559108831007,0.3352709516921336,-0.0279396064542478,0.5342789598108747,쇠퇴,⑥ 쇠퇴 주의
청량리동,11230705,2023,65066194907.52351,209001991998,0.3113185395292603,0.3781399677939733,0.1890956587886406,1.2778986635176588,0.2576964092309483,0.3088253549211036,0.231003840084998,0.5862884160756501,일반,③ 급성장 신흥
청룡동,11620595,2023,111540024290.24724,318763174400,0.3499150254736805,0.477147353872631,0.363077336746462,1.1542389061528209,0.2828378083343619,0.4272517704479228,1.3969475221351506,0.8416075650118203,기존 강세,⑤ 성숙·정체
청림동,11620545,2023,4854102873.6151495,18678858399,0.2598714958872979,0.2091683280927472,0.2103314623987048,1.1002232694904042,0.1904064290776146,0.4146332486472853,-1.3825379114781144,0.1465721040189125,일반,⑦ 일반
청운효자동,11110515,2023,31523313519.899704,102968503893,0.3061452029317357,0.566110950359868,0.3685983298294789,1.2707688132879418,0.2531299434833481,0.3140253955190095,1.349899054276979,0.8321513002364066,신흥 성장,② 라이징스타
청파동,11170555,2023,51604634279.597824,174281169989,0.2960998843584475,0.5136491784892776,0.3307863758697434,1.0750078636200446,0.2338061944361049,0.3789350146098301,0.5459565381986842,0.6666666666666666,일반,⑦ 일반
충현동,11410565,2023,23725184621.528816,129140817056,0.1837156149572814,0.7568862803509627,0.2721963617572359,0.92793909540716,0.1119795640965253,0.404788323186246,0.5385315199490719,0.6619385342789598,기존 강세,⑤ 성숙·정체
평창동,11110560,2023,13591606973.53271,36618679318,0.3711659520951571,0.6039315188554393,0.1555598832369665,1.1099226448629609,0.3089025328239993,0.4009740033082642,2.068016553103024,0.8983451536643026,기존 강세,⑤ 성숙·정체
풍납1동,11710510,2023,12665084982.11756,42896194450,0.2952496169999425,0.3106960741129333,0.139472110678107,1.0545695523852678,0.2354470854232152,0.3762478873927242,-0.7792361941416632,0.2860520094562648,일반,⑦ 일반
풍납2동,11710520,2023,23641183733.71872,109323522146,0.2162497445165209,0.2489159755908547,0.1834258519883747,1.0911211512992838,0.1610677646068163,0.3099330699000877,-2.14708989631344,0.0780141843971631,일반,⑦ 일반
필동,11140570,2023,30604668853.88234,142543132188,0.2147046187642198,0.7992265908872088,0.3369438988519948,0.9184099468623194,0.1438789314307388,0.4031244896191322,1.0428897806372943,0.7919621749408984,신흥 성장,② 라이징스타
하계1동,11350611,2023,76864913644.93507,233873664245,0.3286599792801526,0.7700342723212376,0.1440822158526573,0.9586473979243124,0.2844178792885274,0.3385838640987253,1.8685043693789447,0.8794326241134752,기존 강세,① 레전드
하계2동,11350612,2023,2752881016.1105466,9822285093,0.2802688977203919,0.0422196595877203,0.2150454835102799,1.1626087865630557,0.2301248713103302,0.3015183201219264,-2.567926284997016,0.0543735224586288,일반,⑦ 일반
한강로동,11170625,2023,653372886861.5372,2702153962408,0.2417970611412866,0.0824908419368384,0.1887027360982065,0.9932031870262148,0.2049250922133024,0.2320146755569429,-3.6623164613618826,0.0165484633569739,일반,⑦ 일반
한남동,11170685,2023,139699343172.2909,383513110255,0.3642622362489877,0.7329019931290224,0.4454661927551997,1.1253173964388252,0.2869733217668147,0.4634210512042929,3.1371247895335523,0.9598108747044918,기존 강세,⑤ 성숙·정체
합정동,11440680,2023,88424157816.5115,246006359870,0.3594385033916948,0.5919802290800833,0.4829874621159728,1.1427249104177768,0.2819531067638003,0.4740699982334972,2.3647109338117,0.933806146572104,기존 강세,⑤ 성숙·정체
항동,11530800,2023,304914231.8124317,937537730,0.3252287583268054,0.3059590156440957,0.2230990543708571,0.6224950786338863,0.2926449904048128,0.2725629847451579,-2.6217000819590446,0.0520094562647754,데이터 없음,⑦ 일반
행당1동,11200560,2023,49553124389.08026,162820851692,0.3043413903940105,0.4121223055381977,0.3149586774180943,1.1464828369256996,0.2318291395895863,0.4163645811117626,0.428428294908994,0.6312056737588653,일반,③ 급성장 신흥
행당2동,11200570,2023,6726487913.200192,23479456770,0.2864839667753604,0.3023929096635569,0.2056193993026526,1.2799396168944366,0.2233461454994301,0.3537011572010062,-0.2380221965939798,0.4468085106382978,일반,⑦ 일반
행운동,11620575,2023,50514504958.075424,158512640692,0.3186780860980562,0.3898223640855576,0.3430047534924704,1.2035051253476174,0.2486411828226462,0.4006356671036462,0.5559353338626858,0.6713947990543735,쇠퇴,⑦ 일반
혜화동,11110650,2023,87682212895.76953,229084980974,0.3827497224958672,0.7351129616878417,0.4872537091232035,1.115012168067973,0.3026400355546165,0.5151404920403475,3.6033721761458937,0.9763593380614656,기존 강세,① 레전드
홍은1동,11410660,2023,27492262428.627,90475168271,0.3038652809827278,0.2557163498795699,0.1442873502583397,1.2331188227597538,0.2488907295154247,0.3143693181515387,-0.7328745725374692,0.3026004728132387,일반,⑦ 일반
홍은2동,11410685,2023,26868370644.4273,97328215586,0.2760594189737937,0.4324172106578088,0.1946972581990474,1.0777775797895424,0.2139476753747786,0.3649340831859356,-0.217803338956599,0.458628841607565,일반,⑦ 일반
홍제1동,11410620,2023,24528571437.691696,87166390541,0.2813994165119676,0.3800948773072817,0.2210453926038974,1.053624205047382,0.2207481904501864,0.3897361207359024,-0.4009686259121012,0.3995271867612293,쇠퇴,⑥ 쇠퇴 주의
홍제2동,11410655,2023,13625878836.15919,42316452097,0.3219995571681017,0.3454427291185011,0.2781978906221817,1.2225722130994172,0.2460152468155062,0.4589697868923399,0.7249420812413725,0.723404255319149,쇠퇴,⑦ 일반
홍제3동,11410640,2023,60957713525.70647,226527835597,0.2690959076400311,0.1793236580614641,0.141568445222123,1.1285210423363323,0.2197168521865272,0.294190038859324,-2.00107807392613,0.0874704491725768,일반,⑦ 일반
화곡1동,11500540,2023,123475253027.61276,356374297929,0.3464763136543943,0.4853003113357415,0.3708275089841881,1.1879428299614565,0.277133964424327,0.4270218369236003,1.5210061251690077,0.8534278959810875,기존 강세,① 레전드
화곡2동,11500550,2023,11343735738.92477,43926541071,0.258243318557441,0.2810173731878357,0.1910108012246681,0.9466657350946046,0.20842809970404,0.3375415166888408,-1.8785604821082589,0.0921985815602836,일반,⑦ 일반
화곡3동,11500560,2023,38148027481.91122,123391301146,0.3091630214416284,0.4189291330337488,0.322245295962575,1.1082799107535315,0.2358792076644174,0.4457032259018594,0.55995557320751,0.6737588652482269,쇠퇴,⑦ 일반
화곡4동,11500570,2023,53116418823.59312,156584812063,0.3392182046507957,0.3276837047858507,0.215615945098278,1.0085446765960948,0.2792496630542129,0.3791772018100442,-0.4288562501950857,0.3971631205673759,일반,⑦ 일반
화곡6동,11500591,2023,54194184119.73625,157687026488,0.3436819459834283,0.5893158142916202,0.3247885248498706,1.148688011260595,0.2721325894572918,0.4462295356514618,2.093567074477596,0.9054373522458627,기존 강세,① 레전드
화곡8동,11500593,2023,40469320933.01805,134153825732,0.3016635620505067,0.2932208197817867,0.2760590857243522,1.1120681516545627,0.239117394185116,0.3899889486157259,-0.5421715013170361,0.3569739952718676,일반,⑦ 일반
화곡본동,11500590,2023,53128731944.13327,152782846642,0.347740162667765,0.3624569643656372,0.2796276584642169,1.1101895860376667,0.2739451935862432,0.4650423809715051,0.6996525848570931,0.7210401891252955,신흥 성장,⑤ 성숙·정체
화양동,11215710,2023,146142554431.33405,384642931157,0.3799434295899823,0.7675097261556094,0.6172649406810219,1.1858062499092914,0.2923023773004385,0.5422219734615925,4.158299986045946,0.9905437352245864,기존 강세,⑤ 성숙·정체
황학동,11140670,2023,66458694695.46986,250586231150,0.2652128745880213,0.2816686866635928,0.2231994126226356,1.0072627767985438,0.2176504277617409,0.2931667160795638,-1.8591693356350143,0.0945626477541371,일반,③ 급성장 신흥
회기동,11230710,2023,44361968108.99413,142147232753,0.3120846410431291,0.6908526421941721,0.4844102475821624,1.029178353154234,0.2418405650198946,0.4460079047769009,1.984130061139849,0.8865248226950354,기존 강세,⑤ 성숙·정체
회현동,11140540,2023,175566732839.72388,893349866719,0.1965262876061387,0.5232146000017519,0.1598398599312882,1.159289785737022,0.1631810870878585,0.1767247919091699,-1.0842438557538714,0.2127659574468085,일반,⑦ 일반
효창동,11170580,2023,9466560978.472504,42500175430,0.2227416918328824,0.2679361502814389,0.1912926819652894,0.9995055020783478,0.1719469331141064,0.3003540583032365,-2.342838357864599,0.0685579196217494,일반,⑦ 일반
후암동,11170510,2023,24118692288.24159,81838747536,0.2947099389275481,0.5301028967839018,0.2719630926806318,1.058870727403049,0.2244905058684866,0.4203355221420993,0.7792006991153699,0.7446808510638298,기존 강세,⑤ 성숙·정체
휘경1동,11230720,2023,25703090851.77669,81449453570,0.3155710655527814,0.4957804889543595,0.3480665170409687,1.0916551627767153,0.2512692551879572,0.4200162677653676,0.9360884299155524,0.7706855791962175,일반,⑦ 일반
휘경2동,11230730,2023,15795419260.53216,63276064332,0.2496270813819261,0.2976372990454086,0.2813147139272682,0.6550913967033809,0.2188203761749725,0.2598333647891772,-3.310742959578006,0.0283687943262411,일반,⑦ 일반
흑석동,11590605,2023,49453036605.929306,216609677496,0.2283048346574567,0.4008647601379835,0.273941262670943,1.0536954990477758,0.1729186042885442,0.3277609812022874,-1.128644473570435,0.1962174940898345,일반,⑦ 일반
가락1동,11710631,2024,392353329345.4564,1733567986754,0.22632705053588,0.0382000320125877,0.1396336594858623,1.0557551215243997,0.197234930564347,0.1724925566876156,-4.150455189838496,0.0070921985815602,일반,⑦ 일반
가락2동,11710632,2024,55130603130.148224,223978590098,0.2461422902341973,0.2898913587838491,0.1975329800345728,1.1128310978075664,0.190770618777913,0.3245891985755882,-1.4142396830200947,0.1489361702127659,일반,⑦ 일반
가락본동,11710620,2024,87164299285.00352,294900213427,0.295572181084841,0.5292603131555075,0.2427373083258884,1.1108050210149665,0.22779808188789,0.4081919626239877,0.9761777109028608,0.7801418439716312,신흥 성장,② 라이징스타
가리봉동,11530595,2024,23068512073.35973,68403215288,0.3372430956093762,0.2452795886620165,0.2112112352931242,1.111305541683876,0.2700834360229409,0.4390724578595776,-0.116003768016575,0.4846335697399527,일반,⑦ 일반
가산동,11545510,2024,1228298271760.9597,3106657583973,0.3953761361077104,0.7894507056456838,0.2921142223944198,1.0496208748956015,0.3544674684522845,0.3032078073088941,2.845890266741758,0.9456264775413712,기존 강세,① 레전드
가양1동,11500603,2024,119945839065.13818,451995484035,0.2653695519131563,0.5462368459966332,0.3619516458428414,0.9704984939278968,0.191080999057752,0.45313781354758,0.491923005972963,0.6643026004728132,쇠퇴,⑦ 일반
가양2동,11500604,2024,21312963837.935493,92265579044,0.2309958281166986,0.1788129039880867,0.2898966219812542,1.1868478755242664,0.1846473553791443,0.2559148935351041,-2.341928368665404,0.0709219858156028,일반,⑦ 일반
가양3동,11500605,2024,6435150228.399342,48771663209,0.1319444489892204,0.2115368169994286,0.2930484197709821,1.467271999065422,0.0876398550667273,0.187702043228878,-2.5006794411955786,0.0520094562647754,일반,⑦ 일반
가회동,11110600,2024,38634791409.493286,109138827537,0.3539967606523481,0.9253144194605112,0.4226457997027877,1.1002907408782954,0.2905213116409071,0.3869180242447083,3.81345335335653,0.983451536643026,기존 강세,⑤ 성숙·정체
갈현1동,11380551,2024,63200991818.64133,183136244917,0.3451036786698609,0.4550111028746162,0.3386039401381421,1.222696239911338,0.272903732167551,0.4387301197827584,1.6092346963379889,0.8723404255319149,기존 강세,⑤ 성숙·정체
갈현2동,11380552,2024,67569616131.056206,221697655968,0.3047827268900364,0.3708261802049293,0.2184603049433717,1.0888142670370378,0.2463283693215164,0.3697769594543338,-0.1534071752330099,0.4728132387706856,일반,⑦ 일반
강일동,11740515,2024,16468370432.78758,61156814582,0.2692810367143393,0.4290101760094317,0.2207330790896554,1.0857652277008345,0.2110940267121056,0.3635507383104272,-0.2023544394320607,0.4491725768321513,일반,⑦ 일반
개봉1동,11530740,2024,39407089044.09709,122804534057,0.3208927858136427,0.2886689715181515,0.1854873825621716,0.9906362734042676,0.2597556733385261,0.391079608507846,-0.7477723702664562,0.293144208037825,일반,⑦ 일반
개봉2동,11530750,2024,34057143343.20018,106435831140,0.3199781781983102,0.349640024382864,0.2308009129058039,1.195252493903613,0.2507645181056835,0.424828309054345,0.5495803348698649,0.6808510638297872,일반,④ 잠재 후보
개봉3동,11530760,2024,22315734490.735386,73340341885,0.3042763902809066,0.281589256733801,0.1635292145188777,1.2889775611279315,0.2400240279708917,0.3723531296843504,0.0251808234067367,0.5271867612293144,일반,⑦ 일반
개포1동,11680660,2024,446730611.40086615,2084143168,0.2143473722247022,0.5417773338880335,0.190521849024913,1.0164233569150514,0.1657940070074879,0.3269868608181911,-0.4824350976010353,0.359338061465721,일반,⑦ 일반
개포2동,11680670,2024,36375075332.06272,117060718467,0.3107368193910158,0.3940485902792712,0.1751057074605132,1.157871135758065,0.2446932213309016,0.4034374833289054,0.4684878724391933,0.6524822695035462,일반,⑦ 일반
개포4동,11680690,2024,58213136039.44194,221494412507,0.262819885073183,0.3416830229638782,0.1820487283340642,1.1173824689068166,0.2022027682598295,0.3598203373300952,-0.7255405115926505,0.2978723404255319,일반,⑦ 일반
거여1동,11710531,2024,18163203409.076897,67525394956,0.2689832976306494,0.3559992577409427,0.2233801213725403,1.434001808608692,0.1961577987160377,0.4081815111923445,0.846710266198329,0.7565011820330969,기존 강세,⑤ 성숙·정체
거여2동,11710532,2024,29883754421.37229,102653062194,0.2911141059279474,0.3585522143746756,0.2010110141576085,1.1290329532381804,0.2297422345124981,0.3623696085042285,-0.2891734699019128,0.4160756501182033,일반,④ 잠재 후보
고덕1동,11740550,2024,9120323299.773573,33852269903,0.2694154136755635,0.4127039512573981,0.1740776890260398,1.0297463692712998,0.19523397913752,0.4475935372551552,-0.0901963802085127,0.4964539007092198,일반,⑦ 일반
고덕2동,11740560,2024,28781995110.376152,97615305711,0.2948512520729911,0.3495045707791647,0.2150049827240867,1.1387602875909653,0.2348995064348408,0.3599639015425467,-0.272726105653909,0.4184397163120567,일반,④ 잠재 후보
고척1동,11530720,2024,63660264028.588776,221261037219,0.2877156540018342,0.2617082494089815,0.1881343482033783,1.0679940636132748,0.2419213311335028,0.2855736440594345,-1.5222284822612182,0.1300236406619385,일반,⑦ 일반
고척2동,11530730,2024,34832905286.136086,113736413390,0.3062599236947512,0.2592399210435486,0.1551091053795361,1.0970166529970555,0.2541279328537476,0.3296224784532921,-1.0009246953625377,0.2245862884160756,일반,⑦ 일반
공덕동,11440565,2024,53218048489.90741,194978952586,0.2729425293554921,0.5011280910738455,0.2457529707154686,1.129452318360658,0.2014543303727869,0.4088812042204207,0.6214085809120093,0.6997635933806147,일반,⑦ 일반
공릉1동,11350595,2024,82083260556.28558,256294809674,0.32026891477316,0.4862591673179823,0.2343896892894984,1.0576504563993292,0.2590170408696124,0.398309404477792,0.7514079952247963,0.7423167848699763,신흥 성장,② 라이징스타
공릉2동,11350600,2024,47314169432.500046,163368278185,0.2896166254437778,0.4785991585310041,0.285143375853227,1.1096904544915924,0.2225100042116845,0.4121730816538813,0.6395558441085775,0.7044917257683215,기존 강세,⑤ 성숙·정체
공항동,11500620,2024,43384203548.469696,171099377646,0.2535614339768695,0.4059477254774444,0.2241839116116547,1.1367386210068653,0.2004456578968847,0.3070732772780971,-0.643663923548095,0.3215130023640662,일반,⑦ 일반
광장동,11215810,2024,48508246980.29466,162931131931,0.297722395992667,0.4532725116049387,0.1922401778394602,1.0525566768993615,0.2472960023444962,0.3188066847408736,-0.1344594574886018,0.4799054373522459,일반,⑦ 일반
광희동,11140590,2024,194677996778.7753,670154778732,0.2904970656885049,0.3278298099040466,0.2707403825446098,1.2032411377518557,0.239701007012053,0.286752809180295,-0.617386094634942,0.3262411347517731,일반,⑦ 일반
교남동,11110580,2024,6282958711.583312,38388158877,0.1636691858996057,0.4241206655199808,0.1908830734883279,0.9675476084252036,0.1216246670479778,0.2438978101554552,-2.394954519739429,0.0661938534278959,일반,⑦ 일반
구로1동,11530520,2024,12472346789.563242,49732539336,0.2507884567344997,0.1710986616128899,0.1494689229475785,1.1484521227092952,0.1955934362265438,0.3191125586766881,-1.990044017304256,0.0898345153664302,일반,⑦ 일반
구로2동,11530530,2024,59498021482.11363,699279669092,0.0850847294893766,0.1109609452463454,0.0938658114903156,0.9944044652412194,0.0639285182294047,0.1169872027571234,-5.642451193381235,0.0047281323877068,일반,⑦ 일반
구로3동,11530540,2024,127736750408.34058,615094895800,0.2076699892659726,0.5212522991204441,0.3763601358143476,0.9279491286872664,0.1438624698338782,0.3646217526619248,-0.9011223964514062,0.2458628841607565,일반,⑦ 일반
구로4동,11530550,2024,65247635296.02023,210603037283,0.3098133632723589,0.3330161862184182,0.1710434122067988,1.1037331221949236,0.2568417313769022,0.3326734203783273,-0.4791946251800908,0.3617021276595745,일반,⑦ 일반
구로5동,11530560,2024,126040370573.43896,405594057930,0.3107549731292952,0.4259386913153833,0.3073336292478756,1.1211074397422591,0.2456147126992502,0.3911031689063285,0.4454004569341601,0.6501182033096927,쇠퇴,⑦ 일반
구산동,11380560,2024,17464416744.50021,63583554128,0.2746687722007896,0.3598038154165637,0.2100617762120074,1.1732187258495086,0.2170092567839604,0.346140214664535,-0.3506698821998149,0.392434988179669,일반,⑦ 일반
구의1동,11215850,2024,68022173610.63064,229936875542,0.2958297726290787,0.4561562398495818,0.2851458538759864,1.0524741375899491,0.2302507681084388,0.4179802890530485,0.4011145647579004,0.6359338061465721,일반,⑦ 일반
구의2동,11215860,2024,40351511024.33541,122500987741,0.3293974339998739,0.4334306364390998,0.2171167499664022,1.1993167603663046,0.2610265558560709,0.4085307937500836,1.0625378637730467,0.7966903073286052,신흥 성장,② 라이징스타
구의3동,11215870,2024,155829420580.77527,472450551443,0.3298322334577181,0.2183185245312263,0.2100296939477097,1.0952467154738217,0.272438276809862,0.353267864012931,-0.9119242082594788,0.2387706855791962,일반,⑦ 일반
군자동,11215730,2024,47124150911.94556,164608900041,0.2862794836743827,0.5073047536263259,0.3508528956308865,1.059205401074578,0.2230024067888,0.3959916668160977,0.5138140561459121,0.6761229314420804,일반,③ 급성장 신흥
금호1가동,11200590,2024,5444923664.544762,20646962240,0.2637154851766107,0.620634479786795,0.1872257014405234,1.1422781736722136,0.1932380991267798,0.4167668496205861,1.3699110981545086,0.8439716312056738,신흥 성장,② 라이징스타
금호2·3가동,11200615,2024,23487048762.4858,74076480454,0.3170648580836772,0.5109658134136709,0.1775210819737308,1.134982753471283,0.251632214013935,0.4033250161574961,1.1589198535524694,0.8085106382978723,기존 강세,⑤ 성숙·정체
금호4가동,11200620,2024,18313242312.506943,68522026235,0.2672606652012987,0.2939393985070471,0.2217021483851046,1.2129979897980976,0.2142108358947304,0.3091984983826711,-0.882079042883358,0.2482269503546099,일반,⑦ 일반
길동,11740685,2024,129846029183.7767,427870752125,0.3034702151032817,0.4298466864644891,0.2283437201462581,1.0779908701081542,0.2468091866025674,0.3501190044610367,0.0324106688107969,0.5319148936170213,일반,④ 잠재 후보
길음1동,11290660,2024,14887895346.128723,49735350049,0.2993423255583995,0.2396917684555372,0.1545965119060139,0.9951328893118108,0.2375341417796562,0.4088055522072032,-1.1246403365064808,0.1962174940898345,일반,⑦ 일반
길음2동,11290685,2024,27457794166.83701,88396455627,0.3106209855596318,0.3086472552827844,0.1907679690366371,1.120796233235588,0.2594425780799638,0.3226111753545184,-0.6060071544768959,0.3309692671394799,일반,⑦ 일반
낙성대동,11620585,2024,73693800918.42603,202648361469,0.363653574024576,0.6500782964936651,0.5127531739204086,1.2305737188887291,0.2763706638633122,0.5217752173445283,3.4334041311977,0.966903073286052,기존 강세,① 레전드
난곡동,11620775,2024,20972034912.9706,76013932749,0.2758972487612344,0.2720204743553677,0.2125377458017726,1.1053167965189574,0.2215663477722321,0.3308590213855348,-1.2042705952132762,0.1867612293144208,일반,⑦ 일반
난향동,11620715,2024,4018092500.185935,17238766564,0.2330846864982198,0.2341516019150382,0.1299094060869029,1.0299302158244492,0.1772469710437921,0.3584209826185102,-1.9689133354211887,0.0921985815602836,일반,⑦ 일반
남가좌1동,11410690,2024,23592060422.27003,86202318394,0.2736824352500492,0.2149810617540175,0.1187527780657987,1.1571498030561511,0.2222494396662711,0.3050880560171863,-1.524319325480932,0.1276595744680851,일반,⑦ 일반
남가좌2동,11410700,2024,33097449834.75566,114083801237,0.2901152440213518,0.4175015822978419,0.2597306494849679,1.0651380185100834,0.2309480488580961,0.3611622868123454,-0.1717493094171277,0.4609929078014184,일반,⑦ 일반
남영동,11170530,2024,73135636924.77097,253251306549,0.2887868099137345,0.7389211559459136,0.3832124801821016,1.07776438762656,0.1992222100826086,0.51902950924191,2.608856692666794,0.9385342789598108,기존 강세,① 레전드
남현동,11620630,2024,41636972103.88245,115787862106,0.3595970367409077,0.5750544724717711,0.4204836244098603,1.2290297133547472,0.275437569317962,0.4959156049313091,2.7835370332790896,0.9432624113475178,기존 강세,① 레전드
내곡동,11650660,2024,6855355218.494501,24596778042,0.2787094800298113,0.7317756376979709,0.1764546089162127,0.9778024754563632,0.2418856928269548,0.2376314747411013,0.656296436128273,0.7115839243498818,기존 강세,⑤ 성숙·정체
노량진1동,11590510,2024,554613977282.6868,1340431542692,0.4137577784605477,0.0717331366351573,0.2444476048377279,1.3414388416160865,0.3598147112133595,0.3449857078133945,-0.0566549910314835,0.5106382978723404,쇠퇴,⑦ 일반
노량진2동,11590520,2024,1439580914104.5747,3191402852832,0.4510809134694836,0.0287186751555569,0.2467033767001041,1.4705732093830208,0.3929578360958546,0.3669507352638967,0.6546691362763699,0.7092198581560284,기존 강세,⑤ 성숙·정체
녹번동,11380510,2024,45422041128.64973,182357259402,0.2490827142149492,0.3772513111438298,0.1432051251024317,1.1621132002609071,0.19865425254687,0.2917034173711463,-0.8450761792679214,0.2576832151300236,일반,⑦ 일반
논현1동,11680521,2024,269824379991.20084,1015586396248,0.2656833342668282,0.3286823977834051,0.3755198083185737,1.2218907196400228,0.2075552953069748,0.3157273466714491,-0.6575091339728784,0.3144208037825059,일반,⑦ 일반
논현2동,11680531,2024,202952234860.0269,766431336222,0.2648015879158169,0.5798658755169553,0.319290965538128,1.040305168874884,0.19601554893038,0.4007504624628675,0.649037314665869,0.706855791962175,신흥 성장,⑤ 성숙·정체
능동,11215780,2024,38054304070.594406,102352125860,0.3717978864713187,0.5849527890011136,0.3772584643411919,1.2491167344045258,0.2845931821762358,0.5253412559847342,3.2144771795500366,0.9621749408983452,기존 강세,① 레전드
다산동,11140625,2024,47902277056.16968,165640946578,0.2891934515335107,0.4994273331325396,0.2891837952848431,1.0844570097241424,0.2213584929661944,0.3858326946405432,0.4759279156587928,0.6548463356973995,일반,⑦ 일반
답십리1동,11230600,2024,35644400758.267136,143565678518,0.2482794016384501,0.425888202836265,0.173044199006695,1.142816365506527,0.2049452226516032,0.2556415950167257,-0.8109541885250036,0.2695035460992908,일반,⑦ 일반
답십리2동,11230610,2024,34432324185.21534,120118153702,0.2866537914879891,0.4360290492803998,0.2097954249240213,1.1294472554515358,0.2262379324978546,0.3606641269768257,0.1366711947876666,0.5697399527186762,쇠퇴,⑦ 일반
당산1동,11560550,2024,143613090333.0993,584212431579,0.2458234069839016,0.228896441668611,0.2303434263924985,0.9429674153457056,0.2017557907119977,0.2814991407825966,-2.623904501495208,0.0472813238770685,일반,⑦ 일반
당산2동,11560560,2024,63713496324.06163,231112711892,0.2756814880604024,0.5461334938122417,0.3638519320706859,1.144379696150999,0.1967669076214675,0.4463183905790625,1.1647705263555044,0.8156028368794326,기존 강세,⑤ 성숙·정체
대림1동,11560700,2024,29945015158.22964,119204093889,0.2512079424563532,0.3165294538133461,0.1926483756118642,1.020953440335204,0.2086010194763504,0.2671288058248343,-1.8254428951219133,0.0969267139479905,일반,⑦ 일반
대림2동,11560710,2024,54940739275.42541,162448966665,0.3382030701907968,0.4626282156166647,0.1764649274631321,1.1161115416211145,0.2929755240188557,0.3309517605173127,0.7000540696025701,0.7210401891252955,기존 강세,⑤ 성숙·정체
대림3동,11560720,2024,75378668491.86604,507042969656,0.1486632751125732,0.1754870006724825,0.1373880007393879,1.073139768560744,0.1158847223458484,0.1780990506549495,-4.0138679253138605,0.0118203309692671,일반,⑦ 일반
대방동,11590660,2024,67876168320.06763,226900844998,0.2991446255771586,0.3782023819380505,0.2311214246137437,1.0930095435171236,0.2304092122550747,0.4288983377204161,0.1596484201992205,0.5721040189125296,일반,④ 잠재 후보
대조동,11380570,2024,78484301972.9486,246333573334,0.3186098464399446,0.4065394455639866,0.2482039967369769,1.0809342145047882,0.2610529560370088,0.3606255437846918,0.1153462848888543,0.5602836879432624,일반,④ 잠재 후보
대치1동,11680600,2024,158993871226.80994,531034815496,0.2994038556178386,0.150855062403349,0.0844430410897188,1.0652658636183507,0.2393993505477751,0.3927355205556592,-1.4890823086242988,0.1371158392434988,일반,⑦ 일반
대치2동,11680610,2024,161419973290.6972,697012218267,0.2315884414365647,0.2780595348556115,0.132608040517295,0.985234489906802,0.1736344106820802,0.3724065906669191,-1.8118440272178729,0.0992907801418439,일반,⑦ 일반
대치4동,11680630,2024,260164042554.78897,855433786063,0.3041311283157907,0.4280884749448397,0.1811716045963915,1.0308125637780718,0.2332278395131176,0.4494084077825835,0.3947616596718545,0.6335697399527187,쇠퇴,⑦ 일반
대학동,11620735,2024,41303500493.99532,122381545608,0.337497784398756,0.5485298409861867,0.457730403041569,1.1415747921184247,0.2678310284459861,0.4439863905873739,1.853612840725191,0.8936170212765957,기존 강세,⑤ 성숙·정체
대흥동,11440600,2024,50574552656.24679,225250677308,0.2245256407690747,0.2966642793514329,0.3302739810689919,1.0986105157681112,0.1721049637022474,0.3085676998296486,-1.7225239438237203,0.1111111111111111,일반,⑦ 일반
도곡1동,11680655,2024,50608316421.48788,275240714305,0.1838692961878007,0.2981875513956587,0.2187172069728436,0.9622499134633224,0.1375714369787629,0.2649867064150221,-2.8768693991347205,0.0378250591016548,일반,⑦ 일반
도곡2동,11680656,2024,75758427253.11758,290288907174,0.2609759635345203,0.4537174972450916,0.178672053114007,1.106296088005108,0.2039341790263981,0.3475480530557326,-0.1552202973775597,0.4704491725768321,일반,④ 잠재 후보
도림동,11560585,2024,15007202076.467049,55733484794,0.269267248081402,0.292687182531176,0.1936617327069053,1.227223444322266,0.2025663507804808,0.3714604684871376,-0.5191847923259174,0.3498817966903073,일반,⑦ 일반
도봉1동,11320521,2024,68656750734.65698,187607055178,0.3659603881608612,0.4104528187276294,0.1203849915056311,1.0348384277224911,0.3216140805032769,0.3099801686393059,0.2098581731655985,0.5910165484633569,일반,④ 잠재 후보
도봉2동,11320522,2024,12830420269.156872,48503987491,0.2645229997129118,0.4529614441096549,0.1785573103779769,1.107658387008065,0.2077167235965795,0.3478763124605144,-0.1150135759143762,0.4869976359338061,일반,④ 잠재 후보
도화동,11440585,2024,57189317450.14224,233760656572,0.2446490281504129,0.5558394386738025,0.2336845309731354,1.2241635110599427,0.1629580421086258,0.4626999511086914,1.3085004021775752,0.83451536643026,기존 강세,⑤ 성숙·정체
독산1동,11545610,2024,193734805883.49777,884526034934,0.2190266857413117,0.1163524353171574,0.1667938783407414,1.1682461813126592,0.1952613594034993,0.1283828960867989,-3.5705905195812475,0.0260047281323877,일반,⑦ 일반
독산2동,11545620,2024,28155497879.20292,84314447065,0.3339344425457381,0.3512379922644755,0.1880035706665996,1.1470349562861766,0.2734317490243034,0.3858398893124497,0.3287372937671349,0.6146572104018913,일반,③ 급성장 신흥
독산3동,11545630,2024,50053179804.64111,150801127895,0.33191515543234,0.3497269301640855,0.1779018332852238,1.1651601289620257,0.2724241680314522,0.370590733438758,0.2733273195234767,0.6052009456264775,일반,③ 급성장 신흥
독산4동,11545640,2024,25124055204.49348,69992846073,0.3589517588453253,0.4999008413732346,0.261183560101751,1.0385845395538482,0.2829430941748697,0.5132641424886726,1.79326530418213,0.8865248226950354,기존 강세,⑤ 성숙·정체
돈암1동,11290580,2024,8386461200.81829,35256718431,0.2378684566809929,0.0766395967704178,0.103263913716905,0.9981328993311706,0.1815772756482947,0.3410521958114905,-3.124784808030986,0.0330969267139479,일반,⑦ 일반
돈암2동,11290590,2024,8152678933.99781,31317004804,0.2603275436147872,0.2420416388297719,0.171224005410476,0.9376771102987193,0.2108898588908617,0.3238837062318445,-2.1807365257322937,0.0851063829787234,일반,⑦ 일반
동선동,11290575,2024,97460433555.3938,268766139826,0.3626216963881313,0.6113430535460073,0.4377965914128044,1.2022892460351289,0.2854612073182665,0.4803491309380741,2.8929086405062163,0.950354609929078,기존 강세,⑤ 성숙·정체
동화동,11140665,2024,31206381562.862053,92009664222,0.3391641717936021,0.6720599330827107,0.2937121359425452,0.8743198262019978,0.2732497728753639,0.4204341062767453,1.4729658319673735,0.8581560283687943,신흥 성장,② 라이징스타
둔촌2동,11740700,2024,31886720421.75308,103781993014,0.3072471388890327,0.5491577274615626,0.1879582083509283,1.0080058417165831,0.2550347519191456,0.3572693940941973,0.62035033903788,0.6950354609929078,쇠퇴,⑦ 일반
등촌1동,11500520,2024,74914266105.2137,309897162683,0.2417391158299987,0.445486086996605,0.2858778440240941,1.1337953605503688,0.1875725775116583,0.3073216464405676,-0.5400245975942822,0.342789598108747,일반,⑦ 일반
등촌2동,11500530,2024,11244460991.398537,41637188720,0.2700581220075834,0.4126254216281295,0.2443460415499445,1.2182786683004234,0.2035916250495597,0.3703585052223477,0.1776947313562599,0.5791962174940898,쇠퇴,⑦ 일반
등촌3동,11500535,2024,63291499848.80158,265324867739,0.2385434142986605,0.3386838088180881,0.2199166702511965,1.0378050369104463,0.1814049733677685,0.3373707234334844,-1.4085210686921277,0.1536643026004728,일반,⑦ 일반
마장동,11200540,2024,31299137675.25814,108038664342,0.2897031156936527,0.5422119750811015,0.2193284385115098,1.1152852821222248,0.2199966407652092,0.4067107323810014,0.9847515056218727,0.7848699763593381,기존 강세,⑤ 성숙·정체
마천1동,11710540,2024,21730701476.331688,141671920843,0.1533874980096693,0.1192326922052502,0.0846783943043626,1.097002341054902,0.1128255556562518,0.2384899164912355,-3.8765036445919576,0.0189125295508274,일반,⑦ 일반
마천2동,11710550,2024,42898294796.04139,157899281314,0.2716813809350622,0.3028931357824964,0.1218803794662596,1.0947990900225493,0.2275365881213449,0.286442351425635,-1.305507712221725,0.1678486997635933,일반,⑦ 일반
망우3동,11260660,2024,18946270643.918987,58330537236,0.324808780129422,0.4732777120208316,0.2100795994801353,1.0484311614023123,0.2611605860814568,0.4090043279813278,0.7325005731519494,0.735224586288416,기존 강세,⑤ 성숙·정체
망우본동,11260655,2024,90072391262.20654,273970078376,0.3287672573447603,0.4066280728587734,0.1847155080400676,1.0546899306992583,0.2739273349442318,0.3516778750370291,0.0806597765676778,0.5508274231678487,일반,④ 잠재 후보
망원1동,11440690,2024,72557690745.1433,206743868210,0.3509544992717406,0.4243344188031239,0.3611780864627752,1.1668936646389734,0.2857196974083839,0.4011081809825058,1.0756076338633016,0.8014184397163121,기존 강세,⑤ 성숙·정체
망원2동,11440700,2024,38287456551.44626,128078916950,0.2989364484272855,0.3227829000001549,0.265187091106176,1.0761691557528434,0.2436998791938956,0.345071539754303,-0.6905441004169404,0.3026004728132387,일반,⑦ 일반
면목2동,11260520,2024,30714802348.07393,102979103321,0.2982624761485024,0.3298994490086234,0.1720223518725039,1.1496948470450337,0.2369551473461309,0.3739606722633681,-0.2328502225156997,0.4397163120567376,일반,⑦ 일반
면목3·8동,11260575,2024,47062672132.36603,151638885382,0.3103601824413866,0.4565027590292289,0.2548007697409942,1.1466237285028529,0.2466732956640429,0.3916262771544301,0.7426562291803981,0.7399527186761229,기존 강세,⑤ 성숙·정체
면목4동,11260540,2024,13291898936.584145,49789254368,0.2669632053202019,0.3045016118526983,0.1956836508333387,0.983347098921931,0.2128339649089159,0.3405860141761583,-1.4919559972884755,0.1347517730496454,일반,⑦ 일반
면목5동,11260550,2024,11400611891.56432,36834538106,0.309508751236581,0.3182649262565453,0.2174891495841796,1.172570332043935,0.236113832864469,0.446232403096772,0.275919569195725,0.607565011820331,일반,④ 잠재 후보
면목7동,11260570,2024,50204655025.89897,185927240298,0.270023128108781,0.3195441708529414,0.191719714571504,1.0883788264445096,0.2155553161804828,0.3116091289212946,-1.17288834165791,0.1891252955082742,일반,⑦ 일반
면목본동,11260565,2024,78343193285.80557,228375288428,0.3430458427664115,0.4119894716089795,0.208774633359825,1.2370084631993423,0.2714949420700902,0.4063115569277296,1.164273385814232,0.8132387706855791,기존 강세,⑤ 성숙·정체
명동,11140550,2024,252854633263.02533,994283322289,0.2543084326114546,0.6769286470867382,0.3368868779935541,1.0587664195966675,0.1901356346788353,0.3751007094319901,1.0736382266705908,0.7990543735224587,신흥 성장,② 라이징스타
명일1동,11740530,2024,77316036143.79532,242917207862,0.3182814293984399,0.3514742814329705,0.1837185011584406,1.1828925808923263,0.2567021896300772,0.3693340773411495,0.1878969868676938,0.5839243498817966,일반,④ 잠재 후보
명일2동,11740540,2024,102306244816.64946,335987814489,0.3044939143767635,0.2643945507967472,0.1477897140362681,1.110380588628466,0.2393639495179757,0.4033543808281086,-0.553779641180166,0.3380614657210402,일반,⑦ 일반
목1동,11470510,2024,112318325227.52618,337220046159,0.333071317992074,0.3930722911072182,0.2233410136166364,1.1512251181690805,0.261852644805005,0.4417343786577985,0.8715754522080572,0.7612293144208038,기존 강세,⑤ 성숙·정체
목2동,11470520,2024,39786279115.49423,115648179158,0.3440285822497707,0.4387232903829962,0.3234461627354764,1.105833759154272,0.2686832381299151,0.4620520975777385,1.183446402581288,0.8203309692671394,신흥 성장,② 라이징스타
목3동,11470530,2024,47575696898.1581,148063317448,0.3213199441844651,0.2831183881633758,0.2285862580911473,1.156129320503475,0.2665711309815931,0.3366584897944505,-0.4584616970687497,0.3711583924349881,일반,⑦ 일반
목4동,11470540,2024,36573912803.653854,110931006802,0.3296996381627941,0.2615052766696514,0.167162557219896,1.1012606641445908,0.2665809814814269,0.3986689201418359,-0.3700886536403722,0.3853427895981087,일반,⑦ 일반
목5동,11470550,2024,90121259187.08008,283812357405,0.3175381791374119,0.1544997006153175,0.0846809046186253,1.0629892645040848,0.2505064254251089,0.4249670469770573,-1.142927841765948,0.1914893617021276,일반,⑦ 일반
무악동,11110570,2024,5944281698.296725,31864050968,0.1865513491761097,0.2869526162942208,0.1562476061816472,1.15773367345657,0.1450246828829388,0.220580748099436,-2.431838218944167,0.0614657210401891,일반,⑦ 일반
묵1동,11260620,2024,48396026622.16124,192899987573,0.2508866238461862,0.2959161667877149,0.1738604138494731,1.0099516380308418,0.202062449559513,0.3108180547202486,-1.754775884555745,0.1040189125295508,쇠퇴,⑥ 쇠퇴 주의
묵2동,11260630,2024,39216204510.93749,118283580531,0.331543941558817,0.3579260159266509,0.2341302749940171,1.1274029387469986,0.2640903722289096,0.4157898713601294,0.409497972125272,0.640661938534279,일반,⑦ 일반
문래동,11560605,2024,113212826057.82722,630122335695,0.1796680099158173,0.3014693786825994,0.2385437708111268,0.9912644706415222,0.1423575966912226,0.243311312499181,-2.8488677385223373,0.0401891252955082,일반,⑦ 일반
문정1동,11710641,2024,38939628126.4444,128275864440,0.303561611503761,0.4838251553239737,0.2481582398136127,0.993263028896146,0.2383988229157787,0.4202455938561594,0.4389586678389967,0.6477541371158393,쇠퇴,⑦ 일반
문정2동,11710642,2024,125824542738.92384,571686098248,0.2200937597127656,0.3752919822652878,0.2637413301514149,1.1328387923107055,0.17045645642537,0.2776319925557246,-1.3444907164147868,0.1631205673758865,일반,⑦ 일반
미성동,11620765,2024,30500107943.309628,108390280599,0.2813915396727095,0.3305308788482879,0.1765407270029388,1.1742878206521223,0.2208699232135844,0.3613535354789122,-0.3809977778833482,0.3806146572104019,일반,⑦ 일반
미아동,11305535,2024,52820727417.13786,184551542032,0.2862112493645764,0.4128834862771709,0.1929830149391249,1.0630834597453378,0.2294723449867294,0.3490341119925777,-0.3061746293891564,0.408983451536643,일반,⑦ 일반
반포1동,11650560,2024,82260909212.14232,326375931405,0.252043429973593,0.2443771194237582,0.3246343162343154,1.1199331442109173,0.1954383007117258,0.3146374063397826,-1.6864168758926132,0.1158392434988179,일반,⑦ 일반
반포2동,11650570,2024,38883846313.33066,122082484542,0.3185047098214442,0.1130331972745247,0.089992944247627,1.4672092632339735,0.2605827891719841,0.3551706326642036,-0.2336289332748193,0.4373522458628842,일반,④ 잠재 후보
반포3동,11650580,2024,133075088323.582,403692729333,0.3296445010130722,0.4354822427034211,0.1444661055832214,1.1564161890799436,0.2728014865191122,0.3637166884045671,0.7169746964827817,0.7281323877068558,기존 강세,⑤ 성숙·정체
반포4동,11650581,2024,113132522053.7995,444040215301,0.2547799009085489,0.323595823116151,0.1511965171679097,1.0875430906293206,0.1936572887586525,0.3689111709126565,-0.97084180226841,0.2293144208037825,일반,⑦ 일반
반포본동,11650550,2024,1439787034.3542335,6117151351,0.2353688754356004,0.6135497905224219,0.1034653507300476,1.3645502678942036,0.2020338165734556,0.1795541000992963,0.6210447737449427,0.6973995271867612,쇠퇴,⑦ 일반
발산1동,11500611,2024,213293075908.4749,633518501392,0.3366801055372752,0.105262657796851,0.1354576744774508,1.217205632796559,0.2968310360025969,0.240920987353389,-1.669634261793945,0.1182033096926714,일반,⑦ 일반
방배1동,11650600,2024,72302038283.6387,283080694495,0.2554114063222201,0.2748905514196922,0.2716403206978786,1.1892336681918405,0.1934656396109955,0.3376274347055063,-1.096498877597366,0.2033096926713948,일반,⑦ 일반
방배2동,11650610,2024,66465690147.10472,187146877763,0.3551525461796689,0.6787313244619518,0.3294309493801715,1.2972990421700146,0.2592512790325177,0.5213131042429209,3.690382324720333,0.9810874704491724,기존 강세,① 레전드
방배3동,11650620,2024,14109281700.954493,103247179130,0.1366553722808184,0.2343641961155438,0.1634702796068536,1.5139797108232165,0.102213093877483,0.162850186471724,-2.211747656703106,0.0803782505910165,일반,⑦ 일반
방배4동,11650621,2024,57000141669.75197,240994161885,0.2365208402722712,0.3291512219364567,0.2081222693142835,1.0772271172781809,0.1827089313101764,0.3173565128581662,-1.4414410523625034,0.1442080378250591,일반,⑦ 일반
방배본동,11650590,2024,66905761902.00591,211614243028,0.3161685193994867,0.35929762556644,0.2009405541543518,1.0531581999223352,0.2564484438640524,0.3819179857298466,-0.1758208717552669,0.4562647754137116,일반,⑦ 일반
방이1동,11710561,2024,57814125259.62592,190472892171,0.3035294135593971,0.377258820648813,0.1949850043367723,1.079882074151739,0.2362469035520381,0.4187235782055447,0.0909032145578883,0.5555555555555556,쇠퇴,⑦ 일반
방이2동,11710562,2024,184492223321.0616,491198256713,0.3755962501895802,0.666996396256406,0.4503683945223277,1.160616356617333,0.2902136822999584,0.526008257879393,3.4346792517835847,0.9692671394799054,기존 강세,① 레전드
방학1동,11320690,2024,65921463575.105576,219194051229,0.3007447656790422,0.4344227215934669,0.1969452595540539,1.10873026781817,0.2384782930280734,0.367385381489522,0.2150296516011317,0.5933806146572104,일반,③ 급성장 신흥
방학2동,11320700,2024,39147405686.7956,226503963529,0.1728332037853432,0.1247342122487084,0.1452257163296326,1.076270832565721,0.1397542068704114,0.1891694528052445,-3.998061273073074,0.0141843971631205,일반,⑦ 일반
방학3동,11320710,2024,17737197529.145042,56058158895,0.3164070650691148,0.4293289876515485,0.1539933734921495,1.1089062647079546,0.2641121866262461,0.3312175526987578,0.1872964865203523,0.5815602836879432,일반,⑦ 일반
방화1동,11500630,2024,75528780684.73991,256063320677,0.294961341925314,0.3425719732372398,0.2261617295709846,1.206462484324816,0.2385992654296144,0.3376282242276078,-0.174196590876704,0.458628841607565,일반,④ 잠재 후보
방화2동,11500640,2024,33125904179.51828,116001204709,0.2855651737636496,0.4962381129179243,0.2156110936842667,1.0365187218013938,0.225632297152939,0.3736278492083397,0.2310084959007384,0.5957446808510638,쇠퇴,⑦ 일반
방화3동,11500641,2024,14703003761.915531,51559454072,0.2851660093488108,0.4670817208105058,0.1907155675129624,1.0455449011922555,0.2307577519417766,0.3333062342165599,-0.1401709054787806,0.4775413711583924,쇠퇴,⑥ 쇠퇴 주의
번1동,11305595,2024,75093059723.82014,251469462873,0.2986170124431549,0.3694154501213365,0.2778473023234897,1.1288522124890823,0.2362202359934254,0.3742911370973698,-0.0774304179784202,0.5059101654846335,일반,④ 잠재 후보
번2동,11305603,2024,5138376741.550302,20528672654,0.2503024344610557,0.5329816073066016,0.1496026240352948,0.8639243460063444,0.2007108426563154,0.2914211413875468,-1.0204317671864185,0.2222222222222222,일반,⑦ 일반
번3동,11305608,2024,14546984021.067114,54440695849,0.2672079001601211,0.2566292851720893,0.1266281008810182,1.1962841654119931,0.2128689337502813,0.3227569704424113,-1.0919839622429726,0.210401891252955,일반,⑦ 일반
보광동,11170700,2024,14645198655.97471,45100566157,0.3247231665561175,0.5003380931948154,0.2518674570393819,1.1316078189219223,0.2553648965050175,0.424990118733245,1.2682702028929056,0.8297872340425532,신흥 성장,② 라이징스타
보라매동,11620525,2024,28667097357.011333,99221129424,0.2889212965366349,0.4369655131391079,0.3081999816724843,1.1160822342654844,0.2181822140069656,0.4295503691645218,0.4886744834231634,0.6619385342789598,일반,④ 잠재 후보
보문동,11290610,2024,17545366918.41858,57290154265,0.3062544889870804,0.4335230157369868,0.2574866772005191,1.1590315825157786,0.2365664373900949,0.4176869006027278,0.7311773067162683,0.7328605200945626,신흥 성장,⑤ 성숙·정체
부암동,11110550,2024,9305065329.602438,30497122641,0.3051128934076164,0.5863807441938274,0.217662456918996,1.1236931856640724,0.2536683342906454,0.3015772500988448,0.8896093099731036,0.7683215130023641,기존 강세,⑤ 성숙·정체
북가좌1동,11410710,2024,4984666454.478077,18034088899,0.2764024555049453,0.2274356724074613,0.1285861305213254,1.000519812203294,0.2185841994611984,0.3918488729082315,-1.48285652304014,0.1418439716312056,일반,⑦ 일반
북가좌2동,11410720,2024,49627079936.66123,167696269228,0.2959343112707427,0.329630140339284,0.2702602291311601,1.1564357508601466,0.2330229897653284,0.3738706755709484,-0.2481414327485844,0.4278959810874704,일반,⑦ 일반
북아현동,11410555,2024,19119152022.84065,54731592172,0.3493257050289461,0.3350016109412589,0.2067468911088779,1.1481896277932333,0.2877200697635864,0.3870179988265809,0.3836510891379006,0.6288416075650118,일반,⑦ 일반
불광1동,11380520,2024,58303849496.48749,197258883266,0.2955702097221437,0.3911154015657855,0.2195261319593199,1.082041127331455,0.2357309743880865,0.3702706169258193,-0.1571862126249196,0.4680851063829787,일반,④ 잠재 후보
불광2동,11380530,2024,38078689782.34558,125119312467,0.3043390267380886,0.3295694031796713,0.1762269435009522,1.1854146470532,0.2477422067850276,0.3386415746344128,-0.2364050639217878,0.4349881796690307,일반,⑦ 일반
사근동,11200550,2024,44814423120.71188,151403723097,0.2959928739136789,0.6987895246157019,0.5808595658883278,1.0546511965626877,0.2161973963944655,0.4822040730017333,2.189285796338201,0.9219858156028368,기존 강세,⑤ 성숙·정체
사당1동,11590620,2024,90121530649.68626,261036680792,0.3452447003856027,0.6100779262432325,0.4080630994993272,1.2574787723247474,0.2499578344508266,0.5275206035841541,3.072422645803986,0.9550827423167848,기존 강세,① 레전드
사당2동,11590630,2024,109755241498.48608,311112817362,0.3527827700225501,0.4821090347700992,0.2707182943189382,1.277290921831724,0.2732891965169963,0.4604718587865481,2.1368229824317564,0.9196217494089834,기존 강세,① 레전드
사당3동,11590640,2024,16267815307.54312,58858396649,0.2763890325547886,0.4035953002536231,0.2303435515046491,1.3422766518367872,0.2072700312370345,0.3774838341162574,0.6823870550916533,0.7163120567375887,기존 강세,⑤ 성숙·정체
사당4동,11590650,2024,25842539522.8923,88301009535,0.2926641457326607,0.165937762423794,0.1926891249556538,1.477360891445131,0.2313570461490874,0.3401975630198552,-0.2654612237896221,0.4231678486997636,일반,④ 잠재 후보
사당5동,11590651,2024,6319351223.468322,22167833736,0.2850685050567595,0.3565909389316073,0.2396308433770544,1.125534745610976,0.2195249045059871,0.3881123661184789,-0.2370574690574266,0.4326241134751773,일반,⑦ 일반
사직동,11110530,2024,107983902521.8694,414597056463,0.260455063147575,0.7830555942598041,0.3173744110138005,1.0342092964771237,0.1927355121734474,0.4023071241700563,1.838453724228709,0.8888888888888888,기존 강세,⑤ 성숙·정체
삼각산동,11305575,2024,15071226408.396996,51398364610,0.2932238510457345,0.3053602364995558,0.166689719896907,1.1401647799923895,0.2286943101242769,0.3751060383397673,-0.4919172226825317,0.3569739952718676,일반,⑦ 일반
삼선동,11290555,2024,72814172018.0674,243582018561,0.2989308178338813,0.3535791386318266,0.24857688679855,1.1556873291767678,0.2343410185456904,0.3848369298800476,-0.0166006058383237,0.5200945626477541,일반,④ 잠재 후보
삼성1동,11680580,2024,324332002793.3347,1025006756578,0.3164193803718151,0.7049366292318825,0.3211635766470669,1.0531132863206794,0.246681139727452,0.420071784455827,2.091392797456116,0.9148936170212766,신흥 성장,① 레전드
삼성2동,11680590,2024,84159266688.2463,359982382101,0.2337871820200184,0.5018793086082479,0.2775029725037271,1.049137046009206,0.1687172806583616,0.3717803313870237,-0.2608335335853918,0.425531914893617,일반,④ 잠재 후보
삼성동,11620745,2024,13754148055.516582,46582655802,0.2952632867043629,0.2124717178442852,0.1454147395501046,1.2088451662615571,0.2403611229379343,0.3246024621539675,-1.028190000702384,0.2151300236406619,일반,⑦ 일반
삼양동,11305534,2024,21807419698.253685,75545908384,0.288664471243188,0.2079388436254083,0.1681808528056682,1.207832208478909,0.2315711221324745,0.3425427986577852,-1.022127774486259,0.2198581560283688,일반,⑦ 일반
삼전동,11710610,2024,89284654793.1385,300232531350,0.2973850115164694,0.2950653928728566,0.2222705247826902,1.3974795359386365,0.2344276510760598,0.3559631379066411,0.3530653089984111,0.6193853427895981,일반,④ 잠재 후보
삼청동,11110540,2024,66835877209.77824,156408943797,0.4273149321724412,0.9068808508616796,0.4256310796485085,1.1840060172025015,0.3831710147265217,0.2971613924477603,4.314206653491345,0.9881796690307328,기존 강세,⑤ 성숙·정체
상계10동,11350720,2024,5773296681.997591,19724983766,0.2926895530301543,0.2521585324989412,0.2596879661229121,1.0140645015371827,0.2367038104765353,0.3708998824430262,-1.247153099447363,0.1749408983451536,일반,⑦ 일반
상계1동,11350630,2024,66842664099.61809,189308430315,0.3530886817264035,0.5083893514401728,0.1974492769751641,1.0968576775085117,0.2892079623443049,0.4140820556409672,1.4427588069045134,0.8534278959810875,기존 강세,⑤ 성숙·정체
상계2동,11350640,2024,125869275430.08504,354486979157,0.3550744676981164,0.5384142413661659,0.3450798335524264,1.2383439178118216,0.2811645268580011,0.4407494287478535,2.2711674353626736,0.9267139479905436,기존 강세,⑤ 성숙·정체
상계3·4동,11350665,2024,18659935975.647568,57625984455,0.3238111444363969,0.411162515158458,0.1453868761156247,1.00766410606491,0.259091630923184,0.4258882921673116,0.2958291095641953,0.6099290780141844,일반,④ 잠재 후보
상계5동,11350670,2024,29159137642.059128,94027626893,0.3101124489214341,0.3199593510983283,0.1688457752322782,1.1834337413369311,0.2390114646685088,0.4046092756897203,0.0681786578215,0.5460992907801419,일반,④ 잠재 후보
상계6·7동,11350695,2024,112711902843.61057,413389087280,0.2726533097069097,0.2622797461234424,0.2951245703043078,1.116223238023757,0.2207256279510756,0.3072246759866138,-1.3936648260173652,0.1560283687943262,일반,⑦ 일반
상계8동,11350700,2024,13800504865.74629,50713468849,0.2721270143605729,0.2941443210168839,0.2137900590133619,1.3465810447160245,0.2090045205063704,0.3558131692929109,-0.0989408334843452,0.491725768321513,일반,④ 잠재 후보
상계9동,11350710,2024,22059081716.946777,79880242300,0.2761519129361326,0.1945256011448027,0.1769107441728428,1.187542720717987,0.2188849223107576,0.3491493018167773,-1.2605886652278688,0.1725768321513002,일반,⑦ 일반
상도1동,11590530,2024,64873568215.019226,239926982589,0.2703887971039465,0.3745492767311618,0.2623519872328269,1.002210916875984,0.2156186104862547,0.3500771187785981,-0.9011656486857952,0.243498817966903,일반,⑦ 일반
상도2동,11590540,2024,30072211491.76709,106470973841,0.2824451623470249,0.3326550757570054,0.2205852780502699,1.0696339163497088,0.2234830158831251,0.3666593497989305,-0.705575200097083,0.3002364066193853,일반,⑦ 일반
상도3동,11590550,2024,46742279370.884605,155999403068,0.2996311425019343,0.2703529873996761,0.1935024298448234,1.189083155818592,0.2439314059580898,0.3292111758890105,-0.6849839842533313,0.3073286052009456,일반,⑦ 일반
상도4동,11590560,2024,26068863930.734222,84893970075,0.3070755662351938,0.3510638259898814,0.2133823444232414,1.1132955780324791,0.2469206847610136,0.38773825099615,-0.0497025990228214,0.5130023640661938,일반,④ 잠재 후보
상봉1동,11260580,2024,17682665229.193317,51591357861,0.3427447146639333,0.4509267954466099,0.2353384163819072,1.143578175636113,0.2773685155671658,0.4180195660890477,1.182708921475203,0.817966903073286,기존 강세,⑤ 성숙·정체
상봉2동,11260590,2024,101435239967.78868,276305574324,0.3671125355178112,0.5548832830539199,0.399897470173487,1.2822570111787266,0.2869459674745089,0.4644334958820756,2.760048715613712,0.9408983451536644,기존 강세,⑤ 성숙·정체
상암동,11440740,2024,67467990914.68425,315503272850,0.2138424438682784,0.641604818972007,0.324695225743995,0.972029703802774,0.1482837551236515,0.3828709359139695,0.1684082297342679,0.574468085106383,일반,④ 잠재 후보
상일동,11740520,2024,21898773854.828945,78673623661,0.278349627687031,0.5637924450273911,0.2049604780057113,1.2468771245870345,0.1999398881864094,0.4187329797970217,1.5041342495199288,0.8605200945626478,기존 강세,⑤ 성숙·정체
서강동,11440655,2024,54138633086.519104,142769842700,0.379202162464238,0.6492555132443246,0.504326575026758,1.1665615510953338,0.2995632849149311,0.4819083920024519,3.1365907131089488,0.9598108747044918,기존 강세,⑤ 성숙·정체
서교동,11440660,2024,581201755899.4973,1453682131390,0.3998135103605879,0.665769167271514,0.5827131093171165,1.1697685595563034,0.3244083045322105,0.4771493109437635,3.46134851834862,0.9716312056737588,기존 강세,① 레전드
서림동,11620665,2024,18202948049.350487,57250802582,0.3179509671201291,0.4262790694339196,0.3054001418924597,1.1174554854655254,0.2468786510329868,0.4295048517229187,0.71182346614875,0.723404255319149,신흥 성장,② 라이징스타
서빙고동,11170690,2024,3632634483.796112,13177256401,0.2756745693679025,0.4909501186080776,0.1858936524764067,1.2094755330728686,0.2206754800475252,0.3173526982204465,0.421455973924101,0.6453900709219859,일반,③ 급성장 신흥
서원동,11620645,2024,94390921077.7151,233731489791,0.4038434066463118,0.6658274353197249,0.5648345004391595,1.1526972954059205,0.3298126419376817,0.4949881458611012,3.573269266130372,0.9739952718676124,기존 강세,⑤ 성숙·정체
서초1동,11650510,2024,59736854124.527176,280272557051,0.213138434790307,0.4840290518286973,0.2204868926705341,1.0617344557933457,0.1569336853946652,0.3161650329178521,-0.8223883749749943,0.2647754137115839,일반,⑦ 일반
서초2동,11650520,2024,123926325394.33286,539893915945,0.2295382884199003,0.4651775825763978,0.3048329392727696,1.127986862563329,0.1601964487849698,0.3683257637288469,-0.2903991180830231,0.4137115839243498,일반,④ 잠재 후보
서초3동,11650530,2024,168103722637.90298,781475813798,0.2151105890544621,0.5803789148594642,0.2245241839402004,1.0678685233502272,0.1552273447062252,0.3366552860636636,-0.0886423136004481,0.5011820330969267,일반,④ 잠재 후보
서초4동,11650531,2024,205010626781.1724,781562352328,0.2623087283701904,0.3632132939162684,0.430556839599123,1.2180065046919384,0.2060086336610404,0.3083130015785015,-0.529179833371147,0.3475177304964539,일반,⑦ 일반
석관동,11290810,2024,57985756427.897964,168206695253,0.3447291818002932,0.5576177740958688,0.2415048311002084,1.126836698601818,0.2695622769640693,0.4584378724105792,1.969613052796307,0.9054373522458627,기존 강세,⑤ 성숙·정체
석촌동,11710600,2024,112134754789.95294,368402635797,0.3043809785653713,0.4231818576995901,0.260026520143535,1.0272806503673866,0.2443325015014265,0.3901093385992824,0.0505112684615307,0.541371158392435,일반,③ 급성장 신흥
성내1동,11740640,2024,62489261961.38234,181022897369,0.3452008716554968,0.478810643502843,0.2222875205558991,1.168790337628088,0.2907822558308817,0.3419818456822547,1.0544158311610068,0.7943262411347518,신흥 성장,② 라이징스타
성내2동,11740650,2024,60163354971.780464,210458654180,0.2858678119281531,0.4224959593201177,0.3030986993456788,1.1516513205976564,0.2256457362422538,0.3700030762355795,0.1981357696121919,0.5886524822695035,일반,④ 잠재 후보
성내3동,11740660,2024,88981149727.19455,286247059314,0.3108543715363946,0.3869844597302461,0.1917897720157118,1.1773357121152237,0.2460662003298878,0.3828316314816386,0.3708692987198217,0.6264775413711584,일반,③ 급성장 신흥
성북동,11290525,2024,35475247671.67145,112274279782,0.3159694966696985,0.5525205507481276,0.1749915678385838,1.1113495982610655,0.2595871460461826,0.3584014926582609,1.0885173469214124,0.8037825059101655,기존 강세,⑤ 성숙·정체
성산1동,11440720,2024,35095937621.42899,131199445175,0.2675006557734781,0.3563060248817855,0.2717552278551394,1.2589039590407969,0.2123808008626359,0.3045725187305465,-0.3778499714884918,0.3829787234042553,일반,⑦ 일반
성산2동,11440730,2024,40114668245.26305,133658190994,0.300128768367543,0.3947476447692494,0.2519636959661663,1.0417271854377803,0.2426878625377783,0.3447382996906522,-0.3973165113055884,0.3782505910165484,일반,⑦ 일반
성수1가1동,11200650,2024,24982219306.91745,81964301440,0.3047939025650708,0.5403462222077349,0.289527288869431,0.9398927290705068,0.2541494802862313,0.3479945972074156,0.2335503679428934,0.6004728132387707,일반,③ 급성장 신흥
성수1가2동,11200660,2024,69425304000.34589,252279842873,0.2751916411938437,0.6710467681447817,0.3369247328483133,1.09440110586714,0.213973875095422,0.3435774794724061,1.1910790177163506,0.8226950354609929,신흥 성장,② 라이징스타
성수2가1동,11200670,2024,108355625322.61404,321803506257,0.3367136256000848,0.6030068810127482,0.4113395338778122,0.9644141136842834,0.285741558644064,0.3477194918648154,1.017709292722758,0.7919621749408984,신흥 성장,② 라이징스타
성수2가3동,11200690,2024,128032774702.66518,482163508799,0.2655380848326253,0.5718909407533578,0.3835773182870606,0.9980780449696632,0.210331327936052,0.3299150503865959,0.0900724372624773,0.5531914893617021,일반,③ 급성장 신흥
성현동,11620565,2024,9285145592.021507,42011102928,0.2210164681449733,0.2104177664925884,0.1719906696423402,0.7320170629213769,0.173367246998548,0.3383246909122899,-3.429128802885665,0.0307328605200945,일반,⑦ 일반
세곡동,11680700,2024,37039586278.85031,149806135058,0.2472501294056468,0.2908838432226339,0.2238447942470246,1.1154202786094245,0.1947000484106168,0.3173520427423989,-1.4096457928820865,0.1513002364066193,일반,⑦ 일반
소공동,11140520,2024,119326184245.0581,616618829000,0.1935169323949692,0.6472219038757249,0.2222349465864267,0.9987635429674656,0.1367127478992374,0.3195261447084354,-0.2479724041696451,0.4302600472813239,일반,⑦ 일반
송정동,11200720,2024,6849775996.907885,29081694142,0.2355356590803073,0.3916661008943775,0.2480215596375141,1.096046123493379,0.1795544412407086,0.320384584938738,-0.9999204640824824,0.226950354609929,일반,⑦ 일반
송중동,11305545,2024,109330037964.58566,316989521526,0.3449011104161001,0.4971999103417455,0.2906208661583278,1.1912932684567232,0.2767792303689879,0.4054615706704298,1.553421467585815,0.8652482269503546,기존 강세,⑤ 성숙·정체
송천동,11305555,2024,48368576114.650604,170504735473,0.2836787845244916,0.298902499092586,0.1788294533252327,1.1468537040549054,0.2243406914997806,0.3441347054099364,-0.7629395703069699,0.2860520094562648,일반,⑦ 일반
송파1동,11710580,2024,82070170119.51613,273078775575,0.300536612362889,0.4185666639683885,0.3387686491606974,1.1076800686951291,0.2325907558075881,0.3955408666549204,0.2515186851441848,0.6028368794326241,일반,③ 급성장 신흥
송파2동,11710590,2024,29220274589.497147,103321767494,0.2828085049086485,0.2820417622229725,0.1758340513682657,1.1680272018336555,0.2200459211590653,0.3546141760411492,-0.7542638313897013,0.2884160756501182,일반,⑦ 일반
수궁동,11530790,2024,14284534907.646662,51690135747,0.2763493401828744,0.3569158047349633,0.1879353345781028,1.1215805380203776,0.2066766536711993,0.4090209389366338,-0.2322202307161314,0.442080378250591,일반,⑦ 일반
수색동,11380650,2024,7038066689.800178,24209697119,0.2907127113241179,0.3696903336711257,0.138388456804386,1.0894390573527497,0.2306896211277627,0.3683762677477221,-0.3219142902018486,0.4042553191489361,일반,④ 잠재 후보
수서동,11680750,2024,48870152933.60926,225358215794,0.2168554306370684,0.5038108895430067,0.279167282858276,1.0429627173365508,0.160197997138923,0.3267571125887505,-0.6684350996398728,0.309692671394799,쇠퇴,⑥ 쇠퇴 주의
수유1동,11305615,2024,74494180735.05283,231343081902,0.3220073845415855,0.24778508584615,0.1302224958892948,1.1961292433491866,0.280357717044139,0.2525918813286753,-0.9661583169419414,0.2316784869976359,일반,⑦ 일반
수유2동,11305625,2024,29019727265.105324,101825232636,0.284995442817633,0.3773435612993201,0.1711490571722851,1.202919683467797,0.2256743639481332,0.3595299420416636,0.0475829249394193,0.5342789598108747,쇠퇴,⑦ 일반
수유3동,11305635,2024,127907742918.57184,363972124650,0.3514218102322244,0.5766917987190424,0.3546051932853699,1.1458614863210406,0.276777253889627,0.4640862798254954,2.2684827246676704,0.9243498817966904,기존 강세,⑤ 성숙·정체
숭인1동,11110700,2024,4708752306.343505,15065949142,0.3125426922633577,0.3805012271028413,0.2368101298081495,1.1653288500967516,0.2568421680923261,0.3456489156386932,0.134511309928914,0.5673758865248227,쇠퇴,⑦ 일반
숭인2동,11110710,2024,39710146501.65277,119675822616,0.3318142765483171,0.5470466669702027,0.2411842019637895,1.2226532498843028,0.2774837938282135,0.3294609240039485,1.456904496877192,0.8557919621749409,기존 강세,② 라이징스타
시흥1동,11545670,2024,99538061294.44978,343141700810,0.2900785916124042,0.3291165835467259,0.1673802115086042,1.1366700904604288,0.2330011561762067,0.3382075924116825,-0.5739063580356485,0.3356973995271867,일반,⑦ 일반
시흥2동,11545680,2024,4768905050.640455,19432619316,0.2454072183009286,0.0798772877067562,0.1449823241111033,1.256676144447156,0.1957697162249087,0.2927925844415281,-2.311006511028852,0.0732860520094562,일반,⑦ 일반
시흥3동,11545690,2024,11751053750.122612,43855579493,0.2679488878261944,0.3472433975118423,0.1776122926671915,1.2074547232152184,0.2020728984875119,0.3715260030391499,-0.2677484664821759,0.4208037825059101,일반,④ 잠재 후보
시흥4동,11545700,2024,14352958178.03315,51289324871,0.2798429929450796,0.3863961061847684,0.2007204500525779,1.116035045262257,0.2195326912631374,0.3705604086971761,-0.2137405514787307,0.4468085106382978,일반,⑦ 일반
시흥5동,11545710,2024,32963602055.53188,109689105404,0.3005184693057931,0.3316186929597616,0.1752042782208631,1.1112446155211737,0.2430571991612557,0.3524624546403689,-0.4579854462499241,0.3735224586288416,일반,⑦ 일반
신길1동,11560630,2024,36449084537.32269,126285903599,0.2886235399087829,0.3847034247643828,0.233890146122642,1.057052589230915,0.2273320238825715,0.3759152227373057,-0.3354361383396603,0.3971631205673759,일반,⑦ 일반
신길3동,11560650,2024,25786926156.527576,82456289780,0.3127344951528763,0.2844856481001854,0.1910485218414589,1.1647026927140969,0.256909771061979,0.3437820321243175,-0.4633973133882265,0.3687943262411347,일반,⑦ 일반
신길4동,11560660,2024,9148441177.500702,33099771519,0.2763898588317836,0.3435200135890098,0.2347608791661762,1.128057925135045,0.222738064030683,0.3194846777395363,-0.7502001353630514,0.2907801418439716,일반,⑦ 일반
신길5동,11560670,2024,11779360093.672125,48227492375,0.2442457509936441,0.2107944663170972,0.1402897815501443,0.6925563697177095,0.2112047873606656,0.2536851000435206,-3.790273198689509,0.0212765957446808,일반,⑦ 일반
신길6동,11560680,2024,43956455569.71896,136946612533,0.3209751213023015,0.3867151420502526,0.2506517737686172,1.1194003639741144,0.2539841239491668,0.4225800663236913,0.5010885018281105,0.6713947990543735,일반,⑦ 일반
신길7동,11560690,2024,9998467169.808355,35495994083,0.2816787479293866,0.4493617485878258,0.255721558629267,1.0813987741609885,0.2177094917508187,0.3961456114489965,0.1954999796907444,0.5862884160756501,쇠퇴,⑦ 일반
신내1동,11260680,2024,40843680863.78951,145431950686,0.2808439319635786,0.3779121802654248,0.176881172559809,1.1144691681087175,0.2152176782155549,0.4029521600210601,-0.0895979936205102,0.4988179669030733,일반,④ 잠재 후보
신내2동,11260690,2024,38503124514.734406,132066207579,0.2915441067064973,0.2275258310648881,0.1890885852466234,1.1940275119410406,0.2274642179001795,0.3873466862853589,-0.6862638640665757,0.3049645390070922,일반,⑦ 일반
신당5동,11140650,2024,37832795798.20233,113235286219,0.3341078303545126,0.5462722620258704,0.260940752583554,1.1919086801580987,0.2606937270764528,0.4378240521167274,1.919198384852543,0.8983451536643026,기존 강세,⑤ 성숙·정체
신당동,11140615,2024,75273700322.37735,290517603087,0.259102028663769,0.8034706358467995,0.2492477353302252,0.9689140520825148,0.2113388631174046,0.3249901450334004,1.36121274920872,0.8416075650118203,기존 강세,⑤ 성숙·정체
신대방1동,11590670,2024,23613325518.74076,75421594770,0.3130844102508064,0.4858289242191265,0.2795462371128008,1.139287154595469,0.2522130063413402,0.3812551254145272,0.8756218206738555,0.7635933806146572,신흥 성장,② 라이징스타
신대방2동,11590680,2024,37835438479.44206,157356593959,0.2404439339180172,0.6179317841763606,0.2943300351561214,0.9845579151268512,0.1912563883839625,0.3069831666259013,-0.0288733756455805,0.5177304964539007,일반,⑦ 일반
신도림동,11530510,2024,43350854742.73593,132603395690,0.3269211509792817,0.3861816712123747,0.2982821182307236,1.2074601962139353,0.2508508822109184,0.4441235549478559,0.952642700896251,0.7754137115839244,신흥 성장,② 라이징스타
신림동,11620695,2024,93879834318.64207,269573049440,0.3482537832089082,0.5283738882684652,0.4964221965697106,1.140691683729971,0.2734404679960651,0.4713175312329545,1.9723477690744884,0.9078014184397164,기존 강세,⑤ 성숙·정체
신사1동,11380631,2024,27949229847.885017,93651467481,0.2984387815765444,0.4072008044266558,0.2359196525615839,1.1838362418043245,0.2338059139697123,0.3848177212739516,0.4113051523973766,0.6430260047281324,일반,⑦ 일반
신사2동,11380632,2024,11434326695.487228,44210679291,0.2586326851081639,0.2148039346215889,0.1460869561059828,0.94356646677163,0.2024149528238923,0.2952386045933736,-2.605604012181862,0.0496453900709219,일반,⑦ 일반
신사동,11680510,2024,337991291981.761,1177078073814,0.2871443275522009,0.3976068045040782,0.3873398378568771,1.2224531828443266,0.2239230957008292,0.3511005978846435,0.169700250132506,0.5768321513002365,일반,⑦ 일반
신수동,11440630,2024,14460258424.942564,63983705023,0.2259990792928384,0.4036818687619811,0.1954610794030198,0.9178844446485735,0.1694680130683622,0.3600713319542586,-1.432652082242007,0.1465721040189125,일반,⑦ 일반
신원동,11620655,2024,27163198683.954865,82821356093,0.3279733629748025,0.369413439254056,0.2152642786599681,1.1927886910413816,0.2647946838418595,0.3833700772823205,0.5117050459125974,0.6737588652482269,일반,④ 잠재 후보
신월1동,11470560,2024,42132852867.90247,125280865262,0.3363071669387818,0.2986450846644057,0.1689899975684604,1.1021731231820004,0.2760331097065727,0.3725409496445788,-0.2286076959102635,0.4444444444444444,일반,⑦ 일반
신월2동,11470570,2024,18189696071.898148,61114274751,0.2976341639659319,0.2484123281484509,0.1359764142969564,1.1481340433912957,0.2395339990639497,0.3459474198317972,-0.9023022015500444,0.2411347517730496,일반,⑦ 일반
신월3동,11470580,2024,11256396928.930883,42106530611,0.2673313798499047,0.372282088657879,0.2042697522258704,1.072428935896662,0.2161975470052578,0.3247570229504416,-0.8161314863022263,0.2671394799054373,일반,⑦ 일반
신월4동,11470590,2024,22693548679.546608,73133061692,0.3103049175641042,0.4752028917148647,0.1860424950113683,1.158262620045568,0.2490454197132617,0.3923512319482012,0.9291600967777132,0.7706855791962175,기존 강세,⑤ 성숙·정체
신월5동,11470600,2024,17206247756.94545,63273769590,0.2719333440766706,0.385657187585305,0.1773793289498243,1.068647670179105,0.2146279262006586,0.3618500583789859,-0.5080381665178664,0.3522458628841607,쇠퇴,⑥ 쇠퇴 주의
신월6동,11470610,2024,22713543553.227,82601624382,0.2749769598741278,0.2328944364947876,0.174024609982518,1.1400683490817587,0.2239071776902044,0.3020559722483739,-1.4854228437634625,0.1394799054373522,일반,⑦ 일반
신월7동,11470611,2024,17241461244.24694,62830461535,0.2744124557264712,0.3007103489678353,0.171844159158141,1.1090718080109043,0.2223471496738544,0.3174317979805048,-1.1008872158764054,0.2009456264775413,일반,⑦ 일반
신정1동,11470620,2024,43575993456.79808,137350504715,0.3172612546798975,0.3879985425214096,0.1707095719426166,1.1794823034963615,0.2462344302787733,0.4182083076737822,0.6317952952602404,0.7021276595744681,신흥 성장,② 라이징스타
신정2동,11470630,2024,37604401886.33678,129625587536,0.2901001461296611,0.2830557770456391,0.1446084963340597,1.1051252240709522,0.2273400825420811,0.3906138654988769,-0.6673373171747372,0.3120567375886525,일반,⑦ 일반
신정3동,11470640,2024,46036590136.82517,156960562925,0.2933003633455538,0.2157317148650892,0.2099315252822128,1.0601817929344288,0.2338773276223582,0.3814708069033258,-1.246877399400862,0.1773049645390071,일반,⑦ 일반
신정4동,11470650,2024,104582811370.10234,330334333571,0.3165968557961716,0.435251693899681,0.2352455945131042,1.1759735410171734,0.251632848485409,0.3972504205797161,0.8136080279550247,0.7494089834515366,신흥 성장,② 라이징스타
신정6동,11470670,2024,10515346014.135996,37867405005,0.2776885823770483,0.1370539782780132,0.0822533766860637,1.1328728619251205,0.2047981532924162,0.4473892517526103,-1.2775606272556648,0.1702127659574468,일반,⑦ 일반
신정7동,11470680,2024,48173979279.10169,169451939227,0.2842928767818184,0.2641002725383345,0.1408696173551758,1.1078770342792268,0.2286222664947065,0.3424552657037619,-1.0927035411502457,0.2056737588652482,일반,⑦ 일반
신촌동,11410585,2024,154932909345.46088,515701376300,0.3004314443701066,0.6259062769016698,0.4828407301305082,1.034154764235175,0.235969929328265,0.4112932819004384,1.3724002058210865,0.8463356973995272,기존 강세,⑤ 성숙·정체
쌍문1동,11320660,2024,14920226363.058777,50657262617,0.2945328190325807,0.3559647895176357,0.2281112390017322,1.0790234724774534,0.236744570303239,0.375603635649565,-0.3353272422885747,0.3995271867612293,일반,⑦ 일반
쌍문2동,11320670,2024,33549944485.18398,107235366454,0.3128626832228494,0.3033841542095692,0.1907184897976084,1.229272509855445,0.2569138783222048,0.3526563172255507,-0.0403318597933956,0.5153664302600472,일반,⑦ 일반
쌍문3동,11320680,2024,35065853881.56838,124185210045,0.2823673919693162,0.466503511223336,0.1933638689365555,1.0774302258893094,0.2207103347175403,0.3691895157755619,0.1274607776915171,0.5626477541371159,일반,④ 잠재 후보
쌍문4동,11320681,2024,14721982898.747583,57291588350,0.256965870954904,0.1805586604407695,0.1377926521738683,1.0830223498264209,0.2032335026019574,0.3221906757800685,-2.085965541297897,0.0874704491725768,일반,⑦ 일반
아현동,11440555,2024,35070744381.62254,153658836932,0.2282377315997953,0.2144976301075729,0.2652963234196556,1.23249294829763,0.177927810179242,0.2732334044580845,-1.8971062179157097,0.0945626477541371,일반,⑦ 일반
안암동,11290600,2024,41335214288.05759,160003449426,0.2583395197812577,0.7225874961056479,0.457378231160235,0.95528776169596,0.196788136643031,0.3957089092524999,1.1637974930093966,0.8108747044917257,기존 강세,⑤ 성숙·정체
암사1동,11740570,2024,50188170590.95643,147575487717,0.3400847347169227,0.3862848397785315,0.2087089759111258,1.1503982401162542,0.2742585442415421,0.4116723527724555,0.7414759321456976,0.7375886524822695,기존 강세,⑤ 성숙·정체
암사2동,11740580,2024,31160764930.05592,97427290646,0.3198361026304005,0.4288446967678802,0.2679017026536969,1.1833504786117868,0.2504309883116073,0.4196069320919623,0.9457920416698726,0.7730496453900709,기존 강세,⑤ 성숙·정체
암사3동,11740590,2024,20176766327.76752,74692574027,0.2701308207757573,0.2432659481039148,0.1719597364037432,1.2913478196377035,0.2125431947259085,0.3248666314033923,-0.7984315758950034,0.2765957446808511,일반,⑦ 일반
압구정동,11680545,2024,456385138485.7033,1407695190475,0.3242073579378393,0.5679043616375825,0.4006227524210722,1.1061763895682368,0.2693144885634479,0.336687931566402,1.1078539598228585,0.806146572104019,기존 강세,⑤ 성숙·정체
약수동,11140635,2024,29424061517.2816,105490692433,0.278925664801846,0.3681463686634326,0.2607820510276051,1.2321518222219217,0.2130798318655112,0.3604660412685339,-0.0143424004796552,0.5224586288416075,일반,③ 급성장 신흥
양재1동,11650651,2024,116348242362.30235,496701872219,0.2342416021959415,0.4010474993723611,0.2909801589378252,1.0736604464343964,0.181887633397457,0.3078207522732816,-1.0924465639282046,0.2080378250591016,일반,⑦ 일반
양재2동,11650652,2024,107454980879.45145,553718311150,0.1940607321731542,0.4794078968829492,0.2011391902548606,1.0314708067778586,0.1472852583430408,0.2722972867483073,-1.3650078296126502,0.1583924349881796,일반,⑦ 일반
양평1동,11560610,2024,29672303876.27916,116224539423,0.2553015397917526,0.3997710114375834,0.2710722960865985,1.1037285302453184,0.1978956544993492,0.3384956971076161,-0.6149836171077014,0.3286052009456264,일반,⑦ 일반
양평2동,11560620,2024,39721455536.95163,187771596780,0.2115413418116198,0.4751137371991623,0.2560499440409562,1.0577673471887226,0.1608946815869965,0.3189259262846005,-0.8335143769426854,0.2624113475177305,일반,⑦ 일반
여의동,11560540,2024,281075702417.8525,1402139296645,0.2004620390359236,0.6819274428852159,0.2758756959202006,1.0347390807366788,0.1302327766142286,0.3854752738891703,0.4929622113546572,0.6666666666666666,일반,③ 급성장 신흥
역삼1동,11680640,2024,511646855041.6637,2098356410393,0.2438321976702888,0.5267036893417956,0.4270633645964672,1.0954511537688538,0.1769838721299235,0.3691226212814508,0.1301438640386208,0.5650118203309693,일반,④ 잠재 후보
역삼2동,11680650,2024,80477222413.16125,381629893021,0.210877669398746,0.4273574025450503,0.2598458009224745,1.011490699025499,0.1590717736193152,0.3134318789393627,-1.356507463496084,0.1607565011820331,일반,⑦ 일반
역촌동,11380625,2024,44923097060.741295,149542059154,0.3004044301307835,0.5194286512399029,0.2228667856156675,1.128855575054868,0.2339183039533819,0.4026639252238044,1.007560280010193,0.7872340425531915,신흥 성장,② 라이징스타
연남동,11440710,2024,67928143901.68309,149475125204,0.4544444689976102,0.8816629092642724,0.6354008100971866,1.2455230195449245,0.3685210035570916,0.5538243638466255,6.028392371150951,0.9976359338061466,기존 강세,⑤ 성숙·정체
연희동,11410615,2024,76722784850.99905,249749010223,0.3071995551954082,0.5072994946321198,0.3004455408011452,1.0477596193172278,0.250093263505746,0.3664867407253124,0.5330725394140589,0.6784869976359338,일반,③ 급성장 신흥
염리동,11440610,2024,24798065018.442,79269021528,0.3128342515200927,0.591175516320043,0.2782548003346914,1.1025880194843116,0.2371101887180594,0.4593193523164539,1.7666995655317357,0.8841607565011821,기존 강세,⑤ 성숙·정체
염창동,11500510,2024,47153697109.99343,230001877778,0.2050144006020099,0.326877831978254,0.2853287570388577,0.8096581397527012,0.1595232867986155,0.2862488630703583,-2.922023914071157,0.0354609929078014,일반,⑦ 일반
영등포동,11560535,2024,372099351243.36176,1123241322287,0.3312728474819113,0.3322510879640198,0.3204644651481462,1.1259281721649526,0.2757989121004273,0.350636883738477,-0.0876162763246097,0.5035460992907801,일반,③ 급성장 신흥
영등포본동,11560515,2024,101091295203.65536,250940189552,0.4028501587734202,0.2953407143762529,0.3879124008784115,1.1129224116840588,0.3446465544375401,0.4076004896370128,0.7120802622144095,0.7257683215130024,기존 강세,⑤ 성숙·정체
오금동,11710570,2024,67793238104.69574,296193515158,0.2288815744954188,0.2987336831861429,0.1515089089883065,1.2627481209171736,0.1723427173676299,0.2997183157829924,-1.1415250155521162,0.1938534278959811,일반,⑦ 일반
오류1동,11530770,2024,44924225198.26007,141954927380,0.3164682341600031,0.4736492458695236,0.3106676948447606,1.1716257490462136,0.2532665852997036,0.3877674265765243,0.9807125841631577,0.7825059101654847,신흥 성장,⑤ 성숙·정체
오류2동,11530780,2024,24994925558.09352,88392748605,0.2827712222162945,0.3158442178979914,0.1828135167423216,1.1385988710417434,0.223348638282793,0.3620751691071367,-0.5771673094234087,0.3333333333333333,일반,⑦ 일반
오륜동,11710566,2024,9990425628.82429,22801453932,0.4381486223912911,0.9019531816406452,0.29639738177026,0.9959862936754588,0.4023248654387606,0.2772303078501775,3.6166538485955866,0.9787234042553192,기존 강세,⑤ 성숙·정체
옥수동,11200645,2024,11995496879.4136,44793536171,0.2677952647815213,0.3114316552447475,0.2543553279764571,1.228900059562296,0.2010437470848811,0.3794941867528943,-0.3583188090369094,0.3877068557919622,쇠퇴,⑥ 쇠퇴 주의
왕십리2동,11200520,2024,15492778068.132433,52527917597,0.2949436942654902,0.4037438853127357,0.2461268224677991,1.4362666965075344,0.2079319193232932,0.4161444962030711,1.316691326151278,0.8368794326241135,신흥 성장,② 라이징스타
왕십리도선동,11200535,2024,46646011210.99832,165868153854,0.2812234303400816,0.5581645372474093,0.2806284590710026,1.1540228282662437,0.2034227130224148,0.4512732905732218,1.3746815182274934,0.8486997635933806,기존 강세,⑤ 성숙·정체
용강동,11440590,2024,91421149391.82442,355666975579,0.2570414338947197,0.5257795578422023,0.1731252301081945,1.14292362078554,0.1906214065183595,0.3751488299153691,0.4822441451761137,0.6595744680851063,일반,④ 잠재 후보
용답동,11200790,2024,35159372374.04587,134918528975,0.2605970628434645,0.4218653206154258,0.2326518440459449,1.09976768364607,0.2016391628390862,0.3534718208040705,-0.3552975078528329,0.3900709219858156,일반,⑦ 일반
용문동,11170590,2024,33130492424.664047,114291719796,0.2898765762191598,0.2079626382333241,0.1350069617426478,1.231609860177976,0.2296900364948289,0.3305432069307454,-1.0327326244706976,0.2127659574468085,일반,⑦ 일반
용산2가동,11170520,2024,25363181676.20896,55159711515,0.4598135301942569,0.6516165030744542,0.5071578795583916,1.184932802570292,0.3809753381919949,0.5299898888167708,4.357248769595034,0.9905437352245864,기존 강세,① 레전드
용신동,11230536,2024,115038416712.49985,454277663207,0.2532337071129127,0.3550016831061197,0.1720315459851026,1.08155549512088,0.2146489846113513,0.2297360201913441,-1.5593004820286829,0.1229314420803782,일반,⑦ 일반
우이동,11305645,2024,48747609501.51845,124581095775,0.3912921876169655,0.6598398200515426,0.1758874398614592,1.0411854878731277,0.3432108979617778,0.3552685140122336,2.2756499293730785,0.9290780141843972,기존 강세,⑤ 성숙·정체
우장산동,11500615,2024,35726709469.446686,120438305883,0.2966390900927605,0.3498084425226604,0.1778897016104917,1.1273519315687597,0.2322820567500924,0.3858191424839605,-0.1613208280032176,0.4657210401891253,일반,⑦ 일반
원효로1동,11170560,2024,41187901835.55896,467322932571,0.0881358456110033,0.1688024976240921,0.1905689638427269,0.7721124208620125,0.0541734762270706,0.2011411814221614,-5.654375052146945,0.0023640661938534,일반,⑦ 일반
원효로2동,11170570,2024,14537238903.983667,217234387083,0.0669196028271037,0.087201274638726,0.1010495736092319,1.504920371337476,0.0424059775006076,0.1283943305455746,-3.968942596845223,0.0165484633569739,일반,⑦ 일반
월계1동,11350560,2024,29989471907.11276,92846647325,0.3230000519258142,0.5910225807391586,0.2859452034284858,1.0790969466913576,0.2518620068869568,0.4504955892116269,1.7604499861357796,0.8817966903073287,기존 강세,⑤ 성숙·정체
월계2동,11350570,2024,4589595833.718548,20679345148,0.2219410624887428,0.2741023565994402,0.1500763644974586,0.9513559905457314,0.169200559880321,0.3129758138219358,-2.420534926414506,0.0638297872340425,일반,⑦ 일반
월계3동,11350580,2024,9866104800.29824,33828645880,0.2916494155662088,0.4220965551991524,0.1262290857915948,1.2029955491795143,0.233264869424327,0.3539342695380747,0.3558846700017528,0.6217494089834515,쇠퇴,⑦ 일반
월곡1동,11290715,2024,20385975083.67366,74879313182,0.2722510960286716,0.3212993273792926,0.1731112585994712,1.0687818886273577,0.2232496223004686,0.30032905363782,-1.2393001292994086,0.1796690307328605,일반,⑦ 일반
월곡2동,11290725,2024,32670879822.33176,112951692568,0.2892464829835374,0.5217671361013013,0.2395207852216343,1.0734348521634722,0.2260466669291283,0.3958685800045088,0.685237320680846,0.7186761229314421,기존 강세,⑤ 성숙·정체
위례동,11710647,2024,10556923217.58026,27720819587,0.3808301260519386,0.7312896978163937,0.322442088118915,1.1375719241605269,0.3293433186687403,0.3441301082047982,2.8641445808030928,0.9479905437352246,기존 강세,⑤ 성숙·정체
은천동,11620605,2024,48863048156.50703,151960478872,0.3215510277357414,0.3993140615798677,0.2786364735443185,1.0878664510260014,0.2580945973790732,0.4040183617328183,0.3691565789084004,0.624113475177305,일반,④ 잠재 후보
을지로동,11140605,2024,164888477472.20447,928778392471,0.1775326372887738,0.2842377007755839,0.1980821427515545,1.1586814624653683,0.1350499803912228,0.2291846349727029,-2.483560570071978,0.0543735224586288,일반,⑦ 일반
응봉동,11200580,2024,3008981079.594106,10730830181,0.2804052462708622,0.241259438117279,0.1697356510426357,0.9557758086004642,0.2126877878508475,0.4516013590989843,-1.2144255293542872,0.1843971631205673,일반,⑦ 일반
응암1동,11380580,2024,50894742731.21883,167009944606,0.3047407916414001,0.4545819438603209,0.2357421407682183,1.1997699170296907,0.2350966937605308,0.3978266689612029,0.8628194826538541,0.7588652482269503,신흥 성장,② 라이징스타
응암2동,11380590,2024,21010112352.34912,67546048194,0.3110487277065515,0.2299928569378535,0.156299858071309,1.1348975111183564,0.2515666378763724,0.3587386649682998,-0.8575153628592921,0.2529550827423167,일반,⑦ 일반
응암3동,11380600,2024,66312863667.86245,197041212320,0.3365431164733632,0.4827701261526627,0.2268296533134119,1.2278052718137633,0.2713964982419674,0.3855602587372469,1.4144381213398134,0.851063829787234,기존 강세,② 라이징스타
이문1동,11230740,2024,32919014675.829014,106885806601,0.3079830308874801,0.6406695592486583,0.4165696040000079,1.060140108513417,0.2383684110006204,0.4354282568193163,1.752142447827321,0.8794326241134752,기존 강세,⑤ 성숙·정체
이문2동,11230750,2024,10408140341.311848,33566537371,0.3100748887582316,0.3766747632397605,0.2138731598571833,1.0725781862953705,0.248211146086165,0.4002849636378718,0.0498390987665386,0.5390070921985816,일반,⑦ 일반
이촌1동,11170630,2024,38918717269.09003,136203632374,0.2857392023306953,0.4369181189059086,0.143273118718419,1.1219851609208225,0.225686355813135,0.3529966812998,0.0550299756918849,0.5437352245862884,일반,⑦ 일반
이촌2동,11170640,2024,4363441770.523851,24914311941,0.1751379600952653,0.1397041018528844,0.1368552245823387,1.954242759873187,0.1190209778227967,0.2038496585828711,-0.6543999607762743,0.3191489361702128,일반,⑦ 일반
이태원1동,11170650,2024,150456093543.38135,298125595611,0.5046735193435029,0.7999068558177869,0.5501220329602208,1.4571926572789589,0.4393193943632241,0.431508820852326,6.192544958351601,1.0,기존 강세,① 레전드
이태원2동,11170660,2024,26851551535.805134,67377125143,0.398526227986366,0.8127902961690779,0.4595827494016651,1.1886209863348076,0.31440059527682,0.495766782169844,4.456644210722367,0.9929078014184396,기존 강세,⑤ 성숙·정체
이화동,11110640,2024,47824634791.35431,146727417352,0.3259420471950563,0.7524535310134735,0.3970451469900823,1.0567785305051445,0.2581631349587963,0.4240244496414967,2.53469833656051,0.933806146572104,기존 강세,① 레전드
인수동,11305660,2024,23469034037.643867,84477163476,0.2778151286330942,0.3725777089087735,0.1913697753428105,1.2102201681002536,0.2167557882338478,0.3501105968881478,-0.1066666667399908,0.4893617021276595,일반,⑦ 일반
인헌동,11620625,2024,50967622254.17958,163211978886,0.3122786856826198,0.312976590092565,0.310940882932663,1.1396636104228008,0.2487659690184831,0.3863491292146136,-0.1716981142558561,0.4633569739952718,쇠퇴,⑥ 쇠퇴 주의
일원1동,11680730,2024,33668009218.933662,128399821636,0.2622122740511193,0.45917589457515,0.2315602991901963,1.4520395515210498,0.1864941150921833,0.374815038274996,1.2160791981073236,0.8250591016548463,기존 강세,⑤ 성숙·정체
일원2동,11680740,2024,4279133710.806101,16756217076,0.2553758817636185,0.4939735206018167,0.2407458731110556,0.8462959640557081,0.198961828847102,0.3526086715278121,-0.918442495916064,0.2364066193853428,쇠퇴,⑥ 쇠퇴 주의
일원본동,11680720,2024,10213481545.145803,45234055230,0.2257918617557872,0.7579243883325824,0.2259931754962399,1.0283554719370709,0.192684423178125,0.2067562126907718,0.3091759517199697,0.6122931442080378,쇠퇴,⑦ 일반
자양1동,11215820,2024,50129751644.519394,168889001102,0.2968207006816488,0.3399642239598756,0.2289425120564711,1.119652289336106,0.239492013666253,0.3513041368287031,-0.4183491913805954,0.375886524822695,일반,⑦ 일반
자양2동,11215830,2024,22183223453.110413,71136201131,0.3118415532516161,0.4182391521612276,0.2360439039481212,1.1352652396088934,0.2438339141003292,0.4125140703670787,0.5833914070492809,0.6855791962174941,일반,⑦ 일반
자양3동,11215840,2024,65392330272.27005,181360035631,0.3605663730973181,0.5408573601936005,0.3496357296048153,1.1290082799880958,0.2925603733170563,0.4368425416126125,1.9535113253657184,0.900709219858156,기존 강세,② 라이징스타
자양4동,11215847,2024,67942614568.43924,179433767538,0.3786501030473572,0.6258835477397888,0.4123961312038379,1.142226930343881,0.3018175879327225,0.4918119348651092,2.9924074675224124,0.9527186761229316,기존 강세,⑤ 성숙·정체
잠실2동,11710670,2024,79599809679.7327,262100781618,0.3036992457189456,0.1725112073450405,0.2079148282908345,1.3110200336599134,0.2463214409795038,0.3322875876231985,-0.7684077978533645,0.2836879432624113,일반,⑦ 일반
잠실3동,11710680,2024,92372919237.4316,270804761624,0.3411052253419649,0.234336976722406,0.2990097059719638,1.1621146493138066,0.2894134934001621,0.3326970957367954,-0.5339649268318066,0.3451536643026004,일반,⑦ 일반
잠실4동,11710690,2024,12300725758.168358,51700066401,0.2379247574415191,0.1678178760681859,0.1976268182278847,1.3251889285841785,0.1836672157120543,0.2779029208504478,-1.7374255029431511,0.1063829787234042,일반,⑦ 일반
잠실6동,11710710,2024,443573977182.9377,1066392749164,0.4159574205007283,0.8816472801555122,0.5050793950739504,1.1328585582304844,0.3570445766388502,0.4142831291738815,4.518455607772181,0.9952718676122932,기존 강세,⑤ 성숙·정체
잠실7동,11710720,2024,4340721839.280318,19018150044,0.2282410134128563,0.0527514059821243,0.1406215995673948,1.1775697304328103,0.1624042351571637,0.3834943826884448,-2.479433916193984,0.0567375886524822,일반,⑦ 일반
잠실본동,11710650,2024,215942889988.46164,633396216994,0.3409286070783514,0.4563984470035734,0.32977838143921,1.209042064132663,0.2678108454279051,0.4419169560838275,1.537288031889448,0.8628841607565012,기존 강세,⑤ 성숙·정체
잠원동,11650540,2024,70885828363.49034,323176784201,0.2193407194726056,0.4117438591171805,0.2536758375069762,1.1950953704929057,0.1569932163860024,0.3297558352666789,-0.6571081203389088,0.3167848699763593,일반,⑦ 일반
장안1동,11230650,2024,112149113426.55652,647566704637,0.1731854226344494,0.2904463963761571,0.1725106967653956,1.0962659870656342,0.1353403804850166,0.2104097654578747,-2.8115080746553125,0.0425531914893617,일반,⑦ 일반
장안2동,11230660,2024,123729564187.3801,384977583479,0.3213942044865305,0.2943603436904569,0.1750716416990458,1.1029256393987754,0.2667995370972107,0.3501946673847156,-0.4975584586776921,0.3546099290780142,일반,⑦ 일반
장위1동,11290760,2024,16188516967.523184,45448382886,0.3561956650499422,0.5271253213143422,0.2543561551573045,1.1419625020294442,0.2814275331221957,0.474138743727182,2.067954573013544,0.9125295508274232,신흥 성장,① 레전드
장위2동,11290770,2024,14719680638.229015,55523824660,0.2651056682129688,0.4310678418780238,0.1555255151798111,1.1679417281041995,0.2055202165534682,0.3366814597422223,-0.1167725669255282,0.4822695035460992,일반,④ 잠재 후보
장위3동,11290780,2024,7488120738.810295,36500803349,0.2051494775940443,0.1478331723114755,0.1503204399513667,0.7198024887656248,0.1577613242629565,0.3271602585789981,-4.087254226725339,0.0094562647754137,일반,⑦ 일반
장지동,11710646,2024,35845447884.89803,132610117546,0.2703070365084618,0.2923102422373898,0.1890120413195882,1.1448143301839706,0.2085477118697734,0.3676950059793592,-0.8034995459735732,0.2742316784869976,일반,⑦ 일반
장충동,11140580,2024,28163735152.56862,87232092627,0.3228597905245185,0.7273607222436534,0.240066535266382,0.9911629616299016,0.2578596777355973,0.3896764352237806,1.89070776910718,0.8959810874704491,기존 강세,⑤ 성숙·정체
전농1동,11230560,2024,68278847557.91621,184159658401,0.3707589824544627,0.3256759797273512,0.311851676353284,1.1436488747787388,0.3021296405201079,0.4196612996952667,0.6777967603356536,0.7139479905437353,기존 강세,⑤ 성숙·정체
전농2동,11230570,2024,16149451468.780895,59426296808,0.2717559790231931,0.334779797944969,0.1884357012212902,1.1548423068783176,0.2103723985088874,0.36006308934464,-0.5420156246284654,0.3404255319148936,일반,⑦ 일반
정릉1동,11290620,2024,11615345464.867556,43320029634,0.2681287515960325,0.3684594974162339,0.2069336894442993,1.0131293284750014,0.2043016731930798,0.3900784677842725,-0.7311690375032587,0.2955082742316784,일반,⑦ 일반
정릉2동,11290630,2024,16605585719.965448,58882850660,0.2820105605254922,0.3740779107517482,0.1933674446698399,1.103875679648084,0.2210066874503456,0.3716504302476989,-0.3129538212910465,0.4066193853427896,일반,⑦ 일반
정릉3동,11290640,2024,14755551718.17916,46972373497,0.3141325553651565,0.615214161869969,0.2734516873161701,1.128119203114207,0.2520008338679331,0.3726563854414972,1.5572841859816855,0.8676122931442081,기존 강세,⑤ 성숙·정체
정릉4동,11290650,2024,29125700104.708656,89531896756,0.3253108798095109,0.3234515043830934,0.1833052720610453,1.137980227761744,0.268031237307522,0.3615727712909261,-0.0959403203351191,0.4940898345153664,일반,⑦ 일반
제기동,11230545,2024,944822461253.7626,3115378860325,0.3032769058319917,0.0276729923393671,0.0939529189103072,1.0784843908781967,0.2854591294171604,0.1150640989675984,-3.654631065709257,0.0236406619385342,일반,⑦ 일반
조원동,11620725,2024,67447387363.90921,245680421980,0.2745330165925874,0.307870174389221,0.2337906700342439,1.6661545830238256,0.2044145353067176,0.3163145597833851,0.8871446108163039,0.7659574468085106,신흥 성장,② 라이징스타
종로1·2·3·4가동,11110615,2024,553475019842.7004,2300110141756,0.2406297897630913,0.3967154644352673,0.3042381663852661,1.088020433736783,0.1850802504566147,0.3187327624625424,-0.9568371491844992,0.2340425531914893,일반,⑦ 일반
종로5·6가동,11110630,2024,114411673202.0524,428499526773,0.2670053665255565,0.4052075921544299,0.2131566326172083,1.1266486116990706,0.2229863270411915,0.2623322158149066,-0.7740567866688195,0.2813238770685579,일반,⑦ 일반
종암동,11290705,2024,42542128130.27722,164141680873,0.2591793132860202,0.3770511917194603,0.1753314697091904,0.9106723401638138,0.2055642838524766,0.3537331085083995,-1.3097245064317091,0.1654846335697399,일반,⑦ 일반
중계1동,11350621,2024,14559930716.026491,47181022728,0.3085971832354064,0.1841134193313029,0.1072520177057743,1.0198552383343642,0.2469654978056456,0.4161133208405172,-1.2241243649287576,0.1820330969267139,일반,⑦ 일반
중계2·3동,11350625,2024,70993095995.8159,213544625573,0.3324508673787577,0.4489398114129891,0.180045017681125,1.1253713173099495,0.2848343763079492,0.2985676506019327,0.3477844628164564,0.6170212765957447,쇠퇴,⑦ 일반
중계4동,11350624,2024,58154664001.89722,174688707054,0.3329045419285196,0.3969776126545101,0.1768986585689679,1.1636239984545078,0.2675808127800192,0.4012525804391715,0.718961937505623,0.7304964539007093,기존 강세,⑤ 성숙·정체
중계본동,11350619,2024,52627144791.3189,173112648760,0.3040051964329894,0.2206178043231738,0.1079600328218096,1.1047974585236795,0.2410869615533459,0.3958292491786606,-0.8761401155031927,0.2505910165484633,일반,⑦ 일반
중곡1동,11215740,2024,68511269634.162445,222360742270,0.3081086568373347,0.2819987563176072,0.2413674283827978,1.0720078408188962,0.2522033458266887,0.349961421402841,-0.8364472219632105,0.260047281323877,일반,⑦ 일반
중곡2동,11215750,2024,43805517241.14578,157329125551,0.2784323442193526,0.4022978024592326,0.2480093843421987,1.172275652593562,0.2146219942921775,0.3771363017699227,0.0948830204152825,0.557919621749409,일반,④ 잠재 후보
중곡3동,11215760,2024,22348083189.29396,76348685789,0.2927107776426686,0.4267520296294906,0.2653526031474779,0.940419228486606,0.2403111330259914,0.3436224515442785,-0.6212815172781825,0.3238770685579196,일반,⑦ 일반
중곡4동,11215770,2024,43241850486.78391,130831896857,0.3305145879987316,0.4269169373891225,0.2674024464021839,1.1172276809156685,0.2751875439316745,0.357955800306004,0.4988239190072896,0.6690307328605201,일반,③ 급성장 신흥
중림동,11140680,2024,32204750612.797592,130079363598,0.2475777073473685,0.4208113426597485,0.2069824421589803,1.0181612646866385,0.1989341821195523,0.2953690817994649,-1.102520160173924,0.1985815602836879,일반,⑦ 일반
중앙동,11620615,2024,47562173448.31357,149812543275,0.3174779121198626,0.4088013240024878,0.336942516384231,1.0768700349715328,0.2499824835711841,0.4287691350455782,0.4760633285666176,0.6572104018912529,일반,⑦ 일반
중화1동,11260600,2024,24040950966.463,82846974545,0.2901850200142755,0.1170519364679112,0.1257167248315476,1.1529917762711654,0.2515909601584594,0.2293249517359306,-2.370082073910148,0.0685579196217494,일반,⑦ 일반
중화2동,11260610,2024,54133305369.98428,153888119042,0.3517705311298913,0.4130235512050999,0.2219651244595267,1.0723776736375454,0.2861869106281047,0.4228489094030732,0.8007665110684308,0.7470449172576832,신흥 성장,⑤ 성숙·정체
증산동,11380640,2024,14091683042.037958,55201637818,0.255276538868254,0.3123875977711847,0.1655313370071863,1.015832713141238,0.1998596401500704,0.3308412963980003,-1.5153595871486494,0.1323877068557919,일반,⑦ 일반
진관동,11380690,2024,53758448925.88849,134173393894,0.4006640017495486,0.5900141926613371,0.1861613639119325,1.052305930364855,0.3544575381507641,0.3322338168789021,1.845490780496153,0.8912529550827423,기존 강세,⑤ 성숙·정체
창1동,11320511,2024,33287866347.217712,111439158717,0.2987088805269279,0.3719442167206252,0.2600012985343901,1.1914080821553772,0.2349923269387094,0.3838944272869299,0.2313886527846853,0.5981087470449172,일반,⑦ 일반
창2동,11320512,2024,26552599210.090027,82686834315,0.3211224547421474,0.3657577257195059,0.17688856579368,1.0963809716237525,0.2603297218514393,0.3791274888765827,0.0475984923430025,0.5366430260047281,일반,④ 잠재 후보
창3동,11320513,2024,20731797786.740467,66814198977,0.3102902991305358,0.3292967836907515,0.140973977855252,1.0525357240723827,0.2475730530675699,0.397373934500653,-0.3410156634501278,0.3947990543735225,일반,⑦ 일반
창4동,11320514,2024,30808507970.45391,89810861704,0.343037661435574,0.5794095764330291,0.2127041640794009,1.28754636212602,0.264453998017282,0.4464778853158925,2.583036326677124,0.9361702127659576,기존 강세,① 레전드
창5동,11320515,2024,70159922749.95642,235758862663,0.297591878232993,0.3641769325072102,0.2194664842057717,1.1605739414545002,0.2420873320490328,0.3358444968585533,-0.1962767472690444,0.4515366430260047,일반,⑦ 일반
창신1동,11110670,2024,79860890568.48026,288624687339,0.2766945936079292,0.2126318870704147,0.1969277697310815,1.2253220591139422,0.2457632689461738,0.1972041042565004,-1.79288015686507,0.1016548463356974,일반,⑦ 일반
창신2동,11110680,2024,18932136412.98045,52130840442,0.3631657623867403,0.4802936833304468,0.2088843966196036,1.087341408645591,0.2874254885583646,0.4660030672827571,1.5775625835817224,0.8699763593380615,기존 강세,⑤ 성숙·정체
창신3동,11110690,2024,694132670.4875985,1988562523,0.3490625325878167,0.7349376844310568,0.2545516850213716,0.9601039273483232,0.2806360476703,0.4572181022643158,2.510316773154837,0.9314420803782506,기존 강세,① 레전드
천연동,11410520,2024,20123742869.9912,71174788158,0.282736954907667,0.3988805266125538,0.1673879638890206,1.2671005866989755,0.2137489297506256,0.3715170921380236,0.3890368983925283,0.6312056737588653,일반,④ 잠재 후보
천호1동,11740600,2024,34196190159.184143,116546220015,0.2934131210328653,0.3616793961363552,0.1965161682554119,1.085792850142194,0.2288025534381806,0.4058997236882629,-0.1433693083684084,0.475177304964539,일반,⑦ 일반
천호2동,11740610,2024,164943636949.8404,579701384729,0.2845320734000809,0.4341024387472211,0.2423390409075422,1.1781137639477013,0.2334370391995207,0.3081493015123785,0.0184600031308122,0.524822695035461,일반,⑦ 일반
천호3동,11740620,2024,50070591969.08748,149841294893,0.334157496468796,0.4820954766079952,0.3648644691040644,1.1624138812119085,0.2656703770507772,0.4146921356116954,1.3055844555616192,0.8321513002364066,기존 강세,⑤ 성숙·정체
청구동,11140645,2024,11787807659.206009,41619602426,0.2832273008894025,0.5656230885880303,0.2387921628196862,1.1443005516050582,0.2234482575737039,0.3434063959984258,0.8336824921067306,0.7541371158392435,기존 강세,⑤ 성숙·정체
청담동,11680565,2024,317992576320.41754,1109389584801,0.2866374271734833,0.433064093729688,0.3292396085497041,1.1067389642286245,0.2305333433528458,0.3225595648585337,-0.1895377419194198,0.4539007092198581,쇠퇴,⑥ 쇠퇴 주의
청량리동,11230705,2024,70835687036.36172,217557476515,0.3255952779516534,0.4078109351662885,0.1876321392530286,1.108192184710293,0.2755026188395206,0.3178332583078683,0.0735808628256196,0.5484633569739953,일반,③ 급성장 신흥
청룡동,11620595,2024,97108267003.45364,288190319064,0.336958810132301,0.4618643194098434,0.3589225761432636,1.0975732628726127,0.2698479661585361,0.4195853017572965,1.0099548007864834,0.789598108747045,기존 강세,⑤ 성숙·정체
청림동,11620545,2024,4308923212.061277,15231744733,0.2828909811445221,0.2353183899697644,0.1893868312899332,1.141828215517701,0.2136868904419289,0.4134984066109349,-0.7933288420357478,0.2789598108747045,일반,⑦ 일반
청운효자동,11110515,2024,33030306230.87947,105784347917,0.3122419042257135,0.5926112314951049,0.3668302058774036,1.1649657731823777,0.2572953731147023,0.3197590413899417,1.2468562556102636,0.8274231678486997,신흥 성장,② 라이징스타
청파동,11170555,2024,46377050003.5632,160644640036,0.2886934166815042,0.5081381534964816,0.3189275887730746,1.0514579746637625,0.2261029478845997,0.3795299802989811,0.4058977349079832,0.6382978723404256,일반,⑦ 일반
충현동,11410565,2024,25062067451.38975,128993861854,0.1942888374003092,0.7567261966502098,0.2593852435619785,0.9782188316909776,0.1237289203114519,0.3994604024672214,0.7639575044204512,0.7446808510638298,기존 강세,⑤ 성숙·정체
평창동,11110560,2024,12415756911.410028,34184622026,0.3631971388177673,0.5777605546429101,0.1315649168090643,1.0475442514268738,0.3043971595206076,0.3876448007212493,1.6425303734962826,0.8747044917257684,기존 강세,⑤ 성숙·정체
풍납1동,11710510,2024,11858163030.859402,40726502340,0.2911657606111874,0.2949421196477831,0.1220437633338881,1.1115274773980266,0.2327047965199753,0.3488911877670465,-0.8065648105134102,0.2718676122931442,일반,⑦ 일반
풍납2동,11710520,2024,20955841127.51315,100785342136,0.2079254848312692,0.2477326948328295,0.171524290602424,1.077458863034237,0.1564106648933944,0.3016042575713224,-2.303660340648272,0.0756501182033096,일반,⑦ 일반
필동,11140570,2024,32123310639.54812,147239143661,0.2181709961143762,0.8080438644965694,0.3330218913993036,0.9926657486219896,0.1501645907212405,0.3916799690018539,1.3378744054408145,0.8392434988179669,신흥 성장,② 라이징스타
하계1동,11350611,2024,75656610556.57297,228569463996,0.3310005161402354,0.7882894187350991,0.1312468105430084,0.9419592442991064,0.2883318956776891,0.3307465207790092,1.9654660898209213,0.9030732860520094,기존 강세,① 레전드
하계2동,11350612,2024,3144071032.7307405,11348992108,0.2770352647011234,0.0253694371500218,0.2088774406961637,1.178605054502919,0.2226234490214344,0.3236072121691883,-2.4622430114113176,0.0591016548463357,일반,⑦ 일반
한강로동,11170625,2024,608795451035.0679,2429295877677,0.2506057235058683,0.0989404695754222,0.2177885918161285,1.1647604159860128,0.2066167605400832,0.248115365543028,-2.7487769361065606,0.0449172576832151,일반,⑦ 일반
한남동,11170685,2024,138323132671.44012,378703378789,0.3652545512368106,0.7279784263071057,0.4420416542316375,1.1780290899314054,0.2865161751077349,0.4611474246029954,3.3861823341360866,0.9645390070921984,기존 강세,⑤ 성숙·정체
합정동,11440680,2024,90299104813.7498,276047540380,0.3271143249073922,0.5238993567554279,0.4136849764710807,1.6418468139013411,0.2449971485270294,0.4047105106142587,3.118878076892586,0.9574468085106383,기존 강세,⑤ 성숙·정체
항동,11530800,2024,213324603.38839376,563654623,0.3784668743653571,0.583410956961139,0.2252878035917395,0.4109838237480255,0.3629427732024474,0.191138022476576,-1.538835787407394,0.1252955082742316,데이터 없음,⑦ 일반
행당1동,11200560,2024,50808764986.79543,164759995721,0.3083804704197345,0.4156856612510254,0.3097043820540486,1.1441116576456491,0.2373706944204248,0.4199609181841027,0.5894746890619392,0.6879432624113475,일반,③ 급성장 신흥
행당2동,11200570,2024,6641293507.994513,24080395803,0.2757966921443676,0.3010598250256676,0.2026653605250128,1.1000743489533946,0.2172957304276582,0.3647524144892063,-0.8554068834933213,0.2553191489361702,일반,⑦ 일반
행운동,11620575,2024,47424704271.16636,152653957088,0.3106680309887255,0.3810115068322204,0.3220687080234543,1.2405587255665498,0.2414856774642878,0.3921158935728983,0.5953066000128573,0.6903073286052009,쇠퇴,⑦ 일반
혜화동,11110650,2024,84062318306.56631,222384502757,0.3780043899840511,0.7388517336549345,0.4820254943714859,1.1065221611681753,0.299243823310459,0.5048824033691162,3.607269830165591,0.9763593380614656,기존 강세,① 레전드
홍은1동,11410660,2024,24120453718.45162,84658330953,0.2849152994977262,0.2762601268738008,0.1201797480232447,1.0086318428533447,0.2357769752994719,0.3048325019462896,-1.588017156014998,0.1205673758865248,일반,⑦ 일반
홍은2동,11410685,2024,25265605211.867386,88082194840,0.2868412311677971,0.4264886827495408,0.1925522281070352,0.956640545554359,0.2303953965822861,0.3704963421413307,-0.4726758980561369,0.3640661938534279,일반,⑦ 일반
홍제1동,11410620,2024,24159024591.43533,82461676557,0.2929727553469747,0.3899131794485763,0.2197559280579738,0.972002467900896,0.2314562003939732,0.3926108535474801,-0.4725859925221263,0.3664302600472813,쇠퇴,⑥ 쇠퇴 주의
홍제2동,11410655,2024,13341574217.84534,42664577602,0.3127084567039033,0.2897038229770401,0.3008441216677676,1.148336500141737,0.2422221752294005,0.4400016336531127,0.0269323507930837,0.5295508274231678,쇠퇴,⑦ 일반
홍제3동,11410640,2024,60626949223.06024,234086037091,0.2589942996022943,0.1732822656535952,0.1291831236744989,1.1166739097415368,0.2150594315090634,0.2685101501657084,-2.2564822272347427,0.0780141843971631,일반,⑦ 일반
화곡1동,11500540,2024,122961774090.1614,355643567163,0.3457444066007949,0.5069469006292124,0.3446098282858258,1.254414146715107,0.2777228397518889,0.4214789063436059,1.974075598013705,0.9101654846335696,기존 강세,① 레전드
화곡2동,11500550,2024,10031084336.792164,39896735417,0.2514261939466335,0.2055586580526461,0.1681088035373979,1.012709269105624,0.1971445095392076,0.3340145580513275,-2.181064418664656,0.0827423167848699,일반,⑦ 일반
화곡3동,11500560,2024,37576738380.54791,122505784072,0.3067344016872136,0.40658060588981,0.3013351773603103,1.1554357694863078,0.236529012736002,0.4173274883082453,0.5509115304583133,0.6832151300236406,쇠퇴,⑦ 일반
화곡4동,11500570,2024,48072246454.82402,149178856151,0.3222457102510889,0.3235606503453971,0.1908299787215466,1.0797317028335165,0.2632877420526911,0.3659029423697193,-0.3347316466413118,0.4018912529550827,일반,⑦ 일반
화곡6동,11500591,2024,52901290011.88604,154507885767,0.3423856960392423,0.582711973081891,0.3151647392705469,1.1416627106593695,0.2717186782965269,0.4446724120386235,2.1046988396551933,0.91725768321513,기존 강세,① 레전드
화곡8동,11500593,2024,38864754787.33345,127631014262,0.3045087043463603,0.2972916220121043,0.25309075229701,1.15885916534928,0.2389479482502241,0.386341706928525,-0.2905320951476731,0.4113475177304964,일반,⑦ 일반
화곡본동,11500590,2024,49771321976.324936,144024098989,0.3455763467760092,0.3834912097469077,0.2669515000190104,1.1389626135334792,0.2718860826200395,0.4558884932376127,0.9634847074147478,0.7777777777777778,신흥 성장,⑤ 성숙·정체
화양동,11215710,2024,133671078323.32234,360220368908,0.3710813986686628,0.7515947932781856,0.6023384842527191,1.1595454733481982,0.2842612748396581,0.533830884824596,3.9399142815394814,0.9858156028368794,기존 강세,⑤ 성숙·정체
황학동,11140670,2024,67957142611.271706,225546147808,0.3013003913909511,0.3367839832789453,0.2402501546961823,1.2855843674397365,0.2477265096478769,0.3021725860111658,-0.0623427093719637,0.508274231678487,일반,③ 급성장 신흥
회기동,11230710,2024,37847430463.04653,128229162667,0.2951546253275708,0.6807408533945333,0.4717814353362286,1.0004546355743509,0.225692561739295,0.4397132352600984,1.6720371349906356,0.8770685579196218,기존 강세,⑤ 성숙·정체
회현동,11140540,2024,192765063639.84937,939756546613,0.2051223418816274,0.4991081957880255,0.1541284067091981,1.036282276532928,0.177549803866077,0.162405053962184,-1.6890923145872496,0.1134751773049645,일반,⑦ 일반
효창동,11170580,2024,9064150224.80815,44420578258,0.2040529542898448,0.2526634232182399,0.1628933621929348,1.31726527904422,0.1539650599611066,0.2512841180312579,-1.7296333683652083,0.1087470449172576,일반,⑦ 일반
후암동,11170510,2024,26692478573.98877,88218313153,0.302572987625541,0.5018607913326941,0.2626818912056238,1.1043173670313893,0.2363200280518063,0.4023569786971485,0.8286271890721928,0.75177304964539,기존 강세,⑤ 성숙·정체
휘경1동,11230720,2024,23924555390.06552,78014811230,0.3066668368847569,0.4881909944345833,0.3183129933723483,1.0611190437055915,0.2475324193513401,0.3905842124281456,0.6096089092288361,0.6926713947990544,일반,⑦ 일반
휘경2동,11230730,2024,15157627190.884586,59518660606,0.2546701662395367,0.274294976630476,0.2337282778268305,0.662048775562203,0.2268868622295354,0.2434288029246986,-3.437408241493186,0.0283687943262411,일반,⑦ 일반
흑석동,11590605,2024,45636825132.68767,202020682438,0.2259017471970652,0.3926069498371367,0.2619425868548902,1.1162854099015278,0.1700273843077512,0.3185038827831266,-1.0238669997622374,0.2174940898345153,일반,⑦ 일반
